gene_name	num_ref	chroms_ref	num_m	chroms_m	pat	num_p
ASAP3	1	chr1	1	chr1_MATERNAL	1	chr1_PATERNAL
SCAF11	1	chr12	1	chr12_MATERNAL	1	chr12_PATERNAL
LMNTD2	1	chr11	1	chr11_MATERNAL	1	chr11_PATERNAL
NEK6	1	chr9	1	chr9_MATERNAL	1	chr9_PATERNAL
RTRAF	1	chr14	1	chr14_MATERNAL	1	chr14_PATERNAL
ZXDC	1	chr3	1	chr3_MATERNAL	1	chr3_PATERNAL
CENPU	1	chr4	1	chr4_MATERNAL	1	chr4_PATERNAL
EMP1	1	chr12	1	chr12_MATERNAL	1	chr12_PATERNAL
TMED6	1	chr16	1	chr16_MATERNAL	1	chr16_PATERNAL
UFD1	1	chr22	1	chr22_MATERNAL	1	chr22_PATERNAL
SHLD2	1	chr10	1	chr10_MATERNAL	1	chr10_PATERNAL
INTS11	1	chr1	1	chr1_MATERNAL	1	chr1_PATERNAL
GP9	1	chr3	1	chr3_MATERNAL	1	chr3_PATERNAL
CRLF2	2	chrX,chrY	1	chrX_MATERNAL	1	chrY_PATERNAL
TMED7-TICAM2	1	chr5	1	chr5_MATERNAL	1	chr5_PATERNAL
ACOT12	1	chr5	1	chr5_MATERNAL	1	chr5_PATERNAL
TRAF6	1	chr11	1	chr11_MATERNAL	1	chr11_PATERNAL
UCK1	1	chr9	1	chr9_MATERNAL	1	chr9_PATERNAL
FRRS1L	1	chr9	1	chr9_MATERNAL	1	chr9_PATERNAL
MIEF1	1	chr22	1	chr22_MATERNAL	1	chr22_PATERNAL
LOC107984449	1	chr12	1	chr12_MATERNAL	1	chr12_PATERNAL
KAT6B	1	chr10	1	chr10_MATERNAL	1	chr10_PATERNAL
LOC124900986	1	chr5	1	chr5_MATERNAL	1	chr5_PATERNAL
RAD23A	1	chr19	1	chr19_MATERNAL	1	chr19_PATERNAL
GKAP1	1	chr9	1	chr9_MATERNAL	1	chr9_PATERNAL
HIRA	1	chr22	1	chr22_MATERNAL	1	chr22_PATERNAL
IBSP	1	chr4	1	chr4_MATERNAL	1	chr4_PATERNAL
PCMTD1	1	chr8	1	chr8_MATERNAL	1	chr8_PATERNAL
IL3	1	chr5	1	chr5_MATERNAL	1	chr5_PATERNAL
TMEM150A	1	chr2	1	chr2_MATERNAL	1	chr2_PATERNAL
GOLGA6L22	1	chr15	1	chr15_MATERNAL	1	chr15_PATERNAL
RHBDL2	1	chr1	1	chr1_MATERNAL	1	chr1_PATERNAL
LILRA2	1	chr19	1	chr19_MATERNAL	1	chr19_PATERNAL
SDE2	1	chr1	1	chr1_MATERNAL	1	chr1_PATERNAL
FABP7	1	chr6	1	chr6_MATERNAL	1	chr6_PATERNAL
KRCC1	1	chr2	1	chr2_MATERNAL	1	chr2_PATERNAL
PPIAL4C	1	chr1	1	chr1_MATERNAL	1	chr1_PATERNAL
YPEL4	1	chr11	1	chr11_MATERNAL	1	chr11_PATERNAL
COL1A1	1	chr17	1	chr17_MATERNAL	1	chr17_PATERNAL
GBA2	1	chr9	1	chr9_MATERNAL	1	chr9_PATERNAL
RPS24	1	chr10	1	chr10_MATERNAL	1	chr10_PATERNAL
ACAT1	1	chr11	1	chr11_MATERNAL	1	chr11_PATERNAL
DLST	1	chr14	1	chr14_MATERNAL	1	chr14_PATERNAL
ZMPSTE24	1	chr1	1	chr1_MATERNAL	1	chr1_PATERNAL
WWC3	1	chrX	1	chrX_MATERNAL	0	None
C1orf127	1	chr1	1	chr1_MATERNAL	1	chr1_PATERNAL
HOOK1	1	chr1	1	chr1_MATERNAL	1	chr1_PATERNAL
SMARCC2	1	chr12	1	chr12_MATERNAL	1	chr12_PATERNAL
OR5AU1	1	chr14	1	chr14_MATERNAL	1	chr14_PATERNAL
DNASE1L3	1	chr3	1	chr3_MATERNAL	1	chr3_PATERNAL
NPAS2	1	chr2	1	chr2_MATERNAL	1	chr2_PATERNAL
BAG5	1	chr14	1	chr14_MATERNAL	1	chr14_PATERNAL
BPTF	1	chr17	1	chr17_MATERNAL	1	chr17_PATERNAL
TRAPPC5	1	chr19	1	chr19_MATERNAL	1	chr19_PATERNAL
TOGARAM1	1	chr14	1	chr14_MATERNAL	1	chr14_PATERNAL
NDST1	1	chr5	1	chr5_MATERNAL	1	chr5_PATERNAL
HRH1	1	chr3	1	chr3_MATERNAL	1	chr3_PATERNAL
ST3GAL6	1	chr3	1	chr3_MATERNAL	1	chr3_PATERNAL
NOX3	1	chr6	1	chr6_MATERNAL	1	chr6_PATERNAL
ESX1	1	chrX	1	chrX_MATERNAL	0	None
WDR76	1	chr15	1	chr15_MATERNAL	1	chr15_PATERNAL
LOXHD1	1	chr18	1	chr18_MATERNAL	1	chr18_PATERNAL
PDHA1	1	chrX	1	chrX_MATERNAL	0	None
NKAIN2	1	chr6	1	chr6_MATERNAL	1	chr6_PATERNAL
SPATC1L	1	chr21	1	chr21_MATERNAL	1	chr21_PATERNAL
MAGI3	1	chr1	1	chr1_MATERNAL	1	chr1_PATERNAL
ZNRD2	1	chr11	1	chr11_MATERNAL	1	chr11_PATERNAL
DPH6	1	chr15	1	chr15_MATERNAL	1	chr15_PATERNAL
WIPF2	1	chr17	1	chr17_MATERNAL	1	chr17_PATERNAL
ZNF732	1	chr4	1	chr4_MATERNAL	1	chr4_PATERNAL
MED16	1	chr19	1	chr19_MATERNAL	1	chr19_PATERNAL
SLC2A4RG	1	chr20	1	chr20_MATERNAL	1	chr20_PATERNAL
ADRA2A	1	chr10	1	chr10_MATERNAL	1	chr10_PATERNAL
NDN	1	chr15	1	chr15_MATERNAL	1	chr15_PATERNAL
TFDP1	1	chr13	1	chr13_MATERNAL	1	chr13_PATERNAL
BAZ1B	1	chr7	1	chr7_MATERNAL	1	chr7_PATERNAL
ZSCAN32	1	chr16	1	chr16_MATERNAL	1	chr16_PATERNAL
DDN	1	chr12	1	chr12_MATERNAL	1	chr12_PATERNAL
TET3	1	chr2	1	chr2_MATERNAL	1	chr2_PATERNAL
LYSMD4	1	chr15	1	chr15_MATERNAL	1	chr15_PATERNAL
SLC7A1	1	chr13	1	chr13_MATERNAL	1	chr13_PATERNAL
DAPP1	1	chr4	1	chr4_MATERNAL	1	chr4_PATERNAL
HMGN2	1	chr1	1	chr1_MATERNAL	1	chr1_PATERNAL
PIWIL3	1	chr22	1	chr22_MATERNAL	1	chr22_PATERNAL
UGT2B7	1	chr4	1	chr4_MATERNAL	1	chr4_PATERNAL
CCDC113	1	chr16	1	chr16_MATERNAL	1	chr16_PATERNAL
CCDC169	1	chr13	1	chr13_MATERNAL	1	chr13_PATERNAL
DEFB113	1	chr6	1	chr6_MATERNAL	1	chr6_PATERNAL
H2AP	1	chrX	1	chrX_MATERNAL	0	None
THOC2	1	chrX	1	chrX_MATERNAL	0	None
NPIPB13	1	chr16	1	chr16_MATERNAL	1	chr16_PATERNAL
RIMS1	1	chr6	1	chr6_MATERNAL	1	chr6_PATERNAL
ELFN2	1	chr22	1	chr22_MATERNAL	1	chr22_PATERNAL
CDK19	1	chr6	1	chr6_MATERNAL	1	chr6_PATERNAL
SH3GL1	1	chr19	1	chr19_MATERNAL	1	chr19_PATERNAL
BCLAF3	1	chrX	1	chrX_MATERNAL	0	None
CDH11	1	chr16	1	chr16_MATERNAL	1	chr16_PATERNAL
ITGAM	1	chr16	1	chr16_MATERNAL	1	chr16_PATERNAL
RNF214	1	chr11	1	chr11_MATERNAL	1	chr11_PATERNAL
RAB11FIP1	1	chr8	1	chr8_MATERNAL	1	chr8_PATERNAL
NMRK2	1	chr19	1	chr19_MATERNAL	1	chr19_PATERNAL
CFAP126	1	chr1	1	chr1_MATERNAL	1	chr1_PATERNAL
ANKRD37	1	chr4	1	chr4_MATERNAL	1	chr4_PATERNAL
MOCS1	1	chr6	1	chr6_MATERNAL	1	chr6_PATERNAL
PCDHGA4	1	chr5	1	chr5_MATERNAL	1	chr5_PATERNAL
CAMK2N2	1	chr3	1	chr3_MATERNAL	1	chr3_PATERNAL
INKA1	1	chr3	1	chr3_MATERNAL	1	chr3_PATERNAL
CXorf65	1	chrX	1	chrX_MATERNAL	0	None
LLPH	1	chr12	1	chr12_MATERNAL	1	chr12_PATERNAL
OR52B2	1	chr11	1	chr11_MATERNAL	1	chr11_PATERNAL
AKAP12	1	chr6	1	chr6_MATERNAL	1	chr6_PATERNAL
TPST2	1	chr22	1	chr22_MATERNAL	1	chr22_PATERNAL
C8orf48	1	chr8	1	chr8_MATERNAL	1	chr8_PATERNAL
ARMC9	1	chr2	1	chr2_MATERNAL	1	chr2_PATERNAL
H3C8	1	chr6	1	chr6_MATERNAL	1	chr6_PATERNAL
ANKRD40	1	chr17	1	chr17_MATERNAL	1	chr17_PATERNAL
TAL2	1	chr9	1	chr9_MATERNAL	1	chr9_PATERNAL
TP53TG3D	1	chr16	1	chr16_MATERNAL	1	chr16_PATERNAL
ATP6V0C	1	chr16	1	chr16_MATERNAL	1	chr16_PATERNAL
LYPD3	1	chr19	1	chr19_MATERNAL	1	chr19_PATERNAL
POLD2	1	chr7	1	chr7_MATERNAL	1	chr7_PATERNAL
DNAH17	1	chr17	1	chr17_MATERNAL	1	chr17_PATERNAL
KBTBD12	1	chr3	1	chr3_MATERNAL	1	chr3_PATERNAL
LOC124902050	1	chr8	1	chr8_MATERNAL	1	chr8_PATERNAL
FIBIN	1	chr11	1	chr11_MATERNAL	1	chr11_PATERNAL
VDR	1	chr12	1	chr12_MATERNAL	1	chr12_PATERNAL
ZDHHC17	1	chr12	1	chr12_MATERNAL	1	chr12_PATERNAL
CDPF1	1	chr22	1	chr22_MATERNAL	1	chr22_PATERNAL
OGFR	1	chr20	1	chr20_MATERNAL	1	chr20_PATERNAL
VAV3	1	chr1	1	chr1_MATERNAL	1	chr1_PATERNAL
MTHFD2L	1	chr4	1	chr4_MATERNAL	1	chr4_PATERNAL
ABCD1	1	chrX	1	chrX_MATERNAL	0	None
RBM17	1	chr10	1	chr10_MATERNAL	1	chr10_PATERNAL
CORO2A	1	chr9	1	chr9_MATERNAL	1	chr9_PATERNAL
MEF2C	1	chr5	1	chr5_MATERNAL	1	chr5_PATERNAL
CACUL1	1	chr10	1	chr10_MATERNAL	1	chr10_PATERNAL
RAB5B	1	chr12	1	chr12_MATERNAL	1	chr12_PATERNAL
CACNA1A	1	chr19	1	chr19_MATERNAL	1	chr19_PATERNAL
CDC23	1	chr5	1	chr5_MATERNAL	1	chr5_PATERNAL
INSL6	1	chr9	1	chr9_MATERNAL	1	chr9_PATERNAL
MRPS10	1	chr6	1	chr6_MATERNAL	1	chr6_PATERNAL
GRK5	1	chr10	1	chr10_MATERNAL	1	chr10_PATERNAL
NUTF2P4	1	chr1	1	chr1_MATERNAL	1	chr1_PATERNAL
PIGK	1	chr1	1	chr1_MATERNAL	1	chr1_PATERNAL
STXBP4	1	chr17	1	chr17_MATERNAL	1	chr17_PATERNAL
LARP6	1	chr15	1	chr15_MATERNAL	1	chr15_PATERNAL
IQCF6	1	chr3	1	chr3_MATERNAL	1	chr3_PATERNAL
LOC102723623	1	chr15	2	chr15_MATERNAL,chr15_MATERNAL	1	chr15_PATERNAL
IL6R	1	chr1	1	chr1_MATERNAL	1	chr1_PATERNAL
PTGR1	1	chr9	1	chr9_MATERNAL	1	chr9_PATERNAL
POC1A	1	chr3	1	chr3_MATERNAL	1	chr3_PATERNAL
LOC124901650	1	chr7	1	chr7_MATERNAL	1	chr7_PATERNAL
GOLGA6L2	1	chr15	1	chr15_MATERNAL	1	chr15_PATERNAL
AKAP9	1	chr7	1	chr7_MATERNAL	1	chr7_PATERNAL
GPAT4	1	chr8	1	chr8_MATERNAL	1	chr8_PATERNAL
CYP27A1	1	chr2	1	chr2_MATERNAL	1	chr2_PATERNAL
SEC24B	1	chr4	1	chr4_MATERNAL	1	chr4_PATERNAL
NDUFAF5	1	chr20	1	chr20_MATERNAL	1	chr20_PATERNAL
TRAF1	1	chr9	1	chr9_MATERNAL	1	chr9_PATERNAL
ATP1A1	1	chr1	1	chr1_MATERNAL	1	chr1_PATERNAL
CNOT6	1	chr5	1	chr5_MATERNAL	1	chr5_PATERNAL
STX1A	1	chr7	1	chr7_MATERNAL	1	chr7_PATERNAL
KRTAP5-2	1	chr11	1	chr11_MATERNAL	1	chr11_PATERNAL
ANKRD13B	1	chr17	1	chr17_MATERNAL	1	chr17_PATERNAL
EIF6	1	chr20	1	chr20_MATERNAL	1	chr20_PATERNAL
FUCA1	1	chr1	1	chr1_MATERNAL	1	chr1_PATERNAL
FUS	1	chr16	1	chr16_MATERNAL	1	chr16_PATERNAL
GPAA1	1	chr8	1	chr8_MATERNAL	1	chr8_PATERNAL
FOXQ1	1	chr6	1	chr6_MATERNAL	1	chr6_PATERNAL
FSHR	1	chr2	1	chr2_MATERNAL	1	chr2_PATERNAL
SNTA1	1	chr20	1	chr20_MATERNAL	1	chr20_PATERNAL
SLC5A12	1	chr11	1	chr11_MATERNAL	1	chr11_PATERNAL
BEST2	1	chr19	1	chr19_MATERNAL	1	chr19_PATERNAL
PPT2	1	chr6	1	chr6_MATERNAL	1	chr6_PATERNAL
KRTAP13-2	1	chr21	1	chr21_MATERNAL	1	chr21_PATERNAL
PNPLA3	1	chr22	1	chr22_MATERNAL	1	chr22_PATERNAL
CMC2	1	chr16	1	chr16_MATERNAL	1	chr16_PATERNAL
HES7	1	chr17	1	chr17_MATERNAL	1	chr17_PATERNAL
GPR37	1	chr7	1	chr7_MATERNAL	1	chr7_PATERNAL
DDC	1	chr7	1	chr7_MATERNAL	1	chr7_PATERNAL
DTNBP1	1	chr6	1	chr6_MATERNAL	1	chr6_PATERNAL
MANBA	1	chr4	1	chr4_MATERNAL	1	chr4_PATERNAL
KRT17	1	chr17	1	chr17_MATERNAL	1	chr17_PATERNAL
C4orf48	1	chr4	1	chr4_MATERNAL	1	chr4_PATERNAL
OXR1	1	chr8	1	chr8_MATERNAL	1	chr8_PATERNAL
LOC105372440	1	chr19	1	chr19_MATERNAL	1	chr19_PATERNAL
ARHGAP5	1	chr14	1	chr14_MATERNAL	1	chr14_PATERNAL
THEM5	1	chr1	1	chr1_MATERNAL	1	chr1_PATERNAL
UGT1A4	1	chr2	1	chr2_MATERNAL	1	chr2_PATERNAL
SUMO1	1	chr2	1	chr2_MATERNAL	1	chr2_PATERNAL
AP3D1	1	chr19	1	chr19_MATERNAL	1	chr19_PATERNAL
PRH1-TAS2R14	1	chr12	1	chr12_MATERNAL	1	chr12_PATERNAL
GALNT10	1	chr5	1	chr5_MATERNAL	1	chr5_PATERNAL
UCHL3	1	chr13	1	chr13_MATERNAL	1	chr13_PATERNAL
CT45A5	1	chrX	1	chrX_MATERNAL	0	None
TNFRSF8	1	chr1	1	chr1_MATERNAL	1	chr1_PATERNAL
INA	1	chr10	1	chr10_MATERNAL	1	chr10_PATERNAL
OR5T2	1	chr11	1	chr11_MATERNAL	1	chr11_PATERNAL
LOC124908044	1	chr2	1	chr2_MATERNAL	1	chr2_PATERNAL
HK3	1	chr5	1	chr5_MATERNAL	1	chr5_PATERNAL
SLC8A2	1	chr19	1	chr19_MATERNAL	1	chr19_PATERNAL
BTC	1	chr4	1	chr4_MATERNAL	1	chr4_PATERNAL
RNF135	1	chr17	1	chr17_MATERNAL	1	chr17_PATERNAL
MYMK	1	chr9	1	chr9_MATERNAL	1	chr9_PATERNAL
PRELP	1	chr1	1	chr1_MATERNAL	1	chr1_PATERNAL
DENND6B	1	chr22	1	chr22_MATERNAL	1	chr22_PATERNAL
GSTT2B	1	chr22	1	chr22_MATERNAL	2	chr22_PATERNAL,chr22_PATERNAL
OCSTAMP	1	chr20	1	chr20_MATERNAL	1	chr20_PATERNAL
SMAD1	1	chr4	1	chr4_MATERNAL	1	chr4_PATERNAL
SLC14A2	1	chr18	1	chr18_MATERNAL	1	chr18_PATERNAL
LOC124906086	1	chr2	1	chr2_MATERNAL	1	chr2_PATERNAL
FRG2C	2	chr3,chr22	2	chr22_MATERNAL,chr3_MATERNAL	4	chr1_PATERNAL,chr22_PATERNAL,chr13_PATERNAL,chr3_PATERNAL
PPIB	1	chr15	1	chr15_MATERNAL	1	chr15_PATERNAL
COX6A1	1	chr12	1	chr12_MATERNAL	1	chr12_PATERNAL
SRSF2	1	chr17	1	chr17_MATERNAL	1	chr17_PATERNAL
C3orf20	1	chr3	1	chr3_MATERNAL	1	chr3_PATERNAL
NANP	1	chr20	1	chr20_MATERNAL	1	chr20_PATERNAL
PCDHB10	1	chr5	1	chr5_MATERNAL	1	chr5_PATERNAL
GGT5	1	chr22	1	chr22_MATERNAL	1	chr22_PATERNAL
ALPK1	1	chr4	1	chr4_MATERNAL	1	chr4_PATERNAL
OR8B8	1	chr11	1	chr11_MATERNAL	1	chr11_PATERNAL
TCN2	1	chr22	1	chr22_MATERNAL	1	chr22_PATERNAL
PRAMEF33	1	chr1	1	chr1_MATERNAL	1	chr1_PATERNAL
ASB18	1	chr2	1	chr2_MATERNAL	1	chr2_PATERNAL
NBPF8	1	chr1	1	chr1_MATERNAL	1	chr1_PATERNAL
INPP5J	1	chr22	1	chr22_MATERNAL	1	chr22_PATERNAL
DOK6	1	chr18	1	chr18_MATERNAL	1	chr18_PATERNAL
CDCP2	1	chr1	1	chr1_MATERNAL	1	chr1_PATERNAL
BTLA	1	chr3	1	chr3_MATERNAL	1	chr3_PATERNAL
KCNH5	1	chr14	1	chr14_MATERNAL	1	chr14_PATERNAL
PSMD10	1	chrX	1	chrX_MATERNAL	0	None
SLC25A10	1	chr17	1	chr17_MATERNAL	1	chr17_PATERNAL
TNKS2	1	chr10	1	chr10_MATERNAL	1	chr10_PATERNAL
MYOZ1	1	chr10	1	chr10_MATERNAL	1	chr10_PATERNAL
PDZD7	1	chr10	1	chr10_MATERNAL	1	chr10_PATERNAL
BOLA2B	1	chr16	1	chr16_MATERNAL	1	chr16_PATERNAL
ACSS3	1	chr12	1	chr12_MATERNAL	1	chr12_PATERNAL
ETFDH	1	chr4	1	chr4_MATERNAL	1	chr4_PATERNAL
TGIF2-RAB5IF	1	chr20	1	chr20_MATERNAL	1	chr20_PATERNAL
SPEF1	1	chr20	1	chr20_MATERNAL	1	chr20_PATERNAL
ARHGEF25	1	chr12	1	chr12_MATERNAL	1	chr12_PATERNAL
RBP4	1	chr10	1	chr10_MATERNAL	1	chr10_PATERNAL
FMNL1	1	chr17	1	chr17_MATERNAL	1	chr17_PATERNAL
KRTAP4-1	1	chr17	1	chr17_MATERNAL	1	chr17_PATERNAL
APC2	1	chr19	1	chr19_MATERNAL	1	chr19_PATERNAL
GNAI1	1	chr7	1	chr7_MATERNAL	1	chr7_PATERNAL
FHDC1	1	chr4	1	chr4_MATERNAL	1	chr4_PATERNAL
LETM1	1	chr4	1	chr4_MATERNAL	1	chr4_PATERNAL
RLIM	1	chrX	1	chrX_MATERNAL	0	None
DDX43	1	chr6	1	chr6_MATERNAL	1	chr6_PATERNAL
RBBP4	1	chr1	1	chr1_MATERNAL	1	chr1_PATERNAL
ZDHHC23	1	chr3	1	chr3_MATERNAL	1	chr3_PATERNAL
NCOA1	1	chr2	1	chr2_MATERNAL	1	chr2_PATERNAL
ELFN1	1	chr7	1	chr7_MATERNAL	1	chr7_PATERNAL
SHOX2	1	chr3	1	chr3_MATERNAL	1	chr3_PATERNAL
C1orf198	1	chr1	1	chr1_MATERNAL	1	chr1_PATERNAL
NLRP13	1	chr19	1	chr19_MATERNAL	1	chr19_PATERNAL
TBCEL-TECTA	1	chr11	1	chr11_MATERNAL	1	chr11_PATERNAL
TTC27	1	chr2	1	chr2_MATERNAL	1	chr2_PATERNAL
SAMSN1	1	chr21	1	chr21_MATERNAL	1	chr21_PATERNAL
LRRC46	1	chr17	1	chr17_MATERNAL	1	chr17_PATERNAL
OR52N2	1	chr11	1	chr11_MATERNAL	1	chr11_PATERNAL
OR4A47	1	chr11	1	chr11_MATERNAL	1	chr11_PATERNAL
SPRR2E	1	chr1	1	chr1_MATERNAL	1	chr1_PATERNAL
CHDH	1	chr3	1	chr3_MATERNAL	1	chr3_PATERNAL
SERF2	1	chr15	1	chr15_MATERNAL	1	chr15_PATERNAL
LUM	1	chr12	1	chr12_MATERNAL	1	chr12_PATERNAL
TSSK2	1	chr22	1	chr22_MATERNAL	1	chr22_PATERNAL
IFI30	1	chr19	1	chr19_MATERNAL	1	chr19_PATERNAL
TFDP3	1	chrX	1	chrX_MATERNAL	0	None
NEURL1B	1	chr5	1	chr5_MATERNAL	1	chr5_PATERNAL
TCIRG1	1	chr11	1	chr11_MATERNAL	1	chr11_PATERNAL
BCLAF1	1	chr6	1	chr6_MATERNAL	1	chr6_PATERNAL
CA6	1	chr1	1	chr1_MATERNAL	1	chr1_PATERNAL
FPGS	1	chr9	1	chr9_MATERNAL	1	chr9_PATERNAL
SLC16A9	1	chr10	1	chr10_MATERNAL	1	chr10_PATERNAL
PCDH15	1	chr10	1	chr10_MATERNAL	1	chr10_PATERNAL
NAALADL2	1	chr3	1	chr3_MATERNAL	1	chr3_PATERNAL
B4GALT5	1	chr20	1	chr20_MATERNAL	1	chr20_PATERNAL
RAD51	1	chr15	1	chr15_MATERNAL	1	chr15_PATERNAL
RUVBL1	1	chr3	1	chr3_MATERNAL	1	chr3_PATERNAL
ASIC3	1	chr7	1	chr7_MATERNAL	1	chr7_PATERNAL
LOC105379417	1	chr22	1	chr22_MATERNAL	1	chr13_PATERNAL
NCAPD3	1	chr11	1	chr11_MATERNAL	1	chr11_PATERNAL
OR52R1	1	chr11	1	chr11_MATERNAL	1	chr11_PATERNAL
RGS7BP	1	chr5	1	chr5_MATERNAL	1	chr5_PATERNAL
PPP1R11	1	chr6	1	chr6_MATERNAL	1	chr6_PATERNAL
RDH12	1	chr14	1	chr14_MATERNAL	1	chr14_PATERNAL
RBM47	1	chr4	1	chr4_MATERNAL	1	chr4_PATERNAL
SMG6	1	chr17	1	chr17_MATERNAL	1	chr17_PATERNAL
C22orf39	1	chr22	1	chr22_MATERNAL	1	chr22_PATERNAL
FKBPL	1	chr6	1	chr6_MATERNAL	1	chr6_PATERNAL
ITGA10	1	chr1	1	chr1_MATERNAL	1	chr1_PATERNAL
ZCCHC4	1	chr4	1	chr4_MATERNAL	1	chr4_PATERNAL
ADAMTS6	1	chr5	1	chr5_MATERNAL	1	chr5_PATERNAL
MCCD1	1	chr6	1	chr6_MATERNAL	1	chr6_PATERNAL
CMTR2	1	chr16	1	chr16_MATERNAL	1	chr16_PATERNAL
OR6K2	1	chr1	1	chr1_MATERNAL	1	chr1_PATERNAL
KIFC3	1	chr16	1	chr16_MATERNAL	1	chr16_PATERNAL
BLOC1S1	1	chr12	1	chr12_MATERNAL	1	chr12_PATERNAL
PARP3	1	chr3	1	chr3_MATERNAL	1	chr3_PATERNAL
ZNF862	1	chr7	1	chr7_MATERNAL	1	chr7_PATERNAL
CKAP2	1	chr13	1	chr13_MATERNAL	1	chr13_PATERNAL
PRRC2A	1	chr6	1	chr6_MATERNAL	1	chr6_PATERNAL
AKAP4	1	chrX	1	chrX_MATERNAL	0	None
AGMO	1	chr7	1	chr7_MATERNAL	1	chr7_PATERNAL
JPH4	1	chr14	1	chr14_MATERNAL	1	chr14_PATERNAL
ANO5	1	chr11	1	chr11_MATERNAL	1	chr11_PATERNAL
FAM180A	1	chr7	1	chr7_MATERNAL	1	chr7_PATERNAL
CT47A1	1	chrX	2	chrX_MATERNAL,chrX_MATERNAL	0	None
FRRS1	1	chr1	1	chr1_MATERNAL	1	chr1_PATERNAL
FOXS1	1	chr20	1	chr20_MATERNAL	1	chr20_PATERNAL
B4GALNT3	1	chr12	1	chr12_MATERNAL	1	chr12_PATERNAL
EVX1	1	chr7	1	chr7_MATERNAL	1	chr7_PATERNAL
CPT1B	1	chr22	1	chr22_MATERNAL	1	chr22_PATERNAL
UPK3B	1	chr7	1	chr7_MATERNAL	1	chr7_PATERNAL
LY6G5C	1	chr6	1	chr6_MATERNAL	1	chr6_PATERNAL
LIMS1	1	chr2	1	chr2_MATERNAL	1	chr2_PATERNAL
XAGE3	1	chrX	1	chrX_MATERNAL	0	None
RPS11	1	chr19	1	chr19_MATERNAL	1	chr19_PATERNAL
CXorf49	1	chrX	1	chrX_MATERNAL	0	None
KRTAP4-3	1	chr17	1	chr17_MATERNAL	1	chr17_PATERNAL
LRATD2	1	chr8	1	chr8_MATERNAL	1	chr8_PATERNAL
EFCAB8	1	chr20	1	chr20_MATERNAL	1	chr20_PATERNAL
NKAIN1	1	chr1	1	chr1_MATERNAL	1	chr1_PATERNAL
ADAM9	1	chr8	1	chr8_MATERNAL	1	chr8_PATERNAL
NUSAP1	1	chr15	1	chr15_MATERNAL	1	chr15_PATERNAL
ACOT2	1	chr14	1	chr14_MATERNAL	1	chr14_PATERNAL
CCP110	1	chr16	1	chr16_MATERNAL	1	chr16_PATERNAL
ESRRB	1	chr14	1	chr14_MATERNAL	1	chr14_PATERNAL
TRIM63	1	chr1	1	chr1_MATERNAL	1	chr1_PATERNAL
ZNF846	1	chr19	1	chr19_MATERNAL	1	chr19_PATERNAL
TUBGCP5	1	chr15	1	chr15_MATERNAL	1	chr15_PATERNAL
LOC102724971	1	chr15	1	chr15_MATERNAL	1	chr15_PATERNAL
PCDHGB7	1	chr5	1	chr5_MATERNAL	1	chr5_PATERNAL
SPPL2B	1	chr19	1	chr19_MATERNAL	1	chr19_PATERNAL
ARHGEF16	1	chr1	1	chr1_MATERNAL	1	chr1_PATERNAL
SLC35F2	1	chr11	1	chr11_MATERNAL	1	chr11_PATERNAL
CTNNBIP1	1	chr1	1	chr1_MATERNAL	1	chr1_PATERNAL
LCNL1	1	chr9	1	chr9_MATERNAL	1	chr9_PATERNAL
ABCC11	1	chr16	1	chr16_MATERNAL	1	chr16_PATERNAL
HLA-DPB1	1	chr6	1	chr6_MATERNAL	1	chr6_PATERNAL
GRAMD2A	1	chr15	1	chr15_MATERNAL	1	chr15_PATERNAL
GRIPAP1	1	chrX	1	chrX_MATERNAL	0	None
ZNF610	1	chr19	1	chr19_MATERNAL	1	chr19_PATERNAL
JAK3	1	chr19	1	chr19_MATERNAL	1	chr19_PATERNAL
LIMK2	1	chr22	1	chr22_MATERNAL	1	chr22_PATERNAL
SLC9A3R1	1	chr17	1	chr17_MATERNAL	1	chr17_PATERNAL
CDKL3	1	chr5	1	chr5_MATERNAL	1	chr5_PATERNAL
MT1X	1	chr16	1	chr16_MATERNAL	1	chr16_PATERNAL
C12orf43	1	chr12	1	chr12_MATERNAL	1	chr12_PATERNAL
TMEM272	1	chr13	1	chr13_MATERNAL	1	chr13_PATERNAL
ADGRG5	1	chr16	1	chr16_MATERNAL	1	chr16_PATERNAL
BOLA3	1	chr2	1	chr2_MATERNAL	1	chr2_PATERNAL
CYP4Z1	1	chr1	1	chr1_MATERNAL	1	chr1_PATERNAL
RRAGA	1	chr9	1	chr9_MATERNAL	1	chr9_PATERNAL
FAM53C	1	chr5	1	chr5_MATERNAL	1	chr5_PATERNAL
NAT1	1	chr8	1	chr8_MATERNAL	1	chr8_PATERNAL
H2BU1	1	chr1	1	chr1_MATERNAL	1	chr1_PATERNAL
LRRTM2	1	chr5	1	chr5_MATERNAL	1	chr5_PATERNAL
SPATA32	1	chr17	1	chr17_MATERNAL	1	chr17_PATERNAL
SCYL1	1	chr11	1	chr11_MATERNAL	1	chr11_PATERNAL
TFEB	1	chr6	1	chr6_MATERNAL	1	chr6_PATERNAL
PPP1R2B	1	chr5	1	chr5_MATERNAL	1	chr5_PATERNAL
ABCB6	1	chr2	1	chr2_MATERNAL	1	chr2_PATERNAL
HNRNPA1	1	chr12	1	chr12_MATERNAL	1	chr12_PATERNAL
GALR2	1	chr17	1	chr17_MATERNAL	1	chr17_PATERNAL
ZBTB5	1	chr9	1	chr9_MATERNAL	1	chr9_PATERNAL
ASAP2	1	chr2	1	chr2_MATERNAL	1	chr2_PATERNAL
SRSF4	1	chr1	1	chr1_MATERNAL	1	chr1_PATERNAL
RBM3	1	chrX	1	chrX_MATERNAL	0	None
TBX21	1	chr17	1	chr17_MATERNAL	1	chr17_PATERNAL
SIGMAR1	1	chr9	1	chr9_MATERNAL	1	chr9_PATERNAL
C4orf17	1	chr4	1	chr4_MATERNAL	1	chr4_PATERNAL
TIMM21	1	chr18	1	chr18_MATERNAL	1	chr18_PATERNAL
TMEM236	1	chr10	1	chr10_MATERNAL	1	chr10_PATERNAL
PSMD6	1	chr3	1	chr3_MATERNAL	1	chr3_PATERNAL
IKZF4	1	chr12	1	chr12_MATERNAL	1	chr12_PATERNAL
NOX5	1	chr15	1	chr15_MATERNAL	1	chr15_PATERNAL
SLC25A14	1	chrX	1	chrX_MATERNAL	0	None
CD276	1	chr15	1	chr15_MATERNAL	1	chr15_PATERNAL
SOX14	1	chr3	1	chr3_MATERNAL	1	chr3_PATERNAL
ZNF677	1	chr19	1	chr19_MATERNAL	1	chr19_PATERNAL
MRPL40	1	chr22	1	chr22_MATERNAL	1	chr22_PATERNAL
TBX10	1	chr11	1	chr11_MATERNAL	1	chr11_PATERNAL
RUSC2	1	chr9	1	chr9_MATERNAL	1	chr9_PATERNAL
STOX2	1	chr4	1	chr4_MATERNAL	1	chr4_PATERNAL
FRYL	1	chr4	1	chr4_MATERNAL	1	chr4_PATERNAL
SDSL	1	chr12	1	chr12_MATERNAL	1	chr12_PATERNAL
CENPH	1	chr5	1	chr5_MATERNAL	1	chr5_PATERNAL
HP	1	chr16	1	chr16_MATERNAL	1	chr16_PATERNAL
WDR12	1	chr2	1	chr2_MATERNAL	1	chr2_PATERNAL
TSSK1B	1	chr5	1	chr5_MATERNAL	1	chr5_PATERNAL
PPM1H	1	chr12	1	chr12_MATERNAL	1	chr12_PATERNAL
CRYBB1	1	chr22	1	chr22_MATERNAL	1	chr22_PATERNAL
SSUH2	1	chr3	1	chr3_MATERNAL	1	chr3_PATERNAL
MTCL1	1	chr18	1	chr18_MATERNAL	1	chr18_PATERNAL
SLC7A10	1	chr19	1	chr19_MATERNAL	1	chr19_PATERNAL
MAB21L1	1	chr13	1	chr13_MATERNAL	1	chr13_PATERNAL
SNX14	1	chr6	1	chr6_MATERNAL	1	chr6_PATERNAL
DCUN1D1	1	chr3	1	chr3_MATERNAL	1	chr3_PATERNAL
DNMT3L	1	chr21	1	chr21_MATERNAL	1	chr21_PATERNAL
P3R3URF	1	chr1	1	chr1_MATERNAL	1	chr1_PATERNAL
DCAF8L2	1	chrX	1	chrX_MATERNAL	0	None
CD226	1	chr18	1	chr18_MATERNAL	1	chr18_PATERNAL
MAP1LC3A	1	chr20	1	chr20_MATERNAL	1	chr20_PATERNAL
SPATA48	1	chr7	1	chr7_MATERNAL	1	chr7_PATERNAL
TRPC7	1	chr5	1	chr5_MATERNAL	1	chr5_PATERNAL
SRP72	1	chr4	1	chr4_MATERNAL	1	chr4_PATERNAL
NAA15	1	chr4	1	chr4_MATERNAL	1	chr4_PATERNAL
DCAF12L1	1	chrX	1	chrX_MATERNAL	0	None
SMIM40	1	chr6	1	chr6_MATERNAL	1	chr6_PATERNAL
AKT3	1	chr1	1	chr1_MATERNAL	1	chr1_PATERNAL
SYDE2	1	chr1	1	chr1_MATERNAL	1	chr1_PATERNAL
TAMALIN	1	chr12	1	chr12_MATERNAL	1	chr12_PATERNAL
TMC2	1	chr20	1	chr20_MATERNAL	1	chr20_PATERNAL
QRSL1	1	chr6	1	chr6_MATERNAL	1	chr6_PATERNAL
KRBOX5	1	chr16	1	chr16_MATERNAL	1	chr16_PATERNAL
INTS6L	1	chrX	1	chrX_MATERNAL	0	None
ARAF	1	chrX	1	chrX_MATERNAL	0	None
BLVRB	1	chr19	1	chr19_MATERNAL	1	chr19_PATERNAL
PLA2G15	1	chr16	1	chr16_MATERNAL	1	chr16_PATERNAL
SMURF1	1	chr7	1	chr7_MATERNAL	1	chr7_PATERNAL
ZNF347	1	chr19	1	chr19_MATERNAL	1	chr19_PATERNAL
SAR1B	1	chr5	1	chr5_MATERNAL	1	chr5_PATERNAL
ABCB8	1	chr7	1	chr7_MATERNAL	1	chr7_PATERNAL
FIGNL1	1	chr7	1	chr7_MATERNAL	1	chr7_PATERNAL
GPR153	1	chr1	1	chr1_MATERNAL	1	chr1_PATERNAL
LOC124901647	1	chr7	1	chr7_MATERNAL	1	chr7_PATERNAL
GNPTAB	1	chr12	1	chr12_MATERNAL	1	chr12_PATERNAL
KRT74	1	chr12	1	chr12_MATERNAL	1	chr12_PATERNAL
FOLR2	1	chr11	1	chr11_MATERNAL	1	chr11_PATERNAL
EPOP	1	chr17	1	chr17_MATERNAL	1	chr17_PATERNAL
MRPL3	1	chr3	1	chr3_MATERNAL	1	chr3_PATERNAL
TENT4B	1	chr16	1	chr16_MATERNAL	1	chr16_PATERNAL
ACAD10	1	chr12	1	chr12_MATERNAL	1	chr12_PATERNAL
RASA3	1	chr13	1	chr13_MATERNAL	1	chr13_PATERNAL
PDF	1	chr16	1	chr16_MATERNAL	1	chr16_PATERNAL
RPS7	1	chr2	1	chr2_MATERNAL	1	chr2_PATERNAL
SFXN5	1	chr2	1	chr2_MATERNAL	1	chr2_PATERNAL
PACC1	1	chr1	1	chr1_MATERNAL	1	chr1_PATERNAL
MYOT	1	chr5	1	chr5_MATERNAL	1	chr5_PATERNAL
C6	1	chr5	1	chr5_MATERNAL	1	chr5_PATERNAL
CDC20B	1	chr5	1	chr5_MATERNAL	1	chr5_PATERNAL
OR5K1	1	chr3	1	chr3_MATERNAL	1	chr3_PATERNAL
ARID5B	1	chr10	1	chr10_MATERNAL	1	chr10_PATERNAL
HNRNPH3	1	chr10	1	chr10_MATERNAL	1	chr10_PATERNAL
CENPV	1	chr17	1	chr17_MATERNAL	1	chr17_PATERNAL
SCIN	1	chr7	1	chr7_MATERNAL	1	chr7_PATERNAL
RPS23	1	chr5	1	chr5_MATERNAL	1	chr5_PATERNAL
ELP3	1	chr8	1	chr8_MATERNAL	1	chr8_PATERNAL
PITRM1	1	chr10	1	chr10_MATERNAL	1	chr10_PATERNAL
CD302	1	chr2	1	chr2_MATERNAL	1	chr2_PATERNAL
COX17	1	chr3	1	chr3_MATERNAL	1	chr3_PATERNAL
KIF22	1	chr16	1	chr16_MATERNAL	1	chr16_PATERNAL
STEAP2	1	chr7	1	chr7_MATERNAL	1	chr7_PATERNAL
MINAR1	1	chr15	1	chr15_MATERNAL	1	chr15_PATERNAL
EDF1	1	chr9	1	chr9_MATERNAL	1	chr9_PATERNAL
FBXL16	1	chr16	1	chr16_MATERNAL	1	chr16_PATERNAL
ABRACL	1	chr6	1	chr6_MATERNAL	1	chr6_PATERNAL
VNN2	1	chr6	1	chr6_MATERNAL	1	chr6_PATERNAL
TNFRSF11B	1	chr8	1	chr8_MATERNAL	1	chr8_PATERNAL
RETNLB	1	chr3	1	chr3_MATERNAL	1	chr3_PATERNAL
NDUFAF3	1	chr3	1	chr3_MATERNAL	1	chr3_PATERNAL
RBM12B	1	chr8	1	chr8_MATERNAL	1	chr8_PATERNAL
WDR4	1	chr21	1	chr21_MATERNAL	1	chr21_PATERNAL
NPR1	1	chr1	1	chr1_MATERNAL	1	chr1_PATERNAL
ARHGAP28	1	chr18	1	chr18_MATERNAL	1	chr18_PATERNAL
SPACA1	1	chr6	1	chr6_MATERNAL	1	chr6_PATERNAL
SERAC1	1	chr6	1	chr6_MATERNAL	1	chr6_PATERNAL
IL27RA	1	chr19	1	chr19_MATERNAL	1	chr19_PATERNAL
LOC124905155	1	chr22	1	chr22_MATERNAL	1	chr22_PATERNAL
SERPINB10	1	chr18	1	chr18_MATERNAL	1	chr18_PATERNAL
OR4E1	1	chr14	1	chr14_MATERNAL	1	chr14_PATERNAL
RBFOX3	1	chr17	1	chr17_MATERNAL	1	chr17_PATERNAL
SNF8	1	chr17	1	chr17_MATERNAL	1	chr17_PATERNAL
WFDC12	1	chr20	1	chr20_MATERNAL	1	chr20_PATERNAL
GALNTL5	1	chr7	1	chr7_MATERNAL	1	chr7_PATERNAL
IFI44	1	chr1	1	chr1_MATERNAL	1	chr1_PATERNAL
PRB3	1	chr12	1	chr12_MATERNAL	1	chr12_PATERNAL
PARD6A	1	chr16	1	chr16_MATERNAL	1	chr16_PATERNAL
RPS25	1	chr11	1	chr11_MATERNAL	1	chr11_PATERNAL
COL15A1	1	chr9	1	chr9_MATERNAL	1	chr9_PATERNAL
GPR20	1	chr8	1	chr8_MATERNAL	1	chr8_PATERNAL
LOC122319436	1	chr2	1	chr2_MATERNAL	1	chr2_PATERNAL
PLEKHO2	1	chr15	1	chr15_MATERNAL	1	chr15_PATERNAL
SSTR5	1	chr16	1	chr16_MATERNAL	1	chr16_PATERNAL
DNTTIP2	1	chr1	1	chr1_MATERNAL	1	chr1_PATERNAL
MAP4K2	1	chr11	1	chr11_MATERNAL	1	chr11_PATERNAL
THAP5	1	chr7	1	chr7_MATERNAL	1	chr7_PATERNAL
CCNF	1	chr16	1	chr16_MATERNAL	1	chr16_PATERNAL
FCHSD1	1	chr5	1	chr5_MATERNAL	1	chr5_PATERNAL
OR5M8	1	chr11	1	chr11_MATERNAL	1	chr11_PATERNAL
NBPF1	1	chr1	3	chr1_MATERNAL,chr1_MATERNAL,chr1_MATERNAL	3	chr1_PATERNAL,chr1_PATERNAL,chr1_PATERNAL
SAA2-SAA4	1	chr11	1	chr11_MATERNAL	1	chr11_PATERNAL
CPLANE2	1	chr1	1	chr1_MATERNAL	1	chr1_PATERNAL
PANX3	1	chr11	1	chr11_MATERNAL	1	chr11_PATERNAL
THOC5	1	chr22	1	chr22_MATERNAL	1	chr22_PATERNAL
OTULINL	1	chr5	1	chr5_MATERNAL	1	chr5_PATERNAL
ANGPTL4	1	chr19	1	chr19_MATERNAL	1	chr19_PATERNAL
ATXN7L2	1	chr1	1	chr1_MATERNAL	1	chr1_PATERNAL
C4A	1	chr6	1	chr6_MATERNAL	1	chr6_PATERNAL
SELENOK	1	chr3	1	chr3_MATERNAL	1	chr3_PATERNAL
HCN2	1	chr19	1	chr19_MATERNAL	1	chr19_PATERNAL
OSGEP	1	chr14	1	chr14_MATERNAL	1	chr14_PATERNAL
GOSR2	1	chr17	1	chr17_MATERNAL	1	chr17_PATERNAL
GSS	1	chr20	1	chr20_MATERNAL	1	chr20_PATERNAL
LPAR2	1	chr19	1	chr19_MATERNAL	1	chr19_PATERNAL
FKBP1B	1	chr2	1	chr2_MATERNAL	1	chr2_PATERNAL
SMIM26	1	chr20	1	chr20_MATERNAL	1	chr20_PATERNAL
BEST4	1	chr1	1	chr1_MATERNAL	1	chr1_PATERNAL
TNRC6C	1	chr17	1	chr17_MATERNAL	1	chr17_PATERNAL
ZNF394	1	chr7	1	chr7_MATERNAL	1	chr7_PATERNAL
ABRAXAS1	1	chr4	1	chr4_MATERNAL	1	chr4_PATERNAL
GPR89B	1	chr1	1	chr1_MATERNAL	1	chr1_PATERNAL
SLC30A9	1	chr4	1	chr4_MATERNAL	1	chr4_PATERNAL
NGLY1	1	chr3	1	chr3_MATERNAL	1	chr3_PATERNAL
FSD1L	1	chr9	1	chr9_MATERNAL	1	chr9_PATERNAL
PYGB	1	chr20	1	chr20_MATERNAL	1	chr20_PATERNAL
RPN1	1	chr3	1	chr3_MATERNAL	1	chr3_PATERNAL
TAF11	1	chr6	1	chr6_MATERNAL	1	chr6_PATERNAL
TRIM47	1	chr17	1	chr17_MATERNAL	1	chr17_PATERNAL
INCENP	1	chr11	1	chr11_MATERNAL	1	chr11_PATERNAL
RNF222	1	chr17	1	chr17_MATERNAL	1	chr17_PATERNAL
TNFSF15	1	chr9	1	chr9_MATERNAL	1	chr9_PATERNAL
LCE3D	1	chr1	1	chr1_MATERNAL	1	chr1_PATERNAL
HDAC4	1	chr2	1	chr2_MATERNAL	1	chr2_PATERNAL
AQR	1	chr15	1	chr15_MATERNAL	1	chr15_PATERNAL
CREB3L1	1	chr11	1	chr11_MATERNAL	1	chr11_PATERNAL
OR4K5	1	chr14	2	chr14_MATERNAL,chr14_MATERNAL	2	chr14_PATERNAL,chr14_PATERNAL
ZBTB39	1	chr12	1	chr12_MATERNAL	1	chr12_PATERNAL
CCDC57	1	chr17	1	chr17_MATERNAL	1	chr17_PATERNAL
ZAP70	1	chr2	1	chr2_MATERNAL	1	chr2_PATERNAL
GMNC	1	chr3	1	chr3_MATERNAL	1	chr3_PATERNAL
VPS52	1	chr6	1	chr6_MATERNAL	1	chr6_PATERNAL
CTSL	1	chr9	1	chr9_MATERNAL	1	chr9_PATERNAL
ZNF511	1	chr10	1	chr10_MATERNAL	1	chr10_PATERNAL
ATAD3C	1	chr1	1	chr1_MATERNAL	1	chr1_PATERNAL
ARSF	1	chrX	1	chrX_MATERNAL	0	None
DRD3	1	chr3	1	chr3_MATERNAL	1	chr3_PATERNAL
ATG2B	1	chr14	1	chr14_MATERNAL	1	chr14_PATERNAL
SIRPD	1	chr20	1	chr20_MATERNAL	1	chr20_PATERNAL
EPPIN	1	chr20	1	chr20_MATERNAL	1	chr20_PATERNAL
PLD3	1	chr19	1	chr19_MATERNAL	1	chr19_PATERNAL
CIB2	1	chr15	1	chr15_MATERNAL	1	chr15_PATERNAL
ZNF574	1	chr19	1	chr19_MATERNAL	1	chr19_PATERNAL
IFFO2	1	chr1	1	chr1_MATERNAL	1	chr1_PATERNAL
OXLD1	1	chr17	1	chr17_MATERNAL	1	chr17_PATERNAL
COPS2	1	chr15	1	chr15_MATERNAL	1	chr15_PATERNAL
KRT34	1	chr17	1	chr17_MATERNAL	1	chr17_PATERNAL
P2RY4	1	chrX	1	chrX_MATERNAL	0	None
PRKCD	1	chr3	1	chr3_MATERNAL	1	chr3_PATERNAL
TNIP3	1	chr4	1	chr4_MATERNAL	1	chr4_PATERNAL
RAB3D	1	chr19	1	chr19_MATERNAL	1	chr19_PATERNAL
ADPGK	1	chr15	1	chr15_MATERNAL	1	chr15_PATERNAL
NKAIN3	1	chr8	1	chr8_MATERNAL	1	chr8_PATERNAL
PDE4D	1	chr5	1	chr5_MATERNAL	1	chr5_PATERNAL
OPTC	1	chr1	1	chr1_MATERNAL	1	chr1_PATERNAL
PPP6R3	1	chr11	1	chr11_MATERNAL	1	chr11_PATERNAL
CYB5R3	1	chr22	1	chr22_MATERNAL	1	chr22_PATERNAL
IQCF3	1	chr3	1	chr3_MATERNAL	1	chr3_PATERNAL
MRPS15	1	chr1	1	chr1_MATERNAL	1	chr1_PATERNAL
INO80C	1	chr18	1	chr18_MATERNAL	1	chr18_PATERNAL
HNRNPA3	1	chr2	1	chr2_MATERNAL	1	chr2_PATERNAL
PLEKHM1	1	chr17	1	chr17_MATERNAL	1	chr17_PATERNAL
CXCL9	1	chr4	1	chr4_MATERNAL	1	chr4_PATERNAL
DNAJC8	1	chr1	1	chr1_MATERNAL	1	chr1_PATERNAL
ABITRAM	1	chr9	1	chr9_MATERNAL	1	chr9_PATERNAL
NEUROG2	1	chr4	1	chr4_MATERNAL	1	chr4_PATERNAL
IGBP1	1	chrX	1	chrX_MATERNAL	0	None
A4GALT	1	chr22	1	chr22_MATERNAL	1	chr22_PATERNAL
PPP2R5C	1	chr14	1	chr14_MATERNAL	1	chr14_PATERNAL
ZSCAN31	1	chr6	1	chr6_MATERNAL	1	chr6_PATERNAL
SHARPIN	1	chr8	1	chr8_MATERNAL	1	chr8_PATERNAL
MAGEA12	1	chrX	1	chrX_MATERNAL	0	None
FOXC2	1	chr16	1	chr16_MATERNAL	1	chr16_PATERNAL
CENPW	1	chr6	1	chr6_MATERNAL	1	chr6_PATERNAL
PRRX2	1	chr9	1	chr9_MATERNAL	1	chr9_PATERNAL
MLPH	1	chr2	1	chr2_MATERNAL	1	chr2_PATERNAL
LOC102724159	1	chr21	1	chr21_MATERNAL	1	chr21_PATERNAL
EPOR	1	chr19	1	chr19_MATERNAL	1	chr19_PATERNAL
DHODH	1	chr16	1	chr16_MATERNAL	1	chr16_PATERNAL
FATE1	1	chrX	1	chrX_MATERNAL	0	None
ZNF346	1	chr5	1	chr5_MATERNAL	1	chr5_PATERNAL
PRAMEF11	1	chr1	1	chr1_MATERNAL	1	chr1_PATERNAL
GBP5	1	chr1	1	chr1_MATERNAL	1	chr1_PATERNAL
ETDC	1	chrX	1	chrX_MATERNAL	0	None
PELI1	1	chr2	1	chr2_MATERNAL	1	chr2_PATERNAL
TLN1	1	chr9	1	chr9_MATERNAL	1	chr9_PATERNAL
GPRC5A	1	chr12	1	chr12_MATERNAL	1	chr12_PATERNAL
NOTCH3	1	chr19	1	chr19_MATERNAL	1	chr19_PATERNAL
FYN	1	chr6	1	chr6_MATERNAL	1	chr6_PATERNAL
ARID1B	1	chr6	1	chr6_MATERNAL	1	chr6_PATERNAL
SIRPA	1	chr20	1	chr20_MATERNAL	1	chr20_PATERNAL
GTPBP10	1	chr7	1	chr7_MATERNAL	1	chr7_PATERNAL
DNAAF8	1	chr16	1	chr16_MATERNAL	1	chr16_PATERNAL
RFNG	1	chr17	1	chr17_MATERNAL	1	chr17_PATERNAL
RAX	1	chr18	1	chr18_MATERNAL	1	chr18_PATERNAL
ST8SIA2	1	chr15	1	chr15_MATERNAL	1	chr15_PATERNAL
GSK3A	1	chr19	1	chr19_MATERNAL	1	chr19_PATERNAL
LOC105377805	1	chr13	1	chr13_MATERNAL	1	chr13_PATERNAL
OR2M7	1	chr1	1	chr1_MATERNAL	1	chr1_PATERNAL
ARNTL	1	chr11	1	chr11_MATERNAL	1	chr11_PATERNAL
ZNF606	1	chr19	1	chr19_MATERNAL	1	chr19_PATERNAL
SEMA5B	1	chr3	1	chr3_MATERNAL	1	chr3_PATERNAL
KLK8	1	chr19	1	chr19_MATERNAL	1	chr19_PATERNAL
RPLP0	1	chr12	1	chr12_MATERNAL	1	chr12_PATERNAL
PEAK1	1	chr15	1	chr15_MATERNAL	1	chr15_PATERNAL
NPIPB2	1	chr16	1	chr16_MATERNAL	1	chr16_PATERNAL
LOC100129098	1	chr8	1	chr8_MATERNAL	1	chr8_PATERNAL
ADH7	1	chr4	1	chr4_MATERNAL	1	chr4_PATERNAL
RAP1A	1	chr1	1	chr1_MATERNAL	1	chr1_PATERNAL
FDFT1	1	chr8	1	chr8_MATERNAL	1	chr8_PATERNAL
MYL11	1	chr16	1	chr16_MATERNAL	1	chr16_PATERNAL
ZNF700	1	chr19	1	chr19_MATERNAL	1	chr19_PATERNAL
TCN1	1	chr11	1	chr11_MATERNAL	1	chr11_PATERNAL
KCNN4	1	chr19	1	chr19_MATERNAL	1	chr19_PATERNAL
ZNF35	1	chr3	1	chr3_MATERNAL	1	chr3_PATERNAL
HEY1	1	chr8	1	chr8_MATERNAL	1	chr8_PATERNAL
HIF3A	1	chr19	1	chr19_MATERNAL	1	chr19_PATERNAL
HS3ST6	1	chr16	1	chr16_MATERNAL	1	chr16_PATERNAL
CFAP410	1	chr21	1	chr21_MATERNAL	1	chr21_PATERNAL
MED28	1	chr4	1	chr4_MATERNAL	1	chr4_PATERNAL
GTSF1	1	chr12	1	chr12_MATERNAL	1	chr12_PATERNAL
SSPN	1	chr12	1	chr12_MATERNAL	1	chr12_PATERNAL
RBM27	1	chr5	1	chr5_MATERNAL	1	chr5_PATERNAL
UBAP1	1	chr9	1	chr9_MATERNAL	1	chr9_PATERNAL
QRICH2	1	chr17	1	chr17_MATERNAL	1	chr17_PATERNAL
ADD3	1	chr10	1	chr10_MATERNAL	1	chr10_PATERNAL
GPX7	1	chr1	1	chr1_MATERNAL	1	chr1_PATERNAL
SPOP	1	chr17	1	chr17_MATERNAL	1	chr17_PATERNAL
CCDC184	1	chr12	1	chr12_MATERNAL	1	chr12_PATERNAL
CYP4A11	1	chr1	1	chr1_MATERNAL	1	chr1_PATERNAL
KLHDC8A	1	chr1	1	chr1_MATERNAL	1	chr1_PATERNAL
CFHR3	0	None	1	chr1_MATERNAL	0	None
EPS8L1	1	chr19	1	chr19_MATERNAL	1	chr19_PATERNAL
CSNK2B	1	chr6	1	chr6_MATERNAL	1	chr6_PATERNAL
SPDYE10	1	chr7	1	chr7_MATERNAL	1	chr7_PATERNAL
ZNF365	1	chr10	1	chr10_MATERNAL	1	chr10_PATERNAL
USP17L1	1	chr8	1	chr8_MATERNAL	1	chr8_PATERNAL
EWSR1	1	chr22	1	chr22_MATERNAL	1	chr22_PATERNAL
CLEC12A	1	chr12	1	chr12_MATERNAL	1	chr12_PATERNAL
RBMXL3	1	chrX	1	chrX_MATERNAL	0	None
EFCAB14	1	chr1	1	chr1_MATERNAL	1	chr1_PATERNAL
ST6GALNAC3	1	chr1	1	chr1_MATERNAL	1	chr1_PATERNAL
TDRD10	1	chr1	1	chr1_MATERNAL	1	chr1_PATERNAL
LYN	1	chr8	1	chr8_MATERNAL	1	chr8_PATERNAL
RRN3	1	chr16	1	chr16_MATERNAL	1	chr16_PATERNAL
RPL18	1	chr19	1	chr19_MATERNAL	1	chr19_PATERNAL
MMP15	1	chr16	1	chr16_MATERNAL	1	chr16_PATERNAL
EFCAB11	1	chr14	1	chr14_MATERNAL	1	chr14_PATERNAL
IL20RB	1	chr3	1	chr3_MATERNAL	1	chr3_PATERNAL
NDUFV1	1	chr11	1	chr11_MATERNAL	1	chr11_PATERNAL
SPTBN4	1	chr19	1	chr19_MATERNAL	1	chr19_PATERNAL
RNF123	1	chr3	1	chr3_MATERNAL	1	chr3_PATERNAL
CAPZB	1	chr1	1	chr1_MATERNAL	1	chr1_PATERNAL
FOXI3	1	chr2	1	chr2_MATERNAL	1	chr2_PATERNAL
RPS6	1	chr9	1	chr9_MATERNAL	1	chr9_PATERNAL
PCDHA1	1	chr5	1	chr5_MATERNAL	1	chr5_PATERNAL
LRRC59	1	chr17	1	chr17_MATERNAL	1	chr17_PATERNAL
LOC124901232	1	chr6	1	chr6_MATERNAL	1	chr6_PATERNAL
GCNT2	1	chr6	1	chr6_MATERNAL	1	chr6_PATERNAL
OR6T1	1	chr11	1	chr11_MATERNAL	1	chr11_PATERNAL
CD7	1	chr17	1	chr17_MATERNAL	1	chr17_PATERNAL
COPS7A	1	chr12	1	chr12_MATERNAL	1	chr12_PATERNAL
CLCN5	1	chrX	1	chrX_MATERNAL	0	None
KCNV1	1	chr8	1	chr8_MATERNAL	1	chr8_PATERNAL
USHBP1	1	chr19	1	chr19_MATERNAL	1	chr19_PATERNAL
PNPLA7	1	chr9	1	chr9_MATERNAL	1	chr9_PATERNAL
RPS6KA1	1	chr1	1	chr1_MATERNAL	1	chr1_PATERNAL
PABIR2	1	chrX	1	chrX_MATERNAL	0	None
WASHC5	1	chr8	1	chr8_MATERNAL	1	chr8_PATERNAL
UBD	1	chr6	1	chr6_MATERNAL	1	chr6_PATERNAL
STAMBPL1	1	chr10	1	chr10_MATERNAL	1	chr10_PATERNAL
MED6	1	chr14	1	chr14_MATERNAL	1	chr14_PATERNAL
TGFBRAP1	1	chr2	1	chr2_MATERNAL	1	chr2_PATERNAL
MOGAT3	1	chr7	1	chr7_MATERNAL	1	chr7_PATERNAL
SPAG6	1	chr10	1	chr10_MATERNAL	1	chr10_PATERNAL
TMEM143	1	chr19	1	chr19_MATERNAL	1	chr19_PATERNAL
ADCY4	1	chr14	1	chr14_MATERNAL	1	chr14_PATERNAL
IQCF1	1	chr3	1	chr3_MATERNAL	1	chr3_PATERNAL
REEP4	1	chr8	1	chr8_MATERNAL	1	chr8_PATERNAL
RARG	1	chr12	1	chr12_MATERNAL	1	chr12_PATERNAL
NEUROG1	1	chr5	1	chr5_MATERNAL	1	chr5_PATERNAL
DDX51	1	chr12	1	chr12_MATERNAL	1	chr12_PATERNAL
SELENOO	1	chr22	1	chr22_MATERNAL	1	chr22_PATERNAL
PPIAL4F	1	chr1	1	chr1_MATERNAL	1	chr1_PATERNAL
RHOJ	1	chr14	1	chr14_MATERNAL	1	chr14_PATERNAL
GOLGA6L9	1	chr15	1	chr15_MATERNAL	1	chr15_PATERNAL
NEXN	1	chr1	1	chr1_MATERNAL	1	chr1_PATERNAL
ODF4	1	chr17	1	chr17_MATERNAL	1	chr17_PATERNAL
ATP5PB	1	chr1	1	chr1_MATERNAL	1	chr1_PATERNAL
KCTD5	1	chr16	1	chr16_MATERNAL	1	chr16_PATERNAL
NXT2	1	chrX	1	chrX_MATERNAL	0	None
TBC1D17	1	chr19	1	chr19_MATERNAL	1	chr19_PATERNAL
ZC3H3	1	chr8	1	chr8_MATERNAL	1	chr8_PATERNAL
FGF10	1	chr5	1	chr5_MATERNAL	1	chr5_PATERNAL
HARS2	1	chr5	1	chr5_MATERNAL	1	chr5_PATERNAL
OR4M1	1	chr14	2	chr14_MATERNAL,chr14_MATERNAL	2	chr14_PATERNAL,chr14_PATERNAL
ZNF155	1	chr19	1	chr19_MATERNAL	1	chr19_PATERNAL
EPHX1	1	chr1	1	chr1_MATERNAL	1	chr1_PATERNAL
CPSF4	1	chr7	1	chr7_MATERNAL	1	chr7_PATERNAL
RBBP5	1	chr1	1	chr1_MATERNAL	1	chr1_PATERNAL
TEX261	1	chr2	1	chr2_MATERNAL	1	chr2_PATERNAL
CDKL1	1	chr14	1	chr14_MATERNAL	1	chr14_PATERNAL
IQGAP2	1	chr5	1	chr5_MATERNAL	1	chr5_PATERNAL
ZNF491	1	chr19	1	chr19_MATERNAL	1	chr19_PATERNAL
OR4L1	1	chr14	1	chr14_MATERNAL	1	chr14_PATERNAL
PID1	1	chr2	1	chr2_MATERNAL	1	chr2_PATERNAL
PROSER3	1	chr19	1	chr19_MATERNAL	1	chr19_PATERNAL
CTSF	1	chr11	1	chr11_MATERNAL	1	chr11_PATERNAL
GPR83	1	chr11	1	chr11_MATERNAL	1	chr11_PATERNAL
NIPSNAP2	1	chr7	1	chr7_MATERNAL	1	chr7_PATERNAL
NPAT	1	chr11	1	chr11_MATERNAL	1	chr11_PATERNAL
SPEM2	1	chr17	1	chr17_MATERNAL	1	chr17_PATERNAL
IRAK1	1	chrX	1	chrX_MATERNAL	0	None
LRP10	1	chr14	1	chr14_MATERNAL	1	chr14_PATERNAL
SLC2A8	1	chr9	1	chr9_MATERNAL	1	chr9_PATERNAL
DEFB125	1	chr20	1	chr20_MATERNAL	1	chr20_PATERNAL
DEDD	1	chr1	1	chr1_MATERNAL	1	chr1_PATERNAL
PTPRB	1	chr12	1	chr12_MATERNAL	1	chr12_PATERNAL
SLC38A8	1	chr16	1	chr16_MATERNAL	1	chr16_PATERNAL
CHRNA5	1	chr15	1	chr15_MATERNAL	1	chr15_PATERNAL
RNF133	1	chr7	1	chr7_MATERNAL	1	chr7_PATERNAL
SMARCAD1	1	chr4	1	chr4_MATERNAL	1	chr4_PATERNAL
DEFB124	1	chr20	1	chr20_MATERNAL	1	chr20_PATERNAL
BTG2	1	chr1	1	chr1_MATERNAL	1	chr1_PATERNAL
ZNF490	1	chr19	1	chr19_MATERNAL	1	chr19_PATERNAL
RNPS1	1	chr16	1	chr16_MATERNAL	1	chr16_PATERNAL
CABP4	1	chr11	1	chr11_MATERNAL	1	chr11_PATERNAL
SYT10	1	chr12	1	chr12_MATERNAL	1	chr12_PATERNAL
SINHCAF	1	chr12	1	chr12_MATERNAL	1	chr12_PATERNAL
ABCB1	1	chr7	1	chr7_MATERNAL	1	chr7_PATERNAL
NRG3	1	chr10	1	chr10_MATERNAL	1	chr10_PATERNAL
SLC25A18	1	chr22	1	chr22_MATERNAL	1	chr22_PATERNAL
TESK2	1	chr1	1	chr1_MATERNAL	1	chr1_PATERNAL
ETV6	1	chr12	1	chr12_MATERNAL	1	chr12_PATERNAL
SCYGR7	1	chr2	1	chr2_MATERNAL	1	chr2_PATERNAL
BMP7	1	chr20	1	chr20_MATERNAL	1	chr20_PATERNAL
SERPINC1	1	chr1	1	chr1_MATERNAL	1	chr1_PATERNAL
WDR83	1	chr19	1	chr19_MATERNAL	1	chr19_PATERNAL
LYSMD1	1	chr1	1	chr1_MATERNAL	1	chr1_PATERNAL
PAM16	1	chr16	1	chr16_MATERNAL	1	chr16_PATERNAL
CCDC195	1	chr2	1	chr2_MATERNAL	1	chr2_PATERNAL
NKX2-2	1	chr20	1	chr20_MATERNAL	1	chr20_PATERNAL
MPP1	1	chrX	1	chrX_MATERNAL	0	None
RSC1A1	1	chr1	1	chr1_MATERNAL	1	chr1_PATERNAL
DYRK4	1	chr12	1	chr12_MATERNAL	1	chr12_PATERNAL
COL2A1	1	chr12	1	chr12_MATERNAL	1	chr12_PATERNAL
LOC124908045	1	chr2	1	chr2_MATERNAL	1	chr2_PATERNAL
CCDC194	1	chr19	1	chr19_MATERNAL	1	chr19_PATERNAL
NBPF19	1	chr1	1	chr1_MATERNAL	1	chr1_PATERNAL
KIF3B	1	chr20	1	chr20_MATERNAL	1	chr20_PATERNAL
ASMT	2	chrX,chrY	1	chrX_MATERNAL	1	chrY_PATERNAL
APH1B	1	chr15	1	chr15_MATERNAL	1	chr15_PATERNAL
USP29	1	chr19	1	chr19_MATERNAL	1	chr19_PATERNAL
AQP12A	1	chr2	1	chr2_MATERNAL	1	chr2_PATERNAL
BDKRB1	1	chr14	1	chr14_MATERNAL	1	chr14_PATERNAL
APOA2	1	chr1	1	chr1_MATERNAL	1	chr1_PATERNAL
MRPL1	1	chr4	1	chr4_MATERNAL	1	chr4_PATERNAL
PANK3	1	chr5	1	chr5_MATERNAL	1	chr5_PATERNAL
THUMPD2	1	chr2	1	chr2_MATERNAL	1	chr2_PATERNAL
SNX6	1	chr14	1	chr14_MATERNAL	1	chr14_PATERNAL
NUDT3	1	chr6	1	chr6_MATERNAL	1	chr6_PATERNAL
LRRC18	1	chr10	1	chr10_MATERNAL	1	chr10_PATERNAL
IFT46	1	chr11	1	chr11_MATERNAL	1	chr11_PATERNAL
PTGES3	1	chr12	1	chr12_MATERNAL	1	chr12_PATERNAL
ICOS	1	chr2	1	chr2_MATERNAL	1	chr2_PATERNAL
B3GALT1	1	chr2	1	chr2_MATERNAL	1	chr2_PATERNAL
KREMEN2	1	chr16	1	chr16_MATERNAL	1	chr16_PATERNAL
PLCG1	1	chr20	1	chr20_MATERNAL	1	chr20_PATERNAL
LRRC7	1	chr1	1	chr1_MATERNAL	1	chr1_PATERNAL
PYGO2	1	chr1	1	chr1_MATERNAL	1	chr1_PATERNAL
CSAG1	1	chrX	1	chrX_MATERNAL	0	None
LOC124904583	1	chr1	1	chr1_MATERNAL	1	chr1_PATERNAL
TTLL12	1	chr22	1	chr22_MATERNAL	1	chr22_PATERNAL
PDZD2	1	chr5	1	chr5_MATERNAL	1	chr5_PATERNAL
KCTD20	1	chr6	1	chr6_MATERNAL	1	chr6_PATERNAL
CDKN1C	1	chr11	1	chr11_MATERNAL	1	chr11_PATERNAL
ZC3H7A	1	chr16	1	chr16_MATERNAL	1	chr16_PATERNAL
HOXB4	1	chr17	1	chr17_MATERNAL	1	chr17_PATERNAL
STAM2	1	chr2	1	chr2_MATERNAL	1	chr2_PATERNAL
EFNB3	1	chr17	1	chr17_MATERNAL	1	chr17_PATERNAL
ARG1	1	chr6	1	chr6_MATERNAL	1	chr6_PATERNAL
C20orf144	1	chr20	1	chr20_MATERNAL	1	chr20_PATERNAL
XPO7	1	chr8	1	chr8_MATERNAL	1	chr8_PATERNAL
SHCBP1	1	chr16	1	chr16_MATERNAL	1	chr16_PATERNAL
UQCC2	1	chr6	1	chr6_MATERNAL	1	chr6_PATERNAL
RSPO2	1	chr8	1	chr8_MATERNAL	1	chr8_PATERNAL
PLEKHG2	1	chr19	1	chr19_MATERNAL	1	chr19_PATERNAL
APOBEC3F	1	chr22	1	chr22_MATERNAL	1	chr22_PATERNAL
OR10G7	1	chr11	1	chr11_MATERNAL	1	chr11_PATERNAL
MTERF2	1	chr12	1	chr12_MATERNAL	1	chr12_PATERNAL
PCDHGA11	1	chr5	1	chr5_MATERNAL	1	chr5_PATERNAL
CST6	1	chr11	1	chr11_MATERNAL	1	chr11_PATERNAL
ATP6V1F	1	chr7	1	chr7_MATERNAL	1	chr7_PATERNAL
PLET1	1	chr11	1	chr11_MATERNAL	1	chr11_PATERNAL
POLM	1	chr7	1	chr7_MATERNAL	1	chr7_PATERNAL
RNF32	1	chr7	1	chr7_MATERNAL	1	chr7_PATERNAL
ZNF791	1	chr19	1	chr19_MATERNAL	1	chr19_PATERNAL
NET1	1	chr10	1	chr10_MATERNAL	1	chr10_PATERNAL
ARL4C	1	chr2	1	chr2_MATERNAL	1	chr2_PATERNAL
ZNRF3	1	chr22	1	chr22_MATERNAL	1	chr22_PATERNAL
PSMC6	1	chr14	1	chr14_MATERNAL	1	chr14_PATERNAL
RIOK1	1	chr6	1	chr6_MATERNAL	1	chr6_PATERNAL
EGFR	1	chr7	1	chr7_MATERNAL	1	chr7_PATERNAL
FBXO42	1	chr1	1	chr1_MATERNAL	1	chr1_PATERNAL
TRIM35	1	chr8	1	chr8_MATERNAL	1	chr8_PATERNAL
OTOGL	1	chr12	1	chr12_MATERNAL	1	chr12_PATERNAL
LOC124903828	1	chr1	1	chr1_MATERNAL	1	chr1_PATERNAL
SSH1	1	chr12	1	chr12_MATERNAL	1	chr12_PATERNAL
PPIAP59	1	chr19	1	chr19_MATERNAL	1	chr19_PATERNAL
NEBL	1	chr10	1	chr10_MATERNAL	1	chr10_PATERNAL
SPNS1	1	chr16	1	chr16_MATERNAL	1	chr16_PATERNAL
NDST3	1	chr4	1	chr4_MATERNAL	1	chr4_PATERNAL
IFNL2	1	chr19	1	chr19_MATERNAL	1	chr19_PATERNAL
GSC	1	chr14	1	chr14_MATERNAL	1	chr14_PATERNAL
KIAA0930	1	chr22	1	chr22_MATERNAL	1	chr22_PATERNAL
NPIPB7	1	chr16	1	chr16_MATERNAL	1	chr16_PATERNAL
TPCN1	1	chr12	1	chr12_MATERNAL	1	chr12_PATERNAL
BBS2	1	chr16	1	chr16_MATERNAL	1	chr16_PATERNAL
DENND2B	1	chr11	1	chr11_MATERNAL	1	chr11_PATERNAL
YDJC	1	chr22	1	chr22_MATERNAL	1	chr22_PATERNAL
TBATA	1	chr10	1	chr10_MATERNAL	1	chr10_PATERNAL
OR52I1	1	chr11	1	chr11_MATERNAL	1	chr11_PATERNAL
REPS1	1	chr6	1	chr6_MATERNAL	1	chr6_PATERNAL
ESPN	1	chr1	1	chr1_MATERNAL	1	chr1_PATERNAL
HOXA13	1	chr7	1	chr7_MATERNAL	1	chr7_PATERNAL
LAMA4	1	chr6	1	chr6_MATERNAL	1	chr6_PATERNAL
C22orf23	1	chr22	1	chr22_MATERNAL	1	chr22_PATERNAL
TPRX1	1	chr19	1	chr19_MATERNAL	1	chr19_PATERNAL
AZU1	1	chr19	1	chr19_MATERNAL	1	chr19_PATERNAL
SPATA31E1	1	chr9	1	chr9_MATERNAL	1	chr9_PATERNAL
NPL	1	chr1	1	chr1_MATERNAL	1	chr1_PATERNAL
ZNF891	1	chr12	1	chr12_MATERNAL	1	chr12_PATERNAL
LRRC31	1	chr3	1	chr3_MATERNAL	1	chr3_PATERNAL
PIP4P2	1	chr8	1	chr8_MATERNAL	1	chr8_PATERNAL
PELO	1	chr5	1	chr5_MATERNAL	1	chr5_PATERNAL
LOC124907996	1	chr2	1	chr2_MATERNAL	1	chr2_PATERNAL
NELFE	1	chr6	1	chr6_MATERNAL	1	chr6_PATERNAL
FAM200A	1	chr7	1	chr7_MATERNAL	1	chr7_PATERNAL
FAM53B	1	chr10	1	chr10_MATERNAL	1	chr10_PATERNAL
HAUS5	1	chr19	1	chr19_MATERNAL	1	chr19_PATERNAL
SUPT16H	1	chr14	1	chr14_MATERNAL	1	chr14_PATERNAL
RITA1	1	chr12	1	chr12_MATERNAL	1	chr12_PATERNAL
ZNF114	1	chr19	1	chr19_MATERNAL	1	chr19_PATERNAL
BTBD19	1	chr1	1	chr1_MATERNAL	1	chr1_PATERNAL
TENT5C	1	chr1	1	chr1_MATERNAL	1	chr1_PATERNAL
OR4F6	1	chr15	1	chr15_MATERNAL	1	chr15_PATERNAL
RUNDC3A	1	chr17	1	chr17_MATERNAL	1	chr17_PATERNAL
SLFN11	1	chr17	1	chr17_MATERNAL	1	chr17_PATERNAL
WIPI1	1	chr17	1	chr17_MATERNAL	1	chr17_PATERNAL
ALOX5	1	chr10	1	chr10_MATERNAL	1	chr10_PATERNAL
TADA2A	1	chr17	1	chr17_MATERNAL	1	chr17_PATERNAL
OOEP	1	chr6	1	chr6_MATERNAL	1	chr6_PATERNAL
YIPF1	1	chr1	1	chr1_MATERNAL	1	chr1_PATERNAL
BTBD1	1	chr15	1	chr15_MATERNAL	1	chr15_PATERNAL
PPFIBP2	1	chr11	1	chr11_MATERNAL	1	chr11_PATERNAL
HBG2	1	chr11	1	chr11_MATERNAL	1	chr11_PATERNAL
NPTX2	1	chr7	1	chr7_MATERNAL	1	chr7_PATERNAL
BIRC3	1	chr11	1	chr11_MATERNAL	1	chr11_PATERNAL
NRL	1	chr14	1	chr14_MATERNAL	1	chr14_PATERNAL
MGAT2	1	chr14	1	chr14_MATERNAL	1	chr14_PATERNAL
TMEM175	1	chr4	1	chr4_MATERNAL	1	chr4_PATERNAL
ATF5	1	chr19	1	chr19_MATERNAL	1	chr19_PATERNAL
LSM4	1	chr19	1	chr19_MATERNAL	1	chr19_PATERNAL
GOLGA3	1	chr12	1	chr12_MATERNAL	1	chr12_PATERNAL
MARS1	1	chr12	1	chr12_MATERNAL	1	chr12_PATERNAL
HSF2BP	1	chr21	1	chr21_MATERNAL	1	chr21_PATERNAL
HEXIM1	1	chr17	1	chr17_MATERNAL	1	chr17_PATERNAL
CREBL2	1	chr12	1	chr12_MATERNAL	1	chr12_PATERNAL
SYNE1	1	chr6	1	chr6_MATERNAL	1	chr6_PATERNAL
CAMSAP2	1	chr1	1	chr1_MATERNAL	1	chr1_PATERNAL
JSRP1	1	chr19	1	chr19_MATERNAL	1	chr19_PATERNAL
CCDC172	1	chr10	1	chr10_MATERNAL	1	chr10_PATERNAL
MROH7	1	chr1	1	chr1_MATERNAL	1	chr1_PATERNAL
EIF2AK1	1	chr7	1	chr7_MATERNAL	1	chr7_PATERNAL
CORO6	1	chr17	1	chr17_MATERNAL	1	chr17_PATERNAL
EEF1E1	1	chr6	1	chr6_MATERNAL	1	chr6_PATERNAL
LYSMD3	1	chr5	1	chr5_MATERNAL	1	chr5_PATERNAL
PITPNA	1	chr17	1	chr17_MATERNAL	1	chr17_PATERNAL
RYR3	1	chr15	1	chr15_MATERNAL	1	chr15_PATERNAL
ZNF333	1	chr19	1	chr19_MATERNAL	1	chr19_PATERNAL
PPIP5K2	1	chr5	1	chr5_MATERNAL	1	chr5_PATERNAL
PACSIN3	1	chr11	1	chr11_MATERNAL	1	chr11_PATERNAL
IDE	1	chr10	1	chr10_MATERNAL	1	chr10_PATERNAL
NUS1	1	chr6	1	chr6_MATERNAL	1	chr6_PATERNAL
COX14	1	chr12	1	chr12_MATERNAL	1	chr12_PATERNAL
SURF4	1	chr9	1	chr9_MATERNAL	1	chr9_PATERNAL
NDUFA11	1	chr19	1	chr19_MATERNAL	1	chr19_PATERNAL
OGDHL	1	chr10	1	chr10_MATERNAL	1	chr10_PATERNAL
HTR7	1	chr10	1	chr10_MATERNAL	1	chr10_PATERNAL
CTU1	1	chr19	1	chr19_MATERNAL	1	chr19_PATERNAL
COPZ1	1	chr12	1	chr12_MATERNAL	1	chr12_PATERNAL
NGB	1	chr14	1	chr14_MATERNAL	1	chr14_PATERNAL
ADCY8	1	chr8	1	chr8_MATERNAL	1	chr8_PATERNAL
EPHB3	1	chr3	1	chr3_MATERNAL	1	chr3_PATERNAL
MFSD6L	1	chr17	1	chr17_MATERNAL	1	chr17_PATERNAL
PPIL1	1	chr6	1	chr6_MATERNAL	1	chr6_PATERNAL
ERMAP	1	chr1	1	chr1_MATERNAL	1	chr1_PATERNAL
DAZ3	1	chrY	0	None	1	chrY_PATERNAL
CAPRIN2	1	chr12	1	chr12_MATERNAL	1	chr12_PATERNAL
TMPRSS15	1	chr21	1	chr21_MATERNAL	1	chr21_PATERNAL
OR2W3	1	chr1	1	chr1_MATERNAL	1	chr1_PATERNAL
SCGB3A1	1	chr5	1	chr5_MATERNAL	1	chr5_PATERNAL
NKX3-2	1	chr4	1	chr4_MATERNAL	1	chr4_PATERNAL
SUGT1	1	chr13	1	chr13_MATERNAL	1	chr13_PATERNAL
EOMES	1	chr3	1	chr3_MATERNAL	1	chr3_PATERNAL
LCA5	1	chr6	1	chr6_MATERNAL	1	chr6_PATERNAL
CPNE3	1	chr8	1	chr8_MATERNAL	1	chr8_PATERNAL
KCNT2	1	chr1	1	chr1_MATERNAL	1	chr1_PATERNAL
KCTD18	1	chr2	1	chr2_MATERNAL	1	chr2_PATERNAL
PPP1R3B	1	chr8	1	chr8_MATERNAL	1	chr8_PATERNAL
TMEM65	1	chr8	1	chr8_MATERNAL	1	chr8_PATERNAL
NUP133	1	chr1	1	chr1_MATERNAL	1	chr1_PATERNAL
ASNS	1	chr7	1	chr7_MATERNAL	1	chr7_PATERNAL
DSTYK	1	chr1	1	chr1_MATERNAL	1	chr1_PATERNAL
UBALD1	1	chr16	1	chr16_MATERNAL	1	chr16_PATERNAL
CP	1	chr3	1	chr3_MATERNAL	1	chr3_PATERNAL
ACMSD	1	chr2	1	chr2_MATERNAL	1	chr2_PATERNAL
PEBP4	1	chr8	1	chr8_MATERNAL	1	chr8_PATERNAL
MNX1	1	chr7	1	chr7_MATERNAL	1	chr7_PATERNAL
OSR2	1	chr8	1	chr8_MATERNAL	1	chr8_PATERNAL
NKAIN4	1	chr20	1	chr20_MATERNAL	1	chr20_PATERNAL
H2BW1	1	chrX	1	chrX_MATERNAL	0	None
YIPF4	1	chr2	1	chr2_MATERNAL	1	chr2_PATERNAL
COX4I2	1	chr20	1	chr20_MATERNAL	1	chr20_PATERNAL
OR51G2	1	chr11	1	chr11_MATERNAL	1	chr11_PATERNAL
LOC124902876	1	chr12	1	chr12_MATERNAL	1	chr12_PATERNAL
GAS1	1	chr9	1	chr9_MATERNAL	1	chr9_PATERNAL
SLC25A45	1	chr11	1	chr11_MATERNAL	1	chr11_PATERNAL
UNC5C	1	chr4	1	chr4_MATERNAL	1	chr4_PATERNAL
LY75-CD302	1	chr2	1	chr2_MATERNAL	1	chr2_PATERNAL
HSPB2	1	chr11	1	chr11_MATERNAL	1	chr11_PATERNAL
OC90	1	chr8	1	chr8_MATERNAL	1	chr8_PATERNAL
ADORA1	1	chr1	1	chr1_MATERNAL	1	chr1_PATERNAL
SPDYE13	2	chr7,chr7	2	chr7_MATERNAL,chr7_MATERNAL	1	chr7_PATERNAL
GSTT4	1	chr22	1	chr22_MATERNAL	1	chr22_PATERNAL
CHRFAM7A	1	chr15	1	chr15_MATERNAL	1	chr15_PATERNAL
ACKR1	1	chr1	1	chr1_MATERNAL	1	chr1_PATERNAL
CFTR	1	chr7	1	chr7_MATERNAL	1	chr7_PATERNAL
RPL6	1	chr12	1	chr12_MATERNAL	1	chr12_PATERNAL
LOC101059915	1	chrX	1	chrX_MATERNAL	0	None
ERN1	1	chr17	1	chr17_MATERNAL	1	chr17_PATERNAL
OR6F1	1	chr1	1	chr1_MATERNAL	1	chr1_PATERNAL
TPRA1	1	chr3	1	chr3_MATERNAL	1	chr3_PATERNAL
PIK3R6	1	chr17	1	chr17_MATERNAL	1	chr17_PATERNAL
DGAT2L6	1	chrX	1	chrX_MATERNAL	0	None
KLHL32	1	chr6	1	chr6_MATERNAL	1	chr6_PATERNAL
FBXO24	1	chr7	1	chr7_MATERNAL	1	chr7_PATERNAL
RASIP1	1	chr19	1	chr19_MATERNAL	1	chr19_PATERNAL
TNS4	1	chr17	1	chr17_MATERNAL	1	chr17_PATERNAL
TMOD1	1	chr9	1	chr9_MATERNAL	1	chr9_PATERNAL
FZR1	1	chr19	1	chr19_MATERNAL	1	chr19_PATERNAL
TMEM9	1	chr1	1	chr1_MATERNAL	1	chr1_PATERNAL
TVP23B	1	chr17	1	chr17_MATERNAL	1	chr17_PATERNAL
METTL13	1	chr1	1	chr1_MATERNAL	1	chr1_PATERNAL
IL22	1	chr12	1	chr12_MATERNAL	1	chr12_PATERNAL
S1PR5	1	chr19	1	chr19_MATERNAL	1	chr19_PATERNAL
SLTM	1	chr15	1	chr15_MATERNAL	1	chr15_PATERNAL
G2E3	1	chr14	1	chr14_MATERNAL	1	chr14_PATERNAL
ISCA1	1	chr9	1	chr9_MATERNAL	1	chr9_PATERNAL
CDC42EP5	1	chr19	1	chr19_MATERNAL	1	chr19_PATERNAL
GABRA6	1	chr5	1	chr5_MATERNAL	1	chr5_PATERNAL
UPP1	1	chr7	1	chr7_MATERNAL	1	chr7_PATERNAL
PAPOLG	1	chr2	1	chr2_MATERNAL	1	chr2_PATERNAL
LOC105375112	1	chr7	1	chr7_MATERNAL	1	chr7_PATERNAL
MDP1	1	chr14	1	chr14_MATERNAL	1	chr14_PATERNAL
INHBB	1	chr2	1	chr2_MATERNAL	1	chr2_PATERNAL
CBLN2	1	chr18	1	chr18_MATERNAL	1	chr18_PATERNAL
FKTN	1	chr9	1	chr9_MATERNAL	1	chr9_PATERNAL
FOXD4L5	1	chr9	1	chr9_MATERNAL	1	chr9_PATERNAL
INO80	1	chr15	1	chr15_MATERNAL	1	chr15_PATERNAL
CCS	1	chr11	1	chr11_MATERNAL	1	chr11_PATERNAL
PMCH	1	chr12	1	chr12_MATERNAL	1	chr12_PATERNAL
COA8	1	chr14	1	chr14_MATERNAL	1	chr14_PATERNAL
RAD9B	1	chr12	1	chr12_MATERNAL	1	chr12_PATERNAL
IRGC	1	chr19	1	chr19_MATERNAL	1	chr19_PATERNAL
REN	1	chr1	1	chr1_MATERNAL	1	chr1_PATERNAL
FRMPD4	1	chrX	1	chrX_MATERNAL	0	None
CALU	1	chr7	1	chr7_MATERNAL	1	chr7_PATERNAL
TAF9	1	chr5	1	chr5_MATERNAL	1	chr5_PATERNAL
GEMIN6	1	chr2	1	chr2_MATERNAL	1	chr2_PATERNAL
MIOX	1	chr22	1	chr22_MATERNAL	1	chr22_PATERNAL
HADH	1	chr4	1	chr4_MATERNAL	1	chr4_PATERNAL
ZBTB20	1	chr3	1	chr3_MATERNAL	1	chr3_PATERNAL
DEFB121	1	chr20	1	chr20_MATERNAL	1	chr20_PATERNAL
MFAP2	1	chr1	1	chr1_MATERNAL	1	chr1_PATERNAL
RCCD1	1	chr15	1	chr15_MATERNAL	1	chr15_PATERNAL
NDUFA4	1	chr7	1	chr7_MATERNAL	1	chr7_PATERNAL
RPP14	1	chr3	1	chr3_MATERNAL	1	chr3_PATERNAL
PODXL	1	chr7	1	chr7_MATERNAL	1	chr7_PATERNAL
ELF4	1	chrX	1	chrX_MATERNAL	0	None
ANKRD31	1	chr5	1	chr5_MATERNAL	1	chr5_PATERNAL
ESRRA	1	chr11	1	chr11_MATERNAL	1	chr11_PATERNAL
GAGE12B	1	chrX	1	chrX_MATERNAL	0	None
NOL6	1	chr9	1	chr9_MATERNAL	1	chr9_PATERNAL
C11orf98	1	chr11	1	chr11_MATERNAL	1	chr11_PATERNAL
ZNF280C	1	chrX	1	chrX_MATERNAL	0	None
METTL15	1	chr11	1	chr11_MATERNAL	1	chr11_PATERNAL
LGI3	1	chr8	1	chr8_MATERNAL	1	chr8_PATERNAL
FICD	1	chr12	1	chr12_MATERNAL	1	chr12_PATERNAL
LOC124905956	1	chr2	1	chr2_MATERNAL	1	chr2_PATERNAL
UGT2A1	1	chr4	1	chr4_MATERNAL	1	chr4_PATERNAL
ZIC2	1	chr13	1	chr13_MATERNAL	1	chr13_PATERNAL
HERPUD2	1	chr7	1	chr7_MATERNAL	1	chr7_PATERNAL
C12orf76	1	chr12	1	chr12_MATERNAL	1	chr12_PATERNAL
PSME3IP1	1	chr16	1	chr16_MATERNAL	1	chr16_PATERNAL
PRPSAP1	1	chr17	1	chr17_MATERNAL	1	chr17_PATERNAL
N4BP3	1	chr5	1	chr5_MATERNAL	1	chr5_PATERNAL
H3C10	1	chr6	1	chr6_MATERNAL	1	chr6_PATERNAL
LRFN1	1	chr19	1	chr19_MATERNAL	1	chr19_PATERNAL
LOC124903837	1	chr1	1	chr1_MATERNAL	1	chr1_PATERNAL
UTF1	1	chr10	1	chr10_MATERNAL	1	chr10_PATERNAL
RBMXL1	1	chr1	1	chr1_MATERNAL	1	chr1_PATERNAL
IFT20	1	chr17	1	chr17_MATERNAL	1	chr17_PATERNAL
CCND1	1	chr11	1	chr11_MATERNAL	1	chr11_PATERNAL
MITF	1	chr3	1	chr3_MATERNAL	1	chr3_PATERNAL
AMIGO2	1	chr12	1	chr12_MATERNAL	1	chr12_PATERNAL
USP35	1	chr11	1	chr11_MATERNAL	1	chr11_PATERNAL
OR10AD1	1	chr12	1	chr12_MATERNAL	1	chr12_PATERNAL
CRACR2B	1	chr11	1	chr11_MATERNAL	1	chr11_PATERNAL
ADAMTS19	1	chr5	1	chr5_MATERNAL	1	chr5_PATERNAL
SMG9	1	chr19	1	chr19_MATERNAL	1	chr19_PATERNAL
EIF3D	1	chr22	1	chr22_MATERNAL	1	chr22_PATERNAL
LATS2	1	chr13	1	chr13_MATERNAL	1	chr13_PATERNAL
FAM171A2	1	chr17	1	chr17_MATERNAL	1	chr17_PATERNAL
LOC107983989	1	chr10	1	chr10_MATERNAL	1	chr10_PATERNAL
LHX2	1	chr9	1	chr9_MATERNAL	1	chr9_PATERNAL
WDR20	1	chr14	1	chr14_MATERNAL	1	chr14_PATERNAL
PCGF2	1	chr17	1	chr17_MATERNAL	1	chr17_PATERNAL
CENPP	1	chr9	1	chr9_MATERNAL	1	chr9_PATERNAL
H2AZ1	1	chr4	1	chr4_MATERNAL	1	chr4_PATERNAL
CDK2	1	chr12	1	chr12_MATERNAL	1	chr12_PATERNAL
OR9G4	1	chr11	1	chr11_MATERNAL	1	chr11_PATERNAL
TERF1	1	chr8	1	chr8_MATERNAL	1	chr8_PATERNAL
LOC124901482	1	chr6	1	chr6_MATERNAL	1	chr6_PATERNAL
MRI1	1	chr19	1	chr19_MATERNAL	1	chr19_PATERNAL
LOC124909485	1	chr3	1	chr3_MATERNAL	1	chr3_PATERNAL
EIF2S3B	1	chr12	1	chr12_MATERNAL	1	chr12_PATERNAL
GTF2B	1	chr1	1	chr1_MATERNAL	1	chr1_PATERNAL
TBCK	1	chr4	1	chr4_MATERNAL	1	chr4_PATERNAL
LMNA	1	chr1	1	chr1_MATERNAL	1	chr1_PATERNAL
TTC34	1	chr1	1	chr1_MATERNAL	1	chr1_PATERNAL
SPINK6	1	chr5	1	chr5_MATERNAL	1	chr5_PATERNAL
USP49	1	chr6	1	chr6_MATERNAL	1	chr6_PATERNAL
P2RX6	1	chr22	1	chr22_MATERNAL	1	chr22_PATERNAL
CCR1	1	chr3	1	chr3_MATERNAL	1	chr3_PATERNAL
ZNF277	1	chr7	1	chr7_MATERNAL	1	chr7_PATERNAL
INTS9	1	chr8	1	chr8_MATERNAL	1	chr8_PATERNAL
P2RX2	1	chr12	1	chr12_MATERNAL	1	chr12_PATERNAL
LOC124903698	1	chr16	1	chr16_MATERNAL	1	chr16_PATERNAL
AGK	1	chr7	1	chr7_MATERNAL	1	chr7_PATERNAL
IL12RB1	1	chr19	1	chr19_MATERNAL	1	chr19_PATERNAL
ZNF180	1	chr19	1	chr19_MATERNAL	1	chr19_PATERNAL
PLEKHH2	1	chr2	1	chr2_MATERNAL	1	chr2_PATERNAL
PPFIA3	1	chr19	1	chr19_MATERNAL	1	chr19_PATERNAL
DCDC2B	1	chr1	1	chr1_MATERNAL	1	chr1_PATERNAL
SLC44A5	1	chr1	1	chr1_MATERNAL	1	chr1_PATERNAL
RCC1L	1	chr7	1	chr7_MATERNAL	1	chr7_PATERNAL
FAM214A	1	chr15	1	chr15_MATERNAL	1	chr15_PATERNAL
LOC124901866	1	chr8	1	chr8_MATERNAL	1	chr8_PATERNAL
ADIPOQ	1	chr3	1	chr3_MATERNAL	1	chr3_PATERNAL
EXD3	1	chr9	1	chr9_MATERNAL	1	chr9_PATERNAL
NFIL3	1	chr9	1	chr9_MATERNAL	1	chr9_PATERNAL
MAP7D1	1	chr1	1	chr1_MATERNAL	1	chr1_PATERNAL
FASTKD3	1	chr5	1	chr5_MATERNAL	1	chr5_PATERNAL
PABPC1L2B	1	chrX	1	chrX_MATERNAL	0	None
KLHL15	1	chrX	1	chrX_MATERNAL	0	None
CLSPN	1	chr1	1	chr1_MATERNAL	1	chr1_PATERNAL
TCP11	1	chr6	1	chr6_MATERNAL	1	chr6_PATERNAL
ETV1	1	chr7	1	chr7_MATERNAL	1	chr7_PATERNAL
OR5M10	1	chr11	1	chr11_MATERNAL	1	chr11_PATERNAL
ARHGAP27	1	chr17	1	chr17_MATERNAL	1	chr17_PATERNAL
RASL11A	1	chr13	1	chr13_MATERNAL	1	chr13_PATERNAL
AKNAD1	1	chr1	1	chr1_MATERNAL	1	chr1_PATERNAL
CSTF2	1	chrX	1	chrX_MATERNAL	0	None
FBXO33	1	chr14	1	chr14_MATERNAL	1	chr14_PATERNAL
ERFL	1	chr19	1	chr19_MATERNAL	1	chr19_PATERNAL
LOC124901648	3	chr7,chr7,chr7	3	chr7_MATERNAL,chr7_MATERNAL,chr7_MATERNAL	3	chr7_PATERNAL,chr7_PATERNAL,chr7_PATERNAL
SLC9A8	1	chr20	1	chr20_MATERNAL	1	chr20_PATERNAL
ARID4A	1	chr14	1	chr14_MATERNAL	1	chr14_PATERNAL
MIS18A	1	chr21	1	chr21_MATERNAL	1	chr21_PATERNAL
MGP	1	chr12	1	chr12_MATERNAL	1	chr12_PATERNAL
UNC13A	1	chr19	1	chr19_MATERNAL	1	chr19_PATERNAL
SFTPA2	1	chr10	1	chr10_MATERNAL	1	chr10_PATERNAL
ALAS2	1	chrX	1	chrX_MATERNAL	0	None
GTF2I	1	chr7	1	chr7_MATERNAL	1	chr7_PATERNAL
TMEM120B	1	chr12	1	chr12_MATERNAL	1	chr12_PATERNAL
KCNV2	1	chr9	1	chr9_MATERNAL	1	chr9_PATERNAL
MINAR2	1	chr5	1	chr5_MATERNAL	1	chr5_PATERNAL
EDA2R	1	chrX	1	chrX_MATERNAL	0	None
PWP1	1	chr12	1	chr12_MATERNAL	1	chr12_PATERNAL
ITPR1	1	chr3	1	chr3_MATERNAL	1	chr3_PATERNAL
SLC27A2	1	chr15	1	chr15_MATERNAL	1	chr15_PATERNAL
FIG4	1	chr6	1	chr6_MATERNAL	1	chr6_PATERNAL
TNFRSF12A	1	chr16	1	chr16_MATERNAL	1	chr16_PATERNAL
CAB39L	1	chr13	1	chr13_MATERNAL	1	chr13_PATERNAL
RFT1	1	chr3	1	chr3_MATERNAL	1	chr3_PATERNAL
FLNB	1	chr3	1	chr3_MATERNAL	1	chr3_PATERNAL
ABCG8	1	chr2	1	chr2_MATERNAL	1	chr2_PATERNAL
BEX1	1	chrX	1	chrX_MATERNAL	0	None
SHISAL2B	1	chr5	1	chr5_MATERNAL	1	chr5_PATERNAL
SGCE	1	chr7	1	chr7_MATERNAL	1	chr7_PATERNAL
MTMR14	1	chr3	1	chr3_MATERNAL	1	chr3_PATERNAL
GATC	1	chr12	1	chr12_MATERNAL	1	chr12_PATERNAL
SUMO2	1	chr17	1	chr17_MATERNAL	1	chr17_PATERNAL
SIGLEC1	1	chr20	1	chr20_MATERNAL	1	chr20_PATERNAL
ABCC5	1	chr3	1	chr3_MATERNAL	1	chr3_PATERNAL
TSGA10	1	chr2	1	chr2_MATERNAL	1	chr2_PATERNAL
ZNF124	1	chr1	1	chr1_MATERNAL	1	chr1_PATERNAL
ITPKB	1	chr1	1	chr1_MATERNAL	1	chr1_PATERNAL
TGM3	1	chr20	1	chr20_MATERNAL	1	chr20_PATERNAL
TBCA	1	chr5	1	chr5_MATERNAL	1	chr5_PATERNAL
RXFP2	1	chr13	1	chr13_MATERNAL	1	chr13_PATERNAL
LRRC57	1	chr15	1	chr15_MATERNAL	1	chr15_PATERNAL
TSC2	1	chr16	1	chr16_MATERNAL	1	chr16_PATERNAL
DHX38	1	chr16	1	chr16_MATERNAL	1	chr16_PATERNAL
CCDC105	1	chr19	1	chr19_MATERNAL	1	chr19_PATERNAL
TLE5	1	chr19	1	chr19_MATERNAL	1	chr19_PATERNAL
LPAR4	1	chrX	1	chrX_MATERNAL	0	None
TAS2R4	1	chr7	1	chr7_MATERNAL	1	chr7_PATERNAL
AATF	1	chr17	1	chr17_MATERNAL	1	chr17_PATERNAL
SLC22A3	1	chr6	1	chr6_MATERNAL	1	chr6_PATERNAL
CRYGA	1	chr2	1	chr2_MATERNAL	1	chr2_PATERNAL
ARPC1B	1	chr7	1	chr7_MATERNAL	1	chr7_PATERNAL
MUC7	1	chr4	1	chr4_MATERNAL	1	chr4_PATERNAL
ANKS1A	1	chr6	1	chr6_MATERNAL	1	chr6_PATERNAL
IL17F	1	chr6	1	chr6_MATERNAL	1	chr6_PATERNAL
TRIM49D2	1	chr11	1	chr11_MATERNAL	1	chr11_PATERNAL
CALY	1	chr10	1	chr10_MATERNAL	1	chr10_PATERNAL
F8A3	1	chrX	1	chrX_MATERNAL	0	None
PPP2CA	1	chr5	1	chr5_MATERNAL	1	chr5_PATERNAL
C2	1	chr6	1	chr6_MATERNAL	1	chr6_PATERNAL
LCE7A	1	chr1	1	chr1_MATERNAL	1	chr1_PATERNAL
ZNF878	1	chr19	1	chr19_MATERNAL	1	chr19_PATERNAL
KIDINS220	1	chr2	1	chr2_MATERNAL	1	chr2_PATERNAL
LOC124903619	1	chr16	1	chr16_MATERNAL	1	chr16_PATERNAL
LOC107984227	1	chr10	1	chr10_MATERNAL	1	chr10_PATERNAL
SH3BP2	1	chr4	1	chr4_MATERNAL	1	chr4_PATERNAL
CUL9	1	chr6	1	chr6_MATERNAL	1	chr6_PATERNAL
ADAMTS10	1	chr19	1	chr19_MATERNAL	1	chr19_PATERNAL
NAA80	1	chr3	1	chr3_MATERNAL	1	chr3_PATERNAL
COX20	1	chr1	1	chr1_MATERNAL	1	chr1_PATERNAL
FUBP3	1	chr9	1	chr9_MATERNAL	1	chr9_PATERNAL
H2BC5	1	chr6	1	chr6_MATERNAL	1	chr6_PATERNAL
KRTAP6-3	1	chr21	1	chr21_MATERNAL	1	chr21_PATERNAL
MEPCE	1	chr7	1	chr7_MATERNAL	1	chr7_PATERNAL
SPAG11A	1	chr8	1	chr8_MATERNAL	1	chr8_PATERNAL
LY6G6F	1	chr6	1	chr6_MATERNAL	1	chr6_PATERNAL
CEMIP	1	chr15	1	chr15_MATERNAL	1	chr15_PATERNAL
POLD1	1	chr19	1	chr19_MATERNAL	1	chr19_PATERNAL
KCNE3	1	chr11	1	chr11_MATERNAL	1	chr11_PATERNAL
LEP	1	chr7	1	chr7_MATERNAL	1	chr7_PATERNAL
RAPGEF6	1	chr5	1	chr5_MATERNAL	1	chr5_PATERNAL
SLC47A2	1	chr17	1	chr17_MATERNAL	1	chr17_PATERNAL
CPQ	1	chr8	1	chr8_MATERNAL	1	chr8_PATERNAL
TP53INP2	1	chr20	1	chr20_MATERNAL	1	chr20_PATERNAL
ZNF419	1	chr19	1	chr19_MATERNAL	1	chr19_PATERNAL
ETFB	1	chr19	1	chr19_MATERNAL	1	chr19_PATERNAL
INTS3	1	chr1	1	chr1_MATERNAL	1	chr1_PATERNAL
PPM1D	1	chr17	1	chr17_MATERNAL	1	chr17_PATERNAL
S100P	1	chr4	1	chr4_MATERNAL	1	chr4_PATERNAL
LOC105373397	1	chr2	1	chr2_MATERNAL	1	chr2_PATERNAL
CTAG1B	1	chrX	1	chrX_MATERNAL	0	None
AJUBA	1	chr14	1	chr14_MATERNAL	1	chr14_PATERNAL
SLC6A4	1	chr17	1	chr17_MATERNAL	1	chr17_PATERNAL
SULT1E1	1	chr4	1	chr4_MATERNAL	1	chr4_PATERNAL
SPANXC	1	chrX	1	chrX_MATERNAL	0	None
ARRB1	1	chr11	1	chr11_MATERNAL	1	chr11_PATERNAL
FOXM1	1	chr12	1	chr12_MATERNAL	1	chr12_PATERNAL
SMARCD3	1	chr7	1	chr7_MATERNAL	1	chr7_PATERNAL
TMEM275	1	chr1	1	chr1_MATERNAL	1	chr1_PATERNAL
TBX20	1	chr7	1	chr7_MATERNAL	1	chr7_PATERNAL
ABHD16B	1	chr20	1	chr20_MATERNAL	1	chr20_PATERNAL
TOMM34	1	chr20	1	chr20_MATERNAL	1	chr20_PATERNAL
SNRPD3	1	chr22	1	chr22_MATERNAL	1	chr22_PATERNAL
GRB10	1	chr7	1	chr7_MATERNAL	1	chr7_PATERNAL
MEGF8	1	chr19	1	chr19_MATERNAL	1	chr19_PATERNAL
CIP2A	1	chr3	1	chr3_MATERNAL	1	chr3_PATERNAL
NAT10	1	chr11	1	chr11_MATERNAL	1	chr11_PATERNAL
GLCE	1	chr15	1	chr15_MATERNAL	1	chr15_PATERNAL
ZNF10	1	chr12	1	chr12_MATERNAL	1	chr12_PATERNAL
ZNF662	1	chr3	1	chr3_MATERNAL	1	chr3_PATERNAL
CHSY3	1	chr5	1	chr5_MATERNAL	1	chr5_PATERNAL
IFT81	1	chr12	1	chr12_MATERNAL	1	chr12_PATERNAL
FAM20C	1	chr7	1	chr7_MATERNAL	1	chr7_PATERNAL
PTMA	1	chr2	1	chr2_MATERNAL	1	chr2_PATERNAL
CSNK1G1	1	chr15	1	chr15_MATERNAL	1	chr15_PATERNAL
ATG14	1	chr14	1	chr14_MATERNAL	1	chr14_PATERNAL
TPBG	1	chr6	1	chr6_MATERNAL	1	chr6_PATERNAL
ZCCHC12	1	chrX	1	chrX_MATERNAL	0	None
LOC107984732	1	chr15	1	chr15_MATERNAL	1	chr15_PATERNAL
SMG8	1	chr17	1	chr17_MATERNAL	1	chr17_PATERNAL
SHANK3	1	chr22	1	chr22_MATERNAL	1	chr22_PATERNAL
DRG1	1	chr22	1	chr22_MATERNAL	1	chr22_PATERNAL
ACTN3	1	chr11	1	chr11_MATERNAL	1	chr11_PATERNAL
RPS20	1	chr8	1	chr8_MATERNAL	1	chr8_PATERNAL
CLK1	1	chr2	1	chr2_MATERNAL	1	chr2_PATERNAL
BBS12	1	chr4	1	chr4_MATERNAL	1	chr4_PATERNAL
C17orf97	1	chr17	1	chr17_MATERNAL	1	chr17_PATERNAL
VEZF1	1	chr17	1	chr17_MATERNAL	1	chr17_PATERNAL
GP1BA	1	chr17	1	chr17_MATERNAL	1	chr17_PATERNAL
TRIO	1	chr5	1	chr5_MATERNAL	1	chr5_PATERNAL
PCP4	1	chr21	1	chr21_MATERNAL	1	chr21_PATERNAL
MROH1	1	chr8	1	chr8_MATERNAL	1	chr8_PATERNAL
MN1	1	chr22	1	chr22_MATERNAL	1	chr22_PATERNAL
ENOX2	1	chrX	1	chrX_MATERNAL	0	None
NEDD4	1	chr15	1	chr15_MATERNAL	1	chr15_PATERNAL
PTPN1	1	chr20	1	chr20_MATERNAL	1	chr20_PATERNAL
HMOX2	1	chr16	1	chr16_MATERNAL	1	chr16_PATERNAL
INKA2	1	chr1	1	chr1_MATERNAL	1	chr1_PATERNAL
GNB2	1	chr7	1	chr7_MATERNAL	1	chr7_PATERNAL
SMIM22	1	chr16	1	chr16_MATERNAL	1	chr16_PATERNAL
SYTL1	1	chr1	1	chr1_MATERNAL	1	chr1_PATERNAL
SLC18A3	1	chr10	1	chr10_MATERNAL	1	chr10_PATERNAL
ATP6V0B	1	chr1	1	chr1_MATERNAL	1	chr1_PATERNAL
DAPK1	1	chr9	1	chr9_MATERNAL	1	chr9_PATERNAL
NAA11	1	chr4	1	chr4_MATERNAL	1	chr4_PATERNAL
KRTAP4-8	1	chr17	1	chr17_MATERNAL	1	chr17_PATERNAL
MCC	1	chr5	1	chr5_MATERNAL	1	chr5_PATERNAL
LOC112268044	1	chr9	1	chr9_MATERNAL	1	chr9_PATERNAL
MED1	1	chr17	1	chr17_MATERNAL	1	chr17_PATERNAL
C12orf57	1	chr12	1	chr12_MATERNAL	1	chr12_PATERNAL
DHX33	1	chr17	1	chr17_MATERNAL	1	chr17_PATERNAL
OR4F17	1	chr19	1	chr19_MATERNAL	1	chr19_PATERNAL
ZNF660-ZNF197	1	chr3	1	chr3_MATERNAL	1	chr3_PATERNAL
ELK3	1	chr12	1	chr12_MATERNAL	1	chr12_PATERNAL
PTDSS1	1	chr8	1	chr8_MATERNAL	1	chr8_PATERNAL
DEFA5	1	chr8	1	chr8_MATERNAL	1	chr8_PATERNAL
C6orf141	1	chr6	1	chr6_MATERNAL	1	chr6_PATERNAL
THTPA	1	chr14	1	chr14_MATERNAL	1	chr14_PATERNAL
ENSA	1	chr1	1	chr1_MATERNAL	1	chr1_PATERNAL
SMIM3	1	chr5	1	chr5_MATERNAL	1	chr5_PATERNAL
ACBD5	1	chr10	1	chr10_MATERNAL	1	chr10_PATERNAL
TRIM49	1	chr11	1	chr11_MATERNAL	1	chr11_PATERNAL
EML3	1	chr11	1	chr11_MATERNAL	1	chr11_PATERNAL
S100A11	1	chr1	1	chr1_MATERNAL	1	chr1_PATERNAL
SIM1	1	chr6	1	chr6_MATERNAL	1	chr6_PATERNAL
SCN9A	1	chr2	1	chr2_MATERNAL	1	chr2_PATERNAL
YBEY	1	chr21	1	chr21_MATERNAL	1	chr21_PATERNAL
SMN2	1	chr5	1	chr5_MATERNAL	1	chr5_PATERNAL
FAM153B	1	chr5	1	chr5_MATERNAL	1	chr5_PATERNAL
GLYATL2	1	chr11	1	chr11_MATERNAL	1	chr11_PATERNAL
RPS6KC1	1	chr1	1	chr1_MATERNAL	1	chr1_PATERNAL
ARMCX5-GPRASP2	1	chrX	1	chrX_MATERNAL	0	None
ACTR1B	1	chr2	1	chr2_MATERNAL	1	chr2_PATERNAL
MAPK8	1	chr10	1	chr10_MATERNAL	1	chr10_PATERNAL
SMCO3	1	chr12	1	chr12_MATERNAL	1	chr12_PATERNAL
EPX	1	chr17	1	chr17_MATERNAL	1	chr17_PATERNAL
MS4A10	1	chr11	1	chr11_MATERNAL	1	chr11_PATERNAL
CLDN6	1	chr16	1	chr16_MATERNAL	1	chr16_PATERNAL
PEX14	1	chr1	1	chr1_MATERNAL	1	chr1_PATERNAL
TRIM55	1	chr8	1	chr8_MATERNAL	1	chr8_PATERNAL
RPF2	1	chr6	1	chr6_MATERNAL	1	chr6_PATERNAL
TRIM51	1	chr11	1	chr11_MATERNAL	1	chr11_PATERNAL
LARP7	1	chr4	1	chr4_MATERNAL	1	chr4_PATERNAL
CGB7	1	chr19	1	chr19_MATERNAL	1	chr19_PATERNAL
AEBP2	1	chr12	1	chr12_MATERNAL	1	chr12_PATERNAL
ZNF286A	1	chr17	1	chr17_MATERNAL	1	chr17_PATERNAL
LGALS9B	1	chr17	1	chr17_MATERNAL	1	chr17_PATERNAL
PEX10	1	chr1	1	chr1_MATERNAL	1	chr1_PATERNAL
SPIRE2	1	chr16	1	chr16_MATERNAL	1	chr16_PATERNAL
VAPA	1	chr18	1	chr18_MATERNAL	1	chr18_PATERNAL
AK9	1	chr6	1	chr6_MATERNAL	1	chr6_PATERNAL
H2AB3	1	chrX	1	chrX_MATERNAL	0	None
MTCH1	1	chr6	1	chr6_MATERNAL	1	chr6_PATERNAL
OR4Q3	1	chr14	2	chr14_MATERNAL,chr14_MATERNAL	2	chr14_PATERNAL,chr14_PATERNAL
ADCY2	1	chr5	1	chr5_MATERNAL	1	chr5_PATERNAL
DUSP9	1	chrX	1	chrX_MATERNAL	0	None
TXNRD1	1	chr12	1	chr12_MATERNAL	1	chr12_PATERNAL
H2BC13	1	chr6	1	chr6_MATERNAL	1	chr6_PATERNAL
LOC105377864	1	chr6	1	chr6_MATERNAL	1	chr6_PATERNAL
RPL14	1	chr3	1	chr3_MATERNAL	1	chr3_PATERNAL
DDO	1	chr6	1	chr6_MATERNAL	1	chr6_PATERNAL
ZBTB38	1	chr3	1	chr3_MATERNAL	1	chr3_PATERNAL
CCDC175	1	chr14	1	chr14_MATERNAL	1	chr14_PATERNAL
SDHAF4	1	chr6	1	chr6_MATERNAL	1	chr6_PATERNAL
DYDC1	1	chr10	1	chr10_MATERNAL	1	chr10_PATERNAL
ABCC4	1	chr13	1	chr13_MATERNAL	1	chr13_PATERNAL
LOC124905081	1	chr22	1	chr22_MATERNAL	1	chr22_PATERNAL
ABHD17A	1	chr19	1	chr19_MATERNAL	1	chr19_PATERNAL
CNR1	1	chr6	1	chr6_MATERNAL	1	chr6_PATERNAL
FGFRL1	1	chr4	1	chr4_MATERNAL	1	chr4_PATERNAL
ADCY5	1	chr3	1	chr3_MATERNAL	1	chr3_PATERNAL
PTH2R	1	chr2	1	chr2_MATERNAL	1	chr2_PATERNAL
LOC124903759	1	chr16	1	chr16_MATERNAL	1	chr16_PATERNAL
AMER2	1	chr13	1	chr13_MATERNAL	1	chr13_PATERNAL
LCAT	1	chr16	1	chr16_MATERNAL	1	chr16_PATERNAL
MGST1	1	chr12	1	chr12_MATERNAL	1	chr12_PATERNAL
RNF10	1	chr12	1	chr12_MATERNAL	1	chr12_PATERNAL
RXYLT1	1	chr12	1	chr12_MATERNAL	1	chr12_PATERNAL
ZFTA	1	chr11	1	chr11_MATERNAL	1	chr11_PATERNAL
TBR1	1	chr2	1	chr2_MATERNAL	1	chr2_PATERNAL
MCM3AP	1	chr21	1	chr21_MATERNAL	1	chr21_PATERNAL
CA5A	1	chr16	1	chr16_MATERNAL	1	chr16_PATERNAL
EPPIN-WFDC6	1	chr20	1	chr20_MATERNAL	1	chr20_PATERNAL
DNAH3	1	chr16	1	chr16_MATERNAL	1	chr16_PATERNAL
MRTFB	1	chr16	1	chr16_MATERNAL	1	chr16_PATERNAL
NEIL2	1	chr8	1	chr8_MATERNAL	1	chr8_PATERNAL
DKC1	1	chrX	1	chrX_MATERNAL	0	None
TUG1	1	chr22	1	chr22_MATERNAL	1	chr22_PATERNAL
PGRMC1	1	chrX	1	chrX_MATERNAL	0	None
LOC124902215	1	chr9	1	chr9_MATERNAL	1	chr9_PATERNAL
XKR4	1	chr8	1	chr8_MATERNAL	1	chr8_PATERNAL
TRAM2	1	chr6	1	chr6_MATERNAL	1	chr6_PATERNAL
POLR3C	1	chr1	1	chr1_MATERNAL	1	chr1_PATERNAL
STK26	1	chrX	1	chrX_MATERNAL	0	None
GRIN2D	1	chr19	1	chr19_MATERNAL	1	chr19_PATERNAL
TENT2	1	chr5	1	chr5_MATERNAL	1	chr5_PATERNAL
CDC14B	1	chr9	1	chr9_MATERNAL	1	chr9_PATERNAL
ZNF513	1	chr2	1	chr2_MATERNAL	1	chr2_PATERNAL
DEFA4	1	chr8	1	chr8_MATERNAL	1	chr8_PATERNAL
MS4A13	1	chr11	1	chr11_MATERNAL	1	chr11_PATERNAL
STT3B	1	chr3	1	chr3_MATERNAL	1	chr3_PATERNAL
C2CD4C	1	chr19	1	chr19_MATERNAL	1	chr19_PATERNAL
ISM2	1	chr14	1	chr14_MATERNAL	1	chr14_PATERNAL
SLITRK1	1	chr13	1	chr13_MATERNAL	1	chr13_PATERNAL
DZANK1	1	chr20	1	chr20_MATERNAL	1	chr20_PATERNAL
METTL5	1	chr2	1	chr2_MATERNAL	1	chr2_PATERNAL
NPPB	1	chr1	1	chr1_MATERNAL	1	chr1_PATERNAL
GRTP1	1	chr13	1	chr13_MATERNAL	1	chr13_PATERNAL
MAP9	1	chr4	1	chr4_MATERNAL	1	chr4_PATERNAL
DPP10	1	chr2	1	chr2_MATERNAL	1	chr2_PATERNAL
NFKBIL1	1	chr6	1	chr6_MATERNAL	1	chr6_PATERNAL
SELPLG	1	chr12	1	chr12_MATERNAL	1	chr12_PATERNAL
TOX2	1	chr20	1	chr20_MATERNAL	1	chr20_PATERNAL
SERINC2	1	chr1	1	chr1_MATERNAL	1	chr1_PATERNAL
TBC1D9B	1	chr5	1	chr5_MATERNAL	1	chr5_PATERNAL
HEATR1	1	chr1	1	chr1_MATERNAL	1	chr1_PATERNAL
LOC124900993	1	chr5	1	chr5_MATERNAL	2	chr5_PATERNAL,chr5_PATERNAL
LOC124909486	1	chr3	1	chr3_MATERNAL	1	chr3_PATERNAL
IL9R	2	chrX,chrY	1	chrX_MATERNAL	1	chrY_PATERNAL
SMIM23	1	chr5	1	chr5_MATERNAL	1	chr5_PATERNAL
LRRC36	1	chr16	1	chr16_MATERNAL	1	chr16_PATERNAL
ACTN2	1	chr1	1	chr1_MATERNAL	1	chr1_PATERNAL
MYD88	1	chr3	1	chr3_MATERNAL	1	chr3_PATERNAL
HMGA1	1	chr6	1	chr6_MATERNAL	1	chr6_PATERNAL
NKX1-1	1	chr4	1	chr4_MATERNAL	1	chr4_PATERNAL
MBP	1	chr18	1	chr18_MATERNAL	1	chr18_PATERNAL
PRRT3	1	chr3	1	chr3_MATERNAL	1	chr3_PATERNAL
ATF6B	1	chr6	1	chr6_MATERNAL	1	chr6_PATERNAL
NANOGP8	1	chr15	1	chr15_MATERNAL	1	chr15_PATERNAL
LOC124904942	1	chr20	1	chr20_MATERNAL	1	chr20_PATERNAL
LOC124903211	1	chr13	1	chr13_MATERNAL	1	chr13_PATERNAL
HOXD1	1	chr2	1	chr2_MATERNAL	1	chr2_PATERNAL
RASGRP1	1	chr15	1	chr15_MATERNAL	1	chr15_PATERNAL
NUDT2	1	chr9	1	chr9_MATERNAL	1	chr9_PATERNAL
SMS	1	chrX	1	chrX_MATERNAL	0	None
LOC124909439	1	chr3	1	chr3_MATERNAL	1	chr3_PATERNAL
PNMA8C	1	chr19	1	chr19_MATERNAL	1	chr19_PATERNAL
BCL2L14	1	chr12	1	chr12_MATERNAL	1	chr12_PATERNAL
PGLYRP2	1	chr19	1	chr19_MATERNAL	1	chr19_PATERNAL
FBXO5	1	chr6	1	chr6_MATERNAL	1	chr6_PATERNAL
CD86	1	chr3	1	chr3_MATERNAL	1	chr3_PATERNAL
LOC124906005	1	chr2	1	chr2_MATERNAL	1	chr2_PATERNAL
USP16	1	chr21	1	chr21_MATERNAL	1	chr21_PATERNAL
ALDH7A1	1	chr5	1	chr5_MATERNAL	1	chr5_PATERNAL
GPRC5D	1	chr12	1	chr12_MATERNAL	1	chr12_PATERNAL
OTUD6A	1	chrX	1	chrX_MATERNAL	0	None
KRTAP1-3	1	chr17	1	chr17_MATERNAL	1	chr17_PATERNAL
SLC10A2	1	chr13	1	chr13_MATERNAL	1	chr13_PATERNAL
MLLT1	1	chr19	1	chr19_MATERNAL	1	chr19_PATERNAL
MAGEA6	1	chrX	1	chrX_MATERNAL	0	None
TEKTIP1	1	chr19	1	chr19_MATERNAL	1	chr19_PATERNAL
SKP2	1	chr5	1	chr5_MATERNAL	1	chr5_PATERNAL
FFAR2	1	chr19	1	chr19_MATERNAL	1	chr19_PATERNAL
MAGED2	1	chrX	1	chrX_MATERNAL	0	None
CFAP70	1	chr10	1	chr10_MATERNAL	1	chr10_PATERNAL
GOLGA8G	1	chr15	1	chr15_MATERNAL	1	chr15_PATERNAL
THG1L	1	chr5	1	chr5_MATERNAL	1	chr5_PATERNAL
LCE2D	1	chr1	1	chr1_MATERNAL	1	chr1_PATERNAL
KCNK13	1	chr14	1	chr14_MATERNAL	1	chr14_PATERNAL
CCK	1	chr3	1	chr3_MATERNAL	1	chr3_PATERNAL
KDM4E	1	chr11	1	chr11_MATERNAL	1	chr11_PATERNAL
LOC124904701	1	chr19	1	chr19_MATERNAL	1	chr19_PATERNAL
HJURP	1	chr2	1	chr2_MATERNAL	1	chr2_PATERNAL
RAI14	1	chr5	1	chr5_MATERNAL	1	chr5_PATERNAL
OR2AK2	1	chr1	1	chr1_MATERNAL	1	chr1_PATERNAL
SPRN	1	chr10	1	chr10_MATERNAL	1	chr10_PATERNAL
SEMA4B	1	chr15	1	chr15_MATERNAL	1	chr15_PATERNAL
NR2E1	1	chr6	1	chr6_MATERNAL	1	chr6_PATERNAL
SYCP3	1	chr12	1	chr12_MATERNAL	1	chr12_PATERNAL
CA8	1	chr8	1	chr8_MATERNAL	1	chr8_PATERNAL
SAMD10	1	chr20	1	chr20_MATERNAL	1	chr20_PATERNAL
CHAMP1	1	chr13	1	chr13_MATERNAL	1	chr13_PATERNAL
GEMIN7	1	chr19	1	chr19_MATERNAL	1	chr19_PATERNAL
RHBDL1	1	chr16	1	chr16_MATERNAL	1	chr16_PATERNAL
GDF7	1	chr2	1	chr2_MATERNAL	1	chr2_PATERNAL
SALL3	1	chr18	1	chr18_MATERNAL	1	chr18_PATERNAL
HBE1	1	chr11	1	chr11_MATERNAL	1	chr11_PATERNAL
ESCO2	1	chr8	1	chr8_MATERNAL	1	chr8_PATERNAL
SRFBP1	1	chr5	1	chr5_MATERNAL	1	chr5_PATERNAL
LACTB2	1	chr8	1	chr8_MATERNAL	1	chr8_PATERNAL
TGOLN2	1	chr2	1	chr2_MATERNAL	1	chr2_PATERNAL
RNASEH2B	1	chr13	1	chr13_MATERNAL	1	chr13_PATERNAL
VPS53	1	chr17	1	chr17_MATERNAL	1	chr17_PATERNAL
MEIS3	1	chr19	1	chr19_MATERNAL	1	chr19_PATERNAL
DNAJC19	1	chr3	1	chr3_MATERNAL	1	chr3_PATERNAL
CR1L	1	chr1	1	chr1_MATERNAL	1	chr1_PATERNAL
EFL1	1	chr15	1	chr15_MATERNAL	1	chr15_PATERNAL
NDRG3	1	chr20	1	chr20_MATERNAL	1	chr20_PATERNAL
EZH2	1	chr7	1	chr7_MATERNAL	1	chr7_PATERNAL
TRIM74	1	chr7	1	chr7_MATERNAL	1	chr7_PATERNAL
FOXF1	1	chr16	1	chr16_MATERNAL	1	chr16_PATERNAL
TARBP1	1	chr1	1	chr1_MATERNAL	1	chr1_PATERNAL
EFNA4	1	chr1	1	chr1_MATERNAL	1	chr1_PATERNAL
TIAM1	1	chr21	1	chr21_MATERNAL	1	chr21_PATERNAL
IMMP2L	1	chr7	1	chr7_MATERNAL	1	chr7_PATERNAL
AIFM1	1	chrX	1	chrX_MATERNAL	0	None
LOC124904411	1	chr1	1	chr1_MATERNAL	1	chr1_PATERNAL
SORCS2	1	chr4	1	chr4_MATERNAL	1	chr4_PATERNAL
GUCA1C	1	chr3	1	chr3_MATERNAL	1	chr3_PATERNAL
MRPL58	1	chr17	1	chr17_MATERNAL	1	chr17_PATERNAL
WARS2	1	chr1	1	chr1_MATERNAL	1	chr1_PATERNAL
NAPSA	1	chr19	1	chr19_MATERNAL	1	chr19_PATERNAL
GNAL	1	chr18	1	chr18_MATERNAL	1	chr18_PATERNAL
TSEN15	1	chr1	1	chr1_MATERNAL	1	chr1_PATERNAL
SCGB1C2	1	chr17	1	chr17_MATERNAL	1	chr17_PATERNAL
MICAL3	1	chr22	1	chr22_MATERNAL	1	chr22_PATERNAL
TP53RK	1	chr20	1	chr20_MATERNAL	1	chr20_PATERNAL
PCED1B	1	chr12	1	chr12_MATERNAL	1	chr12_PATERNAL
FOLH1	1	chr11	1	chr11_MATERNAL	1	chr11_PATERNAL
PAX4	1	chr7	1	chr7_MATERNAL	1	chr7_PATERNAL
ANKRD13D	1	chr11	1	chr11_MATERNAL	1	chr11_PATERNAL
PPP3R2	1	chr9	1	chr9_MATERNAL	1	chr9_PATERNAL
SPTLC2	1	chr14	1	chr14_MATERNAL	1	chr14_PATERNAL
PASK	1	chr2	1	chr2_MATERNAL	1	chr2_PATERNAL
GALNT18	1	chr11	1	chr11_MATERNAL	1	chr11_PATERNAL
LECT2	1	chr5	1	chr5_MATERNAL	1	chr5_PATERNAL
FAM236C	1	chrX	1	chrX_MATERNAL	0	None
GPR182	1	chr12	1	chr12_MATERNAL	1	chr12_PATERNAL
CD70	1	chr19	1	chr19_MATERNAL	1	chr19_PATERNAL
OR51B4	1	chr11	1	chr11_MATERNAL	1	chr11_PATERNAL
CCT2	1	chr12	1	chr12_MATERNAL	1	chr12_PATERNAL
ISY1	1	chr3	1	chr3_MATERNAL	1	chr3_PATERNAL
LRRN2	1	chr1	1	chr1_MATERNAL	1	chr1_PATERNAL
CTXN3	1	chr5	1	chr5_MATERNAL	1	chr5_PATERNAL
MACC1	1	chr7	1	chr7_MATERNAL	1	chr7_PATERNAL
PUS7	1	chr7	1	chr7_MATERNAL	1	chr7_PATERNAL
CCDC152	1	chr5	1	chr5_MATERNAL	1	chr5_PATERNAL
DUSP15	1	chr20	1	chr20_MATERNAL	1	chr20_PATERNAL
SMIM21	1	chr18	1	chr18_MATERNAL	1	chr18_PATERNAL
MARF1	1	chr16	1	chr16_MATERNAL	1	chr16_PATERNAL
PTK2	1	chr8	1	chr8_MATERNAL	1	chr8_PATERNAL
CCT7	1	chr2	1	chr2_MATERNAL	1	chr2_PATERNAL
ZNF774	1	chr15	1	chr15_MATERNAL	1	chr15_PATERNAL
SLC25A44	1	chr1	1	chr1_MATERNAL	1	chr1_PATERNAL
WNT6	1	chr2	1	chr2_MATERNAL	1	chr2_PATERNAL
OLR1	1	chr12	1	chr12_MATERNAL	1	chr12_PATERNAL
PTAR1	1	chr9	1	chr9_MATERNAL	1	chr9_PATERNAL
ADGRG1	1	chr16	1	chr16_MATERNAL	1	chr16_PATERNAL
GTPBP6	2	chrX,chrY	1	chrX_MATERNAL	1	chrY_PATERNAL
UBOX5	1	chr20	1	chr20_MATERNAL	1	chr20_PATERNAL
TSHZ2	1	chr20	1	chr20_MATERNAL	1	chr20_PATERNAL
OR7G1	1	chr19	1	chr19_MATERNAL	1	chr19_PATERNAL
ZNF317	1	chr19	1	chr19_MATERNAL	1	chr19_PATERNAL
TTR	1	chr18	1	chr18_MATERNAL	1	chr18_PATERNAL
WDFY1	1	chr2	1	chr2_MATERNAL	1	chr2_PATERNAL
SET	1	chr9	1	chr9_MATERNAL	1	chr9_PATERNAL
PICK1	1	chr22	1	chr22_MATERNAL	1	chr22_PATERNAL
MMP7	1	chr11	1	chr11_MATERNAL	1	chr11_PATERNAL
OR2AG2	1	chr11	1	chr11_MATERNAL	1	chr11_PATERNAL
RILPL1	1	chr12	1	chr12_MATERNAL	1	chr12_PATERNAL
TMUB1	1	chr7	1	chr7_MATERNAL	1	chr7_PATERNAL
CDV3	1	chr3	1	chr3_MATERNAL	1	chr3_PATERNAL
ADGRF2	1	chr6	1	chr6_MATERNAL	1	chr6_PATERNAL
FOXA1	1	chr14	1	chr14_MATERNAL	1	chr14_PATERNAL
KLKB1	1	chr4	1	chr4_MATERNAL	1	chr4_PATERNAL
PRR36	1	chr19	1	chr19_MATERNAL	1	chr19_PATERNAL
INSRR	1	chr1	1	chr1_MATERNAL	1	chr1_PATERNAL
OR10S1	1	chr11	1	chr11_MATERNAL	1	chr11_PATERNAL
NSUN7	1	chr4	1	chr4_MATERNAL	1	chr4_PATERNAL
NPIPA7	1	chr16	1	chr16_MATERNAL	1	chr16_PATERNAL
MYLK2	1	chr20	1	chr20_MATERNAL	1	chr20_PATERNAL
MIP	1	chr12	1	chr12_MATERNAL	1	chr12_PATERNAL
OR10A6	1	chr11	1	chr11_MATERNAL	1	chr11_PATERNAL
LOC344065	1	chr2	1	chr2_MATERNAL	1	chr2_PATERNAL
PPP2R3C	1	chr14	1	chr14_MATERNAL	1	chr14_PATERNAL
MAP3K6	1	chr1	1	chr1_MATERNAL	1	chr1_PATERNAL
OR5J2	1	chr11	1	chr11_MATERNAL	1	chr11_PATERNAL
FABP2	1	chr4	1	chr4_MATERNAL	1	chr4_PATERNAL
TMEM184B	1	chr22	1	chr22_MATERNAL	1	chr22_PATERNAL
ZNF749	1	chr19	1	chr19_MATERNAL	1	chr19_PATERNAL
BCAM	1	chr19	1	chr19_MATERNAL	1	chr19_PATERNAL
HIPK1	1	chr1	1	chr1_MATERNAL	1	chr1_PATERNAL
SMIM17	1	chr19	1	chr19_MATERNAL	1	chr19_PATERNAL
TSC22D2	1	chr3	1	chr3_MATERNAL	1	chr3_PATERNAL
TP53	1	chr17	1	chr17_MATERNAL	1	chr17_PATERNAL
LOC124900388	1	chr17	1	chr17_MATERNAL	1	chr17_PATERNAL
EMCN	1	chr4	1	chr4_MATERNAL	1	chr4_PATERNAL
IGF2	1	chr11	1	chr11_MATERNAL	1	chr11_PATERNAL
ASB17	1	chr1	1	chr1_MATERNAL	1	chr1_PATERNAL
RAB20	1	chr13	1	chr13_MATERNAL	1	chr13_PATERNAL
PSPC1	1	chr13	1	chr13_MATERNAL	1	chr13_PATERNAL
FXYD1	1	chr19	1	chr19_MATERNAL	1	chr19_PATERNAL
STUB1	1	chr16	1	chr16_MATERNAL	1	chr16_PATERNAL
XYLB	1	chr3	1	chr3_MATERNAL	1	chr3_PATERNAL
CDK5RAP3	1	chr17	1	chr17_MATERNAL	1	chr17_PATERNAL
LOC124900372	1	chr16	1	chr16_MATERNAL	1	chr16_PATERNAL
ZSWIM1	1	chr20	1	chr20_MATERNAL	1	chr20_PATERNAL
PARP6	1	chr15	1	chr15_MATERNAL	1	chr15_PATERNAL
C1QTNF2	1	chr5	1	chr5_MATERNAL	1	chr5_PATERNAL
SAP130	1	chr2	1	chr2_MATERNAL	1	chr2_PATERNAL
ARHGEF4	1	chr2	1	chr2_MATERNAL	1	chr2_PATERNAL
NOXRED1	1	chr14	1	chr14_MATERNAL	1	chr14_PATERNAL
GDA	1	chr9	1	chr9_MATERNAL	1	chr9_PATERNAL
DMRTC2	1	chr19	1	chr19_MATERNAL	1	chr19_PATERNAL
LOC124903219	1	chr13	1	chr13_MATERNAL	1	chr13_PATERNAL
DNMT1	1	chr19	1	chr19_MATERNAL	1	chr19_PATERNAL
OTOP1	1	chr4	1	chr4_MATERNAL	1	chr4_PATERNAL
LOC124904075	1	chr17	1	chr17_MATERNAL	1	chr17_PATERNAL
TEKT5	1	chr16	1	chr16_MATERNAL	1	chr16_PATERNAL
ANKRD52	1	chr12	1	chr12_MATERNAL	1	chr12_PATERNAL
SLC45A4	1	chr8	1	chr8_MATERNAL	1	chr8_PATERNAL
ZFP92	1	chrX	1	chrX_MATERNAL	0	None
CNTF	1	chr11	1	chr11_MATERNAL	1	chr11_PATERNAL
ELF3	1	chr1	1	chr1_MATERNAL	1	chr1_PATERNAL
SLC35G1	1	chr10	1	chr10_MATERNAL	1	chr10_PATERNAL
H2AZ2	1	chr7	1	chr7_MATERNAL	1	chr7_PATERNAL
RPL31	1	chr2	1	chr2_MATERNAL	1	chr2_PATERNAL
C4orf33	1	chr4	1	chr4_MATERNAL	1	chr4_PATERNAL
MGAT1	1	chr5	1	chr5_MATERNAL	1	chr5_PATERNAL
SOCS5	1	chr2	1	chr2_MATERNAL	1	chr2_PATERNAL
CHRD	1	chr3	1	chr3_MATERNAL	1	chr3_PATERNAL
IGFBPL1	1	chr9	1	chr9_MATERNAL	1	chr9_PATERNAL
MYH11	1	chr16	1	chr16_MATERNAL	1	chr16_PATERNAL
ZNF486	1	chr19	1	chr19_MATERNAL	1	chr19_PATERNAL
TTC9B	1	chr19	1	chr19_MATERNAL	1	chr19_PATERNAL
ITGB1	1	chr10	1	chr10_MATERNAL	1	chr10_PATERNAL
SPARC	1	chr5	1	chr5_MATERNAL	1	chr5_PATERNAL
ZBTB1	1	chr14	1	chr14_MATERNAL	1	chr14_PATERNAL
LOC112267968	1	chr6	1	chr6_MATERNAL	1	chr6_PATERNAL
OAT	1	chr10	1	chr10_MATERNAL	1	chr10_PATERNAL
ACVR2B	1	chr3	1	chr3_MATERNAL	1	chr3_PATERNAL
ZNF479	1	chr7	1	chr7_MATERNAL	1	chr7_PATERNAL
MIA2	1	chr14	1	chr14_MATERNAL	1	chr14_PATERNAL
TRPV4	1	chr12	1	chr12_MATERNAL	1	chr12_PATERNAL
SLC35E4	1	chr22	1	chr22_MATERNAL	1	chr22_PATERNAL
LINGO2	1	chr9	1	chr9_MATERNAL	1	chr9_PATERNAL
PDIA2	1	chr16	1	chr16_MATERNAL	1	chr16_PATERNAL
PAK2	1	chr3	1	chr3_MATERNAL	1	chr3_PATERNAL
PFDN6	1	chr6	1	chr6_MATERNAL	1	chr6_PATERNAL
GINS3	1	chr16	1	chr16_MATERNAL	1	chr16_PATERNAL
DRAM1	1	chr12	1	chr12_MATERNAL	1	chr12_PATERNAL
GAA	1	chr17	1	chr17_MATERNAL	1	chr17_PATERNAL
CNIH4	1	chr1	1	chr1_MATERNAL	1	chr1_PATERNAL
SELENOH	1	chr11	1	chr11_MATERNAL	1	chr11_PATERNAL
PWWP3B	1	chrX	1	chrX_MATERNAL	0	None
TMEM37	1	chr2	1	chr2_MATERNAL	1	chr2_PATERNAL
QPCTL	1	chr19	1	chr19_MATERNAL	1	chr19_PATERNAL
ZNF32	1	chr10	1	chr10_MATERNAL	1	chr10_PATERNAL
DIO1	1	chr1	1	chr1_MATERNAL	1	chr1_PATERNAL
CTRB1	1	chr16	1	chr16_MATERNAL	1	chr16_PATERNAL
TMEM41B	1	chr11	1	chr11_MATERNAL	1	chr11_PATERNAL
ODR4	1	chr1	1	chr1_MATERNAL	1	chr1_PATERNAL
TAAR8	1	chr6	1	chr6_MATERNAL	1	chr6_PATERNAL
CACNA1S	1	chr1	1	chr1_MATERNAL	1	chr1_PATERNAL
LOC124904439	1	chr1	1	chr1_MATERNAL	1	chr1_PATERNAL
UBFD1	1	chr16	1	chr16_MATERNAL	1	chr16_PATERNAL
TEX19	1	chr17	1	chr17_MATERNAL	1	chr17_PATERNAL
MRPL27	1	chr17	1	chr17_MATERNAL	1	chr17_PATERNAL
CCDC192	1	chr5	1	chr5_MATERNAL	1	chr5_PATERNAL
MALRD1	1	chr10	1	chr10_MATERNAL	1	chr10_PATERNAL
RNF114	1	chr20	1	chr20_MATERNAL	1	chr20_PATERNAL
ZNF516	1	chr18	1	chr18_MATERNAL	1	chr18_PATERNAL
KNL1	1	chr15	1	chr15_MATERNAL	1	chr15_PATERNAL
DVL2	1	chr17	1	chr17_MATERNAL	1	chr17_PATERNAL
PNCK	1	chrX	1	chrX_MATERNAL	0	None
FOXN1	1	chr17	1	chr17_MATERNAL	1	chr17_PATERNAL
TSBP1	1	chr6	1	chr6_MATERNAL	1	chr6_PATERNAL
WSB1	1	chr17	1	chr17_MATERNAL	1	chr17_PATERNAL
MLXIP	1	chr12	1	chr12_MATERNAL	1	chr12_PATERNAL
STK17A	1	chr7	1	chr7_MATERNAL	1	chr7_PATERNAL
CRIPT	1	chr2	1	chr2_MATERNAL	1	chr2_PATERNAL
ANKRD34B	1	chr5	1	chr5_MATERNAL	1	chr5_PATERNAL
CIT	1	chr12	1	chr12_MATERNAL	1	chr12_PATERNAL
CALCR	1	chr7	1	chr7_MATERNAL	1	chr7_PATERNAL
BIVM	1	chr13	1	chr13_MATERNAL	1	chr13_PATERNAL
CDY1B	1	chrY	0	None	1	chrY_PATERNAL
POLH	1	chr6	1	chr6_MATERNAL	1	chr6_PATERNAL
HIGD2B	1	chr15	1	chr15_MATERNAL	1	chr15_PATERNAL
KLHDC3	1	chr6	1	chr6_MATERNAL	1	chr6_PATERNAL
ZIM2	1	chr19	1	chr19_MATERNAL	1	chr19_PATERNAL
PREX1	1	chr20	1	chr20_MATERNAL	1	chr20_PATERNAL
CNTN2	1	chr1	1	chr1_MATERNAL	1	chr1_PATERNAL
PTTG1IP	1	chr21	1	chr21_MATERNAL	1	chr21_PATERNAL
ABCC6	1	chr16	1	chr16_MATERNAL	1	chr16_PATERNAL
PCDHGA1	1	chr5	1	chr5_MATERNAL	1	chr5_PATERNAL
PSORS1C2	1	chr6	1	chr6_MATERNAL	1	chr6_PATERNAL
SLC25A27	1	chr6	1	chr6_MATERNAL	1	chr6_PATERNAL
LOC124904394	1	chr1	1	chr1_MATERNAL	1	chr1_PATERNAL
AKT1S1	1	chr19	1	chr19_MATERNAL	1	chr19_PATERNAL
USP20	1	chr9	1	chr9_MATERNAL	1	chr9_PATERNAL
CYBA	1	chr16	1	chr16_MATERNAL	1	chr16_PATERNAL
DMBT1	1	chr10	1	chr10_MATERNAL	1	chr10_PATERNAL
PUS1	1	chr12	1	chr12_MATERNAL	1	chr12_PATERNAL
ARL8B	1	chr3	1	chr3_MATERNAL	1	chr3_PATERNAL
SOD2	1	chr6	1	chr6_MATERNAL	1	chr6_PATERNAL
ST3GAL4	1	chr11	1	chr11_MATERNAL	1	chr11_PATERNAL
SPRING1	1	chr12	1	chr12_MATERNAL	1	chr12_PATERNAL
KLHL42	1	chr12	1	chr12_MATERNAL	1	chr12_PATERNAL
SYPL2	1	chr1	1	chr1_MATERNAL	1	chr1_PATERNAL
CCDC187	1	chr9	1	chr9_MATERNAL	1	chr9_PATERNAL
GFOD2	1	chr16	1	chr16_MATERNAL	1	chr16_PATERNAL
TNRC6A	1	chr16	1	chr16_MATERNAL	1	chr16_PATERNAL
PPP3CB	1	chr10	1	chr10_MATERNAL	1	chr10_PATERNAL
KIF20A	1	chr5	1	chr5_MATERNAL	1	chr5_PATERNAL
BIN3	1	chr8	1	chr8_MATERNAL	1	chr8_PATERNAL
OTULIN	1	chr5	1	chr5_MATERNAL	1	chr5_PATERNAL
SLC6A6	1	chr3	1	chr3_MATERNAL	1	chr3_PATERNAL
RASGEF1C	1	chr5	1	chr5_MATERNAL	1	chr5_PATERNAL
SPRY1	1	chr4	1	chr4_MATERNAL	1	chr4_PATERNAL
TMEM255B	1	chr13	1	chr13_MATERNAL	1	chr13_PATERNAL
ZDHHC4	1	chr7	1	chr7_MATERNAL	1	chr7_PATERNAL
EPC2	1	chr2	1	chr2_MATERNAL	1	chr2_PATERNAL
ZNF430	1	chr19	1	chr19_MATERNAL	1	chr19_PATERNAL
ZFP42	1	chr4	1	chr4_MATERNAL	1	chr4_PATERNAL
CCDC182	1	chr17	1	chr17_MATERNAL	1	chr17_PATERNAL
PRKRA	1	chr2	1	chr2_MATERNAL	1	chr2_PATERNAL
TMEM234	1	chr1	1	chr1_MATERNAL	1	chr1_PATERNAL
DDX49	1	chr19	1	chr19_MATERNAL	1	chr19_PATERNAL
TRIM31	1	chr6	1	chr6_MATERNAL	1	chr6_PATERNAL
IFIT2	1	chr10	1	chr10_MATERNAL	1	chr10_PATERNAL
NOP14	1	chr4	1	chr4_MATERNAL	1	chr4_PATERNAL
KRTAP19-5	1	chr21	1	chr21_MATERNAL	1	chr21_PATERNAL
SORCS1	1	chr10	1	chr10_MATERNAL	1	chr10_PATERNAL
TMEM230	1	chr20	1	chr20_MATERNAL	1	chr20_PATERNAL
BORCS6	1	chr17	1	chr17_MATERNAL	1	chr17_PATERNAL
HNRNPA2B1	1	chr7	1	chr7_MATERNAL	1	chr7_PATERNAL
ROPN1	1	chr3	1	chr3_MATERNAL	1	chr3_PATERNAL
RIT2	1	chr18	1	chr18_MATERNAL	1	chr18_PATERNAL
EHBP1L1	1	chr11	1	chr11_MATERNAL	1	chr11_PATERNAL
SNAP25	1	chr20	1	chr20_MATERNAL	1	chr20_PATERNAL
NOC3L	1	chr10	1	chr10_MATERNAL	1	chr10_PATERNAL
ADAM33	1	chr20	1	chr20_MATERNAL	1	chr20_PATERNAL
LYL1	1	chr19	1	chr19_MATERNAL	1	chr19_PATERNAL
IL16	1	chr15	1	chr15_MATERNAL	1	chr15_PATERNAL
AMOT	1	chrX	1	chrX_MATERNAL	0	None
NUAK1	1	chr12	1	chr12_MATERNAL	1	chr12_PATERNAL
MAP1A	1	chr15	1	chr15_MATERNAL	1	chr15_PATERNAL
EFCAB7	1	chr1	1	chr1_MATERNAL	1	chr1_PATERNAL
KLHL1	1	chr13	1	chr13_MATERNAL	1	chr13_PATERNAL
CZIB	1	chr1	1	chr1_MATERNAL	1	chr1_PATERNAL
CMKLR1	1	chr12	1	chr12_MATERNAL	1	chr12_PATERNAL
SEMA6A	1	chr5	1	chr5_MATERNAL	1	chr5_PATERNAL
SMLR1	1	chr6	1	chr6_MATERNAL	1	chr6_PATERNAL
PCID2	1	chr13	1	chr13_MATERNAL	1	chr13_PATERNAL
ZNF480	1	chr19	1	chr19_MATERNAL	1	chr19_PATERNAL
SCML2	1	chrX	1	chrX_MATERNAL	0	None
HEATR3	1	chr16	1	chr16_MATERNAL	1	chr16_PATERNAL
ITGAE	1	chr17	1	chr17_MATERNAL	1	chr17_PATERNAL
PRR4	1	chr12	1	chr12_MATERNAL	1	chr12_PATERNAL
ANKRA2	1	chr5	1	chr5_MATERNAL	1	chr5_PATERNAL
CCDC34	1	chr11	1	chr11_MATERNAL	1	chr11_PATERNAL
LRRC38	1	chr1	1	chr1_MATERNAL	1	chr1_PATERNAL
TMEM131L	1	chr4	1	chr4_MATERNAL	1	chr4_PATERNAL
P2RY11	1	chr19	1	chr19_MATERNAL	1	chr19_PATERNAL
VGLL3	1	chr3	1	chr3_MATERNAL	1	chr3_PATERNAL
CKMT1A	1	chr15	1	chr15_MATERNAL	1	chr15_PATERNAL
MGAM	1	chr7	1	chr7_MATERNAL	1	chr7_PATERNAL
LOC124907874	1	chr2	1	chr2_MATERNAL	1	chr2_PATERNAL
GRHL3	1	chr1	1	chr1_MATERNAL	1	chr1_PATERNAL
E2F3	1	chr6	1	chr6_MATERNAL	1	chr6_PATERNAL
TIGD2	1	chr4	1	chr4_MATERNAL	1	chr4_PATERNAL
TAGLN	1	chr11	1	chr11_MATERNAL	1	chr11_PATERNAL
TAF11L3	1	chr5	35	chr5_MATERNAL,chr5_MATERNAL,chr5_MATERNAL,chr5_MATERNAL,chr5_MATERNAL,chr5_MATERNAL,chr5_MATERNAL,chr5_MATERNAL,chr5_MATERNAL,chr5_MATERNAL,chr5_MATERNAL,chr5_MATERNAL,chr5_MATERNAL,chr5_MATERNAL,chr5_MATERNAL,chr5_MATERNAL,chr5_MATERNAL,chr5_MATERNAL,chr5_MATERNAL,chr5_MATERNAL,chr5_MATERNAL,chr5_MATERNAL,chr5_MATERNAL,chr5_MATERNAL,chr5_MATERNAL,chr5_MATERNAL,chr5_MATERNAL,chr5_MATERNAL,chr5_MATERNAL,chr5_MATERNAL,chr5_MATERNAL,chr5_MATERNAL,chr5_MATERNAL,chr5_MATERNAL,chr5_MATERNAL	38	chr5_PATERNAL,chr5_PATERNAL,chr5_PATERNAL,chr5_PATERNAL,chr5_PATERNAL,chr5_PATERNAL,chr5_PATERNAL,chr5_PATERNAL,chr5_PATERNAL,chr5_PATERNAL,chr5_PATERNAL,chr5_PATERNAL,chr5_PATERNAL,chr5_PATERNAL,chr5_PATERNAL,chr5_PATERNAL,chr5_PATERNAL,chr5_PATERNAL,chr5_PATERNAL,chr5_PATERNAL,chr5_PATERNAL,chr5_PATERNAL,chr5_PATERNAL,chr5_PATERNAL,chr5_PATERNAL,chr5_PATERNAL,chr5_PATERNAL,chr5_PATERNAL,chr5_PATERNAL,chr5_PATERNAL,chr5_PATERNAL,chr5_PATERNAL,chr5_PATERNAL,chr5_PATERNAL,chr5_PATERNAL,chr5_PATERNAL,chr5_PATERNAL,chr5_PATERNAL
ZNF22	1	chr10	1	chr10_MATERNAL	1	chr10_PATERNAL
CEACAM16	1	chr19	1	chr19_MATERNAL	1	chr19_PATERNAL
IL31	1	chr12	1	chr12_MATERNAL	1	chr12_PATERNAL
WDR90	1	chr16	1	chr16_MATERNAL	1	chr16_PATERNAL
PYCR3	1	chr8	1	chr8_MATERNAL	1	chr8_PATERNAL
ZNF384	1	chr12	1	chr12_MATERNAL	1	chr12_PATERNAL
CD1C	1	chr1	1	chr1_MATERNAL	1	chr1_PATERNAL
KCTD7	1	chr7	1	chr7_MATERNAL	1	chr7_PATERNAL
LY6H	1	chr8	1	chr8_MATERNAL	1	chr8_PATERNAL
DYRK3	1	chr1	1	chr1_MATERNAL	1	chr1_PATERNAL
EMILIN2	1	chr18	1	chr18_MATERNAL	1	chr18_PATERNAL
PCARE	1	chr2	1	chr2_MATERNAL	1	chr2_PATERNAL
MCM5	1	chr22	1	chr22_MATERNAL	1	chr22_PATERNAL
BRF2	1	chr8	1	chr8_MATERNAL	1	chr8_PATERNAL
LOC124900193	1	chr5	1	chr5_MATERNAL	1	chr5_PATERNAL
TRAPPC10	0	None	1	chr21_MATERNAL	1	chr21_PATERNAL
THEGL	1	chr4	1	chr4_MATERNAL	1	chr4_PATERNAL
CFHR5	1	chr1	1	chr1_MATERNAL	1	chr1_PATERNAL
RASAL1	1	chr12	1	chr12_MATERNAL	1	chr12_PATERNAL
PCSK4	1	chr19	1	chr19_MATERNAL	1	chr19_PATERNAL
CEBPD	1	chr8	1	chr8_MATERNAL	1	chr8_PATERNAL
MED19	1	chr11	1	chr11_MATERNAL	1	chr11_PATERNAL
ALDH3A2	1	chr17	1	chr17_MATERNAL	1	chr17_PATERNAL
HABP2	1	chr10	1	chr10_MATERNAL	1	chr10_PATERNAL
LYPLA1	1	chr8	1	chr8_MATERNAL	1	chr8_PATERNAL
IRF3	1	chr19	1	chr19_MATERNAL	1	chr19_PATERNAL
TRIM64C	1	chr11	1	chr11_MATERNAL	1	chr11_PATERNAL
LOC124903404	1	chr14	1	chr14_MATERNAL	1	chr14_PATERNAL
TNFRSF1B	1	chr1	1	chr1_MATERNAL	1	chr1_PATERNAL
TRIM43	1	chr2	1	chr2_MATERNAL	1	chr2_PATERNAL
COQ5	1	chr12	1	chr12_MATERNAL	1	chr12_PATERNAL
BUB1B-PAK6	1	chr15	1	chr15_MATERNAL	1	chr15_PATERNAL
PNMA2	1	chr8	1	chr8_MATERNAL	1	chr8_PATERNAL
PCM1	1	chr8	1	chr8_MATERNAL	1	chr8_PATERNAL
SMPDL3A	1	chr6	1	chr6_MATERNAL	1	chr6_PATERNAL
RHOBTB1	1	chr10	1	chr10_MATERNAL	1	chr10_PATERNAL
C10orf62	1	chr10	1	chr10_MATERNAL	1	chr10_PATERNAL
MPDU1	1	chr17	1	chr17_MATERNAL	1	chr17_PATERNAL
MPEG1	1	chr11	1	chr11_MATERNAL	1	chr11_PATERNAL
KRTAP20-1	1	chr21	1	chr21_MATERNAL	1	chr21_PATERNAL
HOXB8	1	chr17	1	chr17_MATERNAL	1	chr17_PATERNAL
ARMC10	1	chr7	1	chr7_MATERNAL	1	chr7_PATERNAL
PPM1F	1	chr22	1	chr22_MATERNAL	1	chr22_PATERNAL
DNAJB2	1	chr2	1	chr2_MATERNAL	1	chr2_PATERNAL
LRATD1	1	chr2	1	chr2_MATERNAL	1	chr2_PATERNAL
CELSR1	1	chr22	1	chr22_MATERNAL	1	chr22_PATERNAL
CDCA8	1	chr1	1	chr1_MATERNAL	1	chr1_PATERNAL
BRINP2	1	chr1	1	chr1_MATERNAL	1	chr1_PATERNAL
VPS26A	1	chr10	1	chr10_MATERNAL	1	chr10_PATERNAL
ZNF793	1	chr19	1	chr19_MATERNAL	1	chr19_PATERNAL
GLDC	1	chr9	1	chr9_MATERNAL	1	chr9_PATERNAL
PIR	1	chrX	1	chrX_MATERNAL	0	None
CKMT2	1	chr5	1	chr5_MATERNAL	1	chr5_PATERNAL
TPX2	1	chr20	1	chr20_MATERNAL	1	chr20_PATERNAL
OCLN	1	chr5	1	chr5_MATERNAL	1	chr5_PATERNAL
WDR81	1	chr17	1	chr17_MATERNAL	1	chr17_PATERNAL
PCDHGA2	1	chr5	1	chr5_MATERNAL	1	chr5_PATERNAL
RHOV	1	chr15	1	chr15_MATERNAL	1	chr15_PATERNAL
NEMP1	1	chr12	1	chr12_MATERNAL	1	chr12_PATERNAL
HYAL4	1	chr7	1	chr7_MATERNAL	1	chr7_PATERNAL
C3orf56	1	chr3	1	chr3_MATERNAL	1	chr3_PATERNAL
SPDYE12	1	chr7	1	chr7_MATERNAL	1	chr7_PATERNAL
RAB14	1	chr9	1	chr9_MATERNAL	1	chr9_PATERNAL
LOC105371932	1	chr17	1	chr17_MATERNAL	1	chr17_PATERNAL
GEN1	1	chr2	1	chr2_MATERNAL	1	chr2_PATERNAL
UTP23	1	chr8	1	chr8_MATERNAL	1	chr8_PATERNAL
VAPB	1	chr20	1	chr20_MATERNAL	1	chr20_PATERNAL
COQ8B	1	chr19	1	chr19_MATERNAL	1	chr19_PATERNAL
FAM25G	1	chr10	2	chr10_MATERNAL,chr10_MATERNAL	1	chr10_PATERNAL
SMAP1	1	chr6	1	chr6_MATERNAL	1	chr6_PATERNAL
SPDYE15	1	chr7	0	None	1	chr7_PATERNAL
SESN1	1	chr6	1	chr6_MATERNAL	1	chr6_PATERNAL
BATF	1	chr14	1	chr14_MATERNAL	1	chr14_PATERNAL
LIPJ	1	chr10	1	chr10_MATERNAL	1	chr10_PATERNAL
TAS2R60	1	chr7	1	chr7_MATERNAL	1	chr7_PATERNAL
S100A10	1	chr1	1	chr1_MATERNAL	1	chr1_PATERNAL
WASHC2A	1	chr10	1	chr10_MATERNAL	1	chr10_PATERNAL
OR5T3	1	chr11	1	chr11_MATERNAL	1	chr11_PATERNAL
IER2	1	chr19	1	chr19_MATERNAL	1	chr19_PATERNAL
YPEL5	1	chr2	1	chr2_MATERNAL	1	chr2_PATERNAL
PSMA5	1	chr1	1	chr1_MATERNAL	1	chr1_PATERNAL
DMGDH	1	chr5	1	chr5_MATERNAL	1	chr5_PATERNAL
CBX2	1	chr17	1	chr17_MATERNAL	1	chr17_PATERNAL
EZR	1	chr6	1	chr6_MATERNAL	1	chr6_PATERNAL
CPEB1	1	chr15	1	chr15_MATERNAL	1	chr15_PATERNAL
HTR1F	1	chr3	1	chr3_MATERNAL	1	chr3_PATERNAL
SIX1	1	chr14	1	chr14_MATERNAL	1	chr14_PATERNAL
OVOL1	1	chr11	1	chr11_MATERNAL	1	chr11_PATERNAL
CARF	1	chr2	1	chr2_MATERNAL	1	chr2_PATERNAL
B3GNT5	1	chr3	1	chr3_MATERNAL	1	chr3_PATERNAL
ZNF772	1	chr19	1	chr19_MATERNAL	1	chr19_PATERNAL
SRRM1	1	chr1	1	chr1_MATERNAL	1	chr1_PATERNAL
MMP1	1	chr11	1	chr11_MATERNAL	1	chr11_PATERNAL
C19orf85	1	chr19	1	chr19_MATERNAL	1	chr19_PATERNAL
XAGE1B	1	chrX	1	chrX_MATERNAL	0	None
ZBTB33	1	chrX	1	chrX_MATERNAL	0	None
RCSD1	1	chr1	1	chr1_MATERNAL	1	chr1_PATERNAL
NDUFS3	1	chr11	1	chr11_MATERNAL	1	chr11_PATERNAL
SLC1A2	1	chr11	1	chr11_MATERNAL	1	chr11_PATERNAL
MS4A6E	1	chr11	1	chr11_MATERNAL	1	chr11_PATERNAL
L3MBTL2	1	chr22	1	chr22_MATERNAL	1	chr22_PATERNAL
LY6K	1	chr8	1	chr8_MATERNAL	1	chr8_PATERNAL
GNAI2	1	chr3	1	chr3_MATERNAL	1	chr3_PATERNAL
STT3A	1	chr11	1	chr11_MATERNAL	1	chr11_PATERNAL
NCOR2	1	chr12	1	chr12_MATERNAL	1	chr12_PATERNAL
PPP1R13B	1	chr14	1	chr14_MATERNAL	1	chr14_PATERNAL
TMEM202	1	chr15	1	chr15_MATERNAL	1	chr15_PATERNAL
OR2B11	1	chr1	1	chr1_MATERNAL	1	chr1_PATERNAL
APCS	1	chr1	1	chr1_MATERNAL	1	chr1_PATERNAL
SH2D4B	1	chr10	1	chr10_MATERNAL	1	chr10_PATERNAL
LGSN	1	chr6	1	chr6_MATERNAL	1	chr6_PATERNAL
BCAT1	1	chr12	1	chr12_MATERNAL	1	chr12_PATERNAL
LIFR	1	chr5	1	chr5_MATERNAL	1	chr5_PATERNAL
GALNT2	1	chr1	1	chr1_MATERNAL	1	chr1_PATERNAL
PATJ	1	chr1	1	chr1_MATERNAL	1	chr1_PATERNAL
LOC124903151	1	chr13	1	chr13_MATERNAL	1	chr13_PATERNAL
ATP6V0E1	1	chr5	1	chr5_MATERNAL	1	chr5_PATERNAL
EPB41L1	1	chr20	1	chr20_MATERNAL	1	chr20_PATERNAL
LOC124903813	1	chr1	1	chr1_MATERNAL	1	chr1_PATERNAL
SLC25A35	1	chr17	1	chr17_MATERNAL	1	chr17_PATERNAL
LRPAP1	1	chr4	1	chr4_MATERNAL	1	chr4_PATERNAL
SYT1	1	chr12	1	chr12_MATERNAL	1	chr12_PATERNAL
DIP2A	1	chr21	1	chr21_MATERNAL	1	chr21_PATERNAL
C1orf68	1	chr1	1	chr1_MATERNAL	1	chr1_PATERNAL
TIGD6	1	chr5	1	chr5_MATERNAL	1	chr5_PATERNAL
CTSA	1	chr20	1	chr20_MATERNAL	1	chr20_PATERNAL
OR2A25	1	chr7	1	chr7_MATERNAL	1	chr7_PATERNAL
CLIC5	1	chr6	1	chr6_MATERNAL	1	chr6_PATERNAL
FAHD2B	1	chr2	1	chr2_MATERNAL	1	chr2_PATERNAL
TRIM16	1	chr17	1	chr17_MATERNAL	1	chr17_PATERNAL
COMTD1	1	chr10	1	chr10_MATERNAL	1	chr10_PATERNAL
KCNJ16	1	chr17	1	chr17_MATERNAL	1	chr17_PATERNAL
LEXM	1	chr1	1	chr1_MATERNAL	1	chr1_PATERNAL
NT5DC1	1	chr6	1	chr6_MATERNAL	1	chr6_PATERNAL
SMN1	1	chr5	1	chr5_MATERNAL	1	chr5_PATERNAL
CYP2F1	1	chr19	1	chr19_MATERNAL	1	chr19_PATERNAL
PRADC1	1	chr2	1	chr2_MATERNAL	1	chr2_PATERNAL
SAMD11	1	chr1	1	chr1_MATERNAL	1	chr1_PATERNAL
IDO1	1	chr8	1	chr8_MATERNAL	1	chr8_PATERNAL
OR56A4	1	chr11	1	chr11_MATERNAL	1	chr11_PATERNAL
TPH2	1	chr12	1	chr12_MATERNAL	1	chr12_PATERNAL
SRSF6	1	chr20	1	chr20_MATERNAL	1	chr20_PATERNAL
CFAP95	1	chr9	1	chr9_MATERNAL	1	chr9_PATERNAL
TMEM126B	1	chr11	1	chr11_MATERNAL	1	chr11_PATERNAL
CDCA4	1	chr14	1	chr14_MATERNAL	1	chr14_PATERNAL
CSF1	1	chr1	1	chr1_MATERNAL	1	chr1_PATERNAL
TRMT11	1	chr6	1	chr6_MATERNAL	1	chr6_PATERNAL
SNAP47	1	chr1	1	chr1_MATERNAL	1	chr1_PATERNAL
LOC102724200	1	chr21	1	chr21_MATERNAL	1	chr21_PATERNAL
KCTD19	1	chr16	1	chr16_MATERNAL	1	chr16_PATERNAL
ACTR6	1	chr12	1	chr12_MATERNAL	1	chr12_PATERNAL
ALAD	1	chr9	1	chr9_MATERNAL	1	chr9_PATERNAL
ARHGAP19	1	chr10	1	chr10_MATERNAL	1	chr10_PATERNAL
MAZ	1	chr16	1	chr16_MATERNAL	1	chr16_PATERNAL
PRIM1	1	chr12	1	chr12_MATERNAL	1	chr12_PATERNAL
RPS6KA4	1	chr11	1	chr11_MATERNAL	1	chr11_PATERNAL
ZNF621	1	chr3	1	chr3_MATERNAL	1	chr3_PATERNAL
CNGB3	1	chr8	1	chr8_MATERNAL	1	chr8_PATERNAL
NCAM1	1	chr11	1	chr11_MATERNAL	1	chr11_PATERNAL
NAPRT	1	chr8	1	chr8_MATERNAL	1	chr8_PATERNAL
RNF217	1	chr6	1	chr6_MATERNAL	1	chr6_PATERNAL
LOC124902738	1	chr7	1	chr11_MATERNAL	1	chr11_PATERNAL
MEGF10	1	chr5	1	chr5_MATERNAL	1	chr5_PATERNAL
KCTD4	1	chr13	1	chr13_MATERNAL	1	chr13_PATERNAL
CYP4F3	1	chr19	1	chr19_MATERNAL	1	chr19_PATERNAL
ZNF354A	1	chr5	1	chr5_MATERNAL	1	chr5_PATERNAL
EXOC6B	1	chr2	1	chr2_MATERNAL	1	chr2_PATERNAL
TRIM6-TRIM34	1	chr11	1	chr11_MATERNAL	1	chr11_PATERNAL
FTH1	1	chr11	1	chr11_MATERNAL	1	chr11_PATERNAL
WNK4	1	chr17	1	chr17_MATERNAL	1	chr17_PATERNAL
ERO1A	1	chr14	1	chr14_MATERNAL	1	chr14_PATERNAL
SHF	1	chr15	1	chr15_MATERNAL	1	chr15_PATERNAL
TEX13A	1	chrX	1	chrX_MATERNAL	0	None
ZFP37	1	chr9	1	chr9_MATERNAL	1	chr9_PATERNAL
OSTC	1	chr4	1	chr4_MATERNAL	1	chr4_PATERNAL
PDCD4	1	chr10	1	chr10_MATERNAL	1	chr10_PATERNAL
GNAZ	1	chr22	1	chr22_MATERNAL	1	chr22_PATERNAL
KHK	1	chr2	1	chr2_MATERNAL	1	chr2_PATERNAL
SERTAD2	1	chr2	1	chr2_MATERNAL	1	chr2_PATERNAL
PPDPF	1	chr20	1	chr20_MATERNAL	1	chr20_PATERNAL
VEGFC	1	chr4	1	chr4_MATERNAL	1	chr4_PATERNAL
OR4C46	1	chr11	1	chr11_MATERNAL	1	chr11_PATERNAL
ANKRD10	1	chr13	1	chr13_MATERNAL	1	chr13_PATERNAL
ABHD14A-ACY1	1	chr3	1	chr3_MATERNAL	1	chr3_PATERNAL
RXFP4	1	chr1	1	chr1_MATERNAL	1	chr1_PATERNAL
CCDC32	1	chr15	1	chr15_MATERNAL	1	chr15_PATERNAL
PHLDA3	1	chr1	1	chr1_MATERNAL	1	chr1_PATERNAL
PLA2G4A	1	chr1	1	chr1_MATERNAL	1	chr1_PATERNAL
QKI	1	chr6	1	chr6_MATERNAL	1	chr6_PATERNAL
UBE2Q2	1	chr15	1	chr15_MATERNAL	1	chr15_PATERNAL
CYP26A1	1	chr10	1	chr10_MATERNAL	1	chr10_PATERNAL
HCCS	1	chrX	1	chrX_MATERNAL	0	None
GTF3C5	1	chr9	1	chr9_MATERNAL	1	chr9_PATERNAL
MRPS5	1	chr2	1	chr2_MATERNAL	1	chr2_PATERNAL
ICE2	1	chr15	1	chr15_MATERNAL	1	chr15_PATERNAL
TEX49	1	chr12	1	chr12_MATERNAL	1	chr12_PATERNAL
ARHGAP11B	1	chr15	1	chr15_MATERNAL	1	chr15_PATERNAL
AHNAK2	1	chr14	1	chr14_MATERNAL	1	chr14_PATERNAL
TGIF1	1	chr18	1	chr18_MATERNAL	1	chr18_PATERNAL
RPAP1	1	chr15	1	chr15_MATERNAL	1	chr15_PATERNAL
POLR1D	1	chr13	1	chr13_MATERNAL	1	chr13_PATERNAL
PDZRN4	1	chr12	1	chr12_MATERNAL	1	chr12_PATERNAL
DHDDS	1	chr1	1	chr1_MATERNAL	1	chr1_PATERNAL
MAP3K15	1	chrX	1	chrX_MATERNAL	0	None
DPH3	1	chr3	1	chr3_MATERNAL	1	chr3_PATERNAL
RET	1	chr10	1	chr10_MATERNAL	1	chr10_PATERNAL
OR2M4	1	chr1	1	chr1_MATERNAL	1	chr1_PATERNAL
DHRS7	1	chr14	1	chr14_MATERNAL	1	chr14_PATERNAL
LY6S	0	None	1	chr8_MATERNAL	1	chr8_PATERNAL
CD163	1	chr12	1	chr12_MATERNAL	1	chr12_PATERNAL
FITM1	1	chr14	1	chr14_MATERNAL	1	chr14_PATERNAL
ZNF205	1	chr16	1	chr16_MATERNAL	1	chr16_PATERNAL
KCNK2	1	chr1	1	chr1_MATERNAL	1	chr1_PATERNAL
OR1I1	1	chr19	1	chr19_MATERNAL	1	chr19_PATERNAL
C1S	1	chr12	1	chr12_MATERNAL	1	chr12_PATERNAL
STXBP5L	1	chr3	1	chr3_MATERNAL	1	chr3_PATERNAL
PPP1R12B	1	chr1	1	chr1_MATERNAL	1	chr1_PATERNAL
TEX54	1	chr11	1	chr11_MATERNAL	1	chr11_PATERNAL
ERCC4	1	chr16	1	chr16_MATERNAL	1	chr16_PATERNAL
SKIDA1	1	chr10	1	chr10_MATERNAL	1	chr10_PATERNAL
ANAPC10	1	chr4	1	chr4_MATERNAL	1	chr4_PATERNAL
FXYD6-FXYD2	1	chr11	1	chr11_MATERNAL	1	chr11_PATERNAL
OR4C15	1	chr11	1	chr11_MATERNAL	1	chr11_PATERNAL
SLC9A7	1	chrX	1	chrX_MATERNAL	0	None
CBFA2T2	1	chr20	1	chr20_MATERNAL	1	chr20_PATERNAL
CCN2	1	chr6	1	chr6_MATERNAL	1	chr6_PATERNAL
MAGEF1	1	chr3	1	chr3_MATERNAL	1	chr3_PATERNAL
COX7B2	1	chr4	1	chr4_MATERNAL	1	chr4_PATERNAL
SLX4IP	1	chr20	1	chr20_MATERNAL	1	chr20_PATERNAL
GPNMB	1	chr7	1	chr7_MATERNAL	1	chr7_PATERNAL
TOP1MT	1	chr8	1	chr8_MATERNAL	1	chr8_PATERNAL
NPHP3	1	chr3	1	chr3_MATERNAL	1	chr3_PATERNAL
ECI1	1	chr16	1	chr16_MATERNAL	1	chr16_PATERNAL
KRTAP1-4	1	chr17	1	chr17_MATERNAL	1	chr17_PATERNAL
ASDURF	1	chr2	1	chr2_MATERNAL	1	chr2_PATERNAL
GAPDH	1	chr12	1	chr12_MATERNAL	1	chr12_PATERNAL
NCOA5	1	chr20	1	chr20_MATERNAL	1	chr20_PATERNAL
ABCD2	1	chr12	1	chr12_MATERNAL	1	chr12_PATERNAL
COTL1	1	chr16	1	chr16_MATERNAL	1	chr16_PATERNAL
FAM124A	1	chr13	1	chr13_MATERNAL	1	chr13_PATERNAL
FABP9	1	chr8	1	chr8_MATERNAL	1	chr8_PATERNAL
CDX4	1	chrX	1	chrX_MATERNAL	0	None
ASTN1	1	chr1	1	chr1_MATERNAL	1	chr1_PATERNAL
C6orf163	1	chr6	1	chr6_MATERNAL	1	chr6_PATERNAL
OR6B2	1	chr2	1	chr2_MATERNAL	1	chr2_PATERNAL
TPD52	1	chr8	1	chr8_MATERNAL	1	chr8_PATERNAL
ALKBH6	1	chr19	1	chr19_MATERNAL	1	chr19_PATERNAL
ADD1	1	chr4	1	chr4_MATERNAL	1	chr4_PATERNAL
BPY2C	1	chrY	0	None	1	chrY_PATERNAL
HID1	1	chr17	1	chr17_MATERNAL	1	chr17_PATERNAL
ZNF81	1	chrX	1	chrX_MATERNAL	0	None
MREG	1	chr2	1	chr2_MATERNAL	1	chr2_PATERNAL
SAXO1	1	chr9	1	chr9_MATERNAL	1	chr9_PATERNAL
GLI3	1	chr7	1	chr7_MATERNAL	1	chr7_PATERNAL
CHEK2	1	chr22	1	chr22_MATERNAL	1	chr22_PATERNAL
C5orf24	1	chr5	1	chr5_MATERNAL	1	chr5_PATERNAL
GZMA	1	chr5	1	chr5_MATERNAL	1	chr5_PATERNAL
MAN2A2	1	chr15	1	chr15_MATERNAL	1	chr15_PATERNAL
UBQLN1	1	chr9	1	chr9_MATERNAL	1	chr9_PATERNAL
CENPN	1	chr16	1	chr16_MATERNAL	1	chr16_PATERNAL
ADAM20	1	chr14	1	chr14_MATERNAL	1	chr14_PATERNAL
UNC79	1	chr14	1	chr14_MATERNAL	1	chr14_PATERNAL
SPIN2A	1	chrX	1	chrX_MATERNAL	0	None
TEX101	1	chr19	1	chr19_MATERNAL	1	chr19_PATERNAL
GBF1	1	chr10	1	chr10_MATERNAL	1	chr10_PATERNAL
TBC1D3H	1	chr17	1	chr17_MATERNAL	1	chr17_PATERNAL
PTPRM	1	chr18	1	chr18_MATERNAL	1	chr18_PATERNAL
UBA1	1	chrX	1	chrX_MATERNAL	0	None
GGTLC1	1	chr20	1	chr20_MATERNAL	1	chr20_PATERNAL
OR51B5	1	chr11	1	chr11_MATERNAL	1	chr11_PATERNAL
ARID3C	1	chr9	1	chr9_MATERNAL	1	chr9_PATERNAL
PLPP7	1	chr9	1	chr9_MATERNAL	1	chr9_PATERNAL
PCDHB6	1	chr5	1	chr5_MATERNAL	1	chr5_PATERNAL
RGS11	1	chr16	1	chr16_MATERNAL	1	chr16_PATERNAL
ESF1	1	chr20	1	chr20_MATERNAL	1	chr20_PATERNAL
LOC124904461	1	chr1	1	chr1_MATERNAL	1	chr1_PATERNAL
TAF11L11	1	chr5	1	chr5_MATERNAL	1	chr5_PATERNAL
DNTTIP1	1	chr20	1	chr20_MATERNAL	1	chr20_PATERNAL
RNASEK	1	chr17	1	chr17_MATERNAL	1	chr17_PATERNAL
IL1A	1	chr2	1	chr2_MATERNAL	1	chr2_PATERNAL
SLC28A3	1	chr9	1	chr9_MATERNAL	1	chr9_PATERNAL
STRC	1	chr15	1	chr15_MATERNAL	1	chr15_PATERNAL
COL11A2	1	chr6	1	chr6_MATERNAL	1	chr6_PATERNAL
PGPEP1	1	chr19	1	chr19_MATERNAL	1	chr19_PATERNAL
RAC1	1	chr7	1	chr7_MATERNAL	1	chr7_PATERNAL
STAP1	1	chr4	1	chr4_MATERNAL	1	chr4_PATERNAL
ADAM21	1	chr14	1	chr14_MATERNAL	1	chr14_PATERNAL
KCNK17	1	chr6	1	chr6_MATERNAL	1	chr6_PATERNAL
PHOSPHO1	1	chr17	1	chr17_MATERNAL	1	chr17_PATERNAL
PGPEP1L	1	chr15	1	chr15_MATERNAL	1	chr15_PATERNAL
HSD17B7	1	chr1	1	chr1_MATERNAL	1	chr1_PATERNAL
EHMT2	1	chr6	1	chr6_MATERNAL	1	chr6_PATERNAL
NUGGC	1	chr8	1	chr8_MATERNAL	1	chr8_PATERNAL
RASSF9	1	chr12	1	chr12_MATERNAL	1	chr12_PATERNAL
GATAD1	1	chr7	1	chr7_MATERNAL	1	chr7_PATERNAL
CEP128	1	chr14	1	chr14_MATERNAL	1	chr14_PATERNAL
SPCS2	1	chr11	1	chr11_MATERNAL	1	chr11_PATERNAL
ENPP7	1	chr17	1	chr17_MATERNAL	1	chr17_PATERNAL
HHAT	1	chr1	1	chr1_MATERNAL	1	chr1_PATERNAL
ZNF93	1	chr19	1	chr19_MATERNAL	1	chr19_PATERNAL
VPS25	1	chr17	1	chr17_MATERNAL	1	chr17_PATERNAL
NDUFC2	1	chr11	1	chr11_MATERNAL	1	chr11_PATERNAL
OR1F1	1	chr16	1	chr16_MATERNAL	1	chr16_PATERNAL
LSMEM2	1	chr3	1	chr3_MATERNAL	1	chr3_PATERNAL
SLC9C1	1	chr3	1	chr3_MATERNAL	1	chr3_PATERNAL
ING3	1	chr7	1	chr7_MATERNAL	1	chr7_PATERNAL
DEFB1	1	chr8	1	chr8_MATERNAL	1	chr8_PATERNAL
SPRYD7	1	chr13	1	chr13_MATERNAL	1	chr13_PATERNAL
MDGA2	1	chr14	1	chr14_MATERNAL	1	chr14_PATERNAL
WDR61	1	chr15	1	chr15_MATERNAL	1	chr15_PATERNAL
DOCK4	1	chr7	1	chr7_MATERNAL	1	chr7_PATERNAL
USO1	1	chr4	1	chr4_MATERNAL	1	chr4_PATERNAL
TRIM34	1	chr11	1	chr11_MATERNAL	1	chr11_PATERNAL
ZNF350	1	chr19	1	chr19_MATERNAL	1	chr19_PATERNAL
YJU2B	1	chr19	1	chr19_MATERNAL	1	chr19_PATERNAL
GRIN3A	1	chr9	1	chr9_MATERNAL	1	chr9_PATERNAL
GALR1	1	chr18	1	chr18_MATERNAL	1	chr18_PATERNAL
CALHM2	1	chr10	1	chr10_MATERNAL	1	chr10_PATERNAL
FHL5	1	chr6	1	chr6_MATERNAL	1	chr6_PATERNAL
LOC124902106	1	chr9	1	chr9_MATERNAL	1	chr9_PATERNAL
ZP1	1	chr11	1	chr11_MATERNAL	1	chr11_PATERNAL
DLD	1	chr7	1	chr7_MATERNAL	1	chr7_PATERNAL
KMT2D	1	chr12	1	chr12_MATERNAL	1	chr12_PATERNAL
SLC36A1	1	chr5	1	chr5_MATERNAL	1	chr5_PATERNAL
C6orf52	1	chr6	1	chr6_MATERNAL	1	chr6_PATERNAL
LOC124901228	1	chr6	1	chr6_MATERNAL	1	chr6_PATERNAL
LOC124904253	1	chr18	1	chr18_MATERNAL	1	chr18_PATERNAL
ATIC	1	chr2	1	chr2_MATERNAL	1	chr2_PATERNAL
NDUFB8	1	chr10	1	chr10_MATERNAL	1	chr10_PATERNAL
CCDC116	1	chr22	1	chr22_MATERNAL	1	chr22_PATERNAL
MTUS1	1	chr8	1	chr8_MATERNAL	1	chr8_PATERNAL
TAX1BP1	1	chr7	1	chr7_MATERNAL	1	chr7_PATERNAL
MRPL53	1	chr2	1	chr2_MATERNAL	1	chr2_PATERNAL
SIAH3	1	chr13	1	chr13_MATERNAL	1	chr13_PATERNAL
AKTIP	1	chr16	1	chr16_MATERNAL	1	chr16_PATERNAL
CYP39A1	1	chr6	1	chr6_MATERNAL	1	chr6_PATERNAL
SCAF1	1	chr19	1	chr19_MATERNAL	1	chr19_PATERNAL
MS4A3	1	chr11	1	chr11_MATERNAL	1	chr11_PATERNAL
HYOU1	1	chr11	1	chr11_MATERNAL	1	chr11_PATERNAL
LAPTM4B	1	chr8	1	chr8_MATERNAL	1	chr8_PATERNAL
PCDHA6	1	chr5	1	chr5_MATERNAL	1	chr5_PATERNAL
JDP2	1	chr14	1	chr14_MATERNAL	1	chr14_PATERNAL
NAA50	1	chr3	1	chr3_MATERNAL	1	chr3_PATERNAL
ADAM2	1	chr8	1	chr8_MATERNAL	1	chr8_PATERNAL
GPR183	1	chr13	1	chr13_MATERNAL	1	chr13_PATERNAL
HINT3	1	chr6	1	chr6_MATERNAL	1	chr6_PATERNAL
SLC35G6	1	chr17	1	chr17_MATERNAL	1	chr17_PATERNAL
PLEKHM3	1	chr2	1	chr2_MATERNAL	1	chr2_PATERNAL
SLC2A11	1	chr22	1	chr22_MATERNAL	1	chr22_PATERNAL
SIPA1L3	1	chr19	1	chr19_MATERNAL	1	chr19_PATERNAL
ACER3	1	chr11	1	chr11_MATERNAL	1	chr11_PATERNAL
FEZ1	1	chr11	1	chr11_MATERNAL	1	chr11_PATERNAL
PSMA7	1	chr20	1	chr20_MATERNAL	1	chr20_PATERNAL
DCHS2	1	chr4	1	chr4_MATERNAL	1	chr4_PATERNAL
MLKL	1	chr16	1	chr16_MATERNAL	1	chr16_PATERNAL
LRCOL1	1	chr12	1	chr12_MATERNAL	1	chr12_PATERNAL
PDLIM5	1	chr4	1	chr4_MATERNAL	1	chr4_PATERNAL
FZD9	1	chr7	1	chr7_MATERNAL	1	chr7_PATERNAL
PER3	1	chr1	1	chr1_MATERNAL	1	chr1_PATERNAL
ADRB1	1	chr10	1	chr10_MATERNAL	1	chr10_PATERNAL
SNX22	1	chr15	1	chr15_MATERNAL	1	chr15_PATERNAL
RPS15	1	chr19	1	chr19_MATERNAL	1	chr19_PATERNAL
GET4	1	chr7	1	chr7_MATERNAL	1	chr7_PATERNAL
ZNF714	1	chr19	1	chr19_MATERNAL	1	chr19_PATERNAL
ZNF626	1	chr19	1	chr19_MATERNAL	1	chr19_PATERNAL
CFAP20	1	chr16	1	chr16_MATERNAL	1	chr16_PATERNAL
SNRK	1	chr3	1	chr3_MATERNAL	1	chr3_PATERNAL
TDGF1	1	chr3	1	chr3_MATERNAL	1	chr3_PATERNAL
CHST15	1	chr10	1	chr10_MATERNAL	1	chr10_PATERNAL
BSX	1	chr11	1	chr11_MATERNAL	1	chr11_PATERNAL
WDR41	1	chr5	1	chr5_MATERNAL	1	chr5_PATERNAL
SETD1A	1	chr16	1	chr16_MATERNAL	1	chr16_PATERNAL
SAFB2	1	chr19	1	chr19_MATERNAL	1	chr19_PATERNAL
FKBP11	1	chr12	1	chr12_MATERNAL	1	chr12_PATERNAL
KRTAP3-3	1	chr17	1	chr17_MATERNAL	1	chr17_PATERNAL
ESAM	1	chr11	1	chr11_MATERNAL	1	chr11_PATERNAL
GNAT2	1	chr1	1	chr1_MATERNAL	1	chr1_PATERNAL
CNOT3	1	chr19	1	chr19_MATERNAL	1	chr19_PATERNAL
KY	1	chr3	1	chr3_MATERNAL	1	chr3_PATERNAL
RASSF3	1	chr12	1	chr12_MATERNAL	1	chr12_PATERNAL
TEX28	1	chrX	1	chrX_MATERNAL	0	None
CRELD2	1	chr22	1	chr22_MATERNAL	1	chr22_PATERNAL
KRTAP10-3	1	chr21	1	chr21_MATERNAL	1	chr21_PATERNAL
CREG1	1	chr1	1	chr1_MATERNAL	1	chr1_PATERNAL
DAGLB	1	chr7	1	chr7_MATERNAL	1	chr7_PATERNAL
ELK4	1	chr1	1	chr1_MATERNAL	1	chr1_PATERNAL
OR6M1	1	chr11	1	chr11_MATERNAL	1	chr11_PATERNAL
OR13F1	1	chr9	1	chr9_MATERNAL	1	chr9_PATERNAL
SPATA2	1	chr20	1	chr20_MATERNAL	1	chr20_PATERNAL
BTN3A2	1	chr6	1	chr6_MATERNAL	1	chr6_PATERNAL
LRRC28	1	chr15	1	chr15_MATERNAL	1	chr15_PATERNAL
MARCKSL1	1	chr1	1	chr1_MATERNAL	1	chr1_PATERNAL
LOC107984203	1	chr10	1	chr10_MATERNAL	1	chr10_PATERNAL
SIGLECL1	1	chr19	1	chr19_MATERNAL	1	chr19_PATERNAL
MUC22	1	chr6	1	chr6_MATERNAL	1	chr6_PATERNAL
PPARD	1	chr6	1	chr6_MATERNAL	1	chr6_PATERNAL
NDUFC1	1	chr4	1	chr4_MATERNAL	1	chr4_PATERNAL
OR5L1	1	chr11	1	chr11_MATERNAL	1	chr11_PATERNAL
CIB1	1	chr15	1	chr15_MATERNAL	1	chr15_PATERNAL
LOC124904951	1	chr20	1	chr20_MATERNAL	1	chr20_PATERNAL
CCNK	1	chr14	1	chr14_MATERNAL	1	chr14_PATERNAL
ASCC3	1	chr6	1	chr6_MATERNAL	1	chr6_PATERNAL
PCDHB12	1	chr5	1	chr5_MATERNAL	1	chr5_PATERNAL
FAM221A	1	chr7	1	chr7_MATERNAL	1	chr7_PATERNAL
IFNA5	1	chr9	1	chr9_MATERNAL	1	chr9_PATERNAL
LRBA	1	chr4	1	chr4_MATERNAL	1	chr4_PATERNAL
VEPH1	1	chr3	1	chr3_MATERNAL	1	chr3_PATERNAL
NEMP2	1	chr2	1	chr2_MATERNAL	1	chr2_PATERNAL
TGFA	1	chr2	1	chr2_MATERNAL	1	chr2_PATERNAL
FAM219A	1	chr9	1	chr9_MATERNAL	1	chr9_PATERNAL
MYOZ3	1	chr5	1	chr5_MATERNAL	1	chr5_PATERNAL
KCNC1	1	chr11	1	chr11_MATERNAL	1	chr11_PATERNAL
GDF6	1	chr8	1	chr8_MATERNAL	1	chr8_PATERNAL
HABP4	1	chr9	1	chr9_MATERNAL	1	chr9_PATERNAL
ATP6V1C1	1	chr8	1	chr8_MATERNAL	1	chr8_PATERNAL
RAB3A	1	chr19	1	chr19_MATERNAL	1	chr19_PATERNAL
PLAC8L1	1	chr5	1	chr5_MATERNAL	1	chr5_PATERNAL
CCNE1	1	chr19	1	chr19_MATERNAL	1	chr19_PATERNAL
SLC32A1	1	chr20	1	chr20_MATERNAL	1	chr20_PATERNAL
PRR16	1	chr5	1	chr5_MATERNAL	1	chr5_PATERNAL
OR2A1	1	chr7	3	chr7_MATERNAL,chr7_MATERNAL,chr7_MATERNAL	4	chr7_PATERNAL,chr7_PATERNAL,chr7_PATERNAL,chr7_PATERNAL
HNMT	1	chr2	1	chr2_MATERNAL	1	chr2_PATERNAL
NVL	1	chr1	1	chr1_MATERNAL	1	chr1_PATERNAL
LUZP2	1	chr11	1	chr11_MATERNAL	1	chr11_PATERNAL
MLLT10	1	chr10	1	chr10_MATERNAL	1	chr10_PATERNAL
DIAPH3	1	chr13	1	chr13_MATERNAL	1	chr13_PATERNAL
SLC49A3	1	chr4	1	chr4_MATERNAL	1	chr4_PATERNAL
CYP2A7	1	chr19	1	chr19_MATERNAL	1	chr19_PATERNAL
LOC107986375	1	chr5	1	chr5_MATERNAL	1	chr5_PATERNAL
PGS1	1	chr17	1	chr17_MATERNAL	1	chr17_PATERNAL
MTLN	1	chr2	1	chr2_MATERNAL	1	chr2_PATERNAL
PBK	1	chr8	1	chr8_MATERNAL	1	chr8_PATERNAL
BSPH1	1	chr19	1	chr19_MATERNAL	1	chr19_PATERNAL
IL10	1	chr1	1	chr1_MATERNAL	1	chr1_PATERNAL
TXNDC2	1	chr18	1	chr18_MATERNAL	1	chr18_PATERNAL
BNC2	1	chr9	1	chr9_MATERNAL	1	chr9_PATERNAL
NUCKS1	1	chr1	1	chr1_MATERNAL	1	chr1_PATERNAL
LOC124904409	1	chr1	1	chr1_MATERNAL	1	chr1_PATERNAL
DCUN1D3	1	chr16	1	chr16_MATERNAL	1	chr16_PATERNAL
SLC44A1	1	chr9	1	chr9_MATERNAL	1	chr9_PATERNAL
SERPINB9	1	chr6	1	chr6_MATERNAL	1	chr6_PATERNAL
MAFK	1	chr7	1	chr7_MATERNAL	1	chr7_PATERNAL
BCL7A	1	chr12	1	chr12_MATERNAL	1	chr12_PATERNAL
VPS16	1	chr20	1	chr20_MATERNAL	1	chr20_PATERNAL
CDH17	1	chr8	1	chr8_MATERNAL	1	chr8_PATERNAL
FGF5	1	chr4	1	chr4_MATERNAL	1	chr4_PATERNAL
CBY1	1	chr22	1	chr22_MATERNAL	1	chr22_PATERNAL
ZIC5	1	chr13	1	chr13_MATERNAL	1	chr13_PATERNAL
BLMH	1	chr17	1	chr17_MATERNAL	1	chr17_PATERNAL
TAF1	1	chrX	1	chrX_MATERNAL	0	None
LOC101929601	8	chr8,chr8,chr8,chr8,chr8,chr8,chr8,chr8	10	chr8_MATERNAL,chr8_MATERNAL,chr8_MATERNAL,chr8_MATERNAL,chr8_MATERNAL,chr8_MATERNAL,chr8_MATERNAL,chr8_MATERNAL,chr8_MATERNAL,chr8_MATERNAL	8	chr8_PATERNAL,chr8_PATERNAL,chr8_PATERNAL,chr8_PATERNAL,chr8_PATERNAL,chr8_PATERNAL,chr8_PATERNAL,chr8_PATERNAL
DEFA3	1	chr8	1	chr8_MATERNAL	1	chr8_PATERNAL
EIF2S2	1	chr20	1	chr20_MATERNAL	1	chr20_PATERNAL
CLCA1	1	chr1	1	chr1_MATERNAL	1	chr1_PATERNAL
ZBTB32	1	chr19	1	chr19_MATERNAL	1	chr19_PATERNAL
MS4A1	1	chr11	1	chr11_MATERNAL	1	chr11_PATERNAL
GAGE10	1	chrX	1	chrX_MATERNAL	0	None
CEBPZOS	1	chr2	1	chr2_MATERNAL	1	chr2_PATERNAL
MFSD8	1	chr4	1	chr4_MATERNAL	1	chr4_PATERNAL
MBD3	1	chr19	1	chr19_MATERNAL	1	chr19_PATERNAL
FAM86B2	1	chr8	1	chr8_MATERNAL	1	chr8_PATERNAL
CA1	1	chr8	1	chr8_MATERNAL	1	chr8_PATERNAL
SMOX	1	chr20	1	chr20_MATERNAL	1	chr20_PATERNAL
CHRND	1	chr2	1	chr2_MATERNAL	1	chr2_PATERNAL
ZBTB41	1	chr1	1	chr1_MATERNAL	1	chr1_PATERNAL
ARMH4	1	chr14	1	chr14_MATERNAL	1	chr14_PATERNAL
CATSPERE	1	chr1	1	chr1_MATERNAL	1	chr1_PATERNAL
PINK1	1	chr1	1	chr1_MATERNAL	1	chr1_PATERNAL
SRSF12	1	chr6	1	chr6_MATERNAL	1	chr6_PATERNAL
OR8U9	0	None	1	chr11_MATERNAL	1	chr11_PATERNAL
HAS1	1	chr19	1	chr19_MATERNAL	1	chr19_PATERNAL
MAP1LC3B	1	chr16	1	chr16_MATERNAL	1	chr16_PATERNAL
CRTC1	1	chr19	1	chr19_MATERNAL	1	chr19_PATERNAL
NOP9	1	chr14	1	chr14_MATERNAL	1	chr14_PATERNAL
SEMA3F	1	chr3	1	chr3_MATERNAL	1	chr3_PATERNAL
ATP6V1G2	1	chr6	1	chr6_MATERNAL	1	chr6_PATERNAL
LONP2	1	chr16	1	chr16_MATERNAL	1	chr16_PATERNAL
FUBP1	1	chr1	1	chr1_MATERNAL	1	chr1_PATERNAL
C10orf90	1	chr10	1	chr10_MATERNAL	1	chr10_PATERNAL
RELCH	1	chr18	1	chr18_MATERNAL	1	chr18_PATERNAL
MPP4	1	chr2	1	chr2_MATERNAL	1	chr2_PATERNAL
JMJD7	1	chr15	1	chr15_MATERNAL	1	chr15_PATERNAL
MROH2B	1	chr5	1	chr5_MATERNAL	1	chr5_PATERNAL
LOC124902363	1	chr10	1	chr10_MATERNAL	1	chr10_PATERNAL
SORD	1	chr15	1	chr15_MATERNAL	1	chr15_PATERNAL
IGFBP4	1	chr17	1	chr17_MATERNAL	1	chr17_PATERNAL
OSBPL10	1	chr3	1	chr3_MATERNAL	1	chr3_PATERNAL
PRAC2	1	chr17	1	chr17_MATERNAL	1	chr17_PATERNAL
CACNA2D1	1	chr7	1	chr7_MATERNAL	1	chr7_PATERNAL
WSCD1	1	chr17	1	chr17_MATERNAL	1	chr17_PATERNAL
FAM117A	1	chr17	1	chr17_MATERNAL	1	chr17_PATERNAL
ADAMTS12	1	chr5	1	chr5_MATERNAL	1	chr5_PATERNAL
POLR2K	1	chr8	1	chr8_MATERNAL	1	chr8_PATERNAL
ZNF185	1	chrX	1	chrX_MATERNAL	0	None
BPI	1	chr20	1	chr20_MATERNAL	1	chr20_PATERNAL
EAPP	1	chr14	1	chr14_MATERNAL	1	chr14_PATERNAL
BTBD6	1	chr14	1	chr14_MATERNAL	1	chr14_PATERNAL
WFS1	1	chr4	1	chr4_MATERNAL	1	chr4_PATERNAL
ZNF716	1	chr7	1	chr7_MATERNAL	1	chr7_PATERNAL
COPG2	1	chr7	1	chr7_MATERNAL	1	chr7_PATERNAL
PANK2	1	chr20	1	chr20_MATERNAL	1	chr20_PATERNAL
TYW5	1	chr2	1	chr2_MATERNAL	1	chr2_PATERNAL
RPS18	1	chr6	1	chr6_MATERNAL	1	chr6_PATERNAL
TAC3	1	chr12	1	chr12_MATERNAL	1	chr12_PATERNAL
GPR52	1	chr1	1	chr1_MATERNAL	1	chr1_PATERNAL
CMC1	1	chr3	1	chr3_MATERNAL	1	chr3_PATERNAL
VKORC1	1	chr16	1	chr16_MATERNAL	1	chr16_PATERNAL
ANKIB1	1	chr7	1	chr7_MATERNAL	1	chr7_PATERNAL
CBWD6	1	chr9	1	chr9_MATERNAL	1	chr9_PATERNAL
DISP1	1	chr1	1	chr1_MATERNAL	1	chr1_PATERNAL
C5orf46	1	chr5	1	chr5_MATERNAL	1	chr5_PATERNAL
VPS28	1	chr8	1	chr8_MATERNAL	1	chr8_PATERNAL
OXCT1	1	chr5	1	chr5_MATERNAL	1	chr5_PATERNAL
FAM214B	1	chr9	1	chr9_MATERNAL	1	chr9_PATERNAL
SLC34A1	1	chr5	1	chr5_MATERNAL	1	chr5_PATERNAL
LOC124904106	1	chr17	1	chr17_MATERNAL	1	chr17_PATERNAL
PRKACG	1	chr9	1	chr9_MATERNAL	1	chr9_PATERNAL
EVC	1	chr4	1	chr4_MATERNAL	1	chr4_PATERNAL
PDZD4	1	chrX	1	chrX_MATERNAL	0	None
HECW1	1	chr7	1	chr7_MATERNAL	1	chr7_PATERNAL
BCAR1	1	chr16	1	chr16_MATERNAL	1	chr16_PATERNAL
LCK	1	chr1	1	chr1_MATERNAL	1	chr1_PATERNAL
CCPG1	1	chr15	1	chr15_MATERNAL	1	chr15_PATERNAL
GKN2	1	chr2	1	chr2_MATERNAL	1	chr2_PATERNAL
AVL9	1	chr7	1	chr7_MATERNAL	1	chr7_PATERNAL
ELK1	1	chrX	1	chrX_MATERNAL	0	None
LOC124901803	1	chr7	1	chr7_MATERNAL	1	chr7_PATERNAL
LYG1	1	chr2	1	chr2_MATERNAL	1	chr2_PATERNAL
C3orf84	1	chr3	1	chr3_MATERNAL	1	chr3_PATERNAL
HMBS	1	chr11	1	chr11_MATERNAL	1	chr11_PATERNAL
MME	1	chr3	1	chr3_MATERNAL	1	chr3_PATERNAL
LOC124904331	1	chr18	1	chr18_MATERNAL	1	chr18_PATERNAL
FAM72D	1	chr1	1	chr1_MATERNAL	1	chr1_PATERNAL
PADI6	1	chr1	1	chr1_MATERNAL	1	chr1_PATERNAL
PCYT1B	1	chrX	1	chrX_MATERNAL	0	None
CDK1	1	chr10	1	chr10_MATERNAL	1	chr10_PATERNAL
PRR23B	1	chr3	1	chr3_MATERNAL	1	chr3_PATERNAL
ADAM10	1	chr15	1	chr15_MATERNAL	1	chr15_PATERNAL
GFI1B	1	chr9	1	chr9_MATERNAL	1	chr9_PATERNAL
SH3BP5L	1	chr1	1	chr1_MATERNAL	1	chr1_PATERNAL
BMP15	1	chrX	1	chrX_MATERNAL	0	None
RCL1	1	chr9	1	chr9_MATERNAL	1	chr9_PATERNAL
LMF2	1	chr22	1	chr22_MATERNAL	1	chr22_PATERNAL
GPX4	1	chr19	1	chr19_MATERNAL	1	chr19_PATERNAL
GLE1	1	chr9	1	chr9_MATERNAL	1	chr9_PATERNAL
ELAVL2	1	chr9	1	chr9_MATERNAL	1	chr9_PATERNAL
OCEL1	1	chr19	1	chr19_MATERNAL	1	chr19_PATERNAL
ZNF221	1	chr19	1	chr19_MATERNAL	1	chr19_PATERNAL
DOCK10	1	chr2	1	chr2_MATERNAL	1	chr2_PATERNAL
OR8G3P	1	chr11	1	chr11_MATERNAL	1	chr11_PATERNAL
OLFM2	1	chr19	1	chr19_MATERNAL	1	chr19_PATERNAL
WBP2NL	1	chr22	1	chr22_MATERNAL	1	chr22_PATERNAL
LOC124903763	1	chr16	1	chr16_MATERNAL	1	chr16_PATERNAL
OR1N1	1	chr9	1	chr9_MATERNAL	1	chr9_PATERNAL
ZNF614	1	chr19	1	chr19_MATERNAL	1	chr19_PATERNAL
TTC30A	1	chr2	1	chr2_MATERNAL	1	chr2_PATERNAL
KCNMB4	1	chr12	1	chr12_MATERNAL	1	chr12_PATERNAL
EIF2A	1	chr3	1	chr3_MATERNAL	1	chr3_PATERNAL
PDCL2	1	chr4	1	chr4_MATERNAL	1	chr4_PATERNAL
IGFL4	1	chr19	1	chr19_MATERNAL	1	chr19_PATERNAL
TMEM165	1	chr4	1	chr4_MATERNAL	1	chr4_PATERNAL
BCL6B	1	chr17	1	chr17_MATERNAL	1	chr17_PATERNAL
CYP4F22	1	chr19	1	chr19_MATERNAL	1	chr19_PATERNAL
PPP1R3D	1	chr20	1	chr20_MATERNAL	1	chr20_PATERNAL
COA7	1	chr1	1	chr1_MATERNAL	1	chr1_PATERNAL
SMYD5	1	chr2	1	chr2_MATERNAL	1	chr2_PATERNAL
KIAA0408	1	chr6	1	chr6_MATERNAL	1	chr6_PATERNAL
DOHH	1	chr19	1	chr19_MATERNAL	1	chr19_PATERNAL
TMEM18	1	chr2	1	chr2_MATERNAL	1	chr2_PATERNAL
CNKSR3	1	chr6	1	chr6_MATERNAL	1	chr6_PATERNAL
DQX1	1	chr2	1	chr2_MATERNAL	1	chr2_PATERNAL
ST3GAL1	1	chr8	1	chr8_MATERNAL	1	chr8_PATERNAL
CWC25	1	chr17	1	chr17_MATERNAL	1	chr17_PATERNAL
EXOSC3	1	chr9	1	chr9_MATERNAL	1	chr9_PATERNAL
SLC22A2	1	chr6	1	chr6_MATERNAL	1	chr6_PATERNAL
CBLC	1	chr19	1	chr19_MATERNAL	1	chr19_PATERNAL
TMOD4	1	chr1	1	chr1_MATERNAL	1	chr1_PATERNAL
SPATA3	1	chr2	1	chr2_MATERNAL	1	chr2_PATERNAL
BCL10	1	chr1	1	chr1_MATERNAL	1	chr1_PATERNAL
SLC22A8	1	chr11	1	chr11_MATERNAL	1	chr11_PATERNAL
RCC2	1	chr1	1	chr1_MATERNAL	1	chr1_PATERNAL
C2orf80	1	chr2	1	chr2_MATERNAL	1	chr2_PATERNAL
ELP6	1	chr3	1	chr3_MATERNAL	1	chr3_PATERNAL
ZNF471	1	chr19	1	chr19_MATERNAL	1	chr19_PATERNAL
LOC101927345	2	chr14,chr21	1	chr21_MATERNAL	1	chr21_PATERNAL
SLC16A2	1	chrX	1	chrX_MATERNAL	0	None
GTF2H5	1	chr6	1	chr6_MATERNAL	1	chr6_PATERNAL
SLCO5A1	1	chr8	1	chr8_MATERNAL	1	chr8_PATERNAL
KRTAP29-1	1	chr17	1	chr17_MATERNAL	1	chr17_PATERNAL
GPATCH11	1	chr2	1	chr2_MATERNAL	1	chr2_PATERNAL
PMFBP1	1	chr16	1	chr16_MATERNAL	1	chr16_PATERNAL
LIMS2	1	chr2	1	chr2_MATERNAL	1	chr2_PATERNAL
H2BC21	1	chr1	1	chr1_MATERNAL	1	chr1_PATERNAL
XDH	1	chr2	1	chr2_MATERNAL	1	chr2_PATERNAL
RB1CC1	1	chr8	1	chr8_MATERNAL	1	chr8_PATERNAL
SRSF1	1	chr17	1	chr17_MATERNAL	1	chr17_PATERNAL
CLK3	1	chr15	1	chr15_MATERNAL	1	chr15_PATERNAL
INHBE	1	chr12	1	chr12_MATERNAL	1	chr12_PATERNAL
HDAC10	1	chr22	1	chr22_MATERNAL	1	chr22_PATERNAL
RND1	1	chr12	1	chr12_MATERNAL	1	chr12_PATERNAL
NDNF	1	chr4	1	chr4_MATERNAL	1	chr4_PATERNAL
LOC124900214	1	chr6	1	chr6_MATERNAL	1	chr6_PATERNAL
PCDHGC3	1	chr5	1	chr5_MATERNAL	1	chr5_PATERNAL
MRPL4	1	chr19	1	chr19_MATERNAL	1	chr19_PATERNAL
IL13RA1	1	chrX	1	chrX_MATERNAL	0	None
PLN	1	chr6	1	chr6_MATERNAL	1	chr6_PATERNAL
METTL18	1	chr1	1	chr1_MATERNAL	1	chr1_PATERNAL
ZBTB25	1	chr14	1	chr14_MATERNAL	1	chr14_PATERNAL
MEA1	1	chr6	1	chr6_MATERNAL	1	chr6_PATERNAL
ALG12	1	chr22	1	chr22_MATERNAL	1	chr22_PATERNAL
OR4N5	1	chr14	1	chr14_MATERNAL	1	chr14_PATERNAL
ANXA9	1	chr1	1	chr1_MATERNAL	1	chr1_PATERNAL
NCOA4	1	chr10	1	chr10_MATERNAL	1	chr10_PATERNAL
PCF11	1	chr11	1	chr11_MATERNAL	1	chr11_PATERNAL
SERPINA3	1	chr14	1	chr14_MATERNAL	1	chr14_PATERNAL
HMCN2	1	chr9	1	chr9_MATERNAL	1	chr9_PATERNAL
DNM3	1	chr1	1	chr1_MATERNAL	1	chr1_PATERNAL
C11orf1	1	chr11	1	chr11_MATERNAL	1	chr11_PATERNAL
ANAPC4	1	chr4	1	chr4_MATERNAL	1	chr4_PATERNAL
H4C15	1	chr1	1	chr1_MATERNAL	1	chr1_PATERNAL
UQCR10	1	chr22	1	chr22_MATERNAL	1	chr22_PATERNAL
DPYSL2	1	chr8	1	chr8_MATERNAL	1	chr8_PATERNAL
GRB14	1	chr2	1	chr2_MATERNAL	1	chr2_PATERNAL
TREX1	1	chr3	1	chr3_MATERNAL	1	chr3_PATERNAL
RNF11	1	chr1	1	chr1_MATERNAL	1	chr1_PATERNAL
CSGALNACT1	1	chr8	1	chr8_MATERNAL	1	chr8_PATERNAL
RIMS4	1	chr20	1	chr20_MATERNAL	1	chr20_PATERNAL
EIF4E1B	1	chr5	1	chr5_MATERNAL	1	chr5_PATERNAL
NXPH4	1	chr12	1	chr12_MATERNAL	1	chr12_PATERNAL
PABPC5	1	chrX	1	chrX_MATERNAL	0	None
TTLL9	1	chr20	1	chr20_MATERNAL	1	chr20_PATERNAL
VN1R4	1	chr19	1	chr19_MATERNAL	1	chr19_PATERNAL
NIPAL1	1	chr4	1	chr4_MATERNAL	1	chr4_PATERNAL
TEX55	1	chr3	1	chr3_MATERNAL	1	chr3_PATERNAL
SLX1B	1	chr16	1	chr16_MATERNAL	1	chr16_PATERNAL
PCDH19	1	chrX	1	chrX_MATERNAL	0	None
ZNF765	1	chr19	1	chr19_MATERNAL	1	chr19_PATERNAL
RGS7	1	chr1	1	chr1_MATERNAL	1	chr1_PATERNAL
TVP23C-CDRT4	1	chr17	1	chr17_MATERNAL	1	chr17_PATERNAL
PLEKHA4	1	chr19	1	chr19_MATERNAL	1	chr19_PATERNAL
GATB	1	chr4	1	chr4_MATERNAL	1	chr4_PATERNAL
CYP2C9	1	chr10	1	chr10_MATERNAL	1	chr10_PATERNAL
TOMM40L	1	chr1	1	chr1_MATERNAL	1	chr1_PATERNAL
LIG3	1	chr17	1	chr17_MATERNAL	1	chr17_PATERNAL
TMDD1	1	chr12	1	chr12_MATERNAL	1	chr12_PATERNAL
TAF6	1	chr7	1	chr7_MATERNAL	1	chr7_PATERNAL
ZNF418	1	chr19	1	chr19_MATERNAL	1	chr19_PATERNAL
KPNA3	1	chr13	1	chr13_MATERNAL	1	chr13_PATERNAL
ITFG2	1	chr12	1	chr12_MATERNAL	1	chr12_PATERNAL
MRPL17	1	chr11	1	chr11_MATERNAL	1	chr11_PATERNAL
COMMD1	1	chr2	1	chr2_MATERNAL	1	chr2_PATERNAL
SLC12A7	1	chr5	1	chr5_MATERNAL	1	chr5_PATERNAL
SAP30L	1	chr5	1	chr5_MATERNAL	1	chr5_PATERNAL
USP27X	1	chrX	1	chrX_MATERNAL	0	None
ATF7	1	chr12	1	chr12_MATERNAL	1	chr12_PATERNAL
IL13RA2	1	chrX	1	chrX_MATERNAL	0	None
MAP4K4	1	chr2	1	chr2_MATERNAL	1	chr2_PATERNAL
TPK1	1	chr7	1	chr7_MATERNAL	1	chr7_PATERNAL
ZNF784	1	chr19	1	chr19_MATERNAL	1	chr19_PATERNAL
HBZ	1	chr16	1	chr16_MATERNAL	1	chr16_PATERNAL
MICALL1	1	chr22	1	chr22_MATERNAL	1	chr22_PATERNAL
PPP1R10	1	chr6	1	chr6_MATERNAL	1	chr6_PATERNAL
HSPB9	1	chr17	1	chr17_MATERNAL	1	chr17_PATERNAL
OR8D4	1	chr11	1	chr11_MATERNAL	1	chr11_PATERNAL
ROPN1L	1	chr5	1	chr5_MATERNAL	1	chr5_PATERNAL
SPAM1	1	chr7	1	chr7_MATERNAL	1	chr7_PATERNAL
RUNX1T1	1	chr8	1	chr8_MATERNAL	1	chr8_PATERNAL
ANXA5	1	chr4	1	chr4_MATERNAL	1	chr4_PATERNAL
UBL4A	1	chrX	1	chrX_MATERNAL	0	None
C7orf33	1	chr7	1	chr7_MATERNAL	1	chr7_PATERNAL
TCF7	1	chr5	1	chr5_MATERNAL	1	chr5_PATERNAL
CEP41	1	chr7	1	chr7_MATERNAL	1	chr7_PATERNAL
BNC1	1	chr15	1	chr15_MATERNAL	1	chr15_PATERNAL
LY6G6F-LY6G6D	1	chr6	1	chr6_MATERNAL	1	chr6_PATERNAL
MAK	1	chr6	1	chr6_MATERNAL	1	chr6_PATERNAL
CETN1	1	chr18	1	chr18_MATERNAL	1	chr18_PATERNAL
SLC2A9	1	chr4	1	chr4_MATERNAL	1	chr4_PATERNAL
STEAP3	1	chr2	1	chr2_MATERNAL	1	chr2_PATERNAL
CPS1	1	chr2	1	chr2_MATERNAL	1	chr2_PATERNAL
FGF3	1	chr11	1	chr11_MATERNAL	1	chr11_PATERNAL
KNSTRN	1	chr15	1	chr15_MATERNAL	1	chr15_PATERNAL
TGIF2LX	1	chrX	1	chrX_MATERNAL	0	None
TEAD2	1	chr19	1	chr19_MATERNAL	1	chr19_PATERNAL
CLDN7	1	chr17	1	chr17_MATERNAL	1	chr17_PATERNAL
RNF215	1	chr22	1	chr22_MATERNAL	1	chr22_PATERNAL
CACNA2D4	1	chr12	1	chr12_MATERNAL	1	chr12_PATERNAL
TDGF1P3	1	chrX	1	chrX_MATERNAL	0	None
CDK5RAP1	1	chr20	1	chr20_MATERNAL	1	chr20_PATERNAL
ITGAV	1	chr2	1	chr2_MATERNAL	1	chr2_PATERNAL
FBXL4	1	chr6	1	chr6_MATERNAL	1	chr6_PATERNAL
LHFPL7	1	chr22	1	chr22_MATERNAL	1	chr22_PATERNAL
GRB7	1	chr17	1	chr17_MATERNAL	1	chr17_PATERNAL
TBC1D16	1	chr17	1	chr17_MATERNAL	1	chr17_PATERNAL
MAF	1	chr16	1	chr16_MATERNAL	1	chr16_PATERNAL
CRP	1	chr1	1	chr1_MATERNAL	1	chr1_PATERNAL
TMEM271	1	chr4	1	chr4_MATERNAL	1	chr4_PATERNAL
AQP9	1	chr15	1	chr15_MATERNAL	1	chr15_PATERNAL
ARHGAP17	1	chr16	1	chr16_MATERNAL	1	chr16_PATERNAL
RTN4R	1	chr22	1	chr22_MATERNAL	1	chr22_PATERNAL
CRYAB	1	chr11	1	chr11_MATERNAL	1	chr11_PATERNAL
HIGD2AP2	1	chr3	1	chr3_MATERNAL	1	chr3_PATERNAL
DHCR24	1	chr1	1	chr1_MATERNAL	1	chr1_PATERNAL
GDNF	1	chr5	1	chr5_MATERNAL	1	chr5_PATERNAL
MCOLN3	1	chr1	1	chr1_MATERNAL	1	chr1_PATERNAL
OVOL2	1	chr20	1	chr20_MATERNAL	1	chr20_PATERNAL
TPBGL	1	chr11	1	chr11_MATERNAL	1	chr11_PATERNAL
ODF3B	1	chr22	1	chr22_MATERNAL	1	chr22_PATERNAL
GCC1	1	chr7	1	chr7_MATERNAL	1	chr7_PATERNAL
METRNL	1	chr17	1	chr17_MATERNAL	1	chr17_PATERNAL
NDUFS2	1	chr1	1	chr1_MATERNAL	1	chr1_PATERNAL
EVA1C	1	chr21	1	chr21_MATERNAL	1	chr21_PATERNAL
SLPI	1	chr20	1	chr20_MATERNAL	1	chr20_PATERNAL
TPP1	1	chr11	1	chr11_MATERNAL	1	chr11_PATERNAL
OR9Q2	1	chr11	1	chr11_MATERNAL	1	chr11_PATERNAL
ACADL	1	chr2	1	chr2_MATERNAL	1	chr2_PATERNAL
EZHIP	1	chrX	1	chrX_MATERNAL	0	None
VWA1	1	chr1	1	chr1_MATERNAL	1	chr1_PATERNAL
PPP1R2C	1	chrX	1	chrX_MATERNAL	0	None
MRGPRX4	1	chr11	1	chr11_MATERNAL	1	chr11_PATERNAL
ZNF865	1	chr19	1	chr19_MATERNAL	1	chr19_PATERNAL
TRMT2B	1	chrX	1	chrX_MATERNAL	0	None
PLA2G2D	1	chr1	1	chr1_MATERNAL	1	chr1_PATERNAL
OR52N1	1	chr11	1	chr11_MATERNAL	1	chr11_PATERNAL
DKK4	1	chr8	1	chr8_MATERNAL	1	chr8_PATERNAL
NETO1	1	chr18	1	chr18_MATERNAL	1	chr18_PATERNAL
USP26	1	chrX	1	chrX_MATERNAL	0	None
CLIP3	1	chr19	1	chr19_MATERNAL	1	chr19_PATERNAL
ANXA7	1	chr10	1	chr10_MATERNAL	1	chr10_PATERNAL
DARS2	1	chr1	1	chr1_MATERNAL	1	chr1_PATERNAL
SLC7A4	1	chr22	1	chr22_MATERNAL	1	chr22_PATERNAL
MED8	1	chr1	1	chr1_MATERNAL	1	chr1_PATERNAL
C8orf34	1	chr8	1	chr8_MATERNAL	1	chr8_PATERNAL
LINGO3	1	chr19	1	chr19_MATERNAL	1	chr19_PATERNAL
TMEM265	1	chr16	1	chr16_MATERNAL	1	chr16_PATERNAL
CRHBP	1	chr5	1	chr5_MATERNAL	1	chr5_PATERNAL
VPS13B	1	chr8	1	chr8_MATERNAL	1	chr8_PATERNAL
NPIPB8	1	chr16	1	chr16_MATERNAL	1	chr16_PATERNAL
ZIK1	1	chr19	1	chr19_MATERNAL	1	chr19_PATERNAL
BRPF1	1	chr3	1	chr3_MATERNAL	1	chr3_PATERNAL
MYCL	1	chr1	1	chr1_MATERNAL	1	chr1_PATERNAL
LUC7L2	1	chr7	1	chr7_MATERNAL	1	chr7_PATERNAL
M6PR	1	chr12	1	chr12_MATERNAL	1	chr12_PATERNAL
TNFRSF25	1	chr1	1	chr1_MATERNAL	1	chr1_PATERNAL
NPIPA8	1	chr16	1	chr16_MATERNAL	1	chr16_PATERNAL
MYO16	1	chr13	1	chr13_MATERNAL	1	chr13_PATERNAL
PODNL1	1	chr19	1	chr19_MATERNAL	1	chr19_PATERNAL
ADGRA3	1	chr4	1	chr4_MATERNAL	1	chr4_PATERNAL
RIMOC1	1	chr5	1	chr5_MATERNAL	1	chr5_PATERNAL
HS3ST5	1	chr6	1	chr6_MATERNAL	1	chr6_PATERNAL
AKAP10	1	chr17	1	chr17_MATERNAL	1	chr17_PATERNAL
CLEC4M	1	chr19	1	chr19_MATERNAL	1	chr19_PATERNAL
CELA2A	1	chr1	1	chr1_MATERNAL	1	chr1_PATERNAL
NDUFC2-KCTD14	1	chr11	1	chr11_MATERNAL	1	chr11_PATERNAL
ZNF821	1	chr16	1	chr16_MATERNAL	1	chr16_PATERNAL
CBLN4	1	chr20	1	chr20_MATERNAL	1	chr20_PATERNAL
SURF1	1	chr9	1	chr9_MATERNAL	1	chr9_PATERNAL
ERG28	1	chr14	1	chr14_MATERNAL	1	chr14_PATERNAL
ADSL	1	chr22	1	chr22_MATERNAL	1	chr22_PATERNAL
RUBCNL	1	chr13	1	chr13_MATERNAL	1	chr13_PATERNAL
SLC40A1	1	chr2	1	chr2_MATERNAL	1	chr2_PATERNAL
FSTL4	1	chr5	1	chr5_MATERNAL	1	chr5_PATERNAL
SPATC1	1	chr8	1	chr8_MATERNAL	1	chr8_PATERNAL
H2BC9	1	chr6	1	chr6_MATERNAL	1	chr6_PATERNAL
AMDHD2	1	chr16	1	chr16_MATERNAL	1	chr16_PATERNAL
AASDH	1	chr4	1	chr4_MATERNAL	1	chr4_PATERNAL
ZDHHC3	1	chr3	1	chr3_MATERNAL	1	chr3_PATERNAL
BRINP3	1	chr1	1	chr1_MATERNAL	1	chr1_PATERNAL
HGF	1	chr7	1	chr7_MATERNAL	1	chr7_PATERNAL
ISY1-RAB43	1	chr3	1	chr3_MATERNAL	1	chr3_PATERNAL
MRPL30	1	chr2	1	chr2_MATERNAL	1	chr2_PATERNAL
CTNNA3	1	chr10	1	chr10_MATERNAL	1	chr10_PATERNAL
TBC1D25	1	chrX	1	chrX_MATERNAL	0	None
PHGR1	1	chr15	1	chr15_MATERNAL	1	chr15_PATERNAL
SGPL1	1	chr10	1	chr10_MATERNAL	1	chr10_PATERNAL
C4BPB	1	chr1	1	chr1_MATERNAL	1	chr1_PATERNAL
COL8A2	1	chr1	1	chr1_MATERNAL	1	chr1_PATERNAL
HVCN1	1	chr12	1	chr12_MATERNAL	1	chr12_PATERNAL
TSNAXIP1	1	chr16	1	chr16_MATERNAL	1	chr16_PATERNAL
COL6A1	1	chr21	1	chr21_MATERNAL	1	chr21_PATERNAL
MRPL10	1	chr17	1	chr17_MATERNAL	1	chr17_PATERNAL
PSIP1	1	chr9	1	chr9_MATERNAL	1	chr9_PATERNAL
LOC101927375	1	chr13	1	chr13_MATERNAL	1	chr13_PATERNAL
TWNK	1	chr10	1	chr10_MATERNAL	1	chr10_PATERNAL
DIPK2B	1	chrX	1	chrX_MATERNAL	0	None
NKD2	1	chr5	1	chr5_MATERNAL	1	chr5_PATERNAL
FAXC	1	chr6	1	chr6_MATERNAL	1	chr6_PATERNAL
ZNF337	1	chr20	1	chr20_MATERNAL	1	chr20_PATERNAL
IL27	1	chr16	1	chr16_MATERNAL	1	chr16_PATERNAL
FAM246C	1	chr22	1	chr22_MATERNAL	1	chr22_PATERNAL
TAPBP	1	chr6	1	chr6_MATERNAL	1	chr6_PATERNAL
GLI2	1	chr2	1	chr2_MATERNAL	1	chr2_PATERNAL
F2RL2	1	chr5	1	chr5_MATERNAL	1	chr5_PATERNAL
ANP32E	1	chr1	1	chr1_MATERNAL	1	chr1_PATERNAL
EIF4G2	1	chr11	1	chr11_MATERNAL	1	chr11_PATERNAL
ACADSB	1	chr10	1	chr10_MATERNAL	1	chr10_PATERNAL
NANOS2	1	chr19	1	chr19_MATERNAL	1	chr19_PATERNAL
TMEM245	1	chr9	1	chr9_MATERNAL	1	chr9_PATERNAL
HPX	1	chr11	1	chr11_MATERNAL	1	chr11_PATERNAL
UTP6	1	chr17	1	chr17_MATERNAL	1	chr17_PATERNAL
DRC3	1	chr17	1	chr17_MATERNAL	1	chr17_PATERNAL
PDCD10	1	chr3	1	chr3_MATERNAL	1	chr3_PATERNAL
HOXC11	1	chr12	1	chr12_MATERNAL	1	chr12_PATERNAL
PLAAT5	1	chr11	1	chr11_MATERNAL	1	chr11_PATERNAL
LOC124904779	1	chr19	1	chr19_MATERNAL	1	chr19_PATERNAL
SSX2IP	1	chr1	1	chr1_MATERNAL	1	chr1_PATERNAL
RNF144A	1	chr2	1	chr2_MATERNAL	1	chr2_PATERNAL
TMED8	1	chr14	1	chr14_MATERNAL	1	chr14_PATERNAL
NREP	1	chr5	1	chr5_MATERNAL	1	chr5_PATERNAL
UGT1A10	1	chr2	1	chr2_MATERNAL	1	chr2_PATERNAL
SPANXA1	1	chrX	1	chrX_MATERNAL	0	None
FAM90A14	13	chr8,chr8,chr8,chr8,chr8,chr8,chr8,chr8,chr8,chr8,chr8,chr8,chr8	12	chr8_MATERNAL,chr8_MATERNAL,chr8_MATERNAL,chr8_MATERNAL,chr8_MATERNAL,chr8_MATERNAL,chr8_MATERNAL,chr8_MATERNAL,chr8_MATERNAL,chr8_MATERNAL,chr8_MATERNAL,chr8_MATERNAL	1	chr8_PATERNAL
LOC124904276	1	chr1	1	chr1_MATERNAL	1	chr1_PATERNAL
NDUFB1	1	chr14	1	chr14_MATERNAL	1	chr14_PATERNAL
LASP1	1	chr17	1	chr17_MATERNAL	1	chr17_PATERNAL
ZNF324	1	chr19	1	chr19_MATERNAL	1	chr19_PATERNAL
KCNH3	1	chr12	1	chr12_MATERNAL	1	chr12_PATERNAL
ARHGAP12	1	chr10	1	chr10_MATERNAL	1	chr10_PATERNAL
ARFGEF1	1	chr8	1	chr8_MATERNAL	1	chr8_PATERNAL
LOC124903532	1	chr15	1	chr15_MATERNAL	1	chr15_PATERNAL
MARCHF6	1	chr5	1	chr5_MATERNAL	1	chr5_PATERNAL
ATP5MG	1	chr11	1	chr11_MATERNAL	1	chr11_PATERNAL
FOXJ2	1	chr12	1	chr12_MATERNAL	1	chr12_PATERNAL
NTN4	1	chr12	1	chr12_MATERNAL	1	chr12_PATERNAL
FOXB2	1	chr9	1	chr9_MATERNAL	1	chr9_PATERNAL
GAS2L3	1	chr12	1	chr12_MATERNAL	1	chr12_PATERNAL
ACTR2	1	chr2	1	chr2_MATERNAL	1	chr2_PATERNAL
ATP5MK	1	chr10	1	chr10_MATERNAL	1	chr10_PATERNAL
NDOR1	1	chr9	1	chr9_MATERNAL	1	chr9_PATERNAL
RTL8A	1	chrX	1	chrX_MATERNAL	0	None
ARPC1A	1	chr7	1	chr7_MATERNAL	1	chr7_PATERNAL
EFCAB5	1	chr17	1	chr17_MATERNAL	1	chr17_PATERNAL
LOC124902071	1	chr8	1	chr8_MATERNAL	1	chr8_PATERNAL
PTPN14	1	chr1	1	chr1_MATERNAL	1	chr1_PATERNAL
CAVIN1	1	chr17	1	chr17_MATERNAL	1	chr17_PATERNAL
OR2M2	1	chr1	1	chr1_MATERNAL	1	chr1_PATERNAL
SLC7A9	1	chr19	1	chr19_MATERNAL	1	chr19_PATERNAL
NDUFAF2	1	chr5	1	chr5_MATERNAL	1	chr5_PATERNAL
EXOC3L2	1	chr19	1	chr19_MATERNAL	1	chr19_PATERNAL
FBXL17	1	chr5	1	chr5_MATERNAL	1	chr5_PATERNAL
FAM168A	1	chr11	1	chr11_MATERNAL	1	chr11_PATERNAL
ELOVL3	1	chr10	1	chr10_MATERNAL	1	chr10_PATERNAL
GLS	1	chr2	1	chr2_MATERNAL	1	chr2_PATERNAL
N6AMT1	1	chr21	1	chr21_MATERNAL	1	chr21_PATERNAL
AKAP17A	2	chrX,chrY	1	chrX_MATERNAL	1	chrY_PATERNAL
DPM2	1	chr9	1	chr9_MATERNAL	1	chr9_PATERNAL
INHA	1	chr2	1	chr2_MATERNAL	1	chr2_PATERNAL
CNOT8	1	chr5	1	chr5_MATERNAL	1	chr5_PATERNAL
LOC107986982	1	chr8	1	chr8_MATERNAL	1	chr8_PATERNAL
RPAP2	1	chr1	1	chr1_MATERNAL	1	chr1_PATERNAL
POLR3G	1	chr5	1	chr5_MATERNAL	1	chr5_PATERNAL
MTIF2	1	chr2	1	chr2_MATERNAL	1	chr2_PATERNAL
EPG5	1	chr18	1	chr18_MATERNAL	1	chr18_PATERNAL
ARMCX5	1	chrX	1	chrX_MATERNAL	0	None
PITPNC1	1	chr17	1	chr17_MATERNAL	1	chr17_PATERNAL
RNF212	1	chr4	1	chr4_MATERNAL	1	chr4_PATERNAL
CLEC2A	1	chr12	1	chr12_MATERNAL	1	chr12_PATERNAL
TNKS1BP1	1	chr11	1	chr11_MATERNAL	1	chr11_PATERNAL
PSTK	1	chr10	1	chr10_MATERNAL	1	chr10_PATERNAL
DCAF11	1	chr14	1	chr14_MATERNAL	1	chr14_PATERNAL
TCHHL1	1	chr1	1	chr1_MATERNAL	1	chr1_PATERNAL
MAGEB16	1	chrX	1	chrX_MATERNAL	0	None
IKZF2	1	chr2	1	chr2_MATERNAL	1	chr2_PATERNAL
UBR3	1	chr2	1	chr2_MATERNAL	1	chr2_PATERNAL
RNLS	1	chr10	1	chr10_MATERNAL	1	chr10_PATERNAL
NPM2	1	chr8	1	chr8_MATERNAL	1	chr8_PATERNAL
DTX3L	1	chr3	1	chr3_MATERNAL	1	chr3_PATERNAL
DOK5	1	chr20	1	chr20_MATERNAL	1	chr20_PATERNAL
P2RX3	1	chr11	1	chr11_MATERNAL	1	chr11_PATERNAL
WDR48	1	chr3	1	chr3_MATERNAL	1	chr3_PATERNAL
STOM	1	chr9	1	chr9_MATERNAL	1	chr9_PATERNAL
RGS4	1	chr1	1	chr1_MATERNAL	1	chr1_PATERNAL
SYNE3	1	chr14	1	chr14_MATERNAL	1	chr14_PATERNAL
RAB33A	1	chrX	1	chrX_MATERNAL	0	None
EID1	1	chr15	1	chr15_MATERNAL	1	chr15_PATERNAL
RTP2	1	chr3	1	chr3_MATERNAL	1	chr3_PATERNAL
NR1H3	1	chr11	1	chr11_MATERNAL	1	chr11_PATERNAL
AP4S1	1	chr14	1	chr14_MATERNAL	1	chr14_PATERNAL
DPH2	1	chr1	1	chr1_MATERNAL	1	chr1_PATERNAL
TLR10	1	chr4	1	chr4_MATERNAL	1	chr4_PATERNAL
ZNF786	1	chr7	1	chr7_MATERNAL	1	chr7_PATERNAL
RGPD3	1	chr2	1	chr2_MATERNAL	1	chr2_PATERNAL
ITGA7	1	chr12	1	chr12_MATERNAL	1	chr12_PATERNAL
DEFB104B	1	chr8	1	chr8_MATERNAL	1	chr8_PATERNAL
USP6NL	1	chr10	1	chr10_MATERNAL	1	chr10_PATERNAL
PDZD9	1	chr16	1	chr16_MATERNAL	1	chr16_PATERNAL
XPO6	1	chr16	1	chr16_MATERNAL	1	chr16_PATERNAL
GOLGA8N	1	chr15	1	chr15_MATERNAL	0	None
LIPH	1	chr3	1	chr3_MATERNAL	1	chr3_PATERNAL
ASPN	1	chr9	1	chr9_MATERNAL	1	chr9_PATERNAL
BATF3	1	chr1	1	chr1_MATERNAL	1	chr1_PATERNAL
MKI67	1	chr10	1	chr10_MATERNAL	1	chr10_PATERNAL
MRPL38	1	chr17	1	chr17_MATERNAL	1	chr17_PATERNAL
CNTD1	1	chr17	1	chr17_MATERNAL	1	chr17_PATERNAL
PWWP3A	1	chr19	1	chr19_MATERNAL	1	chr19_PATERNAL
INSYN1	1	chr15	1	chr15_MATERNAL	1	chr15_PATERNAL
OGA	1	chr10	1	chr10_MATERNAL	1	chr10_PATERNAL
RAF1	1	chr3	1	chr3_MATERNAL	1	chr3_PATERNAL
ZNF121	1	chr19	1	chr19_MATERNAL	1	chr19_PATERNAL
SYN3	1	chr22	1	chr22_MATERNAL	1	chr22_PATERNAL
OR1S1	1	chr11	1	chr11_MATERNAL	1	chr11_PATERNAL
ODF1	1	chr8	1	chr8_MATERNAL	1	chr8_PATERNAL
TRPM7	1	chr15	1	chr15_MATERNAL	1	chr15_PATERNAL
TOE1	1	chr1	1	chr1_MATERNAL	1	chr1_PATERNAL
TRIAP1	1	chr12	1	chr12_MATERNAL	1	chr12_PATERNAL
PROKR2	1	chr20	1	chr20_MATERNAL	1	chr20_PATERNAL
KRTAP10-10	1	chr21	1	chr21_MATERNAL	1	chr21_PATERNAL
NIFK	1	chr2	1	chr2_MATERNAL	1	chr2_PATERNAL
RBM23	1	chr14	1	chr14_MATERNAL	1	chr14_PATERNAL
MPP7	1	chr10	1	chr10_MATERNAL	1	chr10_PATERNAL
ZBTB16	1	chr11	1	chr11_MATERNAL	1	chr11_PATERNAL
PLK1	1	chr16	1	chr16_MATERNAL	1	chr16_PATERNAL
TSPY4	7	chrY,chrY,chrY,chrY,chrY,chrY,chrY	0	None	7	chrY_PATERNAL,chrY_PATERNAL,chrY_PATERNAL,chrY_PATERNAL,chrY_PATERNAL,chrY_PATERNAL,chrY_PATERNAL
ZCCHC13	1	chrX	1	chrX_MATERNAL	0	None
ADGRB2	1	chr1	1	chr1_MATERNAL	1	chr1_PATERNAL
DPT	1	chr1	1	chr1_MATERNAL	1	chr1_PATERNAL
AK7	1	chr14	1	chr14_MATERNAL	1	chr14_PATERNAL
TOR1A	1	chr9	1	chr9_MATERNAL	1	chr9_PATERNAL
CEP290	1	chr12	1	chr12_MATERNAL	1	chr12_PATERNAL
TRAPPC2L	1	chr16	1	chr16_MATERNAL	1	chr16_PATERNAL
KANK2	1	chr19	1	chr19_MATERNAL	1	chr19_PATERNAL
TRMT61B	1	chr2	1	chr2_MATERNAL	1	chr2_PATERNAL
SP8	1	chr7	1	chr7_MATERNAL	1	chr7_PATERNAL
POFUT1	1	chr20	1	chr20_MATERNAL	1	chr20_PATERNAL
SLFN12L	1	chr17	1	chr17_MATERNAL	1	chr17_PATERNAL
TCF23	1	chr2	1	chr2_MATERNAL	1	chr2_PATERNAL
WDR36	1	chr5	1	chr5_MATERNAL	1	chr5_PATERNAL
SLC26A9	1	chr1	1	chr1_MATERNAL	1	chr1_PATERNAL
MUC19	1	chr12	1	chr12_MATERNAL	1	chr12_PATERNAL
RNF6	1	chr13	1	chr13_MATERNAL	1	chr13_PATERNAL
PROC	1	chr2	1	chr2_MATERNAL	1	chr2_PATERNAL
PHTF2	1	chr7	1	chr7_MATERNAL	1	chr7_PATERNAL
SPRR2F	1	chr1	1	chr1_MATERNAL	1	chr1_PATERNAL
PLEKHB2	1	chr2	1	chr2_MATERNAL	1	chr2_PATERNAL
RNASE1	1	chr14	1	chr14_MATERNAL	1	chr14_PATERNAL
VEGFD	1	chrX	1	chrX_MATERNAL	0	None
FA2H	1	chr16	1	chr16_MATERNAL	1	chr16_PATERNAL
ANXA4	1	chr2	1	chr2_MATERNAL	1	chr2_PATERNAL
TMEM74	1	chr8	1	chr8_MATERNAL	1	chr8_PATERNAL
PALM	1	chr19	1	chr19_MATERNAL	1	chr19_PATERNAL
CD2BP2	1	chr16	1	chr16_MATERNAL	1	chr16_PATERNAL
ASB4	1	chr7	1	chr7_MATERNAL	1	chr7_PATERNAL
OTX2	1	chr14	1	chr14_MATERNAL	1	chr14_PATERNAL
CSHL1	1	chr17	1	chr17_MATERNAL	1	chr17_PATERNAL
CCNA1	1	chr13	1	chr13_MATERNAL	1	chr13_PATERNAL
CASP7	1	chr10	1	chr10_MATERNAL	1	chr10_PATERNAL
RBM26	1	chr13	1	chr13_MATERNAL	1	chr13_PATERNAL
DHX15	1	chr4	1	chr4_MATERNAL	1	chr4_PATERNAL
PROSER2	1	chr10	1	chr10_MATERNAL	1	chr10_PATERNAL
UGT1A1	1	chr2	1	chr2_MATERNAL	1	chr2_PATERNAL
TRPC4	1	chr13	1	chr13_MATERNAL	1	chr13_PATERNAL
PIF1	1	chr15	1	chr15_MATERNAL	1	chr15_PATERNAL
U2SURP	1	chr3	1	chr3_MATERNAL	1	chr3_PATERNAL
TUBGCP3	1	chr13	1	chr13_MATERNAL	1	chr13_PATERNAL
CSRNP1	1	chr3	1	chr3_MATERNAL	1	chr3_PATERNAL
OR8H2	1	chr11	1	chr11_MATERNAL	1	chr11_PATERNAL
EDEM1	1	chr3	1	chr3_MATERNAL	1	chr3_PATERNAL
GJD3	1	chr17	1	chr17_MATERNAL	1	chr17_PATERNAL
IFT27	1	chr22	1	chr22_MATERNAL	1	chr22_PATERNAL
SMARCA5	1	chr4	1	chr4_MATERNAL	1	chr4_PATERNAL
PGK2	1	chr6	1	chr6_MATERNAL	1	chr6_PATERNAL
SAP30	1	chr4	1	chr4_MATERNAL	1	chr4_PATERNAL
DEUP1	1	chr11	1	chr11_MATERNAL	1	chr11_PATERNAL
HSD3B7	1	chr16	1	chr16_MATERNAL	1	chr16_PATERNAL
C11orf97	1	chr11	1	chr11_MATERNAL	1	chr11_PATERNAL
STK19	1	chr6	1	chr6_MATERNAL	1	chr6_PATERNAL
TMEM31	1	chrX	1	chrX_MATERNAL	0	None
RPS16	1	chr19	1	chr19_MATERNAL	1	chr19_PATERNAL
ECSCR	1	chr5	1	chr5_MATERNAL	1	chr5_PATERNAL
OTUB1	1	chr11	1	chr11_MATERNAL	1	chr11_PATERNAL
GPX8	1	chr5	1	chr5_MATERNAL	1	chr5_PATERNAL
SERPINA9	1	chr14	1	chr14_MATERNAL	1	chr14_PATERNAL
IRAK2	1	chr3	1	chr3_MATERNAL	1	chr3_PATERNAL
AREL1	1	chr14	1	chr14_MATERNAL	1	chr14_PATERNAL
AMY2B	1	chr1	1	chr1_MATERNAL	1	chr1_PATERNAL
AAR2	1	chr20	1	chr20_MATERNAL	1	chr20_PATERNAL
MEGF6	1	chr1	1	chr1_MATERNAL	1	chr1_PATERNAL
SMC4	1	chr3	1	chr3_MATERNAL	1	chr3_PATERNAL
SFRP2	1	chr4	1	chr4_MATERNAL	1	chr4_PATERNAL
LOC107984876	1	chr16	1	chr16_MATERNAL	1	chr16_PATERNAL
PAK1IP1	1	chr6	1	chr6_MATERNAL	1	chr6_PATERNAL
SERPING1	1	chr11	1	chr11_MATERNAL	1	chr11_PATERNAL
SNX29	1	chr16	1	chr16_MATERNAL	1	chr16_PATERNAL
SHOX	2	chrX,chrY	1	chrX_MATERNAL	1	chrY_PATERNAL
RPL27	1	chr17	1	chr17_MATERNAL	1	chr17_PATERNAL
IL15	1	chr4	1	chr4_MATERNAL	1	chr4_PATERNAL
ZNF391	1	chr6	1	chr6_MATERNAL	1	chr6_PATERNAL
ANKRD36C	1	chr2	1	chr2_MATERNAL	1	chr2_PATERNAL
ZNF136	1	chr19	1	chr19_MATERNAL	1	chr19_PATERNAL
NAP1L2	1	chrX	1	chrX_MATERNAL	0	None
OPN5	1	chr6	1	chr6_MATERNAL	1	chr6_PATERNAL
IQSEC3	1	chr12	1	chr12_MATERNAL	1	chr12_PATERNAL
DNM1	1	chr9	1	chr9_MATERNAL	1	chr9_PATERNAL
SLC46A1	1	chr17	1	chr17_MATERNAL	1	chr17_PATERNAL
OR1S2	1	chr11	1	chr11_MATERNAL	1	chr11_PATERNAL
MATN3	1	chr2	1	chr2_MATERNAL	1	chr2_PATERNAL
SLC12A9	1	chr7	1	chr7_MATERNAL	1	chr7_PATERNAL
CARNMT1	1	chr9	1	chr9_MATERNAL	1	chr9_PATERNAL
PTGER2	1	chr14	1	chr14_MATERNAL	1	chr14_PATERNAL
ZNF444	1	chr19	1	chr19_MATERNAL	1	chr19_PATERNAL
INSYN2B	1	chr5	1	chr5_MATERNAL	1	chr5_PATERNAL
NKPD1	1	chr19	1	chr19_MATERNAL	1	chr19_PATERNAL
LCE5A	1	chr1	1	chr1_MATERNAL	1	chr1_PATERNAL
RD3L	1	chr14	1	chr14_MATERNAL	1	chr14_PATERNAL
GGN	1	chr19	1	chr19_MATERNAL	1	chr19_PATERNAL
ANKRD33	1	chr12	1	chr12_MATERNAL	1	chr12_PATERNAL
CHIT1	1	chr1	1	chr1_MATERNAL	1	chr1_PATERNAL
TMEM169	1	chr2	1	chr2_MATERNAL	1	chr2_PATERNAL
NPR2	1	chr9	1	chr9_MATERNAL	1	chr9_PATERNAL
SHROOM3	1	chr4	1	chr4_MATERNAL	1	chr4_PATERNAL
GDPD1	1	chr17	1	chr17_MATERNAL	1	chr17_PATERNAL
BCAS1	1	chr20	1	chr20_MATERNAL	1	chr20_PATERNAL
ZMYND8	1	chr20	1	chr20_MATERNAL	1	chr20_PATERNAL
FAHD1	1	chr16	1	chr16_MATERNAL	1	chr16_PATERNAL
OCIAD1	1	chr4	1	chr4_MATERNAL	1	chr4_PATERNAL
CHAT	1	chr10	1	chr10_MATERNAL	1	chr10_PATERNAL
PRKAA1	1	chr5	1	chr5_MATERNAL	1	chr5_PATERNAL
CASQ1	1	chr1	1	chr1_MATERNAL	1	chr1_PATERNAL
POLDIP3	1	chr22	1	chr22_MATERNAL	1	chr22_PATERNAL
C1QBP	1	chr17	1	chr17_MATERNAL	1	chr17_PATERNAL
PRMT2	1	chr21	1	chr21_MATERNAL	1	chr21_PATERNAL
METAP1D	1	chr2	1	chr2_MATERNAL	1	chr2_PATERNAL
TRMT10B	1	chr9	1	chr9_MATERNAL	1	chr9_PATERNAL
CIAO1	1	chr2	1	chr2_MATERNAL	1	chr2_PATERNAL
ACOT8	1	chr20	1	chr20_MATERNAL	1	chr20_PATERNAL
GBP7	1	chr1	1	chr1_MATERNAL	1	chr1_PATERNAL
IGSF23	1	chr19	1	chr19_MATERNAL	1	chr19_PATERNAL
FSBP	1	chr8	1	chr8_MATERNAL	1	chr8_PATERNAL
GFRA4	1	chr20	1	chr20_MATERNAL	1	chr20_PATERNAL
ZNF182	1	chrX	1	chrX_MATERNAL	0	None
PLB1	1	chr2	1	chr2_MATERNAL	1	chr2_PATERNAL
SLC35C2	1	chr20	1	chr20_MATERNAL	1	chr20_PATERNAL
CHCHD10	1	chr22	1	chr22_MATERNAL	1	chr22_PATERNAL
CACNG7	1	chr19	1	chr19_MATERNAL	1	chr19_PATERNAL
LOC124904579	1	chr1	1	chr1_MATERNAL	1	chr1_PATERNAL
FAM229A	1	chr1	1	chr1_MATERNAL	1	chr1_PATERNAL
SYNDIG1L	1	chr14	1	chr14_MATERNAL	1	chr14_PATERNAL
COBL	1	chr7	1	chr7_MATERNAL	1	chr7_PATERNAL
HDGFL1	1	chr6	1	chr6_MATERNAL	1	chr6_PATERNAL
ICAM1	1	chr19	1	chr19_MATERNAL	1	chr19_PATERNAL
C7orf50	1	chr7	1	chr7_MATERNAL	1	chr7_PATERNAL
CTDSP2	1	chr12	1	chr12_MATERNAL	1	chr12_PATERNAL
PCDHA11	1	chr5	1	chr5_MATERNAL	1	chr5_PATERNAL
DPY19L4	1	chr8	1	chr8_MATERNAL	1	chr8_PATERNAL
CA4	1	chr17	1	chr17_MATERNAL	1	chr17_PATERNAL
AGER	1	chr6	1	chr6_MATERNAL	1	chr6_PATERNAL
MYH1	1	chr17	1	chr17_MATERNAL	1	chr17_PATERNAL
MPZL1	1	chr1	1	chr1_MATERNAL	1	chr1_PATERNAL
HMHB1	1	chr5	1	chr5_MATERNAL	1	chr5_PATERNAL
PNPLA8	1	chr7	1	chr7_MATERNAL	1	chr7_PATERNAL
HERPUD1	1	chr16	1	chr16_MATERNAL	1	chr16_PATERNAL
ZNF705G	1	chr8	1	chr8_MATERNAL	1	chr8_PATERNAL
MMP24-AS1-EDEM2	1	chr20	1	chr20_MATERNAL	1	chr20_PATERNAL
TGFBR3L	1	chr19	1	chr19_MATERNAL	1	chr19_PATERNAL
CTAG2	1	chrX	1	chrX_MATERNAL	0	None
CTU2	1	chr16	1	chr16_MATERNAL	1	chr16_PATERNAL
UBE2B	1	chr5	1	chr5_MATERNAL	1	chr5_PATERNAL
MTX1	1	chr1	1	chr1_MATERNAL	1	chr1_PATERNAL
RFX1	1	chr19	1	chr19_MATERNAL	1	chr19_PATERNAL
CCDC120	1	chrX	1	chrX_MATERNAL	0	None
CNPY2	1	chr12	1	chr12_MATERNAL	1	chr12_PATERNAL
STPG3	1	chr9	1	chr9_MATERNAL	1	chr9_PATERNAL
IQSEC2	1	chrX	1	chrX_MATERNAL	0	None
RFTN2	1	chr2	1	chr2_MATERNAL	1	chr2_PATERNAL
SPATA31C2	1	chr9	1	chr9_MATERNAL	1	chr9_PATERNAL
ILF3	1	chr19	1	chr19_MATERNAL	1	chr19_PATERNAL
POU2AF2	1	chr11	1	chr11_MATERNAL	1	chr11_PATERNAL
RPS4Y2	1	chrY	0	None	1	chrY_PATERNAL
OR7A17	1	chr19	1	chr19_MATERNAL	1	chr19_PATERNAL
ERGIC1	1	chr5	1	chr5_MATERNAL	1	chr5_PATERNAL
GOLGA8T	1	chr15	1	chr15_MATERNAL	0	None
PPIL3	1	chr2	1	chr2_MATERNAL	1	chr2_PATERNAL
PLA2G7	1	chr6	1	chr6_MATERNAL	1	chr6_PATERNAL
GPR148	1	chr2	1	chr2_MATERNAL	1	chr2_PATERNAL
AARS1	1	chr16	1	chr16_MATERNAL	1	chr16_PATERNAL
CARMIL1	1	chr6	1	chr6_MATERNAL	1	chr6_PATERNAL
JMJD4	1	chr1	1	chr1_MATERNAL	1	chr1_PATERNAL
HYAL1	1	chr3	1	chr3_MATERNAL	1	chr3_PATERNAL
ME1	1	chr6	1	chr6_MATERNAL	1	chr6_PATERNAL
ERGIC3	1	chr20	1	chr20_MATERNAL	1	chr20_PATERNAL
SPATA31A7	1	chr9	1	chr9_MATERNAL	0	None
SSX4	1	chrX	1	chrX_MATERNAL	0	None
PMP2	1	chr8	1	chr8_MATERNAL	1	chr8_PATERNAL
NUDT11	1	chrX	1	chrX_MATERNAL	0	None
NISCH	1	chr3	1	chr3_MATERNAL	1	chr3_PATERNAL
SYNDIG1	1	chr20	1	chr20_MATERNAL	1	chr20_PATERNAL
LCE1C	1	chr1	1	chr1_MATERNAL	1	chr1_PATERNAL
NUP54	1	chr4	1	chr4_MATERNAL	1	chr4_PATERNAL
ZNF808	1	chr19	1	chr19_MATERNAL	1	chr19_PATERNAL
CPXM2	1	chr10	1	chr10_MATERNAL	1	chr10_PATERNAL
PRSS27	1	chr16	1	chr16_MATERNAL	1	chr16_PATERNAL
MLNR	1	chr13	1	chr13_MATERNAL	1	chr13_PATERNAL
RMND5B	1	chr5	1	chr5_MATERNAL	1	chr5_PATERNAL
RAD50	1	chr5	1	chr5_MATERNAL	1	chr5_PATERNAL
PVR	1	chr19	1	chr19_MATERNAL	1	chr19_PATERNAL
RBL1	1	chr20	1	chr20_MATERNAL	1	chr20_PATERNAL
FBXO21	1	chr12	1	chr12_MATERNAL	1	chr12_PATERNAL
TRO	1	chrX	1	chrX_MATERNAL	0	None
CEACAM21	1	chr19	1	chr19_MATERNAL	1	chr19_PATERNAL
BECN1	1	chr17	1	chr17_MATERNAL	1	chr17_PATERNAL
ATF1	1	chr12	1	chr12_MATERNAL	1	chr12_PATERNAL
MMACHC	1	chr1	1	chr1_MATERNAL	1	chr1_PATERNAL
ARSI	1	chr5	1	chr5_MATERNAL	1	chr5_PATERNAL
RAB31	1	chr18	1	chr18_MATERNAL	1	chr18_PATERNAL
ERICH2	1	chr2	1	chr2_MATERNAL	1	chr2_PATERNAL
SAE1	1	chr19	1	chr19_MATERNAL	1	chr19_PATERNAL
PLIN4	1	chr19	1	chr19_MATERNAL	1	chr19_PATERNAL
TM9SF4	1	chr20	1	chr20_MATERNAL	1	chr20_PATERNAL
ADGRF4	1	chr6	1	chr6_MATERNAL	1	chr6_PATERNAL
CCDC38	1	chr12	1	chr12_MATERNAL	1	chr12_PATERNAL
GLIPR1L1	1	chr12	1	chr12_MATERNAL	1	chr12_PATERNAL
PMVK	1	chr1	1	chr1_MATERNAL	1	chr1_PATERNAL
SSB	1	chr2	1	chr2_MATERNAL	1	chr2_PATERNAL
GULP1	1	chr2	1	chr2_MATERNAL	1	chr2_PATERNAL
ZNF525	1	chr19	1	chr19_MATERNAL	1	chr19_PATERNAL
PRR22	1	chr19	1	chr19_MATERNAL	1	chr19_PATERNAL
DIAPH2	1	chrX	1	chrX_MATERNAL	0	None
OR4N4	1	chr15	1	chr15_MATERNAL	1	chr14_PATERNAL
GFI1	1	chr1	1	chr1_MATERNAL	1	chr1_PATERNAL
TMEM132B	1	chr12	1	chr12_MATERNAL	1	chr12_PATERNAL
KAT2A	1	chr17	1	chr17_MATERNAL	1	chr17_PATERNAL
BRD3	1	chr9	1	chr9_MATERNAL	1	chr9_PATERNAL
COL4A6	1	chrX	1	chrX_MATERNAL	0	None
PHF1	1	chr6	1	chr6_MATERNAL	1	chr6_PATERNAL
MBD3L5	1	chr19	2	chr19_MATERNAL,chr19_MATERNAL	1	chr19_PATERNAL
SH3PXD2A	1	chr10	1	chr10_MATERNAL	1	chr10_PATERNAL
TBC1D23	1	chr3	1	chr3_MATERNAL	1	chr3_PATERNAL
OR2T11	1	chr1	1	chr1_MATERNAL	1	chr1_PATERNAL
MC2R	1	chr18	1	chr18_MATERNAL	1	chr18_PATERNAL
COA4	1	chr11	1	chr11_MATERNAL	1	chr11_PATERNAL
CMTM4	1	chr16	1	chr16_MATERNAL	1	chr16_PATERNAL
ZNF594	1	chr17	1	chr17_MATERNAL	1	chr17_PATERNAL
CBWD5	1	chr9	1	chr9_MATERNAL	0	None
PNPLA6	1	chr19	1	chr19_MATERNAL	1	chr19_PATERNAL
NRIP2	1	chr12	1	chr12_MATERNAL	1	chr12_PATERNAL
CA5B	1	chrX	1	chrX_MATERNAL	0	None
KRT25	1	chr17	1	chr17_MATERNAL	1	chr17_PATERNAL
PPA2	1	chr4	1	chr4_MATERNAL	1	chr4_PATERNAL
H3C11	1	chr6	1	chr6_MATERNAL	1	chr6_PATERNAL
EPDR1	1	chr7	1	chr7_MATERNAL	1	chr7_PATERNAL
KNOP1	1	chr16	1	chr16_MATERNAL	1	chr16_PATERNAL
TAFA1	1	chr3	1	chr3_MATERNAL	1	chr3_PATERNAL
MAT2A	1	chr2	1	chr2_MATERNAL	1	chr2_PATERNAL
PRAMEF10	1	chr1	1	chr1_MATERNAL	1	chr1_PATERNAL
HELQ	1	chr4	1	chr4_MATERNAL	1	chr4_PATERNAL
GZF1	1	chr20	1	chr20_MATERNAL	1	chr20_PATERNAL
CNOT1	1	chr16	1	chr16_MATERNAL	1	chr16_PATERNAL
HLF	1	chr17	1	chr17_MATERNAL	1	chr17_PATERNAL
LOC124906092	1	chr2	1	chr2_MATERNAL	1	chr2_PATERNAL
DSE	1	chr6	1	chr6_MATERNAL	1	chr6_PATERNAL
SEC61B	1	chr9	1	chr9_MATERNAL	1	chr9_PATERNAL
ASB2	1	chr14	1	chr14_MATERNAL	1	chr14_PATERNAL
KCNK5	1	chr6	1	chr6_MATERNAL	1	chr6_PATERNAL
FAM9B	1	chrX	1	chrX_MATERNAL	0	None
ZMYND11	1	chr10	1	chr10_MATERNAL	1	chr10_PATERNAL
FBXW10	1	chr17	1	chr17_MATERNAL	1	chr17_PATERNAL
CHRAC1	1	chr8	1	chr8_MATERNAL	1	chr8_PATERNAL
TCL1A	1	chr14	1	chr14_MATERNAL	1	chr14_PATERNAL
HOXA6	1	chr7	1	chr7_MATERNAL	1	chr7_PATERNAL
ABCB4	1	chr7	1	chr7_MATERNAL	1	chr7_PATERNAL
TMX3	1	chr18	1	chr18_MATERNAL	1	chr18_PATERNAL
SNRNP70	1	chr19	1	chr19_MATERNAL	1	chr19_PATERNAL
GBE1	1	chr3	1	chr3_MATERNAL	1	chr3_PATERNAL
XKR5	1	chr8	1	chr8_MATERNAL	1	chr8_PATERNAL
NOP53	1	chr19	1	chr19_MATERNAL	1	chr19_PATERNAL
CNTN4	1	chr3	1	chr3_MATERNAL	1	chr3_PATERNAL
CFAP20DC	1	chr3	1	chr3_MATERNAL	1	chr3_PATERNAL
DOT1L	1	chr19	1	chr19_MATERNAL	1	chr19_PATERNAL
PIK3C2A	1	chr11	1	chr11_MATERNAL	1	chr11_PATERNAL
PTPRO	1	chr12	1	chr12_MATERNAL	1	chr12_PATERNAL
CDC42	1	chr1	1	chr1_MATERNAL	1	chr1_PATERNAL
LOC124903162	1	chr13	1	chr13_MATERNAL	1	chr13_PATERNAL
PIPOX	1	chr17	1	chr17_MATERNAL	1	chr17_PATERNAL
CWC15	1	chr11	1	chr11_MATERNAL	1	chr11_PATERNAL
PREPL	1	chr2	1	chr2_MATERNAL	1	chr2_PATERNAL
KBTBD3	1	chr11	1	chr11_MATERNAL	1	chr11_PATERNAL
CENPT	1	chr16	1	chr16_MATERNAL	1	chr16_PATERNAL
TXN2	1	chr22	1	chr22_MATERNAL	1	chr22_PATERNAL
MAP4	1	chr3	1	chr3_MATERNAL	1	chr3_PATERNAL
ZNF547	1	chr19	1	chr19_MATERNAL	1	chr19_PATERNAL
EMILIN1	1	chr2	1	chr2_MATERNAL	1	chr2_PATERNAL
USP17L25	1	chr4	1	chr4_MATERNAL	1	chr4_PATERNAL
CNPY4	1	chr7	1	chr7_MATERNAL	1	chr7_PATERNAL
KRT13	1	chr17	1	chr17_MATERNAL	1	chr17_PATERNAL
CCDC102B	1	chr18	1	chr18_MATERNAL	1	chr18_PATERNAL
FOLH1B	1	chr11	1	chr11_MATERNAL	1	chr11_PATERNAL
AGRP	1	chr16	1	chr16_MATERNAL	1	chr16_PATERNAL
ZBED3	1	chr5	1	chr5_MATERNAL	1	chr5_PATERNAL
IL15RA	1	chr10	1	chr10_MATERNAL	1	chr10_PATERNAL
MYL6B	1	chr12	1	chr12_MATERNAL	1	chr12_PATERNAL
FKBP2	1	chr11	1	chr11_MATERNAL	1	chr11_PATERNAL
APOC2	1	chr19	1	chr19_MATERNAL	1	chr19_PATERNAL
ACTR8	1	chr3	1	chr3_MATERNAL	1	chr3_PATERNAL
DGCR6	1	chr22	1	chr22_MATERNAL	1	chr22_PATERNAL
SOWAHA	1	chr5	1	chr5_MATERNAL	1	chr5_PATERNAL
HNRNPDL	1	chr4	1	chr4_MATERNAL	1	chr4_PATERNAL
CAPSL	1	chr5	1	chr5_MATERNAL	1	chr5_PATERNAL
DNAJB11	1	chr3	1	chr3_MATERNAL	1	chr3_PATERNAL
OSBPL1A	1	chr18	1	chr18_MATERNAL	1	chr18_PATERNAL
SPINK8	1	chr3	1	chr3_MATERNAL	1	chr3_PATERNAL
FLII	1	chr17	1	chr17_MATERNAL	1	chr17_PATERNAL
P3H4	1	chr17	1	chr17_MATERNAL	1	chr17_PATERNAL
GCFC2	1	chr2	1	chr2_MATERNAL	1	chr2_PATERNAL
PSG7	1	chr19	1	chr19_MATERNAL	1	chr19_PATERNAL
NYAP2	1	chr2	1	chr2_MATERNAL	1	chr2_PATERNAL
SMAD5	1	chr5	1	chr5_MATERNAL	1	chr5_PATERNAL
LRRC24	1	chr8	1	chr8_MATERNAL	1	chr8_PATERNAL
TEX2	1	chr17	1	chr17_MATERNAL	1	chr17_PATERNAL
ZNF224	1	chr19	1	chr19_MATERNAL	1	chr19_PATERNAL
SERPINB12	1	chr18	1	chr18_MATERNAL	1	chr18_PATERNAL
DIPK1C	1	chr18	1	chr18_MATERNAL	1	chr18_PATERNAL
FKBP8	1	chr19	1	chr19_MATERNAL	1	chr19_PATERNAL
TPRKB	1	chr2	1	chr2_MATERNAL	1	chr2_PATERNAL
RPS3A	1	chr4	1	chr4_MATERNAL	1	chr4_PATERNAL
SERPINB8	1	chr18	1	chr18_MATERNAL	1	chr18_PATERNAL
LRRC51	1	chr11	1	chr11_MATERNAL	1	chr11_PATERNAL
OR2T8	1	chr1	1	chr1_MATERNAL	1	chr1_PATERNAL
RNASEH2C	1	chr11	1	chr11_MATERNAL	1	chr11_PATERNAL
BOLA2-SMG1P6	1	chr16	1	chr16_MATERNAL	1	chr16_PATERNAL
AARS2	1	chr6	1	chr6_MATERNAL	1	chr6_PATERNAL
CX3CR1	1	chr3	1	chr3_MATERNAL	1	chr3_PATERNAL
CRISP3	1	chr6	1	chr6_MATERNAL	1	chr6_PATERNAL
CHSY1	1	chr15	1	chr15_MATERNAL	1	chr15_PATERNAL
DCX	1	chrX	1	chrX_MATERNAL	0	None
PPM1E	1	chr17	1	chr17_MATERNAL	1	chr17_PATERNAL
UROS	1	chr10	1	chr10_MATERNAL	1	chr10_PATERNAL
SIRT1	1	chr10	1	chr10_MATERNAL	1	chr10_PATERNAL
PHOX2A	1	chr11	1	chr11_MATERNAL	1	chr11_PATERNAL
IREB2	1	chr15	1	chr15_MATERNAL	1	chr15_PATERNAL
MIA3	1	chr1	1	chr1_MATERNAL	1	chr1_PATERNAL
PDE11A	1	chr2	1	chr2_MATERNAL	1	chr2_PATERNAL
BSCL2	1	chr11	1	chr11_MATERNAL	1	chr11_PATERNAL
ENTPD3	1	chr3	1	chr3_MATERNAL	1	chr3_PATERNAL
LEPR	1	chr1	1	chr1_MATERNAL	1	chr1_PATERNAL
KRTAP13-3	1	chr21	1	chr21_MATERNAL	1	chr21_PATERNAL
DYNLRB1	1	chr20	1	chr20_MATERNAL	1	chr20_PATERNAL
AMY2A	1	chr1	1	chr1_MATERNAL	1	chr1_PATERNAL
RPS6KL1	1	chr14	1	chr14_MATERNAL	1	chr14_PATERNAL
TPSD1	1	chr16	1	chr16_MATERNAL	1	chr16_PATERNAL
CTNNA1	1	chr5	1	chr5_MATERNAL	1	chr5_PATERNAL
MEGF11	1	chr15	1	chr15_MATERNAL	1	chr15_PATERNAL
CMTM5	1	chr14	1	chr14_MATERNAL	1	chr14_PATERNAL
LRRC10	1	chr12	1	chr12_MATERNAL	1	chr12_PATERNAL
TRAP1	1	chr16	1	chr16_MATERNAL	1	chr16_PATERNAL
EEA1	1	chr12	1	chr12_MATERNAL	1	chr12_PATERNAL
VPS13D	1	chr1	1	chr1_MATERNAL	1	chr1_PATERNAL
ZHX1-C8orf76	1	chr8	1	chr8_MATERNAL	1	chr8_PATERNAL
CDH16	1	chr16	1	chr16_MATERNAL	1	chr16_PATERNAL
LOC124900646	1	chr4	1	chr4_MATERNAL	1	chr4_PATERNAL
TBC1D9	1	chr4	1	chr4_MATERNAL	1	chr4_PATERNAL
MPP2	1	chr17	1	chr17_MATERNAL	1	chr17_PATERNAL
PER2	1	chr2	1	chr2_MATERNAL	1	chr2_PATERNAL
P2RX5	1	chr17	1	chr17_MATERNAL	1	chr17_PATERNAL
ROMO1	1	chr20	1	chr20_MATERNAL	1	chr20_PATERNAL
SEC63	1	chr6	1	chr6_MATERNAL	1	chr6_PATERNAL
SYBU	1	chr8	1	chr8_MATERNAL	1	chr8_PATERNAL
NDUFV2	1	chr18	1	chr18_MATERNAL	1	chr18_PATERNAL
GINS4	1	chr8	1	chr8_MATERNAL	1	chr8_PATERNAL
MB21D2	1	chr3	1	chr3_MATERNAL	1	chr3_PATERNAL
MYH14	1	chr19	1	chr19_MATERNAL	1	chr19_PATERNAL
TMEM237	1	chr2	1	chr2_MATERNAL	1	chr2_PATERNAL
PAQR7	1	chr1	1	chr1_MATERNAL	1	chr1_PATERNAL
DUSP8	1	chr11	1	chr11_MATERNAL	1	chr11_PATERNAL
OR12D2	1	chr6	1	chr6_MATERNAL	1	chr6_PATERNAL
ZFPL1	1	chr11	1	chr11_MATERNAL	1	chr11_PATERNAL
PPEF1	1	chrX	1	chrX_MATERNAL	0	None
FHIP2A	1	chr10	1	chr10_MATERNAL	1	chr10_PATERNAL
GRIP1	1	chr12	1	chr12_MATERNAL	1	chr12_PATERNAL
ZNF37A	1	chr10	1	chr10_MATERNAL	1	chr10_PATERNAL
ZCCHC2	1	chr18	1	chr18_MATERNAL	1	chr18_PATERNAL
SYVN1	1	chr11	1	chr11_MATERNAL	1	chr11_PATERNAL
C1QL3	1	chr10	1	chr10_MATERNAL	1	chr10_PATERNAL
PIK3C2G	1	chr12	1	chr12_MATERNAL	1	chr12_PATERNAL
C16orf46	1	chr16	1	chr16_MATERNAL	1	chr16_PATERNAL
CD58	1	chr1	1	chr1_MATERNAL	1	chr1_PATERNAL
LOC124901373	1	chr6	1	chr6_MATERNAL	1	chr6_PATERNAL
MORN1	1	chr1	1	chr1_MATERNAL	1	chr1_PATERNAL
RNF5	1	chr6	1	chr6_MATERNAL	1	chr6_PATERNAL
PDE1A	1	chr2	1	chr2_MATERNAL	1	chr2_PATERNAL
LRIG1	1	chr3	1	chr3_MATERNAL	1	chr3_PATERNAL
NOLC1	1	chr10	1	chr10_MATERNAL	1	chr10_PATERNAL
UGT2B17	1	chr4	0	None	1	chr4_PATERNAL
ARL15	1	chr5	1	chr5_MATERNAL	1	chr5_PATERNAL
PDCL3	1	chr2	1	chr2_MATERNAL	1	chr2_PATERNAL
TM2D2	1	chr8	1	chr8_MATERNAL	1	chr8_PATERNAL
TBC1D3D	1	chr17	3	chr17_MATERNAL,chr17_MATERNAL,chr17_MATERNAL	3	chr17_PATERNAL,chr17_PATERNAL,chr17_PATERNAL
SYNGR2	1	chr17	1	chr17_MATERNAL	1	chr17_PATERNAL
ZNF367	1	chr9	1	chr9_MATERNAL	1	chr9_PATERNAL
KCNQ1	1	chr11	1	chr11_MATERNAL	1	chr11_PATERNAL
PPP2R2C	1	chr4	1	chr4_MATERNAL	1	chr4_PATERNAL
SYNRG	1	chr17	1	chr17_MATERNAL	1	chr17_PATERNAL
PXK	1	chr3	1	chr3_MATERNAL	1	chr3_PATERNAL
SLAMF7	1	chr1	1	chr1_MATERNAL	1	chr1_PATERNAL
NRROS	1	chr3	1	chr3_MATERNAL	1	chr3_PATERNAL
CLDN19	1	chr1	1	chr1_MATERNAL	1	chr1_PATERNAL
IGSF9	1	chr1	1	chr1_MATERNAL	1	chr1_PATERNAL
STX3	1	chr11	1	chr11_MATERNAL	1	chr11_PATERNAL
SCLY	1	chr2	1	chr2_MATERNAL	1	chr2_PATERNAL
G3BP2	1	chr4	1	chr4_MATERNAL	1	chr4_PATERNAL
FAM189B	1	chr1	1	chr1_MATERNAL	1	chr1_PATERNAL
OPLAH	1	chr8	1	chr8_MATERNAL	1	chr8_PATERNAL
PHF19	1	chr9	1	chr9_MATERNAL	1	chr9_PATERNAL
NUP153	1	chr6	1	chr6_MATERNAL	1	chr6_PATERNAL
POMT2	1	chr14	1	chr14_MATERNAL	1	chr14_PATERNAL
PCDHB5	1	chr5	1	chr5_MATERNAL	1	chr5_PATERNAL
FLNC	1	chr7	1	chr7_MATERNAL	1	chr7_PATERNAL
PRSS58	1	chr7	1	chr7_MATERNAL	1	chr7_PATERNAL
TMEM252	1	chr9	1	chr9_MATERNAL	1	chr9_PATERNAL
NID2	1	chr14	1	chr14_MATERNAL	1	chr14_PATERNAL
COX7A1	1	chr19	1	chr19_MATERNAL	1	chr19_PATERNAL
PROM1	1	chr4	1	chr4_MATERNAL	1	chr4_PATERNAL
KLHDC7B	1	chr22	1	chr22_MATERNAL	1	chr22_PATERNAL
EGF	1	chr4	1	chr4_MATERNAL	1	chr4_PATERNAL
MST1	1	chr3	1	chr3_MATERNAL	1	chr3_PATERNAL
DDX52	1	chr17	1	chr17_MATERNAL	1	chr17_PATERNAL
SPEGNB	1	chr2	1	chr2_MATERNAL	1	chr2_PATERNAL
KIF12	1	chr9	1	chr9_MATERNAL	1	chr9_PATERNAL
NAA60	1	chr16	1	chr16_MATERNAL	1	chr16_PATERNAL
RBP1	1	chr3	1	chr3_MATERNAL	1	chr3_PATERNAL
SH3TC1	1	chr4	1	chr4_MATERNAL	1	chr4_PATERNAL
SOSTDC1	1	chr7	1	chr7_MATERNAL	1	chr7_PATERNAL
FTL	1	chr19	1	chr19_MATERNAL	1	chr19_PATERNAL
DLGAP2	1	chr8	1	chr8_MATERNAL	1	chr8_PATERNAL
COPS4	1	chr4	1	chr4_MATERNAL	1	chr4_PATERNAL
GVQW3	1	chr11	1	chr11_MATERNAL	1	chr11_PATERNAL
SSR4	1	chrX	1	chrX_MATERNAL	0	None
LOC105376714	1	chr15	1	chr15_MATERNAL	1	chr15_PATERNAL
ATP6V0A4	1	chr7	1	chr7_MATERNAL	1	chr7_PATERNAL
CILP	1	chr15	1	chr15_MATERNAL	1	chr15_PATERNAL
MTMR1	1	chrX	1	chrX_MATERNAL	0	None
TTI2	1	chr8	1	chr8_MATERNAL	1	chr8_PATERNAL
METTL26	1	chr16	1	chr16_MATERNAL	1	chr16_PATERNAL
ZBTB37	1	chr1	1	chr1_MATERNAL	1	chr1_PATERNAL
ARHGAP11A-SCG5	1	chr15	1	chr15_MATERNAL	1	chr15_PATERNAL
REG3G	1	chr2	1	chr2_MATERNAL	1	chr2_PATERNAL
FAF2	1	chr5	1	chr5_MATERNAL	1	chr5_PATERNAL
ACO1	1	chr9	1	chr9_MATERNAL	1	chr9_PATERNAL
LRAT	1	chr4	1	chr4_MATERNAL	1	chr4_PATERNAL
KLF8	1	chrX	1	chrX_MATERNAL	0	None
UCHL5	1	chr1	1	chr1_MATERNAL	1	chr1_PATERNAL
APOBEC3D	1	chr22	1	chr22_MATERNAL	1	chr22_PATERNAL
S1PR3	1	chr9	1	chr9_MATERNAL	1	chr9_PATERNAL
C3orf62	1	chr3	1	chr3_MATERNAL	1	chr3_PATERNAL
TM2D3	1	chr15	1	chr15_MATERNAL	1	chr15_PATERNAL
PCBD1	1	chr10	1	chr10_MATERNAL	1	chr10_PATERNAL
OR2AP1	1	chr12	1	chr12_MATERNAL	1	chr12_PATERNAL
SLC37A4	1	chr11	1	chr11_MATERNAL	1	chr11_PATERNAL
OR52N5	1	chr11	1	chr11_MATERNAL	1	chr11_PATERNAL
FNDC3A	1	chr13	1	chr13_MATERNAL	1	chr13_PATERNAL
ZNF45	1	chr19	1	chr19_MATERNAL	1	chr19_PATERNAL
NME7	1	chr1	1	chr1_MATERNAL	1	chr1_PATERNAL
SIRT6	1	chr19	1	chr19_MATERNAL	1	chr19_PATERNAL
C2orf76	1	chr2	1	chr2_MATERNAL	1	chr2_PATERNAL
PLAUR	1	chr19	1	chr19_MATERNAL	1	chr19_PATERNAL
RBM28	1	chr7	1	chr7_MATERNAL	1	chr7_PATERNAL
BTG4	1	chr11	1	chr11_MATERNAL	1	chr11_PATERNAL
RSPH10B2	1	chr7	1	chr7_MATERNAL	1	chr7_PATERNAL
BARD1	1	chr2	1	chr2_MATERNAL	1	chr2_PATERNAL
EDIL3	1	chr5	1	chr5_MATERNAL	1	chr5_PATERNAL
DLK1	1	chr14	1	chr14_MATERNAL	1	chr14_PATERNAL
ZNF213	1	chr16	1	chr16_MATERNAL	1	chr16_PATERNAL
XIRP2	1	chr2	1	chr2_MATERNAL	1	chr2_PATERNAL
MTREX	1	chr5	1	chr5_MATERNAL	1	chr5_PATERNAL
PDIA3	1	chr15	1	chr15_MATERNAL	1	chr15_PATERNAL
OR56B2P	1	chr11	1	chr11_MATERNAL	1	chr11_PATERNAL
TMEM51	1	chr1	1	chr1_MATERNAL	1	chr1_PATERNAL
UGDH	1	chr4	1	chr4_MATERNAL	1	chr4_PATERNAL
CSAG2	1	chrX	1	chrX_MATERNAL	0	None
ANP32A	1	chr15	1	chr15_MATERNAL	1	chr15_PATERNAL
MKS1	1	chr17	1	chr17_MATERNAL	1	chr17_PATERNAL
CFAP418	1	chr8	1	chr8_MATERNAL	1	chr8_PATERNAL
WDR7	1	chr18	1	chr18_MATERNAL	1	chr18_PATERNAL
VSIG8	1	chr1	1	chr1_MATERNAL	1	chr1_PATERNAL
ATG16L2	1	chr11	1	chr11_MATERNAL	1	chr11_PATERNAL
ESYT3	1	chr3	1	chr3_MATERNAL	1	chr3_PATERNAL
H2AJ	1	chr12	1	chr12_MATERNAL	1	chr12_PATERNAL
POGLUT1	1	chr3	1	chr3_MATERNAL	1	chr3_PATERNAL
SETD3	1	chr14	1	chr14_MATERNAL	1	chr14_PATERNAL
MAPKBP1	1	chr15	1	chr15_MATERNAL	1	chr15_PATERNAL
OXSM	1	chr3	1	chr3_MATERNAL	1	chr3_PATERNAL
SLC41A2	1	chr12	1	chr12_MATERNAL	1	chr12_PATERNAL
GRAMD1B	1	chr11	1	chr11_MATERNAL	1	chr11_PATERNAL
UNC119B	1	chr12	1	chr12_MATERNAL	1	chr12_PATERNAL
LACTB	1	chr15	1	chr15_MATERNAL	1	chr15_PATERNAL
EIF2B3	1	chr1	1	chr1_MATERNAL	1	chr1_PATERNAL
NDUFAF4	1	chr6	1	chr6_MATERNAL	1	chr6_PATERNAL
PPP2R3B	2	chrX,chrY	1	chrX_MATERNAL	1	chrY_PATERNAL
PHOX2B	1	chr4	1	chr4_MATERNAL	1	chr4_PATERNAL
KRT6B	1	chr12	1	chr12_MATERNAL	1	chr12_PATERNAL
NDUFA7	1	chr19	1	chr19_MATERNAL	1	chr19_PATERNAL
OGDH	1	chr7	1	chr7_MATERNAL	1	chr7_PATERNAL
H2BC15	1	chr6	1	chr6_MATERNAL	1	chr6_PATERNAL
RFC3	1	chr13	1	chr13_MATERNAL	1	chr13_PATERNAL
MED15	1	chr22	1	chr22_MATERNAL	1	chr22_PATERNAL
MRPL43	1	chr10	1	chr10_MATERNAL	1	chr10_PATERNAL
SEC11C	1	chr18	1	chr18_MATERNAL	1	chr18_PATERNAL
FAM217B	1	chr20	1	chr20_MATERNAL	1	chr20_PATERNAL
KBTBD13	1	chr15	1	chr15_MATERNAL	1	chr15_PATERNAL
GPC2	1	chr7	1	chr7_MATERNAL	1	chr7_PATERNAL
PCDH10	1	chr4	1	chr4_MATERNAL	1	chr4_PATERNAL
GNA12	1	chr7	1	chr7_MATERNAL	1	chr7_PATERNAL
LZIC	1	chr1	1	chr1_MATERNAL	1	chr1_PATERNAL
MKKS	1	chr20	1	chr20_MATERNAL	1	chr20_PATERNAL
GJB6	1	chr13	1	chr13_MATERNAL	1	chr13_PATERNAL
ZBED8	1	chr5	1	chr5_MATERNAL	1	chr5_PATERNAL
RNF103-CHMP3	1	chr2	1	chr2_MATERNAL	1	chr2_PATERNAL
SSNA1	1	chr9	1	chr9_MATERNAL	1	chr9_PATERNAL
TSPY10	16	chrY,chrY,chrY,chrY,chrY,chrY,chrY,chrY,chrY,chrY,chrY,chrY,chrY,chrY,chrY,chrY	0	None	16	chrY_PATERNAL,chrY_PATERNAL,chrY_PATERNAL,chrY_PATERNAL,chrY_PATERNAL,chrY_PATERNAL,chrY_PATERNAL,chrY_PATERNAL,chrY_PATERNAL,chrY_PATERNAL,chrY_PATERNAL,chrY_PATERNAL,chrY_PATERNAL,chrY_PATERNAL,chrY_PATERNAL,chrY_PATERNAL
LTO1	1	chr11	1	chr11_MATERNAL	1	chr11_PATERNAL
GABBR2	1	chr9	1	chr9_MATERNAL	1	chr9_PATERNAL
COMMD8	1	chr4	1	chr4_MATERNAL	1	chr4_PATERNAL
CCL17	1	chr16	1	chr16_MATERNAL	1	chr16_PATERNAL
PACS2	1	chr14	1	chr14_MATERNAL	1	chr14_PATERNAL
TAF11L12	1	chr5	1	chr5_MATERNAL	1	chr5_PATERNAL
PADI4	1	chr1	1	chr1_MATERNAL	1	chr1_PATERNAL
MCPH1	1	chr8	1	chr8_MATERNAL	1	chr8_PATERNAL
CYP1A2	1	chr15	1	chr15_MATERNAL	1	chr15_PATERNAL
CERK	1	chr22	1	chr22_MATERNAL	1	chr22_PATERNAL
SHISA8	1	chr22	1	chr22_MATERNAL	1	chr22_PATERNAL
CALM1	1	chr14	1	chr14_MATERNAL	1	chr14_PATERNAL
HMSD	1	chr18	1	chr18_MATERNAL	1	chr18_PATERNAL
CCT3	1	chr1	1	chr1_MATERNAL	1	chr1_PATERNAL
SPC25	1	chr2	1	chr2_MATERNAL	1	chr2_PATERNAL
GATA2	1	chr3	1	chr3_MATERNAL	1	chr3_PATERNAL
C9orf24	1	chr9	1	chr9_MATERNAL	1	chr9_PATERNAL
SERPINA10	1	chr14	1	chr14_MATERNAL	1	chr14_PATERNAL
SELL	1	chr1	1	chr1_MATERNAL	1	chr1_PATERNAL
SH3D19	1	chr4	1	chr4_MATERNAL	1	chr4_PATERNAL
TMEM184A	1	chr7	1	chr7_MATERNAL	1	chr7_PATERNAL
FLOT2	1	chr17	1	chr17_MATERNAL	1	chr17_PATERNAL
PRR3	1	chr6	1	chr6_MATERNAL	1	chr6_PATERNAL
LOC124900996	5	chr5,chr5,chr5,chr5,chr5	4	chr5_MATERNAL,chr5_MATERNAL,chr5_MATERNAL,chr5_MATERNAL	1	chr5_PATERNAL
NUDT9	1	chr4	1	chr4_MATERNAL	1	chr4_PATERNAL
LOC124904248	1	chr18	1	chr18_MATERNAL	1	chr18_PATERNAL
TMEM177	1	chr2	1	chr2_MATERNAL	1	chr2_PATERNAL
TGFB1	1	chr19	1	chr19_MATERNAL	1	chr19_PATERNAL
NRIP3	1	chr11	1	chr11_MATERNAL	1	chr11_PATERNAL
PPP3CC	1	chr8	1	chr8_MATERNAL	1	chr8_PATERNAL
GRAMD1C	1	chr3	1	chr3_MATERNAL	1	chr3_PATERNAL
SHTN1	1	chr10	1	chr10_MATERNAL	1	chr10_PATERNAL
VCP	1	chr9	1	chr9_MATERNAL	1	chr9_PATERNAL
JPH3	1	chr16	1	chr16_MATERNAL	1	chr16_PATERNAL
CLCF1	1	chr11	1	chr11_MATERNAL	1	chr11_PATERNAL
FAM181A	1	chr14	1	chr14_MATERNAL	1	chr14_PATERNAL
N4BP2	1	chr4	1	chr4_MATERNAL	1	chr4_PATERNAL
OR13H1	1	chrX	1	chrX_MATERNAL	0	None
DNAH11	1	chr7	1	chr7_MATERNAL	1	chr7_PATERNAL
SLC38A2	1	chr12	1	chr12_MATERNAL	1	chr12_PATERNAL
PRMT5	1	chr14	1	chr14_MATERNAL	1	chr14_PATERNAL
MAP3K11	1	chr11	1	chr11_MATERNAL	1	chr11_PATERNAL
ACVR2A	1	chr2	1	chr2_MATERNAL	1	chr2_PATERNAL
CCDC170	1	chr6	1	chr6_MATERNAL	1	chr6_PATERNAL
ZFX	1	chrX	1	chrX_MATERNAL	0	None
PLCD3	1	chr17	1	chr17_MATERNAL	1	chr17_PATERNAL
KMT2B	1	chr19	1	chr19_MATERNAL	1	chr19_PATERNAL
RLF	1	chr1	1	chr1_MATERNAL	1	chr1_PATERNAL
SELENOF	1	chr1	1	chr1_MATERNAL	1	chr1_PATERNAL
STIP1	1	chr11	1	chr11_MATERNAL	1	chr11_PATERNAL
GPRASP1	1	chrX	1	chrX_MATERNAL	0	None
ZP3	1	chr7	1	chr7_MATERNAL	1	chr7_PATERNAL
HNRNPC	1	chr14	1	chr14_MATERNAL	1	chr14_PATERNAL
RBM15	1	chr1	1	chr1_MATERNAL	1	chr1_PATERNAL
ZCCHC3	1	chr20	1	chr20_MATERNAL	1	chr20_PATERNAL
MNS1	1	chr15	1	chr15_MATERNAL	1	chr15_PATERNAL
LOC124903442	2	chr15,chr15	2	chr15_MATERNAL,chr15_MATERNAL	1	chr15_PATERNAL
TLR5	1	chr1	1	chr1_MATERNAL	1	chr1_PATERNAL
PVALB	1	chr22	1	chr22_MATERNAL	1	chr22_PATERNAL
MRPL28	1	chr16	1	chr16_MATERNAL	1	chr16_PATERNAL
IPO8	1	chr12	1	chr12_MATERNAL	1	chr12_PATERNAL
OR14J1	1	chr6	1	chr6_MATERNAL	1	chr6_PATERNAL
HELZ	1	chr17	1	chr17_MATERNAL	1	chr17_PATERNAL
KDM5C	1	chrX	1	chrX_MATERNAL	0	None
ARHGEF33	1	chr2	1	chr2_MATERNAL	1	chr2_PATERNAL
ZNF77	1	chr19	1	chr19_MATERNAL	1	chr19_PATERNAL
CCT6A	1	chr7	1	chr7_MATERNAL	1	chr7_PATERNAL
TNFRSF10D	1	chr8	1	chr8_MATERNAL	1	chr8_PATERNAL
COX7A2	1	chr6	1	chr6_MATERNAL	1	chr6_PATERNAL
IL23R	1	chr1	1	chr1_MATERNAL	1	chr1_PATERNAL
OR1E2	1	chr17	1	chr17_MATERNAL	1	chr17_PATERNAL
GPR171	1	chr3	1	chr3_MATERNAL	1	chr3_PATERNAL
NOL4	1	chr18	1	chr18_MATERNAL	1	chr18_PATERNAL
LIG4	1	chr13	1	chr13_MATERNAL	1	chr13_PATERNAL
RPL9	1	chr4	1	chr4_MATERNAL	1	chr4_PATERNAL
STATH	1	chr4	1	chr4_MATERNAL	1	chr4_PATERNAL
CCDC185	1	chr1	1	chr1_MATERNAL	1	chr1_PATERNAL
SLC19A2	1	chr1	1	chr1_MATERNAL	1	chr1_PATERNAL
CSF3R	1	chr1	1	chr1_MATERNAL	1	chr1_PATERNAL
SERPINA1	1	chr14	1	chr14_MATERNAL	1	chr14_PATERNAL
GRAPL	1	chr17	1	chr17_MATERNAL	1	chr17_PATERNAL
RGS8	1	chr1	1	chr1_MATERNAL	1	chr1_PATERNAL
ZNF320	1	chr19	1	chr19_MATERNAL	1	chr19_PATERNAL
PRDM2	1	chr1	1	chr1_MATERNAL	1	chr1_PATERNAL
RGS20	1	chr8	1	chr8_MATERNAL	1	chr8_PATERNAL
MFAP5	1	chr12	1	chr12_MATERNAL	1	chr12_PATERNAL
PRSS33	1	chr16	1	chr16_MATERNAL	1	chr16_PATERNAL
ACOT11	1	chr1	1	chr1_MATERNAL	1	chr1_PATERNAL
ZNF175	1	chr19	1	chr19_MATERNAL	1	chr19_PATERNAL
ONECUT1	1	chr15	1	chr15_MATERNAL	1	chr15_PATERNAL
KATNAL2	1	chr18	1	chr18_MATERNAL	1	chr18_PATERNAL
AS3MT	1	chr10	1	chr10_MATERNAL	1	chr10_PATERNAL
CYP51A1	1	chr7	1	chr7_MATERNAL	1	chr7_PATERNAL
TBC1D28	1	chr17	1	chr17_MATERNAL	1	chr17_PATERNAL
DEFB4A	2	chr8,chr8	1	chr8_MATERNAL	2	chr8_PATERNAL,chr8_PATERNAL
CFB	1	chr6	1	chr6_MATERNAL	1	chr6_PATERNAL
PLXNB2	1	chr22	1	chr22_MATERNAL	1	chr22_PATERNAL
OGFOD1	1	chr16	1	chr16_MATERNAL	1	chr16_PATERNAL
DTX4	1	chr11	1	chr11_MATERNAL	1	chr11_PATERNAL
NMI	1	chr2	1	chr2_MATERNAL	1	chr2_PATERNAL
QRFPR	1	chr4	1	chr4_MATERNAL	1	chr4_PATERNAL
STAC2	1	chr17	1	chr17_MATERNAL	1	chr17_PATERNAL
HAND2	1	chr4	1	chr4_MATERNAL	1	chr4_PATERNAL
KRT83	1	chr12	1	chr12_MATERNAL	1	chr12_PATERNAL
H2BC3	1	chr6	1	chr6_MATERNAL	1	chr6_PATERNAL
COL1A2	1	chr7	1	chr7_MATERNAL	1	chr7_PATERNAL
ZNF92	1	chr7	1	chr7_MATERNAL	1	chr7_PATERNAL
FLNA	1	chrX	1	chrX_MATERNAL	0	None
TNNT2	1	chr1	1	chr1_MATERNAL	1	chr1_PATERNAL
DGKQ	1	chr4	1	chr4_MATERNAL	1	chr4_PATERNAL
TAF7L	1	chrX	1	chrX_MATERNAL	0	None
SSRP1	1	chr11	1	chr11_MATERNAL	1	chr11_PATERNAL
VPS26C	1	chr21	1	chr21_MATERNAL	1	chr21_PATERNAL
PPP1R3C	1	chr10	1	chr10_MATERNAL	1	chr10_PATERNAL
FDXACB1	1	chr11	1	chr11_MATERNAL	1	chr11_PATERNAL
RNF2	1	chr1	1	chr1_MATERNAL	1	chr1_PATERNAL
LOC728392	1	chr17	1	chr17_MATERNAL	1	chr17_PATERNAL
OR10T2	1	chr1	1	chr1_MATERNAL	1	chr1_PATERNAL
COL6A5	1	chr3	1	chr3_MATERNAL	1	chr3_PATERNAL
GNGT2	1	chr17	1	chr17_MATERNAL	1	chr17_PATERNAL
DHRS11	1	chr17	1	chr17_MATERNAL	1	chr17_PATERNAL
FAM240C	1	chr2	1	chr2_MATERNAL	1	chr2_PATERNAL
NEK9	1	chr14	1	chr14_MATERNAL	1	chr14_PATERNAL
CASKIN2	1	chr17	1	chr17_MATERNAL	1	chr17_PATERNAL
MKNK1	1	chr1	1	chr1_MATERNAL	1	chr1_PATERNAL
LOC124901069	1	chr5	1	chr5_MATERNAL	1	chr5_PATERNAL
TBC1D14	1	chr4	1	chr4_MATERNAL	1	chr4_PATERNAL
TMOD3	1	chr15	1	chr15_MATERNAL	1	chr15_PATERNAL
CDRT15	1	chr17	1	chr17_MATERNAL	1	chr17_PATERNAL
TTC7B	1	chr14	1	chr14_MATERNAL	1	chr14_PATERNAL
ANKRD33B	1	chr5	1	chr5_MATERNAL	1	chr5_PATERNAL
CCNT2	1	chr2	1	chr2_MATERNAL	1	chr2_PATERNAL
KLLN	1	chr10	1	chr10_MATERNAL	1	chr10_PATERNAL
LOC124902713	1	chr11	1	chr11_MATERNAL	1	chr11_PATERNAL
MRPL50	1	chr9	1	chr9_MATERNAL	1	chr9_PATERNAL
MEAF6	1	chr1	1	chr1_MATERNAL	1	chr1_PATERNAL
IDO2	1	chr8	1	chr8_MATERNAL	1	chr8_PATERNAL
ABCA12	1	chr2	1	chr2_MATERNAL	1	chr2_PATERNAL
C7orf57	1	chr7	1	chr7_MATERNAL	1	chr7_PATERNAL
SOGA3	1	chr6	1	chr6_MATERNAL	1	chr6_PATERNAL
PCDHA3	1	chr5	1	chr5_MATERNAL	1	chr5_PATERNAL
RHCE	1	chr1	1	chr1_MATERNAL	1	chr1_PATERNAL
TEX30	1	chr13	1	chr13_MATERNAL	1	chr13_PATERNAL
UBE2J1	1	chr6	1	chr6_MATERNAL	1	chr6_PATERNAL
TRIM40	1	chr6	1	chr6_MATERNAL	1	chr6_PATERNAL
C1GALT1C1	1	chrX	1	chrX_MATERNAL	0	None
PIGA	1	chrX	1	chrX_MATERNAL	0	None
PAGE2B	1	chrX	1	chrX_MATERNAL	0	None
ZNF414	1	chr19	1	chr19_MATERNAL	1	chr19_PATERNAL
PINLYP	1	chr19	1	chr19_MATERNAL	1	chr19_PATERNAL
PTPRQ	1	chr12	1	chr12_MATERNAL	1	chr12_PATERNAL
TMEM147	1	chr19	1	chr19_MATERNAL	1	chr19_PATERNAL
FCGR1A	1	chr1	1	chr1_MATERNAL	1	chr1_PATERNAL
SGCB	1	chr4	1	chr4_MATERNAL	1	chr4_PATERNAL
VAV1	1	chr19	1	chr19_MATERNAL	1	chr19_PATERNAL
HNRNPA1L3	1	chr16	1	chr16_MATERNAL	1	chr16_PATERNAL
CPNE7	1	chr16	1	chr16_MATERNAL	1	chr16_PATERNAL
MUC15	1	chr11	1	chr11_MATERNAL	1	chr11_PATERNAL
NIP7	1	chr16	1	chr16_MATERNAL	1	chr16_PATERNAL
GABPA	1	chr21	1	chr21_MATERNAL	1	chr21_PATERNAL
BSND	1	chr1	1	chr1_MATERNAL	1	chr1_PATERNAL
NAV3	1	chr12	1	chr12_MATERNAL	1	chr12_PATERNAL
ZACN	1	chr17	1	chr17_MATERNAL	1	chr17_PATERNAL
ZNF827	1	chr4	1	chr4_MATERNAL	1	chr4_PATERNAL
IFNAR1	1	chr21	1	chr21_MATERNAL	1	chr21_PATERNAL
MLLT6	1	chr17	1	chr17_MATERNAL	1	chr17_PATERNAL
FCGRT	1	chr19	1	chr19_MATERNAL	1	chr19_PATERNAL
TOMM7	1	chr7	1	chr7_MATERNAL	1	chr7_PATERNAL
SUSD4	1	chr1	1	chr1_MATERNAL	1	chr1_PATERNAL
MEX3C	1	chr18	1	chr18_MATERNAL	1	chr18_PATERNAL
SLC10A5	1	chr8	1	chr8_MATERNAL	1	chr8_PATERNAL
STOML2	1	chr9	1	chr9_MATERNAL	1	chr9_PATERNAL
ZNF649	1	chr19	1	chr19_MATERNAL	1	chr19_PATERNAL
LTBR	1	chr12	1	chr12_MATERNAL	1	chr12_PATERNAL
JAKMIP2	1	chr5	1	chr5_MATERNAL	1	chr5_PATERNAL
ACAA2	1	chr18	1	chr18_MATERNAL	1	chr18_PATERNAL
CAPN8	1	chr1	1	chr1_MATERNAL	1	chr1_PATERNAL
SOX1	1	chr13	1	chr13_MATERNAL	1	chr13_PATERNAL
MAG	1	chr19	1	chr19_MATERNAL	1	chr19_PATERNAL
NFKBIA	1	chr14	1	chr14_MATERNAL	1	chr14_PATERNAL
FGD6	1	chr12	1	chr12_MATERNAL	1	chr12_PATERNAL
WNK3	1	chrX	1	chrX_MATERNAL	0	None
PCDHB16	1	chr5	1	chr5_MATERNAL	1	chr5_PATERNAL
CHAF1A	1	chr19	1	chr19_MATERNAL	1	chr19_PATERNAL
CDH12	1	chr5	1	chr5_MATERNAL	1	chr5_PATERNAL
UBE3C	1	chr7	1	chr7_MATERNAL	1	chr7_PATERNAL
LOC124903317	1	chr14	1	chr14_MATERNAL	1	chr14_PATERNAL
LOC124901030	1	chr5	1	chr5_MATERNAL	1	chr5_PATERNAL
SEC14L2	1	chr22	1	chr22_MATERNAL	1	chr22_PATERNAL
PRAMEF8	1	chr1	1	chr1_MATERNAL	1	chr1_PATERNAL
BANF1	1	chr11	1	chr11_MATERNAL	1	chr11_PATERNAL
HIPK3	1	chr11	1	chr11_MATERNAL	1	chr11_PATERNAL
OR4S1	1	chr11	1	chr11_MATERNAL	1	chr11_PATERNAL
LUZP4	1	chrX	1	chrX_MATERNAL	0	None
PHIP	1	chr6	1	chr6_MATERNAL	1	chr6_PATERNAL
GMPPA	1	chr2	1	chr2_MATERNAL	1	chr2_PATERNAL
TPSG1	1	chr16	1	chr16_MATERNAL	1	chr16_PATERNAL
ADCK2	1	chr7	1	chr7_MATERNAL	1	chr7_PATERNAL
FAM120C	1	chrX	1	chrX_MATERNAL	0	None
DNAH6	1	chr2	1	chr2_MATERNAL	1	chr2_PATERNAL
MYBPHL	1	chr1	1	chr1_MATERNAL	1	chr1_PATERNAL
CLEC14A	1	chr14	1	chr14_MATERNAL	1	chr14_PATERNAL
TMEM44	1	chr3	1	chr3_MATERNAL	1	chr3_PATERNAL
CCL4	1	chr17	1	chr17_MATERNAL	1	chr17_PATERNAL
NPHP1	1	chr2	1	chr2_MATERNAL	1	chr2_PATERNAL
ESCO1	1	chr18	1	chr18_MATERNAL	1	chr18_PATERNAL
ATP5MF-PTCD1	1	chr7	1	chr7_MATERNAL	1	chr7_PATERNAL
CLEC3A	1	chr16	1	chr16_MATERNAL	1	chr16_PATERNAL
PNOC	1	chr8	1	chr8_MATERNAL	1	chr8_PATERNAL
SMIM2	1	chr13	1	chr13_MATERNAL	1	chr13_PATERNAL
IZUMO3	1	chr9	1	chr9_MATERNAL	1	chr9_PATERNAL
PINX1	1	chr8	1	chr8_MATERNAL	1	chr8_PATERNAL
TSPY10P	0	None	0	None	1	chrY_PATERNAL
DKKL1	1	chr19	1	chr19_MATERNAL	1	chr19_PATERNAL
PTPRZ1	1	chr7	1	chr7_MATERNAL	1	chr7_PATERNAL
LAP3	1	chr4	1	chr4_MATERNAL	1	chr4_PATERNAL
OCM	1	chr7	1	chr7_MATERNAL	1	chr7_PATERNAL
DYNLT2B	1	chr3	1	chr3_MATERNAL	1	chr3_PATERNAL
TMCO2	1	chr1	1	chr1_MATERNAL	1	chr1_PATERNAL
RAB4B	1	chr19	1	chr19_MATERNAL	1	chr19_PATERNAL
CSK	1	chr15	1	chr15_MATERNAL	1	chr15_PATERNAL
FOXJ3	1	chr1	1	chr1_MATERNAL	1	chr1_PATERNAL
GNE	1	chr9	1	chr9_MATERNAL	1	chr9_PATERNAL
PRKAR2B	1	chr7	1	chr7_MATERNAL	1	chr7_PATERNAL
SLC11A2	1	chr12	1	chr12_MATERNAL	1	chr12_PATERNAL
RRAGB	1	chrX	1	chrX_MATERNAL	0	None
OR56B1	1	chr11	1	chr11_MATERNAL	1	chr11_PATERNAL
LVRN	1	chr5	1	chr5_MATERNAL	1	chr5_PATERNAL
CABP2	1	chr11	1	chr11_MATERNAL	1	chr11_PATERNAL
SERTM1	1	chr13	1	chr13_MATERNAL	1	chr13_PATERNAL
SYPL1	1	chr7	1	chr7_MATERNAL	1	chr7_PATERNAL
TTLL10	1	chr1	1	chr1_MATERNAL	1	chr1_PATERNAL
EML5	1	chr14	1	chr14_MATERNAL	1	chr14_PATERNAL
KLHL35	1	chr11	1	chr11_MATERNAL	1	chr11_PATERNAL
CD177	1	chr19	1	chr19_MATERNAL	1	chr19_PATERNAL
PCDHGA7	1	chr5	1	chr5_MATERNAL	1	chr5_PATERNAL
TPGS1	1	chr19	1	chr19_MATERNAL	1	chr19_PATERNAL
SLC6A12	1	chr12	1	chr12_MATERNAL	1	chr12_PATERNAL
TMCC1	1	chr3	1	chr3_MATERNAL	1	chr3_PATERNAL
ZBED6	1	chr1	1	chr1_MATERNAL	1	chr1_PATERNAL
HLCS	1	chr21	1	chr21_MATERNAL	1	chr21_PATERNAL
MYOM1	1	chr18	1	chr18_MATERNAL	1	chr18_PATERNAL
PERCC1	1	chr16	1	chr16_MATERNAL	1	chr16_PATERNAL
LOC124901001	1	chr5	1	chr5_MATERNAL	1	chr5_PATERNAL
PRRG3	1	chrX	1	chrX_MATERNAL	0	None
ALOXE3	1	chr17	1	chr17_MATERNAL	1	chr17_PATERNAL
SULF2	1	chr20	1	chr20_MATERNAL	1	chr20_PATERNAL
RPL5	1	chr1	1	chr1_MATERNAL	1	chr1_PATERNAL
SOS2	1	chr14	1	chr14_MATERNAL	1	chr14_PATERNAL
LCN9	1	chr9	1	chr9_MATERNAL	1	chr9_PATERNAL
STX18	1	chr4	1	chr4_MATERNAL	1	chr4_PATERNAL
MMP21	1	chr10	1	chr10_MATERNAL	1	chr10_PATERNAL
NMU	1	chr4	1	chr4_MATERNAL	1	chr4_PATERNAL
MMP13	1	chr11	1	chr11_MATERNAL	1	chr11_PATERNAL
LNX1	1	chr4	1	chr4_MATERNAL	1	chr4_PATERNAL
KCNMA1	1	chr10	1	chr10_MATERNAL	1	chr10_PATERNAL
CBL	1	chr11	1	chr11_MATERNAL	1	chr11_PATERNAL
C16orf74	1	chr16	1	chr16_MATERNAL	1	chr16_PATERNAL
LRRC4C	1	chr11	1	chr11_MATERNAL	1	chr11_PATERNAL
RBKS	1	chr2	1	chr2_MATERNAL	1	chr2_PATERNAL
SVIL	1	chr10	1	chr10_MATERNAL	1	chr10_PATERNAL
TMEM174	1	chr5	1	chr5_MATERNAL	1	chr5_PATERNAL
ZPR1	1	chr11	1	chr11_MATERNAL	1	chr11_PATERNAL
AGR3	1	chr7	1	chr7_MATERNAL	1	chr7_PATERNAL
TEPSIN	1	chr17	1	chr17_MATERNAL	1	chr17_PATERNAL
MANEA	1	chr6	1	chr6_MATERNAL	1	chr6_PATERNAL
LOC124902897	1	chr12	1	chr12_MATERNAL	1	chr12_PATERNAL
ADGRD2	1	chr9	1	chr9_MATERNAL	1	chr9_PATERNAL
DEXI	1	chr16	1	chr16_MATERNAL	1	chr16_PATERNAL
TANGO2	1	chr22	1	chr22_MATERNAL	1	chr22_PATERNAL
DOC2A	1	chr16	1	chr16_MATERNAL	1	chr16_PATERNAL
COMMD9	1	chr11	1	chr11_MATERNAL	1	chr11_PATERNAL
VASH1	1	chr14	1	chr14_MATERNAL	1	chr14_PATERNAL
MRPS26	1	chr20	1	chr20_MATERNAL	1	chr20_PATERNAL
TMEM64	1	chr8	1	chr8_MATERNAL	1	chr8_PATERNAL
MUSTN1	1	chr3	1	chr3_MATERNAL	1	chr3_PATERNAL
H2BK1	1	chr7	1	chr7_MATERNAL	1	chr7_PATERNAL
SPOCK1	1	chr5	1	chr5_MATERNAL	1	chr5_PATERNAL
TEDC1	1	chr14	1	chr14_MATERNAL	1	chr14_PATERNAL
OR52M1	1	chr11	1	chr11_MATERNAL	1	chr11_PATERNAL
HES3	1	chr1	1	chr1_MATERNAL	1	chr1_PATERNAL
HAS3	1	chr16	1	chr16_MATERNAL	1	chr16_PATERNAL
PDE6G	1	chr17	1	chr17_MATERNAL	1	chr17_PATERNAL
OSER1	1	chr20	1	chr20_MATERNAL	1	chr20_PATERNAL
NMB	1	chr15	1	chr15_MATERNAL	1	chr15_PATERNAL
MMAA	1	chr4	1	chr4_MATERNAL	1	chr4_PATERNAL
CRLF3	1	chr17	1	chr17_MATERNAL	1	chr17_PATERNAL
RAPGEF3	1	chr12	1	chr12_MATERNAL	1	chr12_PATERNAL
KCNK4	1	chr11	1	chr11_MATERNAL	1	chr11_PATERNAL
ZFAND6	1	chr15	1	chr15_MATERNAL	1	chr15_PATERNAL
NKX2-5	1	chr5	1	chr5_MATERNAL	1	chr5_PATERNAL
PDZD3	1	chr11	1	chr11_MATERNAL	1	chr11_PATERNAL
SRSF7	1	chr2	1	chr2_MATERNAL	1	chr2_PATERNAL
PHF3	1	chr6	1	chr6_MATERNAL	1	chr6_PATERNAL
OR2T12	1	chr1	1	chr1_MATERNAL	1	chr1_PATERNAL
FDX2	1	chr19	1	chr19_MATERNAL	1	chr19_PATERNAL
CXCR1	1	chr2	1	chr2_MATERNAL	1	chr2_PATERNAL
CDH19	1	chr18	1	chr18_MATERNAL	1	chr18_PATERNAL
MXI1	1	chr10	1	chr10_MATERNAL	1	chr10_PATERNAL
CLPB	1	chr11	1	chr11_MATERNAL	1	chr11_PATERNAL
SLC51B	1	chr15	1	chr15_MATERNAL	1	chr15_PATERNAL
ARPC3	1	chr12	1	chr12_MATERNAL	1	chr12_PATERNAL
MUC1	1	chr1	1	chr1_MATERNAL	1	chr1_PATERNAL
COL6A3	1	chr2	1	chr2_MATERNAL	1	chr2_PATERNAL
EEF2KMT	1	chr16	1	chr16_MATERNAL	1	chr16_PATERNAL
CDK13	1	chr7	1	chr7_MATERNAL	1	chr7_PATERNAL
PYY	1	chr17	1	chr17_MATERNAL	1	chr17_PATERNAL
ZNF534	1	chr19	1	chr19_MATERNAL	1	chr19_PATERNAL
MTMR11	1	chr1	1	chr1_MATERNAL	1	chr1_PATERNAL
VIP	1	chr6	1	chr6_MATERNAL	1	chr6_PATERNAL
CEP126	1	chr11	1	chr11_MATERNAL	1	chr11_PATERNAL
ADGRA2	1	chr8	1	chr8_MATERNAL	1	chr8_PATERNAL
CASD1	1	chr7	1	chr7_MATERNAL	1	chr7_PATERNAL
TMEM212	1	chr3	1	chr3_MATERNAL	1	chr3_PATERNAL
MRFAP1	1	chr4	1	chr4_MATERNAL	1	chr4_PATERNAL
CHMP3	1	chr2	1	chr2_MATERNAL	1	chr2_PATERNAL
SLAMF1	1	chr1	1	chr1_MATERNAL	1	chr1_PATERNAL
KIF19	1	chr17	1	chr17_MATERNAL	1	chr17_PATERNAL
ZFP3	1	chr17	1	chr17_MATERNAL	1	chr17_PATERNAL
MAT2B	1	chr5	1	chr5_MATERNAL	1	chr5_PATERNAL
CHUK	1	chr10	1	chr10_MATERNAL	1	chr10_PATERNAL
ZNF549	1	chr19	1	chr19_MATERNAL	1	chr19_PATERNAL
OR1M1	1	chr19	1	chr19_MATERNAL	1	chr19_PATERNAL
ZNF248	1	chr10	1	chr10_MATERNAL	1	chr10_PATERNAL
CYP17A1	1	chr10	1	chr10_MATERNAL	1	chr10_PATERNAL
HOXB6	1	chr17	1	chr17_MATERNAL	1	chr17_PATERNAL
AMER1	1	chrX	1	chrX_MATERNAL	0	None
CLK2	1	chr1	1	chr1_MATERNAL	1	chr1_PATERNAL
CHADL	1	chr22	1	chr22_MATERNAL	1	chr22_PATERNAL
PCNX4	1	chr14	1	chr14_MATERNAL	1	chr14_PATERNAL
SCIMP	1	chr17	1	chr17_MATERNAL	1	chr17_PATERNAL
OR5M3	1	chr11	1	chr11_MATERNAL	1	chr11_PATERNAL
FOXD3	1	chr1	1	chr1_MATERNAL	1	chr1_PATERNAL
SMCO2	1	chr12	1	chr12_MATERNAL	1	chr12_PATERNAL
TIFAB	1	chr5	1	chr5_MATERNAL	1	chr5_PATERNAL
KRTAP5-4	1	chr11	1	chr11_MATERNAL	1	chr11_PATERNAL
LINGO4	1	chr1	1	chr1_MATERNAL	1	chr1_PATERNAL
TOR3A	1	chr1	1	chr1_MATERNAL	1	chr1_PATERNAL
RGS2	1	chr1	1	chr1_MATERNAL	1	chr1_PATERNAL
TP73	1	chr1	1	chr1_MATERNAL	1	chr1_PATERNAL
SERF1B	1	chr5	1	chr5_MATERNAL	1	chr5_PATERNAL
C3orf38	1	chr3	1	chr3_MATERNAL	1	chr3_PATERNAL
C7orf31	1	chr7	1	chr7_MATERNAL	1	chr7_PATERNAL
CDCA7L	1	chr7	1	chr7_MATERNAL	1	chr7_PATERNAL
TROAP	1	chr12	1	chr12_MATERNAL	1	chr12_PATERNAL
ALOX15	1	chr17	1	chr17_MATERNAL	1	chr17_PATERNAL
GNMT	1	chr6	1	chr6_MATERNAL	1	chr6_PATERNAL
WDR27	1	chr6	1	chr6_MATERNAL	1	chr6_PATERNAL
IMPA1	1	chr8	1	chr8_MATERNAL	1	chr8_PATERNAL
TEAD3	1	chr6	1	chr6_MATERNAL	1	chr6_PATERNAL
ANKEF1	1	chr20	1	chr20_MATERNAL	1	chr20_PATERNAL
H2BC17	1	chr6	1	chr6_MATERNAL	1	chr6_PATERNAL
TSSC4	1	chr11	1	chr11_MATERNAL	1	chr11_PATERNAL
IFITM2	1	chr11	1	chr11_MATERNAL	1	chr11_PATERNAL
EIF1	1	chr17	1	chr17_MATERNAL	1	chr17_PATERNAL
GAL	1	chr11	1	chr11_MATERNAL	1	chr11_PATERNAL
VCX	1	chrX	1	chrX_MATERNAL	0	None
SLC35G2	1	chr3	1	chr3_MATERNAL	1	chr3_PATERNAL
PATL1	1	chr11	1	chr11_MATERNAL	1	chr11_PATERNAL
C20orf85	1	chr20	1	chr20_MATERNAL	1	chr20_PATERNAL
ZBTB7A	1	chr19	1	chr19_MATERNAL	1	chr19_PATERNAL
CLP1	1	chr11	1	chr11_MATERNAL	1	chr11_PATERNAL
NDUFB9	1	chr8	1	chr8_MATERNAL	1	chr8_PATERNAL
EPSTI1	1	chr13	1	chr13_MATERNAL	1	chr13_PATERNAL
SRPRB	1	chr3	1	chr3_MATERNAL	1	chr3_PATERNAL
KCTD9	1	chr8	1	chr8_MATERNAL	1	chr8_PATERNAL
CLEC5A	1	chr7	1	chr7_MATERNAL	1	chr7_PATERNAL
SEC16A	1	chr9	1	chr9_MATERNAL	1	chr9_PATERNAL
STK11	1	chr19	1	chr19_MATERNAL	1	chr19_PATERNAL
QPCT	1	chr2	1	chr2_MATERNAL	1	chr2_PATERNAL
GMEB1	1	chr1	1	chr1_MATERNAL	1	chr1_PATERNAL
ABHD15	1	chr17	1	chr17_MATERNAL	1	chr17_PATERNAL
TBC1D32	1	chr6	1	chr6_MATERNAL	1	chr6_PATERNAL
PAQR4	1	chr16	1	chr16_MATERNAL	1	chr16_PATERNAL
XKR8	1	chr1	1	chr1_MATERNAL	1	chr1_PATERNAL
SCG2	1	chr2	1	chr2_MATERNAL	1	chr2_PATERNAL
ATP2A1	1	chr16	1	chr16_MATERNAL	1	chr16_PATERNAL
S100A16	1	chr1	1	chr1_MATERNAL	1	chr1_PATERNAL
P3H3	1	chr12	1	chr12_MATERNAL	1	chr12_PATERNAL
MFSD14A	1	chr1	1	chr1_MATERNAL	1	chr1_PATERNAL
TMEM38A	1	chr19	1	chr19_MATERNAL	1	chr19_PATERNAL
CCNB1	1	chr5	1	chr5_MATERNAL	1	chr5_PATERNAL
STX2	1	chr12	1	chr12_MATERNAL	1	chr12_PATERNAL
CCDC126	1	chr7	1	chr7_MATERNAL	1	chr7_PATERNAL
KCNAB2	1	chr1	1	chr1_MATERNAL	1	chr1_PATERNAL
COL23A1	1	chr5	1	chr5_MATERNAL	1	chr5_PATERNAL
RBM34	1	chr1	1	chr1_MATERNAL	1	chr1_PATERNAL
PCDHB15	1	chr5	1	chr5_MATERNAL	1	chr5_PATERNAL
OR52H1	1	chr11	1	chr11_MATERNAL	1	chr11_PATERNAL
MSI1	1	chr12	1	chr12_MATERNAL	1	chr12_PATERNAL
STON2	1	chr14	1	chr14_MATERNAL	1	chr14_PATERNAL
LHFPL4	1	chr3	1	chr3_MATERNAL	1	chr3_PATERNAL
BCL9L	1	chr11	1	chr11_MATERNAL	1	chr11_PATERNAL
CDH9	1	chr5	1	chr5_MATERNAL	1	chr5_PATERNAL
ZNF655	1	chr7	1	chr7_MATERNAL	1	chr7_PATERNAL
KIAA0513	1	chr16	1	chr16_MATERNAL	1	chr16_PATERNAL
DMRT1	1	chr9	1	chr9_MATERNAL	1	chr9_PATERNAL
DSEL	1	chr18	1	chr18_MATERNAL	1	chr18_PATERNAL
C16orf89	1	chr16	1	chr16_MATERNAL	1	chr16_PATERNAL
NMNAT2	1	chr1	1	chr1_MATERNAL	1	chr1_PATERNAL
OR4D5	1	chr11	1	chr11_MATERNAL	1	chr11_PATERNAL
SCGB1A1	1	chr11	1	chr11_MATERNAL	1	chr11_PATERNAL
DCP2	1	chr5	1	chr5_MATERNAL	1	chr5_PATERNAL
TFRC	1	chr3	1	chr3_MATERNAL	1	chr3_PATERNAL
TMEM132C	1	chr12	1	chr12_MATERNAL	1	chr12_PATERNAL
TFF2	1	chr21	1	chr21_MATERNAL	1	chr21_PATERNAL
RPA1	1	chr17	1	chr17_MATERNAL	1	chr17_PATERNAL
C6orf136	1	chr6	1	chr6_MATERNAL	1	chr6_PATERNAL
ZNF90	1	chr19	1	chr19_MATERNAL	1	chr19_PATERNAL
KATNBL1	1	chr15	1	chr15_MATERNAL	1	chr15_PATERNAL
IPPK	1	chr9	1	chr9_MATERNAL	1	chr9_PATERNAL
H2AC20	1	chr1	1	chr1_MATERNAL	1	chr1_PATERNAL
IGHMBP2	1	chr11	1	chr11_MATERNAL	1	chr11_PATERNAL
OOSP4A	1	chr11	1	chr11_MATERNAL	1	chr11_PATERNAL
NOP56	1	chr20	1	chr20_MATERNAL	1	chr20_PATERNAL
GALNT12	1	chr9	1	chr9_MATERNAL	1	chr9_PATERNAL
EXOSC8	1	chr13	1	chr13_MATERNAL	1	chr13_PATERNAL
TEX45	1	chr19	1	chr19_MATERNAL	1	chr19_PATERNAL
GDF9	1	chr5	1	chr5_MATERNAL	1	chr5_PATERNAL
SHISA4	1	chr1	1	chr1_MATERNAL	1	chr1_PATERNAL
RAI1	1	chr17	1	chr17_MATERNAL	1	chr17_PATERNAL
CLIC6	1	chr21	1	chr21_MATERNAL	1	chr21_PATERNAL
ZNF304	1	chr19	1	chr19_MATERNAL	1	chr19_PATERNAL
FRZB	1	chr2	1	chr2_MATERNAL	1	chr2_PATERNAL
CTSE	1	chr1	1	chr1_MATERNAL	1	chr1_PATERNAL
AAK1	1	chr2	1	chr2_MATERNAL	1	chr2_PATERNAL
CEP68	1	chr2	1	chr2_MATERNAL	1	chr2_PATERNAL
IFI6	1	chr1	1	chr1_MATERNAL	1	chr1_PATERNAL
ZNF19	1	chr16	1	chr16_MATERNAL	1	chr16_PATERNAL
IL1RAPL1	1	chrX	1	chrX_MATERNAL	0	None
OR4F5	1	chr3	2	chr3_MATERNAL,chr9_MATERNAL	2	chr3_PATERNAL,chr9_PATERNAL
VIL1	1	chr2	1	chr2_MATERNAL	1	chr2_PATERNAL
ASMTL	2	chrX,chrY	1	chrX_MATERNAL	1	chrY_PATERNAL
BCR	1	chr22	1	chr22_MATERNAL	1	chr22_PATERNAL
EAF1	1	chr3	1	chr3_MATERNAL	1	chr3_PATERNAL
ASCC1	1	chr10	1	chr10_MATERNAL	1	chr10_PATERNAL
LIPM	1	chr10	1	chr10_MATERNAL	1	chr10_PATERNAL
LRRC8C	1	chr1	1	chr1_MATERNAL	1	chr1_PATERNAL
PPP1R15A	1	chr19	1	chr19_MATERNAL	1	chr19_PATERNAL
MTX2	1	chr2	1	chr2_MATERNAL	1	chr2_PATERNAL
SAMD14	1	chr17	1	chr17_MATERNAL	1	chr17_PATERNAL
FAM83H	1	chr8	1	chr8_MATERNAL	1	chr8_PATERNAL
LCE2A	1	chr1	1	chr1_MATERNAL	1	chr1_PATERNAL
TEX33	1	chr22	1	chr22_MATERNAL	1	chr22_PATERNAL
FIS1	1	chr7	1	chr7_MATERNAL	1	chr7_PATERNAL
HSD3B1	1	chr1	1	chr1_MATERNAL	1	chr1_PATERNAL
CCL11	1	chr17	1	chr17_MATERNAL	1	chr17_PATERNAL
ELOVL2	1	chr6	1	chr6_MATERNAL	1	chr6_PATERNAL
IER5	1	chr1	1	chr1_MATERNAL	1	chr1_PATERNAL
CEACAM20	1	chr19	1	chr19_MATERNAL	1	chr19_PATERNAL
HOXC12	1	chr12	1	chr12_MATERNAL	1	chr12_PATERNAL
KRTCAP3	1	chr2	1	chr2_MATERNAL	1	chr2_PATERNAL
KRTAP10-11	1	chr21	1	chr21_MATERNAL	1	chr21_PATERNAL
SP5	1	chr2	1	chr2_MATERNAL	1	chr2_PATERNAL
NMBR	1	chr6	1	chr6_MATERNAL	1	chr6_PATERNAL
FCHSD2	1	chr11	1	chr11_MATERNAL	1	chr11_PATERNAL
CNOT11	1	chr2	1	chr2_MATERNAL	1	chr2_PATERNAL
ACOT6	1	chr14	1	chr14_MATERNAL	1	chr14_PATERNAL
ITIH5	1	chr10	1	chr10_MATERNAL	1	chr10_PATERNAL
KDELR2	1	chr7	1	chr7_MATERNAL	1	chr7_PATERNAL
MYO1A	1	chr12	1	chr12_MATERNAL	1	chr12_PATERNAL
HSPA5	1	chr9	1	chr9_MATERNAL	1	chr9_PATERNAL
KIF26A	1	chr14	1	chr14_MATERNAL	1	chr14_PATERNAL
USP53	1	chr4	1	chr4_MATERNAL	1	chr4_PATERNAL
MMP19	1	chr12	1	chr12_MATERNAL	1	chr12_PATERNAL
ANKRD18B	1	chr9	1	chr9_MATERNAL	1	chr9_PATERNAL
CRYBG2	1	chr1	1	chr1_MATERNAL	1	chr1_PATERNAL
FGF16	1	chrX	1	chrX_MATERNAL	0	None
MGAT4A	1	chr2	1	chr2_MATERNAL	1	chr2_PATERNAL
MAGEA2B	1	chrX	1	chrX_MATERNAL	0	None
TOMM70	1	chr3	1	chr3_MATERNAL	1	chr3_PATERNAL
SLC26A7	1	chr8	1	chr8_MATERNAL	1	chr8_PATERNAL
CPAMD8	1	chr19	1	chr19_MATERNAL	1	chr19_PATERNAL
MVD	1	chr16	1	chr16_MATERNAL	1	chr16_PATERNAL
DTNB	1	chr2	1	chr2_MATERNAL	1	chr2_PATERNAL
PPAT	1	chr4	1	chr4_MATERNAL	1	chr4_PATERNAL
ZFP30	1	chr19	1	chr19_MATERNAL	1	chr19_PATERNAL
MRPS25	1	chr3	1	chr3_MATERNAL	1	chr3_PATERNAL
CRAT	1	chr9	1	chr9_MATERNAL	1	chr9_PATERNAL
SPATA13	1	chr13	1	chr13_MATERNAL	1	chr13_PATERNAL
POU3F3	1	chr2	1	chr2_MATERNAL	1	chr2_PATERNAL
SCN2A	1	chr2	1	chr2_MATERNAL	1	chr2_PATERNAL
MCHR2	1	chr6	1	chr6_MATERNAL	1	chr6_PATERNAL
CENPO	1	chr2	1	chr2_MATERNAL	1	chr2_PATERNAL
TMEM61	1	chr1	1	chr1_MATERNAL	1	chr1_PATERNAL
NCKAP1L	1	chr12	1	chr12_MATERNAL	1	chr12_PATERNAL
SAP30BP	1	chr17	1	chr17_MATERNAL	1	chr17_PATERNAL
MYH7	1	chr14	1	chr14_MATERNAL	1	chr14_PATERNAL
GLIPR1L2	1	chr12	1	chr12_MATERNAL	1	chr12_PATERNAL
OR2L8	1	chr1	1	chr1_MATERNAL	1	chr1_PATERNAL
CFAP65	1	chr2	1	chr2_MATERNAL	1	chr2_PATERNAL
AP1M2	1	chr19	1	chr19_MATERNAL	1	chr19_PATERNAL
SERTAD4	1	chr1	1	chr1_MATERNAL	1	chr1_PATERNAL
MTMR9	1	chr8	1	chr8_MATERNAL	1	chr8_PATERNAL
SLC13A5	1	chr17	1	chr17_MATERNAL	1	chr17_PATERNAL
CLVS2	1	chr6	1	chr6_MATERNAL	1	chr6_PATERNAL
GPC1	1	chr2	1	chr2_MATERNAL	1	chr2_PATERNAL
WDR74	1	chr11	1	chr11_MATERNAL	1	chr11_PATERNAL
KCNJ18	2	chr17,chr17	2	chr17_MATERNAL,chr17_MATERNAL	2	chr17_PATERNAL,chr17_PATERNAL
ME3	1	chr11	1	chr11_MATERNAL	1	chr11_PATERNAL
R3HDM4	1	chr19	1	chr19_MATERNAL	1	chr19_PATERNAL
ARMC2	1	chr6	1	chr6_MATERNAL	1	chr6_PATERNAL
ACVR1B	1	chr12	1	chr12_MATERNAL	1	chr12_PATERNAL
REG1A	1	chr2	1	chr2_MATERNAL	1	chr2_PATERNAL
OTP	1	chr5	1	chr5_MATERNAL	1	chr5_PATERNAL
NPY1R	1	chr4	1	chr4_MATERNAL	1	chr4_PATERNAL
NCAPD2	1	chr12	1	chr12_MATERNAL	1	chr12_PATERNAL
TCF15	1	chr20	1	chr20_MATERNAL	1	chr20_PATERNAL
SFTA2	1	chr6	1	chr6_MATERNAL	1	chr6_PATERNAL
LCMT2	1	chr15	1	chr15_MATERNAL	1	chr15_PATERNAL
TACR1	1	chr2	1	chr2_MATERNAL	1	chr2_PATERNAL
TINAG	1	chr6	1	chr6_MATERNAL	1	chr6_PATERNAL
ARL14	1	chr3	1	chr3_MATERNAL	1	chr3_PATERNAL
SYNPO	1	chr5	1	chr5_MATERNAL	1	chr5_PATERNAL
RHOT2	1	chr16	1	chr16_MATERNAL	1	chr16_PATERNAL
FERD3L	1	chr7	1	chr7_MATERNAL	1	chr7_PATERNAL
RGR	1	chr10	1	chr10_MATERNAL	1	chr10_PATERNAL
SPRYD3	1	chr12	1	chr12_MATERNAL	1	chr12_PATERNAL
MEIS2	1	chr15	1	chr15_MATERNAL	1	chr15_PATERNAL
TEX11	1	chrX	1	chrX_MATERNAL	0	None
TNFAIP8L2	1	chr1	1	chr1_MATERNAL	1	chr1_PATERNAL
ZNF607	1	chr19	1	chr19_MATERNAL	1	chr19_PATERNAL
DMKN	1	chr19	1	chr19_MATERNAL	1	chr19_PATERNAL
CALHM5	1	chr6	1	chr6_MATERNAL	1	chr6_PATERNAL
CCNY	1	chr10	1	chr10_MATERNAL	1	chr10_PATERNAL
SEPTIN7	1	chr7	1	chr7_MATERNAL	1	chr7_PATERNAL
DDX47	1	chr12	1	chr12_MATERNAL	1	chr12_PATERNAL
SFT2D1	1	chr6	1	chr6_MATERNAL	1	chr6_PATERNAL
ARF3	1	chr12	1	chr12_MATERNAL	1	chr12_PATERNAL
TTC5	1	chr14	1	chr14_MATERNAL	1	chr14_PATERNAL
EBF4	1	chr20	1	chr20_MATERNAL	1	chr20_PATERNAL
TCEA2	1	chr20	1	chr20_MATERNAL	1	chr20_PATERNAL
LRP5	1	chr11	1	chr11_MATERNAL	1	chr11_PATERNAL
CCL4L2	2	chr17,chr17	0	None	1	chr17_PATERNAL
RTL9	1	chrX	1	chrX_MATERNAL	0	None
NAA16	1	chr13	1	chr13_MATERNAL	1	chr13_PATERNAL
HBM	1	chr16	1	chr16_MATERNAL	1	chr16_PATERNAL
ATE1	1	chr10	1	chr10_MATERNAL	1	chr10_PATERNAL
KLF6	1	chr10	1	chr10_MATERNAL	1	chr10_PATERNAL
FEZ2	1	chr2	1	chr2_MATERNAL	1	chr2_PATERNAL
DNAH5	1	chr5	1	chr5_MATERNAL	1	chr5_PATERNAL
CEACAM3	1	chr19	1	chr19_MATERNAL	1	chr19_PATERNAL
RABEPK	1	chr9	1	chr9_MATERNAL	1	chr9_PATERNAL
RAB9A	1	chrX	1	chrX_MATERNAL	0	None
LPIN1	1	chr2	1	chr2_MATERNAL	1	chr2_PATERNAL
TSPAN5	1	chr4	1	chr4_MATERNAL	1	chr4_PATERNAL
CNGA3	1	chr2	1	chr2_MATERNAL	1	chr2_PATERNAL
MXRA5	1	chrX	1	chrX_MATERNAL	0	None
FOXD4L3	1	chr9	1	chr9_MATERNAL	1	chr9_PATERNAL
SSX7	1	chrX	1	chrX_MATERNAL	0	None
ZCCHC14	1	chr16	1	chr16_MATERNAL	1	chr16_PATERNAL
IRF2	1	chr4	1	chr4_MATERNAL	1	chr4_PATERNAL
TTC32	1	chr2	1	chr2_MATERNAL	1	chr2_PATERNAL
EGFL7	1	chr9	1	chr9_MATERNAL	1	chr9_PATERNAL
SLC3A1	1	chr2	1	chr2_MATERNAL	1	chr2_PATERNAL
FABP3	1	chr1	1	chr1_MATERNAL	1	chr1_PATERNAL
FGF1	1	chr5	1	chr5_MATERNAL	1	chr5_PATERNAL
CLEC10A	1	chr17	1	chr17_MATERNAL	1	chr17_PATERNAL
PCDHB1	1	chr5	1	chr5_MATERNAL	1	chr5_PATERNAL
KDM4C	1	chr9	1	chr9_MATERNAL	1	chr9_PATERNAL
S100Z	1	chr5	1	chr5_MATERNAL	1	chr5_PATERNAL
MTHFD1	1	chr14	1	chr14_MATERNAL	1	chr14_PATERNAL
ALG2	1	chr9	1	chr9_MATERNAL	1	chr9_PATERNAL
KCNK1	1	chr1	1	chr1_MATERNAL	1	chr1_PATERNAL
TSC22D4	1	chr7	1	chr7_MATERNAL	1	chr7_PATERNAL
DBX1	1	chr11	1	chr11_MATERNAL	1	chr11_PATERNAL
RBBP8NL	1	chr20	1	chr20_MATERNAL	1	chr20_PATERNAL
RTN4	1	chr2	1	chr2_MATERNAL	1	chr2_PATERNAL
LCLAT1	1	chr2	1	chr2_MATERNAL	1	chr2_PATERNAL
NUFIP1	1	chr13	1	chr13_MATERNAL	1	chr13_PATERNAL
CPO	1	chr2	1	chr2_MATERNAL	1	chr2_PATERNAL
C17orf49	1	chr17	1	chr17_MATERNAL	1	chr17_PATERNAL
RAB26	1	chr16	1	chr16_MATERNAL	1	chr16_PATERNAL
AURKAIP1	1	chr1	1	chr1_MATERNAL	1	chr1_PATERNAL
GPAM	1	chr10	1	chr10_MATERNAL	1	chr10_PATERNAL
DDI2	1	chr1	1	chr1_MATERNAL	1	chr1_PATERNAL
NECAP1	1	chr12	1	chr12_MATERNAL	1	chr12_PATERNAL
OR6Y1	1	chr1	1	chr1_MATERNAL	1	chr1_PATERNAL
PHF2	1	chr9	1	chr9_MATERNAL	1	chr9_PATERNAL
AGAP9	1	chr10	2	chr10_MATERNAL,chr10_MATERNAL	1	chr10_PATERNAL
GSTO2	1	chr10	1	chr10_MATERNAL	1	chr10_PATERNAL
GLRX5	1	chr14	1	chr14_MATERNAL	1	chr14_PATERNAL
AMMECR1	1	chrX	1	chrX_MATERNAL	0	None
CT47B1	1	chrX	1	chrX_MATERNAL	0	None
ABHD3	1	chr18	1	chr18_MATERNAL	1	chr18_PATERNAL
ADAM23	1	chr2	1	chr2_MATERNAL	1	chr2_PATERNAL
AGTR2	1	chrX	1	chrX_MATERNAL	0	None
CAMK2D	1	chr4	1	chr4_MATERNAL	1	chr4_PATERNAL
FAM167A	1	chr8	1	chr8_MATERNAL	1	chr8_PATERNAL
ATP5MC1	1	chr17	1	chr17_MATERNAL	1	chr17_PATERNAL
RPSA	1	chr3	1	chr3_MATERNAL	1	chr3_PATERNAL
SP3	1	chr2	1	chr2_MATERNAL	1	chr2_PATERNAL
LOC124901163	1	chr5	1	chr5_MATERNAL	1	chr5_PATERNAL
EYA1	1	chr8	1	chr8_MATERNAL	1	chr8_PATERNAL
TOLLIP	1	chr11	1	chr11_MATERNAL	1	chr11_PATERNAL
PDHX	1	chr11	1	chr11_MATERNAL	1	chr11_PATERNAL
TXNDC11	1	chr16	1	chr16_MATERNAL	1	chr16_PATERNAL
ZYG11B	1	chr1	1	chr1_MATERNAL	1	chr1_PATERNAL
ACOXL	1	chr2	1	chr2_MATERNAL	1	chr2_PATERNAL
IMPG2	1	chr3	1	chr3_MATERNAL	1	chr3_PATERNAL
RNASE3	1	chr14	1	chr14_MATERNAL	1	chr14_PATERNAL
KIAA1217	1	chr10	1	chr10_MATERNAL	1	chr10_PATERNAL
PAK6	1	chr15	1	chr15_MATERNAL	1	chr15_PATERNAL
LOC124903391	1	chr14	1	chr14_MATERNAL	1	chr14_PATERNAL
VAMP7	2	chrX,chrY	1	chrX_MATERNAL	1	chrY_PATERNAL
FAM104B	1	chrX	1	chrX_MATERNAL	0	None
THEG	1	chr19	1	chr19_MATERNAL	1	chr19_PATERNAL
PDP2	1	chr16	1	chr16_MATERNAL	1	chr16_PATERNAL
GFRA3	1	chr5	1	chr5_MATERNAL	1	chr5_PATERNAL
PRKCB	1	chr16	1	chr16_MATERNAL	1	chr16_PATERNAL
DPPA3	1	chr12	1	chr12_MATERNAL	1	chr12_PATERNAL
TXN	1	chr9	1	chr9_MATERNAL	1	chr9_PATERNAL
TRAF7	1	chr16	1	chr16_MATERNAL	1	chr16_PATERNAL
ZNF287	1	chr17	1	chr17_MATERNAL	1	chr17_PATERNAL
SLC7A8	1	chr14	1	chr14_MATERNAL	1	chr14_PATERNAL
AP4E1	1	chr15	1	chr15_MATERNAL	1	chr15_PATERNAL
CCDC89	1	chr11	1	chr11_MATERNAL	1	chr11_PATERNAL
FZD5	1	chr2	1	chr2_MATERNAL	1	chr2_PATERNAL
HNRNPL	1	chr19	1	chr19_MATERNAL	1	chr19_PATERNAL
SESN2	1	chr1	1	chr1_MATERNAL	1	chr1_PATERNAL
IQANK1	1	chr8	1	chr8_MATERNAL	1	chr8_PATERNAL
KRT27	1	chr17	1	chr17_MATERNAL	1	chr17_PATERNAL
TEX13C	1	chrX	1	chrX_MATERNAL	0	None
KDF1	1	chr1	1	chr1_MATERNAL	1	chr1_PATERNAL
TRMT1L	1	chr1	1	chr1_MATERNAL	1	chr1_PATERNAL
OBI1	1	chr13	1	chr13_MATERNAL	1	chr13_PATERNAL
CKAP4	1	chr12	1	chr12_MATERNAL	1	chr12_PATERNAL
SLC45A3	1	chr1	1	chr1_MATERNAL	1	chr1_PATERNAL
LMBRD2	1	chr5	1	chr5_MATERNAL	1	chr5_PATERNAL
LZTR1	1	chr22	1	chr22_MATERNAL	1	chr22_PATERNAL
NEDD8	1	chr14	1	chr14_MATERNAL	1	chr14_PATERNAL
VSIG4	1	chrX	1	chrX_MATERNAL	0	None
RPL37A	1	chr2	1	chr2_MATERNAL	1	chr2_PATERNAL
ATOH7	1	chr10	1	chr10_MATERNAL	1	chr10_PATERNAL
IRF1	1	chr5	1	chr5_MATERNAL	1	chr5_PATERNAL
TUBA3C	1	chr13	1	chr13_MATERNAL	1	chr13_PATERNAL
S1PR2	1	chr19	1	chr19_MATERNAL	1	chr19_PATERNAL
LRWD1	1	chr7	1	chr7_MATERNAL	1	chr7_PATERNAL
CYP2S1	1	chr19	1	chr19_MATERNAL	1	chr19_PATERNAL
PRSS41	1	chr16	1	chr16_MATERNAL	1	chr16_PATERNAL
DLK2	1	chr6	1	chr6_MATERNAL	1	chr6_PATERNAL
NRK	1	chrX	1	chrX_MATERNAL	0	None
CASK	1	chrX	1	chrX_MATERNAL	0	None
SPACA7	1	chr13	1	chr13_MATERNAL	1	chr13_PATERNAL
TMEM95	1	chr17	1	chr17_MATERNAL	1	chr17_PATERNAL
IQCF2	1	chr3	1	chr3_MATERNAL	1	chr3_PATERNAL
RFX4	1	chr12	1	chr12_MATERNAL	1	chr12_PATERNAL
CTTNBP2NL	1	chr1	1	chr1_MATERNAL	1	chr1_PATERNAL
SFXN3	1	chr10	1	chr10_MATERNAL	1	chr10_PATERNAL
CDH24	1	chr14	1	chr14_MATERNAL	1	chr14_PATERNAL
TRAM1	1	chr8	1	chr8_MATERNAL	1	chr8_PATERNAL
UNC13D	1	chr17	1	chr17_MATERNAL	1	chr17_PATERNAL
ANKRD24	1	chr19	1	chr19_MATERNAL	1	chr19_PATERNAL
RPAP3	1	chr12	1	chr12_MATERNAL	1	chr12_PATERNAL
SCMH1	1	chr1	1	chr1_MATERNAL	1	chr1_PATERNAL
PARD6G	1	chr18	1	chr18_MATERNAL	1	chr18_PATERNAL
PLA2G6	1	chr22	1	chr22_MATERNAL	1	chr22_PATERNAL
CD8A	1	chr2	1	chr2_MATERNAL	1	chr2_PATERNAL
LOC124900251	1	chr8	1	chr8_MATERNAL	1	chr8_PATERNAL
FGFR3	1	chr4	1	chr4_MATERNAL	1	chr4_PATERNAL
NEFL	1	chr8	1	chr8_MATERNAL	1	chr8_PATERNAL
ADAMTSL5	1	chr19	1	chr19_MATERNAL	1	chr19_PATERNAL
ARFGAP1	1	chr20	1	chr20_MATERNAL	1	chr20_PATERNAL
MMRN1	1	chr4	1	chr4_MATERNAL	1	chr4_PATERNAL
UNC13B	1	chr9	1	chr9_MATERNAL	1	chr9_PATERNAL
PAQR9	1	chr3	1	chr3_MATERNAL	1	chr3_PATERNAL
VWA2	1	chr10	1	chr10_MATERNAL	1	chr10_PATERNAL
CHAC2	1	chr2	1	chr2_MATERNAL	1	chr2_PATERNAL
LOC101060212	1	chr17	1	chr17_MATERNAL	1	chr17_PATERNAL
PCDHGA6	1	chr5	1	chr5_MATERNAL	1	chr5_PATERNAL
YRDC	1	chr1	1	chr1_MATERNAL	1	chr1_PATERNAL
ETV3L	1	chr1	1	chr1_MATERNAL	1	chr1_PATERNAL
SLC2A3	1	chr12	1	chr12_MATERNAL	1	chr12_PATERNAL
COMMD3	1	chr10	1	chr10_MATERNAL	1	chr10_PATERNAL
MVK	1	chr12	1	chr12_MATERNAL	1	chr12_PATERNAL
PRPF4	1	chr9	1	chr9_MATERNAL	1	chr9_PATERNAL
FAM171A1	1	chr10	1	chr10_MATERNAL	1	chr10_PATERNAL
CYP3A7	1	chr7	1	chr7_MATERNAL	1	chr7_PATERNAL
MYO18B	1	chr22	1	chr22_MATERNAL	1	chr22_PATERNAL
RTL6	1	chr22	1	chr22_MATERNAL	1	chr22_PATERNAL
PDE4DIP	1	chr1	1	chr1_MATERNAL	1	chr1_PATERNAL
IFNA16	1	chr9	1	chr9_MATERNAL	1	chr9_PATERNAL
ACSL4	1	chrX	1	chrX_MATERNAL	0	None
EPAS1	1	chr2	1	chr2_MATERNAL	1	chr2_PATERNAL
CLUH	1	chr17	1	chr17_MATERNAL	1	chr17_PATERNAL
ACBD4	1	chr17	1	chr17_MATERNAL	1	chr17_PATERNAL
LOC124900301	1	chr11	1	chr11_MATERNAL	1	chr11_PATERNAL
SIGLEC5	1	chr19	1	chr19_MATERNAL	1	chr19_PATERNAL
MAGT1	1	chrX	1	chrX_MATERNAL	0	None
ZFP91	1	chr11	1	chr11_MATERNAL	1	chr11_PATERNAL
H2AC15	1	chr6	1	chr6_MATERNAL	1	chr6_PATERNAL
SPATA45	1	chr1	1	chr1_MATERNAL	1	chr1_PATERNAL
PDP1	1	chr8	1	chr8_MATERNAL	1	chr8_PATERNAL
DCC	1	chr18	1	chr18_MATERNAL	1	chr18_PATERNAL
DERL3	1	chr22	1	chr22_MATERNAL	1	chr22_PATERNAL
IRAG2	1	chr12	1	chr12_MATERNAL	1	chr12_PATERNAL
CLDN11	1	chr3	1	chr3_MATERNAL	1	chr3_PATERNAL
GIMAP6	1	chr7	1	chr7_MATERNAL	1	chr7_PATERNAL
PLSCR3	1	chr17	1	chr17_MATERNAL	1	chr17_PATERNAL
CTNNA2	1	chr2	1	chr2_MATERNAL	1	chr2_PATERNAL
AEN	1	chr15	1	chr15_MATERNAL	1	chr15_PATERNAL
SSTR2	1	chr17	1	chr17_MATERNAL	1	chr17_PATERNAL
LOC124902536	1	chr10	1	chr10_MATERNAL	1	chr10_PATERNAL
FAM166B	1	chr9	1	chr9_MATERNAL	1	chr9_PATERNAL
ALKAL2	1	chr2	1	chr2_MATERNAL	1	chr2_PATERNAL
CYP2J2	1	chr1	1	chr1_MATERNAL	1	chr1_PATERNAL
CREG2	1	chr2	1	chr2_MATERNAL	1	chr2_PATERNAL
KPNA5	1	chr6	1	chr6_MATERNAL	1	chr6_PATERNAL
HNRNPU	1	chr1	1	chr1_MATERNAL	1	chr1_PATERNAL
PRR7	1	chr5	1	chr5_MATERNAL	1	chr5_PATERNAL
HLA-DQB1	1	chr6	1	chr6_MATERNAL	1	chr6_PATERNAL
MMD	1	chr17	1	chr17_MATERNAL	1	chr17_PATERNAL
UHRF1	1	chr19	1	chr19_MATERNAL	1	chr19_PATERNAL
UTP14C	1	chr13	1	chr13_MATERNAL	1	chr13_PATERNAL
MAP1LC3C	1	chr1	1	chr1_MATERNAL	1	chr1_PATERNAL
CYSRT1	1	chr9	1	chr9_MATERNAL	1	chr9_PATERNAL
NSMF	1	chr9	1	chr9_MATERNAL	1	chr9_PATERNAL
GJB2	1	chr13	1	chr13_MATERNAL	1	chr13_PATERNAL
NCMAP	1	chr1	1	chr1_MATERNAL	1	chr1_PATERNAL
TAS2R31	1	chr12	1	chr12_MATERNAL	1	chr12_PATERNAL
PGAM4	1	chrX	1	chrX_MATERNAL	0	None
ZNF562	1	chr19	1	chr19_MATERNAL	1	chr19_PATERNAL
ARMCX2	1	chrX	1	chrX_MATERNAL	0	None
ZSWIM2	1	chr2	1	chr2_MATERNAL	1	chr2_PATERNAL
SCOC	1	chr4	1	chr4_MATERNAL	1	chr4_PATERNAL
DNAJC1	1	chr10	1	chr10_MATERNAL	1	chr10_PATERNAL
ARMCX3	1	chrX	1	chrX_MATERNAL	0	None
EIF5A2	1	chr3	1	chr3_MATERNAL	1	chr3_PATERNAL
SLC35B1	1	chr17	1	chr17_MATERNAL	1	chr17_PATERNAL
ZNF532	1	chr18	1	chr18_MATERNAL	1	chr18_PATERNAL
H3C1	1	chr6	1	chr6_MATERNAL	1	chr6_PATERNAL
NDUFA3	1	chr19	1	chr19_MATERNAL	1	chr19_PATERNAL
LANCL3	1	chrX	1	chrX_MATERNAL	0	None
BPIFB4	1	chr20	1	chr20_MATERNAL	1	chr20_PATERNAL
TRIM5	1	chr11	1	chr11_MATERNAL	1	chr11_PATERNAL
TMSB10	1	chr2	1	chr2_MATERNAL	1	chr2_PATERNAL
RAET1L	1	chr6	1	chr6_MATERNAL	1	chr6_PATERNAL
TMPRSS11A	1	chr4	1	chr4_MATERNAL	1	chr4_PATERNAL
NUDCD3	1	chr7	1	chr7_MATERNAL	1	chr7_PATERNAL
CHRNB4	1	chr15	1	chr15_MATERNAL	1	chr15_PATERNAL
DUSP14	1	chr17	1	chr17_MATERNAL	1	chr17_PATERNAL
MIEF2	1	chr17	1	chr17_MATERNAL	1	chr17_PATERNAL
TK2	1	chr16	1	chr16_MATERNAL	1	chr16_PATERNAL
BCOR	1	chrX	1	chrX_MATERNAL	0	None
FSCN2	1	chr17	1	chr17_MATERNAL	1	chr17_PATERNAL
DBN1	1	chr5	1	chr5_MATERNAL	1	chr5_PATERNAL
OR10A5	1	chr11	1	chr11_MATERNAL	1	chr11_PATERNAL
TNFRSF18	1	chr1	1	chr1_MATERNAL	1	chr1_PATERNAL
ZNF550	1	chr19	1	chr19_MATERNAL	1	chr19_PATERNAL
RPS9	1	chr19	1	chr19_MATERNAL	1	chr19_PATERNAL
TBC1D3E	1	chr17	1	chr17_MATERNAL	1	chr17_PATERNAL
C8orf58	1	chr8	1	chr8_MATERNAL	1	chr8_PATERNAL
MFNG	1	chr22	1	chr22_MATERNAL	1	chr22_PATERNAL
PPP4R2	1	chr3	1	chr3_MATERNAL	1	chr3_PATERNAL
DNAJC15	1	chr13	1	chr13_MATERNAL	1	chr13_PATERNAL
LDHAL6B	1	chr15	1	chr15_MATERNAL	1	chr15_PATERNAL
SMPX	1	chrX	1	chrX_MATERNAL	0	None
NELL1	1	chr11	1	chr11_MATERNAL	1	chr11_PATERNAL
CDCP1	1	chr3	1	chr3_MATERNAL	1	chr3_PATERNAL
ARHGAP24	1	chr4	1	chr4_MATERNAL	1	chr4_PATERNAL
NLRP2B	1	chrX	1	chrX_MATERNAL	0	None
SLC22A31	1	chr16	1	chr16_MATERNAL	1	chr16_PATERNAL
ZNF211	1	chr19	1	chr19_MATERNAL	1	chr19_PATERNAL
MAGEC1	1	chrX	1	chrX_MATERNAL	0	None
NFATC1	1	chr18	1	chr18_MATERNAL	1	chr18_PATERNAL
POLR1H	1	chr6	1	chr6_MATERNAL	1	chr6_PATERNAL
CSTF1	1	chr20	1	chr20_MATERNAL	1	chr20_PATERNAL
KLHL4	1	chrX	1	chrX_MATERNAL	0	None
SLBP	1	chr4	1	chr4_MATERNAL	1	chr4_PATERNAL
SLC39A10	1	chr2	1	chr2_MATERNAL	1	chr2_PATERNAL
THYN1	1	chr11	1	chr11_MATERNAL	1	chr11_PATERNAL
DNAJB7	1	chr22	1	chr22_MATERNAL	1	chr22_PATERNAL
PCDH20	1	chr13	1	chr13_MATERNAL	1	chr13_PATERNAL
SH2D6	1	chr2	1	chr2_MATERNAL	1	chr2_PATERNAL
CYREN	1	chr7	1	chr7_MATERNAL	1	chr7_PATERNAL
SALL2	1	chr14	1	chr14_MATERNAL	1	chr14_PATERNAL
TUBA8	1	chr22	1	chr22_MATERNAL	1	chr22_PATERNAL
CC2D1B	1	chr1	1	chr1_MATERNAL	1	chr1_PATERNAL
USP17L18	1	chr4	1	chr4_MATERNAL	1	chr4_PATERNAL
C13orf42	1	chr13	1	chr13_MATERNAL	1	chr13_PATERNAL
TRMO	1	chr9	1	chr9_MATERNAL	1	chr9_PATERNAL
ADH4	1	chr4	1	chr4_MATERNAL	1	chr4_PATERNAL
CAPRIN1	1	chr11	1	chr11_MATERNAL	1	chr11_PATERNAL
STAMBP	1	chr2	1	chr2_MATERNAL	1	chr2_PATERNAL
FRG1	1	chr4	1	chr4_MATERNAL	1	chr4_PATERNAL
C1GALT1C1L	1	chr2	1	chr2_MATERNAL	1	chr2_PATERNAL
VSTM4	1	chr10	1	chr10_MATERNAL	1	chr10_PATERNAL
KRTAP24-1	1	chr21	1	chr21_MATERNAL	1	chr21_PATERNAL
TRIP6	1	chr7	1	chr7_MATERNAL	1	chr7_PATERNAL
MAP4K1	1	chr19	1	chr19_MATERNAL	1	chr19_PATERNAL
AWAT1	1	chrX	1	chrX_MATERNAL	0	None
TIMM22	1	chr17	1	chr17_MATERNAL	1	chr17_PATERNAL
ITGB1BP2	1	chrX	1	chrX_MATERNAL	0	None
CLIC4	1	chr1	1	chr1_MATERNAL	1	chr1_PATERNAL
LSM14A	1	chr19	1	chr19_MATERNAL	1	chr19_PATERNAL
ZZZ3	1	chr1	1	chr1_MATERNAL	1	chr1_PATERNAL
DEPTOR	1	chr8	1	chr8_MATERNAL	1	chr8_PATERNAL
ARL4D	1	chr17	1	chr17_MATERNAL	1	chr17_PATERNAL
RAD17	1	chr5	1	chr5_MATERNAL	1	chr5_PATERNAL
FANCG	1	chr9	1	chr9_MATERNAL	1	chr9_PATERNAL
LYNX1	1	chr8	1	chr8_MATERNAL	1	chr8_PATERNAL
OR2V2	1	chr5	1	chr5_MATERNAL	1	chr5_PATERNAL
IL5	1	chr5	1	chr5_MATERNAL	1	chr5_PATERNAL
BRICD5	1	chr16	1	chr16_MATERNAL	1	chr16_PATERNAL
MRPL14	1	chr6	1	chr6_MATERNAL	1	chr6_PATERNAL
CDH18	1	chr5	1	chr5_MATERNAL	1	chr5_PATERNAL
SYT13	1	chr11	1	chr11_MATERNAL	1	chr11_PATERNAL
UNC93A	1	chr6	1	chr6_MATERNAL	1	chr6_PATERNAL
SUGCT	1	chr7	1	chr7_MATERNAL	1	chr7_PATERNAL
C19orf81	1	chr19	1	chr19_MATERNAL	1	chr19_PATERNAL
SEMA7A	1	chr15	1	chr15_MATERNAL	1	chr15_PATERNAL
SPHK1	1	chr17	1	chr17_MATERNAL	1	chr17_PATERNAL
BBS7	1	chr4	1	chr4_MATERNAL	1	chr4_PATERNAL
GLYATL1B	1	chr11	1	chr11_MATERNAL	1	chr11_PATERNAL
TSTD2	1	chr9	1	chr9_MATERNAL	1	chr9_PATERNAL
PITHD1	1	chr1	1	chr1_MATERNAL	1	chr1_PATERNAL
FOXE1	1	chr9	1	chr9_MATERNAL	1	chr9_PATERNAL
B3GAT3	1	chr11	1	chr11_MATERNAL	1	chr11_PATERNAL
OMG	1	chr17	1	chr17_MATERNAL	1	chr17_PATERNAL
ZIC1	1	chr3	1	chr3_MATERNAL	1	chr3_PATERNAL
ZNF586	1	chr19	1	chr19_MATERNAL	1	chr19_PATERNAL
KANSL2	1	chr12	1	chr12_MATERNAL	1	chr12_PATERNAL
TOP3B	1	chr22	1	chr22_MATERNAL	1	chr22_PATERNAL
MSMP	1	chr9	1	chr9_MATERNAL	1	chr9_PATERNAL
PRSS8	1	chr16	1	chr16_MATERNAL	1	chr16_PATERNAL
ATP6AP1	1	chrX	1	chrX_MATERNAL	0	None
PLEKHA6	1	chr1	1	chr1_MATERNAL	1	chr1_PATERNAL
OSCP1	1	chr1	1	chr1_MATERNAL	1	chr1_PATERNAL
DDX27	1	chr20	1	chr20_MATERNAL	1	chr20_PATERNAL
WDR97	1	chr8	1	chr8_MATERNAL	1	chr8_PATERNAL
TNIK	1	chr3	1	chr3_MATERNAL	1	chr3_PATERNAL
EXOSC9	1	chr4	1	chr4_MATERNAL	1	chr4_PATERNAL
CLDN14	1	chr21	1	chr21_MATERNAL	1	chr21_PATERNAL
KPNA7	1	chr7	1	chr7_MATERNAL	1	chr7_PATERNAL
FRMD1	1	chr6	1	chr6_MATERNAL	1	chr6_PATERNAL
AGTPBP1	1	chr9	1	chr9_MATERNAL	1	chr9_PATERNAL
PSMD2	1	chr3	1	chr3_MATERNAL	1	chr3_PATERNAL
GNG11	1	chr7	1	chr7_MATERNAL	1	chr7_PATERNAL
COG2	1	chr1	1	chr1_MATERNAL	1	chr1_PATERNAL
CTAGE15	1	chr7	1	chr7_MATERNAL	1	chr7_PATERNAL
ANKRD63	1	chr15	1	chr15_MATERNAL	1	chr15_PATERNAL
THAP9	1	chr4	1	chr4_MATERNAL	1	chr4_PATERNAL
APOC3	1	chr11	1	chr11_MATERNAL	1	chr11_PATERNAL
MAFF	1	chr22	1	chr22_MATERNAL	1	chr22_PATERNAL
DPRX	1	chr19	1	chr19_MATERNAL	1	chr19_PATERNAL
AGBL1	1	chr15	1	chr15_MATERNAL	1	chr15_PATERNAL
LHX5	1	chr12	1	chr12_MATERNAL	1	chr12_PATERNAL
FUT8	1	chr14	1	chr14_MATERNAL	1	chr14_PATERNAL
CNTNAP3B	1	chr9	1	chr9_MATERNAL	1	chr9_PATERNAL
KRTAP10-12	1	chr21	1	chr21_MATERNAL	1	chr21_PATERNAL
CD74	1	chr5	1	chr5_MATERNAL	1	chr5_PATERNAL
PROP1	1	chr5	1	chr5_MATERNAL	1	chr5_PATERNAL
FYB1	1	chr5	1	chr5_MATERNAL	1	chr5_PATERNAL
NUMA1	1	chr11	1	chr11_MATERNAL	1	chr11_PATERNAL
GAS6	1	chr13	1	chr13_MATERNAL	1	chr13_PATERNAL
TCL1B	1	chr14	1	chr14_MATERNAL	1	chr14_PATERNAL
STIL	1	chr1	1	chr1_MATERNAL	1	chr1_PATERNAL
CDC26	1	chr9	1	chr9_MATERNAL	1	chr9_PATERNAL
LRRC71	1	chr1	1	chr1_MATERNAL	1	chr1_PATERNAL
CRELD1	1	chr3	1	chr3_MATERNAL	1	chr3_PATERNAL
LONRF3	1	chrX	1	chrX_MATERNAL	0	None
DYNLT2	1	chr6	1	chr6_MATERNAL	1	chr6_PATERNAL
NUTM2G	1	chr9	1	chr9_MATERNAL	1	chr9_PATERNAL
RALY	1	chr20	1	chr20_MATERNAL	1	chr20_PATERNAL
SGO1	1	chr3	1	chr3_MATERNAL	1	chr3_PATERNAL
HPR	1	chr16	1	chr16_MATERNAL	1	chr16_PATERNAL
UBE3B	1	chr12	1	chr12_MATERNAL	1	chr12_PATERNAL
CBFB	1	chr16	1	chr16_MATERNAL	1	chr16_PATERNAL
CYB5B	1	chr16	1	chr16_MATERNAL	1	chr16_PATERNAL
NSUN6	1	chr10	1	chr10_MATERNAL	1	chr10_PATERNAL
REG1B	1	chr2	1	chr2_MATERNAL	1	chr2_PATERNAL
LGR4	1	chr11	1	chr11_MATERNAL	1	chr11_PATERNAL
KRT28	1	chr17	1	chr17_MATERNAL	1	chr17_PATERNAL
BPIFB6	1	chr20	1	chr20_MATERNAL	1	chr20_PATERNAL
LRRC10B	1	chr11	1	chr11_MATERNAL	1	chr11_PATERNAL
DNAAF1	1	chr16	1	chr16_MATERNAL	1	chr16_PATERNAL
LRP12	1	chr8	1	chr8_MATERNAL	1	chr8_PATERNAL
GPKOW	1	chrX	1	chrX_MATERNAL	0	None
HAPLN4	1	chr19	1	chr19_MATERNAL	1	chr19_PATERNAL
EIF3G	1	chr19	1	chr19_MATERNAL	1	chr19_PATERNAL
C2orf42	1	chr2	1	chr2_MATERNAL	1	chr2_PATERNAL
FCAR	1	chr19	1	chr19_MATERNAL	1	chr19_PATERNAL
LAG3	1	chr12	1	chr12_MATERNAL	1	chr12_PATERNAL
RUFY3	1	chr4	1	chr4_MATERNAL	1	chr4_PATERNAL
CNIH3	1	chr1	1	chr1_MATERNAL	1	chr1_PATERNAL
ANO9	1	chr11	1	chr11_MATERNAL	1	chr11_PATERNAL
AGPS	1	chr2	1	chr2_MATERNAL	1	chr2_PATERNAL
SUPT7L	1	chr2	1	chr2_MATERNAL	1	chr2_PATERNAL
LTBP4	1	chr19	1	chr19_MATERNAL	1	chr19_PATERNAL
C1QTNF9B	1	chr13	1	chr13_MATERNAL	1	chr13_PATERNAL
POLG	1	chr15	1	chr15_MATERNAL	1	chr15_PATERNAL
ANO6	1	chr12	1	chr12_MATERNAL	1	chr12_PATERNAL
GRM8	1	chr7	1	chr7_MATERNAL	1	chr7_PATERNAL
UBE2F	1	chr2	1	chr2_MATERNAL	1	chr2_PATERNAL
EPHA7	1	chr6	1	chr6_MATERNAL	1	chr6_PATERNAL
PA2G4	1	chr12	1	chr12_MATERNAL	1	chr12_PATERNAL
MED21	1	chr12	1	chr12_MATERNAL	1	chr12_PATERNAL
PECAM1	1	chr17	1	chr17_MATERNAL	1	chr17_PATERNAL
FABP12	1	chr8	1	chr8_MATERNAL	1	chr8_PATERNAL
HELZ2	1	chr20	1	chr20_MATERNAL	1	chr20_PATERNAL
ZNF34	1	chr8	1	chr8_MATERNAL	1	chr8_PATERNAL
ACADS	1	chr12	1	chr12_MATERNAL	1	chr12_PATERNAL
GTF2A1	1	chr14	1	chr14_MATERNAL	1	chr14_PATERNAL
NOMO2	1	chr16	1	chr16_MATERNAL	1	chr16_PATERNAL
RECK	1	chr9	1	chr9_MATERNAL	1	chr9_PATERNAL
DAW1	1	chr2	1	chr2_MATERNAL	1	chr2_PATERNAL
LOC441155	1	chr6	1	chr6_MATERNAL	1	chr6_PATERNAL
SREK1IP1	1	chr5	1	chr5_MATERNAL	1	chr5_PATERNAL
SV2B	1	chr15	1	chr15_MATERNAL	1	chr15_PATERNAL
ILK	1	chr11	1	chr11_MATERNAL	1	chr11_PATERNAL
MACROD2	1	chr20	1	chr20_MATERNAL	1	chr20_PATERNAL
CUX2	1	chr12	1	chr12_MATERNAL	1	chr12_PATERNAL
XCR1	1	chr3	1	chr3_MATERNAL	1	chr3_PATERNAL
SZT2	1	chr1	1	chr1_MATERNAL	1	chr1_PATERNAL
OR10C1	1	chr6	1	chr6_MATERNAL	1	chr6_PATERNAL
ZNF428	1	chr19	1	chr19_MATERNAL	1	chr19_PATERNAL
ZFPM2	1	chr8	1	chr8_MATERNAL	1	chr8_PATERNAL
ANKRD17	1	chr4	1	chr4_MATERNAL	1	chr4_PATERNAL
GNB4	1	chr3	1	chr3_MATERNAL	1	chr3_PATERNAL
BBS4	1	chr15	1	chr15_MATERNAL	1	chr15_PATERNAL
USP25	1	chr21	1	chr21_MATERNAL	1	chr21_PATERNAL
CCDC171	1	chr9	1	chr9_MATERNAL	1	chr9_PATERNAL
SPG7	1	chr16	1	chr16_MATERNAL	1	chr16_PATERNAL
FGF22	1	chr19	1	chr19_MATERNAL	1	chr19_PATERNAL
ZSCAN5C	1	chr19	1	chr19_MATERNAL	1	chr19_PATERNAL
ZNF267	1	chr16	1	chr16_MATERNAL	1	chr16_PATERNAL
ANKRD30B	1	chr18	1	chr18_MATERNAL	1	chr18_PATERNAL
WFDC13	1	chr20	1	chr20_MATERNAL	1	chr20_PATERNAL
ACAP2	1	chr3	1	chr3_MATERNAL	1	chr3_PATERNAL
NTAN1	1	chr16	1	chr16_MATERNAL	1	chr16_PATERNAL
ZCRB1	1	chr12	1	chr12_MATERNAL	1	chr12_PATERNAL
TUBGCP4	1	chr15	1	chr15_MATERNAL	1	chr15_PATERNAL
DHX40	1	chr17	1	chr17_MATERNAL	1	chr17_PATERNAL
CNTNAP2	1	chr7	1	chr7_MATERNAL	1	chr7_PATERNAL
CXCL8	1	chr4	1	chr4_MATERNAL	1	chr4_PATERNAL
ACSM6	1	chr10	1	chr10_MATERNAL	1	chr10_PATERNAL
SPATA9	1	chr5	1	chr5_MATERNAL	1	chr5_PATERNAL
RPS3	1	chr11	1	chr11_MATERNAL	1	chr11_PATERNAL
SPX	1	chr12	1	chr12_MATERNAL	1	chr12_PATERNAL
SPATA22	1	chr17	1	chr17_MATERNAL	1	chr17_PATERNAL
LSM1	1	chr8	1	chr8_MATERNAL	1	chr8_PATERNAL
LIM2	1	chr19	1	chr19_MATERNAL	1	chr19_PATERNAL
SEC23A	1	chr14	1	chr14_MATERNAL	1	chr14_PATERNAL
B3GLCT	1	chr13	1	chr13_MATERNAL	1	chr13_PATERNAL
CD6	1	chr11	1	chr11_MATERNAL	1	chr11_PATERNAL
CBARP	1	chr19	1	chr19_MATERNAL	1	chr19_PATERNAL
CDH2	1	chr18	1	chr18_MATERNAL	1	chr18_PATERNAL
BPY2B	1	chrY	0	None	1	chrY_PATERNAL
GPR132	1	chr14	1	chr14_MATERNAL	1	chr14_PATERNAL
CORO7	1	chr16	1	chr16_MATERNAL	1	chr16_PATERNAL
MBNL1	1	chr3	1	chr3_MATERNAL	1	chr3_PATERNAL
GLI1	1	chr12	1	chr12_MATERNAL	1	chr12_PATERNAL
TRIM7	1	chr5	1	chr5_MATERNAL	1	chr5_PATERNAL
CXCL1	1	chr4	1	chr4_MATERNAL	1	chr4_PATERNAL
SMIM10L1	1	chr12	1	chr12_MATERNAL	1	chr12_PATERNAL
PANK4	1	chr1	1	chr1_MATERNAL	1	chr1_PATERNAL
POTEB2	1	chr15	1	chr15_MATERNAL	1	chr15_PATERNAL
SPACA5B	1	chrX	1	chrX_MATERNAL	0	None
OR2T3	1	chr1	1	chr1_MATERNAL	1	chr1_PATERNAL
CLTC	1	chr17	1	chr17_MATERNAL	1	chr17_PATERNAL
LOC124902561	1	chr10	1	chr10_MATERNAL	1	chr10_PATERNAL
RPL26L1	1	chr5	1	chr5_MATERNAL	1	chr5_PATERNAL
TSPAN8	1	chr12	1	chr12_MATERNAL	1	chr12_PATERNAL
RFK	1	chr9	1	chr9_MATERNAL	1	chr9_PATERNAL
DMP1	1	chr4	1	chr4_MATERNAL	1	chr4_PATERNAL
PHKA1	1	chrX	1	chrX_MATERNAL	0	None
SPTY2D1	1	chr11	1	chr11_MATERNAL	1	chr11_PATERNAL
TGM4	1	chr3	1	chr3_MATERNAL	1	chr3_PATERNAL
USP17L2	1	chr8	0	None	1	chr8_PATERNAL
FREM3	1	chr4	1	chr4_MATERNAL	1	chr4_PATERNAL
IL3RA	2	chrX,chrY	1	chrX_MATERNAL	1	chrY_PATERNAL
ATF7-NPFF	1	chr12	1	chr12_MATERNAL	1	chr12_PATERNAL
TMEM130	1	chr7	1	chr7_MATERNAL	1	chr7_PATERNAL
SNX5	1	chr20	1	chr20_MATERNAL	1	chr20_PATERNAL
TCOF1	1	chr5	1	chr5_MATERNAL	1	chr5_PATERNAL
ZNF268	1	chr12	1	chr12_MATERNAL	1	chr12_PATERNAL
FAU	1	chr11	1	chr11_MATERNAL	1	chr11_PATERNAL
NUP155	1	chr5	1	chr5_MATERNAL	1	chr5_PATERNAL
MYLK3	1	chr16	1	chr16_MATERNAL	1	chr16_PATERNAL
RCC1	1	chr1	1	chr1_MATERNAL	1	chr1_PATERNAL
ROBO4	1	chr11	1	chr11_MATERNAL	1	chr11_PATERNAL
LOC124904708	1	chr19	1	chr19_MATERNAL	1	chr19_PATERNAL
YIPF7	1	chr4	1	chr4_MATERNAL	1	chr4_PATERNAL
POLR2J3	1	chr7	1	chr7_MATERNAL	1	chr7_PATERNAL
TCF19	1	chr6	1	chr6_MATERNAL	1	chr6_PATERNAL
SENP5	1	chr3	1	chr3_MATERNAL	1	chr3_PATERNAL
FAM177B	1	chr1	1	chr1_MATERNAL	1	chr1_PATERNAL
HAVCR2	1	chr5	1	chr5_MATERNAL	1	chr5_PATERNAL
MAP3K14	1	chr17	1	chr17_MATERNAL	1	chr17_PATERNAL
KLHDC2	1	chr14	1	chr14_MATERNAL	1	chr14_PATERNAL
MAP2K6	1	chr17	1	chr17_MATERNAL	1	chr17_PATERNAL
HDGF	1	chr1	1	chr1_MATERNAL	1	chr1_PATERNAL
THOC7	1	chr3	1	chr3_MATERNAL	1	chr3_PATERNAL
AMPD2	1	chr1	1	chr1_MATERNAL	1	chr1_PATERNAL
ZDHHC14	1	chr6	1	chr6_MATERNAL	1	chr6_PATERNAL
NECTIN2	1	chr19	1	chr19_MATERNAL	1	chr19_PATERNAL
SYT15B	1	chr10	1	chr10_MATERNAL	1	chr10_PATERNAL
ZFR	1	chr5	1	chr5_MATERNAL	1	chr5_PATERNAL
ADGB	1	chr6	1	chr6_MATERNAL	1	chr6_PATERNAL
IL1R2	1	chr2	1	chr2_MATERNAL	1	chr2_PATERNAL
CHST3	1	chr10	1	chr10_MATERNAL	1	chr10_PATERNAL
KIR3DL3	1	chr19	1	chr19_MATERNAL	1	chr19_PATERNAL
FAM76A	1	chr1	1	chr1_MATERNAL	1	chr1_PATERNAL
DNAJB13	1	chr11	1	chr11_MATERNAL	1	chr11_PATERNAL
MAGEL2	1	chr15	1	chr15_MATERNAL	1	chr15_PATERNAL
ZNF138	1	chr7	1	chr7_MATERNAL	1	chr7_PATERNAL
PDHA2	1	chr4	1	chr4_MATERNAL	1	chr4_PATERNAL
HCRTR1	1	chr1	1	chr1_MATERNAL	1	chr1_PATERNAL
STIMATE-MUSTN1	1	chr3	1	chr3_MATERNAL	1	chr3_PATERNAL
LOC124905403	1	chr3	1	chr3_MATERNAL	1	chr3_PATERNAL
SLC44A2	1	chr19	1	chr19_MATERNAL	1	chr19_PATERNAL
TMED3	1	chr15	1	chr15_MATERNAL	1	chr15_PATERNAL
NT5C2	1	chr10	1	chr10_MATERNAL	1	chr10_PATERNAL
LOC124905050	1	chr21	1	chr21_MATERNAL	1	chr21_PATERNAL
TFAP2E	1	chr1	1	chr1_MATERNAL	1	chr1_PATERNAL
GADD45A	1	chr1	1	chr1_MATERNAL	1	chr1_PATERNAL
PLA2G2C	1	chr1	1	chr1_MATERNAL	1	chr1_PATERNAL
KIAA1109	1	chr4	1	chr4_MATERNAL	1	chr4_PATERNAL
TKTL2	1	chr4	1	chr4_MATERNAL	1	chr4_PATERNAL
OTUD6B	1	chr8	1	chr8_MATERNAL	1	chr8_PATERNAL
ALOX5AP	1	chr13	1	chr13_MATERNAL	1	chr13_PATERNAL
NAGPA	1	chr16	1	chr16_MATERNAL	1	chr16_PATERNAL
ALOX15B	1	chr17	1	chr17_MATERNAL	1	chr17_PATERNAL
NUP98	1	chr11	1	chr11_MATERNAL	1	chr11_PATERNAL
CACNA1I	1	chr22	1	chr22_MATERNAL	1	chr22_PATERNAL
OR4M2B	1	chr15	1	chr15_MATERNAL	1	chr15_PATERNAL
IPMK	1	chr10	1	chr10_MATERNAL	1	chr10_PATERNAL
H2AC21	1	chr1	1	chr1_MATERNAL	1	chr1_PATERNAL
MRPS31	1	chr13	1	chr13_MATERNAL	1	chr13_PATERNAL
JAKMIP1	1	chr4	1	chr4_MATERNAL	1	chr4_PATERNAL
NSUN3	1	chr3	1	chr3_MATERNAL	1	chr3_PATERNAL
DYNC2I2	1	chr9	1	chr9_MATERNAL	1	chr9_PATERNAL
KANSL1	1	chr17	1	chr17_MATERNAL	1	chr17_PATERNAL
USP17L11	26	chr4,chr4,chr4,chr4,chr4,chr4,chr4,chr4,chr4,chr4,chr4,chr4,chr4,chr4,chr4,chr4,chr4,chr4,chr4,chr4,chr4,chr4,chr4,chr4,chr4,chr4	1	chr4_MATERNAL	1	chr4_PATERNAL
PLEKHF2	1	chr8	1	chr8_MATERNAL	1	chr8_PATERNAL
NDST4	1	chr4	1	chr4_MATERNAL	1	chr4_PATERNAL
HLA-DQA2	1	chr6	1	chr6_MATERNAL	1	chr6_PATERNAL
MON2	1	chr12	1	chr12_MATERNAL	1	chr12_PATERNAL
P2RY1	1	chr3	1	chr3_MATERNAL	1	chr3_PATERNAL
SLC4A2	1	chr7	1	chr7_MATERNAL	1	chr7_PATERNAL
OR5H15	1	chr3	1	chr3_MATERNAL	1	chr3_PATERNAL
GOLGA8B	1	chr15	1	chr15_MATERNAL	1	chr15_PATERNAL
ILF2	1	chr1	1	chr1_MATERNAL	1	chr1_PATERNAL
LIPC	1	chr15	1	chr15_MATERNAL	1	chr15_PATERNAL
ZNF684	1	chr1	1	chr1_MATERNAL	1	chr1_PATERNAL
PTP4A3	1	chr8	1	chr8_MATERNAL	1	chr8_PATERNAL
LMNTD1	1	chr12	1	chr12_MATERNAL	1	chr12_PATERNAL
RIC8B	1	chr12	1	chr12_MATERNAL	1	chr12_PATERNAL
ANXA11	1	chr10	1	chr10_MATERNAL	1	chr10_PATERNAL
FAM120B	1	chr6	1	chr6_MATERNAL	1	chr6_PATERNAL
MBD6	1	chr12	1	chr12_MATERNAL	1	chr12_PATERNAL
KLF4	1	chr9	1	chr9_MATERNAL	1	chr9_PATERNAL
MIPEP	1	chr13	1	chr13_MATERNAL	1	chr13_PATERNAL
FIBCD1	1	chr9	1	chr9_MATERNAL	1	chr9_PATERNAL
LOC105374355	1	chr4	1	chr4_MATERNAL	1	chr4_PATERNAL
SH2D2A	1	chr1	1	chr1_MATERNAL	1	chr1_PATERNAL
ATP13A3	1	chr3	1	chr3_MATERNAL	1	chr3_PATERNAL
RAPGEFL1	1	chr17	1	chr17_MATERNAL	1	chr17_PATERNAL
COX8C	1	chr14	1	chr14_MATERNAL	1	chr14_PATERNAL
ZSWIM8	1	chr10	1	chr10_MATERNAL	1	chr10_PATERNAL
UBE2S	1	chr19	1	chr19_MATERNAL	1	chr19_PATERNAL
KBTBD7	1	chr13	1	chr13_MATERNAL	1	chr13_PATERNAL
ZNF667	1	chr19	1	chr19_MATERNAL	1	chr19_PATERNAL
CHRNA7	1	chr15	1	chr15_MATERNAL	1	chr15_PATERNAL
KIAA1522	1	chr1	1	chr1_MATERNAL	1	chr1_PATERNAL
TMEM150C	1	chr4	1	chr4_MATERNAL	1	chr4_PATERNAL
FYCO1	1	chr3	1	chr3_MATERNAL	1	chr3_PATERNAL
GNL3	1	chr3	1	chr3_MATERNAL	1	chr3_PATERNAL
TMEM39A	1	chr3	1	chr3_MATERNAL	1	chr3_PATERNAL
TDRD9	1	chr14	1	chr14_MATERNAL	1	chr14_PATERNAL
C16orf82	1	chr16	1	chr16_MATERNAL	1	chr16_PATERNAL
TMEM30A	1	chr6	1	chr6_MATERNAL	1	chr6_PATERNAL
AHSG	1	chr3	1	chr3_MATERNAL	1	chr3_PATERNAL
THSD4	1	chr15	1	chr15_MATERNAL	1	chr15_PATERNAL
MSH5	1	chr6	1	chr6_MATERNAL	1	chr6_PATERNAL
TNRC18	1	chr7	1	chr7_MATERNAL	1	chr7_PATERNAL
AMY1A	1	chr1	1	chr1_MATERNAL	1	chr1_PATERNAL
OR8U3	1	chr11	1	chr11_MATERNAL	1	chr11_PATERNAL
TTC16	1	chr9	1	chr9_MATERNAL	1	chr9_PATERNAL
LOC101929805	1	chr1	1	chr1_MATERNAL	1	chr1_PATERNAL
TOR1B	1	chr9	1	chr9_MATERNAL	1	chr9_PATERNAL
GPATCH4	1	chr1	1	chr1_MATERNAL	1	chr1_PATERNAL
CTSO	1	chr4	1	chr4_MATERNAL	1	chr4_PATERNAL
FOXK2	1	chr17	1	chr17_MATERNAL	1	chr17_PATERNAL
MEX3B	1	chr15	1	chr15_MATERNAL	1	chr15_PATERNAL
PTGER3	1	chr1	1	chr1_MATERNAL	1	chr1_PATERNAL
SLC4A7	1	chr3	1	chr3_MATERNAL	1	chr3_PATERNAL
RNF41	1	chr12	1	chr12_MATERNAL	1	chr12_PATERNAL
RANBP3L	1	chr5	1	chr5_MATERNAL	1	chr5_PATERNAL
NPVF	1	chr7	1	chr7_MATERNAL	1	chr7_PATERNAL
OR10A3	1	chr11	1	chr11_MATERNAL	1	chr11_PATERNAL
PLEKHG6	1	chr12	1	chr12_MATERNAL	1	chr12_PATERNAL
TRAFD1	1	chr12	1	chr12_MATERNAL	1	chr12_PATERNAL
HSPBAP1	1	chr3	1	chr3_MATERNAL	1	chr3_PATERNAL
NPM3	1	chr10	1	chr10_MATERNAL	1	chr10_PATERNAL
DGKI	1	chr7	1	chr7_MATERNAL	1	chr7_PATERNAL
JARID2	1	chr6	1	chr6_MATERNAL	1	chr6_PATERNAL
TRIML2	1	chr4	1	chr4_MATERNAL	1	chr4_PATERNAL
UPB1	1	chr22	1	chr22_MATERNAL	1	chr22_PATERNAL
PSME1	1	chr14	1	chr14_MATERNAL	1	chr14_PATERNAL
GPR27	1	chr3	1	chr3_MATERNAL	1	chr3_PATERNAL
DND1	1	chr5	1	chr5_MATERNAL	1	chr5_PATERNAL
PRCC	1	chr1	1	chr1_MATERNAL	1	chr1_PATERNAL
ARF4	1	chr3	1	chr3_MATERNAL	1	chr3_PATERNAL
CD8B	1	chr2	1	chr2_MATERNAL	1	chr2_PATERNAL
SMURF2	1	chr17	1	chr17_MATERNAL	1	chr17_PATERNAL
LOC124900385	1	chr1	1	chr1_MATERNAL	1	chr1_PATERNAL
NPBWR1	1	chr8	1	chr8_MATERNAL	1	chr8_PATERNAL
SMIM30	1	chr7	1	chr7_MATERNAL	1	chr7_PATERNAL
ESRRG	1	chr1	1	chr1_MATERNAL	1	chr1_PATERNAL
DERA	1	chr12	1	chr12_MATERNAL	1	chr12_PATERNAL
SARDH	1	chr9	1	chr9_MATERNAL	1	chr9_PATERNAL
SUV39H2	1	chr10	1	chr10_MATERNAL	1	chr10_PATERNAL
FAM222A	1	chr12	1	chr12_MATERNAL	1	chr12_PATERNAL
MPI	1	chr15	1	chr15_MATERNAL	1	chr15_PATERNAL
TMEM14C	1	chr6	1	chr6_MATERNAL	1	chr6_PATERNAL
LBH	1	chr2	1	chr2_MATERNAL	1	chr2_PATERNAL
USP17L26	1	chr4	1	chr4_MATERNAL	1	chr4_PATERNAL
SNX24	1	chr5	1	chr5_MATERNAL	1	chr5_PATERNAL
SPAST	1	chr2	1	chr2_MATERNAL	1	chr2_PATERNAL
PRR20G	1	chr3	1	chr3_MATERNAL	1	chr3_PATERNAL
MGAM2	1	chr7	1	chr7_MATERNAL	1	chr7_PATERNAL
HNF1A	1	chr12	1	chr12_MATERNAL	1	chr12_PATERNAL
EEPD1	1	chr7	1	chr7_MATERNAL	1	chr7_PATERNAL
MECP2	1	chrX	1	chrX_MATERNAL	0	None
E2F1	1	chr20	1	chr20_MATERNAL	1	chr20_PATERNAL
MSS51	1	chr10	1	chr10_MATERNAL	1	chr10_PATERNAL
GRK6	1	chr5	1	chr5_MATERNAL	1	chr5_PATERNAL
ZNF703	1	chr8	1	chr8_MATERNAL	1	chr8_PATERNAL
SLC13A1	1	chr7	1	chr7_MATERNAL	1	chr7_PATERNAL
IMPA2	1	chr18	1	chr18_MATERNAL	1	chr18_PATERNAL
UNC13C	1	chr15	1	chr15_MATERNAL	1	chr15_PATERNAL
FANCL	1	chr2	1	chr2_MATERNAL	1	chr2_PATERNAL
CBLL2	1	chrX	1	chrX_MATERNAL	0	None
LOC124902313	1	chr9	1	chr9_MATERNAL	1	chr9_PATERNAL
HNRNPAB	1	chr5	1	chr5_MATERNAL	1	chr5_PATERNAL
C8orf88	1	chr8	1	chr8_MATERNAL	1	chr8_PATERNAL
RGS1	1	chr1	1	chr1_MATERNAL	1	chr1_PATERNAL
HSPB7	1	chr1	1	chr1_MATERNAL	1	chr1_PATERNAL
DEFB128	1	chr20	1	chr20_MATERNAL	1	chr20_PATERNAL
GTF2H4	1	chr6	1	chr6_MATERNAL	1	chr6_PATERNAL
BRAP	1	chr12	1	chr12_MATERNAL	1	chr12_PATERNAL
CHGA	1	chr14	1	chr14_MATERNAL	1	chr14_PATERNAL
TOMT	1	chr11	1	chr11_MATERNAL	1	chr11_PATERNAL
POGZ	1	chr1	1	chr1_MATERNAL	1	chr1_PATERNAL
TSG101	1	chr11	1	chr11_MATERNAL	1	chr11_PATERNAL
MPC1	1	chr6	1	chr6_MATERNAL	1	chr6_PATERNAL
SYTL2	1	chr11	1	chr11_MATERNAL	1	chr11_PATERNAL
FAAP20	1	chr1	1	chr1_MATERNAL	1	chr1_PATERNAL
FANCC	1	chr9	1	chr9_MATERNAL	1	chr9_PATERNAL
SMNDC1	1	chr10	1	chr10_MATERNAL	1	chr10_PATERNAL
ZMYND12	1	chr1	1	chr1_MATERNAL	1	chr1_PATERNAL
SLFNL1	1	chr1	1	chr1_MATERNAL	1	chr1_PATERNAL
UBE2K	1	chr4	1	chr4_MATERNAL	1	chr4_PATERNAL
CYP3A4	1	chr7	1	chr7_MATERNAL	1	chr7_PATERNAL
C2orf69	1	chr2	1	chr2_MATERNAL	1	chr2_PATERNAL
MAMDC4	1	chr9	1	chr9_MATERNAL	1	chr9_PATERNAL
C5orf47	1	chr5	1	chr5_MATERNAL	1	chr5_PATERNAL
ICAM2	1	chr17	1	chr17_MATERNAL	1	chr17_PATERNAL
ADGRG6	1	chr6	1	chr6_MATERNAL	1	chr6_PATERNAL
ATP5MJ	1	chr14	1	chr14_MATERNAL	1	chr14_PATERNAL
WNT4	1	chr1	1	chr1_MATERNAL	1	chr1_PATERNAL
AAGAB	1	chr15	1	chr15_MATERNAL	1	chr15_PATERNAL
ELANE	1	chr19	1	chr19_MATERNAL	1	chr19_PATERNAL
SGIP1	1	chr1	1	chr1_MATERNAL	1	chr1_PATERNAL
HAUS3	1	chr4	1	chr4_MATERNAL	1	chr4_PATERNAL
SRSF9	1	chr12	1	chr12_MATERNAL	1	chr12_PATERNAL
ZMAT1	1	chrX	1	chrX_MATERNAL	0	None
POC1B-GALNT4	1	chr12	1	chr12_MATERNAL	1	chr12_PATERNAL
SPANXB1	1	chrX	1	chrX_MATERNAL	0	None
AMT	1	chr3	1	chr3_MATERNAL	1	chr3_PATERNAL
SLAIN2	1	chr4	1	chr4_MATERNAL	1	chr4_PATERNAL
JAKMIP3	1	chr10	1	chr10_MATERNAL	1	chr10_PATERNAL
LOC105373071	1	chr22	1	chr22_MATERNAL	1	chr22_PATERNAL
ZNF511-PRAP1	1	chr10	1	chr10_MATERNAL	1	chr10_PATERNAL
CNNM2	1	chr10	1	chr10_MATERNAL	1	chr10_PATERNAL
CCHCR1	1	chr6	1	chr6_MATERNAL	1	chr6_PATERNAL
LOC124902206	1	chr9	1	chr9_MATERNAL	1	chr9_PATERNAL
EFNB1	1	chrX	1	chrX_MATERNAL	0	None
UCP2	1	chr11	1	chr11_MATERNAL	1	chr11_PATERNAL
ZNF316	1	chr7	1	chr7_MATERNAL	1	chr7_PATERNAL
UBE2C	1	chr20	1	chr20_MATERNAL	1	chr20_PATERNAL
WDR46	1	chr6	1	chr6_MATERNAL	1	chr6_PATERNAL
LBX2	1	chr2	1	chr2_MATERNAL	1	chr2_PATERNAL
PHLPP2	1	chr16	1	chr16_MATERNAL	1	chr16_PATERNAL
AKT1	1	chr14	1	chr14_MATERNAL	1	chr14_PATERNAL
NOA1	1	chr4	1	chr4_MATERNAL	1	chr4_PATERNAL
MAGEB5	1	chrX	1	chrX_MATERNAL	0	None
CYP11B2	1	chr8	1	chr8_MATERNAL	1	chr8_PATERNAL
WNT1	1	chr12	1	chr12_MATERNAL	1	chr12_PATERNAL
CPT1C	1	chr19	1	chr19_MATERNAL	1	chr19_PATERNAL
SYNJ2	1	chr6	1	chr6_MATERNAL	1	chr6_PATERNAL
AKR1B10	1	chr7	1	chr7_MATERNAL	1	chr7_PATERNAL
INPP5F	1	chr10	1	chr10_MATERNAL	1	chr10_PATERNAL
TIMM13	1	chr19	1	chr19_MATERNAL	1	chr19_PATERNAL
ZSCAN22	1	chr19	1	chr19_MATERNAL	1	chr19_PATERNAL
QTRT2	1	chr3	1	chr3_MATERNAL	1	chr3_PATERNAL
SNAP23	1	chr15	1	chr15_MATERNAL	1	chr15_PATERNAL
OR4P4	1	chr11	1	chr11_MATERNAL	0	None
LOC124906109	1	chr2	1	chr2_MATERNAL	1	chr2_PATERNAL
BORCS5	1	chr12	1	chr12_MATERNAL	1	chr12_PATERNAL
KRTAP5-7	1	chr11	1	chr11_MATERNAL	1	chr11_PATERNAL
GNL1	1	chr6	1	chr6_MATERNAL	1	chr6_PATERNAL
KLK7	1	chr19	1	chr19_MATERNAL	1	chr19_PATERNAL
CCDC71	1	chr3	1	chr3_MATERNAL	1	chr3_PATERNAL
PRR27	1	chr4	1	chr4_MATERNAL	1	chr4_PATERNAL
IL21	1	chr4	1	chr4_MATERNAL	1	chr4_PATERNAL
KLHL7	1	chr7	1	chr7_MATERNAL	1	chr7_PATERNAL
FSD1	1	chr19	1	chr19_MATERNAL	1	chr19_PATERNAL
LAMTOR3	1	chr4	1	chr4_MATERNAL	1	chr4_PATERNAL
LOC124901481	1	chr6	1	chr6_MATERNAL	1	chr6_PATERNAL
MRPL42	1	chr12	1	chr12_MATERNAL	1	chr12_PATERNAL
RPL36AL	1	chr14	1	chr14_MATERNAL	1	chr14_PATERNAL
LOC124900189	1	chr5	1	chr5_MATERNAL	1	chr5_PATERNAL
DPF2	1	chr11	1	chr11_MATERNAL	1	chr11_PATERNAL
LGALS3BP	1	chr17	1	chr17_MATERNAL	1	chr17_PATERNAL
KYNU	1	chr2	1	chr2_MATERNAL	1	chr2_PATERNAL
TRIM51G	1	chr11	1	chr11_MATERNAL	1	chr11_PATERNAL
ZNF282	1	chr7	1	chr7_MATERNAL	1	chr7_PATERNAL
TTC9	1	chr14	1	chr14_MATERNAL	1	chr14_PATERNAL
BRCA2	1	chr13	1	chr13_MATERNAL	1	chr13_PATERNAL
RNF14	1	chr5	1	chr5_MATERNAL	1	chr5_PATERNAL
C2CD2	1	chr21	1	chr21_MATERNAL	1	chr21_PATERNAL
HTR1A	1	chr5	1	chr5_MATERNAL	1	chr5_PATERNAL
CFAP210	1	chr2	1	chr2_MATERNAL	1	chr2_PATERNAL
DMRTB1	1	chr1	1	chr1_MATERNAL	1	chr1_PATERNAL
SNX27	1	chr1	1	chr1_MATERNAL	1	chr1_PATERNAL
TBX18	1	chr6	1	chr6_MATERNAL	1	chr6_PATERNAL
PDE7B	1	chr6	1	chr6_MATERNAL	1	chr6_PATERNAL
ASIP	1	chr20	1	chr20_MATERNAL	1	chr20_PATERNAL
LIPE	1	chr19	1	chr19_MATERNAL	1	chr19_PATERNAL
GAS2L2	1	chr17	1	chr17_MATERNAL	1	chr17_PATERNAL
TEX13B	1	chrX	1	chrX_MATERNAL	0	None
SPANXA2	1	chrX	1	chrX_MATERNAL	0	None
ADAT2	1	chr6	1	chr6_MATERNAL	1	chr6_PATERNAL
CCDC13	1	chr3	1	chr3_MATERNAL	1	chr3_PATERNAL
REG3A	1	chr2	1	chr2_MATERNAL	1	chr2_PATERNAL
LGALS14	1	chr19	1	chr19_MATERNAL	1	chr19_PATERNAL
OR6V1	1	chr7	1	chr7_MATERNAL	1	chr7_PATERNAL
OR10A4	1	chr11	1	chr11_MATERNAL	1	chr11_PATERNAL
TNFAIP6	1	chr2	1	chr2_MATERNAL	1	chr2_PATERNAL
TTLL2	1	chr6	1	chr6_MATERNAL	1	chr6_PATERNAL
ZNF713	1	chr7	1	chr7_MATERNAL	1	chr7_PATERNAL
TNS2	1	chr12	1	chr12_MATERNAL	1	chr12_PATERNAL
RAB8B	1	chr15	1	chr15_MATERNAL	1	chr15_PATERNAL
PCOLCE	1	chr7	1	chr7_MATERNAL	1	chr7_PATERNAL
PHF11	1	chr13	1	chr13_MATERNAL	1	chr13_PATERNAL
DNAI1	1	chr9	1	chr9_MATERNAL	1	chr9_PATERNAL
OTOL1	1	chr3	1	chr3_MATERNAL	1	chr3_PATERNAL
CILK1	1	chr6	1	chr6_MATERNAL	1	chr6_PATERNAL
RERG	1	chr12	1	chr12_MATERNAL	1	chr12_PATERNAL
STRADB	1	chr2	1	chr2_MATERNAL	1	chr2_PATERNAL
TGM2	1	chr20	1	chr20_MATERNAL	1	chr20_PATERNAL
ZNF747	1	chr16	1	chr16_MATERNAL	1	chr16_PATERNAL
SMOC1	1	chr14	1	chr14_MATERNAL	1	chr14_PATERNAL
TSPAN13	1	chr7	1	chr7_MATERNAL	1	chr7_PATERNAL
NXNL2	1	chr9	1	chr9_MATERNAL	1	chr9_PATERNAL
PSMA3	1	chr14	1	chr14_MATERNAL	1	chr14_PATERNAL
LKAAEAR1	1	chr20	1	chr20_MATERNAL	1	chr20_PATERNAL
FBXO8	1	chr4	1	chr4_MATERNAL	1	chr4_PATERNAL
HGFAC	1	chr4	1	chr4_MATERNAL	1	chr4_PATERNAL
ZNF704	1	chr8	1	chr8_MATERNAL	1	chr8_PATERNAL
ANKRD36	1	chr2	1	chr2_MATERNAL	1	chr2_PATERNAL
RNF113B	1	chr13	1	chr13_MATERNAL	1	chr13_PATERNAL
ATP4A	1	chr19	1	chr19_MATERNAL	1	chr19_PATERNAL
TAS2R7	1	chr12	1	chr12_MATERNAL	1	chr12_PATERNAL
LARGE2	1	chr11	1	chr11_MATERNAL	1	chr11_PATERNAL
RGS9	1	chr17	1	chr17_MATERNAL	1	chr17_PATERNAL
FUT6	1	chr19	1	chr19_MATERNAL	1	chr19_PATERNAL
OR1L8	1	chr9	1	chr9_MATERNAL	1	chr9_PATERNAL
ZNF487	1	chr10	1	chr10_MATERNAL	1	chr10_PATERNAL
PRKD1	1	chr14	1	chr14_MATERNAL	1	chr14_PATERNAL
RPLP1	1	chr15	1	chr15_MATERNAL	1	chr15_PATERNAL
RCE1	1	chr11	1	chr11_MATERNAL	1	chr11_PATERNAL
UBA5	1	chr3	1	chr3_MATERNAL	1	chr3_PATERNAL
DECR1	1	chr8	1	chr8_MATERNAL	1	chr8_PATERNAL
NPLOC4	1	chr17	1	chr17_MATERNAL	1	chr17_PATERNAL
NFKB2	1	chr10	1	chr10_MATERNAL	1	chr10_PATERNAL
DUOX2	1	chr15	1	chr15_MATERNAL	1	chr15_PATERNAL
SERPINA5	1	chr14	1	chr14_MATERNAL	1	chr14_PATERNAL
BCL2L11	1	chr2	1	chr2_MATERNAL	1	chr2_PATERNAL
MAGEC3	1	chrX	1	chrX_MATERNAL	0	None
EPHA3	1	chr3	1	chr3_MATERNAL	1	chr3_PATERNAL
RASA4B	1	chr7	1	chr7_MATERNAL	1	chr7_PATERNAL
ZNF420	1	chr19	1	chr19_MATERNAL	1	chr19_PATERNAL
TTPAL	1	chr20	1	chr20_MATERNAL	1	chr20_PATERNAL
BEND4	1	chr4	1	chr4_MATERNAL	1	chr4_PATERNAL
PPIAP40	1	chr11	1	chr11_MATERNAL	1	chr11_PATERNAL
ZDHHC8	1	chr22	1	chr22_MATERNAL	1	chr22_PATERNAL
OR5F1	1	chr11	1	chr11_MATERNAL	1	chr11_PATERNAL
RASGRF2	1	chr5	1	chr5_MATERNAL	1	chr5_PATERNAL
UQCC1	1	chr20	1	chr20_MATERNAL	1	chr20_PATERNAL
ANKS3	1	chr16	1	chr16_MATERNAL	1	chr16_PATERNAL
SMCO1	1	chr3	1	chr3_MATERNAL	1	chr3_PATERNAL
DIMT1	1	chr5	1	chr5_MATERNAL	1	chr5_PATERNAL
PCYT1A	1	chr3	1	chr3_MATERNAL	1	chr3_PATERNAL
TULP1	1	chr6	1	chr6_MATERNAL	1	chr6_PATERNAL
CCDC88B	1	chr11	1	chr11_MATERNAL	1	chr11_PATERNAL
WWP2	1	chr16	1	chr16_MATERNAL	1	chr16_PATERNAL
PRKCE	1	chr2	1	chr2_MATERNAL	1	chr2_PATERNAL
NKX6-3	1	chr8	1	chr8_MATERNAL	1	chr8_PATERNAL
SLC35A2	1	chrX	1	chrX_MATERNAL	0	None
SYNJ2BP	1	chr14	1	chr14_MATERNAL	1	chr14_PATERNAL
NDRG2	1	chr14	1	chr14_MATERNAL	1	chr14_PATERNAL
KCTD6	1	chr3	1	chr3_MATERNAL	1	chr3_PATERNAL
SLC16A8	1	chr22	1	chr22_MATERNAL	1	chr22_PATERNAL
FCRL4	1	chr1	1	chr1_MATERNAL	1	chr1_PATERNAL
CYP2C19	1	chr10	1	chr10_MATERNAL	1	chr10_PATERNAL
OSBPL6	1	chr2	1	chr2_MATERNAL	1	chr2_PATERNAL
COX6A2	1	chr16	1	chr16_MATERNAL	1	chr16_PATERNAL
SSTR4	1	chr20	1	chr20_MATERNAL	1	chr20_PATERNAL
TXNRD3	1	chr3	1	chr3_MATERNAL	1	chr3_PATERNAL
ZNF696	1	chr8	1	chr8_MATERNAL	1	chr8_PATERNAL
RNASET2	1	chr6	1	chr6_MATERNAL	1	chr6_PATERNAL
DDX25	1	chr11	1	chr11_MATERNAL	1	chr11_PATERNAL
PDE6B	1	chr4	1	chr4_MATERNAL	1	chr4_PATERNAL
SNX12	1	chrX	1	chrX_MATERNAL	0	None
OSBP	1	chr11	1	chr11_MATERNAL	1	chr11_PATERNAL
CCT4	1	chr2	1	chr2_MATERNAL	1	chr2_PATERNAL
ICAM5	1	chr19	1	chr19_MATERNAL	1	chr19_PATERNAL
MYH15	1	chr3	1	chr3_MATERNAL	1	chr3_PATERNAL
ATP2B3	1	chrX	1	chrX_MATERNAL	0	None
PRPS2	1	chrX	1	chrX_MATERNAL	0	None
TSPO2	1	chr6	1	chr6_MATERNAL	1	chr6_PATERNAL
TCEAL1	1	chrX	1	chrX_MATERNAL	0	None
AFAP1	1	chr4	1	chr4_MATERNAL	1	chr4_PATERNAL
NEK5	1	chr13	1	chr13_MATERNAL	1	chr13_PATERNAL
ZNF804B	1	chr7	1	chr7_MATERNAL	1	chr7_PATERNAL
NPR3	1	chr5	1	chr5_MATERNAL	1	chr5_PATERNAL
SLC12A8	1	chr3	1	chr3_MATERNAL	1	chr3_PATERNAL
MGA	1	chr15	1	chr15_MATERNAL	1	chr15_PATERNAL
CCDC92B	1	chr17	1	chr17_MATERNAL	1	chr17_PATERNAL
ZNF780A	1	chr19	1	chr19_MATERNAL	1	chr19_PATERNAL
DLEU7	1	chr13	1	chr13_MATERNAL	1	chr13_PATERNAL
KRTAP6-1	1	chr21	1	chr21_MATERNAL	1	chr21_PATERNAL
OSCAR	1	chr19	1	chr19_MATERNAL	1	chr19_PATERNAL
SIGLEC15	1	chr18	1	chr18_MATERNAL	1	chr18_PATERNAL
CLN5	1	chr13	1	chr13_MATERNAL	1	chr13_PATERNAL
HSP90AA1	1	chr14	1	chr14_MATERNAL	1	chr14_PATERNAL
NTRK2	1	chr9	1	chr9_MATERNAL	1	chr9_PATERNAL
SLC22A10	1	chr11	1	chr11_MATERNAL	1	chr11_PATERNAL
PMAIP1	1	chr18	1	chr18_MATERNAL	1	chr18_PATERNAL
ZNF281	1	chr1	1	chr1_MATERNAL	1	chr1_PATERNAL
KRBA1	1	chr7	1	chr7_MATERNAL	1	chr7_PATERNAL
CEACAM18	1	chr19	1	chr19_MATERNAL	1	chr19_PATERNAL
COX18	1	chr4	1	chr4_MATERNAL	1	chr4_PATERNAL
PSMD1	1	chr2	1	chr2_MATERNAL	1	chr2_PATERNAL
MYL10	1	chr7	1	chr7_MATERNAL	1	chr7_PATERNAL
TRMT5	1	chr14	1	chr14_MATERNAL	1	chr14_PATERNAL
ETFBKMT	1	chr12	1	chr12_MATERNAL	1	chr12_PATERNAL
PXYLP1	1	chr3	1	chr3_MATERNAL	1	chr3_PATERNAL
ACTN1	1	chr14	1	chr14_MATERNAL	1	chr14_PATERNAL
DHRS2	1	chr14	1	chr14_MATERNAL	1	chr14_PATERNAL
BCL2L12	1	chr19	1	chr19_MATERNAL	1	chr19_PATERNAL
ANKRD44	1	chr2	1	chr2_MATERNAL	1	chr2_PATERNAL
SPANXN2	1	chrX	1	chrX_MATERNAL	0	None
RB1	1	chr13	1	chr13_MATERNAL	1	chr13_PATERNAL
AHCTF1	1	chr1	1	chr1_MATERNAL	1	chr1_PATERNAL
PACRGL	1	chr4	1	chr4_MATERNAL	1	chr4_PATERNAL
PDGFA	1	chr7	1	chr7_MATERNAL	1	chr7_PATERNAL
INVS	1	chr9	1	chr9_MATERNAL	1	chr9_PATERNAL
TCP1	1	chr6	1	chr6_MATERNAL	1	chr6_PATERNAL
BAIAP3	1	chr16	1	chr16_MATERNAL	1	chr16_PATERNAL
PHF24	1	chr9	1	chr9_MATERNAL	1	chr9_PATERNAL
CDC37	1	chr19	1	chr19_MATERNAL	1	chr19_PATERNAL
TSC22D3	1	chrX	1	chrX_MATERNAL	0	None
PI15	1	chr8	1	chr8_MATERNAL	1	chr8_PATERNAL
PALB2	1	chr16	1	chr16_MATERNAL	1	chr16_PATERNAL
MARVELD1	1	chr10	1	chr10_MATERNAL	1	chr10_PATERNAL
OCA2	1	chr15	1	chr15_MATERNAL	1	chr15_PATERNAL
OR51E1	1	chr11	1	chr11_MATERNAL	1	chr11_PATERNAL
LOC124904176	1	chr1	1	chr1_MATERNAL	1	chr1_PATERNAL
MAB21L3	1	chr1	1	chr1_MATERNAL	1	chr1_PATERNAL
ARMC12	1	chr6	1	chr6_MATERNAL	1	chr6_PATERNAL
FGFBP3	1	chr10	1	chr10_MATERNAL	1	chr10_PATERNAL
PDCD7	1	chr15	1	chr15_MATERNAL	1	chr15_PATERNAL
RSPO3	1	chr6	1	chr6_MATERNAL	1	chr6_PATERNAL
TMEM201	1	chr1	1	chr1_MATERNAL	1	chr1_PATERNAL
SCGB2A1	1	chr11	1	chr11_MATERNAL	1	chr11_PATERNAL
KRTAP23-1	1	chr21	1	chr21_MATERNAL	1	chr21_PATERNAL
KLF1	1	chr19	1	chr19_MATERNAL	1	chr19_PATERNAL
NRBP2	1	chr8	1	chr8_MATERNAL	1	chr8_PATERNAL
TMEM219	1	chr16	1	chr16_MATERNAL	1	chr16_PATERNAL
GML	1	chr8	1	chr8_MATERNAL	1	chr8_PATERNAL
NOS1	1	chr12	1	chr12_MATERNAL	1	chr12_PATERNAL
REXO4	1	chr9	1	chr9_MATERNAL	1	chr9_PATERNAL
ARVCF	1	chr22	1	chr22_MATERNAL	1	chr22_PATERNAL
CFAP161	1	chr15	1	chr15_MATERNAL	1	chr15_PATERNAL
AK5	1	chr1	1	chr1_MATERNAL	1	chr1_PATERNAL
DHX32	1	chr10	1	chr10_MATERNAL	1	chr10_PATERNAL
C2CD4B	1	chr15	1	chr15_MATERNAL	1	chr15_PATERNAL
EPHB2	1	chr1	1	chr1_MATERNAL	1	chr1_PATERNAL
LOC124901299	1	chr6	1	chr6_MATERNAL	1	chr6_PATERNAL
SLC22A16	1	chr6	1	chr6_MATERNAL	1	chr6_PATERNAL
IBA57	1	chr1	1	chr1_MATERNAL	1	chr1_PATERNAL
LPCAT3	1	chr12	1	chr12_MATERNAL	1	chr12_PATERNAL
HMX3	1	chr10	1	chr10_MATERNAL	1	chr10_PATERNAL
PPP1R12A	1	chr12	1	chr12_MATERNAL	1	chr12_PATERNAL
EVA1B	1	chr1	1	chr1_MATERNAL	1	chr1_PATERNAL
ACTA2	1	chr10	1	chr10_MATERNAL	1	chr10_PATERNAL
GPR176	1	chr15	1	chr15_MATERNAL	1	chr15_PATERNAL
NUFIP2	1	chr17	1	chr17_MATERNAL	1	chr17_PATERNAL
PLIN5	1	chr19	1	chr19_MATERNAL	1	chr19_PATERNAL
TSC22D4-C7ORF61	1	chr7	1	chr7_MATERNAL	1	chr7_PATERNAL
BEND2	1	chrX	1	chrX_MATERNAL	0	None
LOC124904581	3	chr1,chr1,chr1	3	chr1_MATERNAL,chr1_MATERNAL,chr1_MATERNAL	3	chr1_PATERNAL,chr1_PATERNAL,chr1_PATERNAL
POLR3B	1	chr12	1	chr12_MATERNAL	1	chr12_PATERNAL
HTRA3	1	chr4	1	chr4_MATERNAL	1	chr4_PATERNAL
GLB1L	1	chr2	1	chr2_MATERNAL	1	chr2_PATERNAL
BICD1	1	chr12	1	chr12_MATERNAL	1	chr12_PATERNAL
CEP20	1	chr16	1	chr16_MATERNAL	1	chr16_PATERNAL
GPR142	1	chr17	1	chr17_MATERNAL	1	chr17_PATERNAL
EFCAB13	1	chr17	1	chr17_MATERNAL	1	chr17_PATERNAL
STK38	1	chr6	1	chr6_MATERNAL	1	chr6_PATERNAL
FAM178B	1	chr2	1	chr2_MATERNAL	1	chr2_PATERNAL
RGMB	1	chr5	1	chr5_MATERNAL	1	chr5_PATERNAL
THNSL1	1	chr10	1	chr10_MATERNAL	1	chr10_PATERNAL
ABTB2	1	chr11	1	chr11_MATERNAL	1	chr11_PATERNAL
LOC124901993	1	chr8	1	chr8_MATERNAL	1	chr8_PATERNAL
FXYD2	1	chr11	1	chr11_MATERNAL	1	chr11_PATERNAL
PSMB5	1	chr14	1	chr14_MATERNAL	1	chr14_PATERNAL
IL12B	1	chr5	1	chr5_MATERNAL	1	chr5_PATERNAL
BCORL1	1	chrX	1	chrX_MATERNAL	0	None
AOPEP	1	chr9	1	chr9_MATERNAL	1	chr9_PATERNAL
NEUROD6	1	chr7	1	chr7_MATERNAL	1	chr7_PATERNAL
CCDC9B	1	chr15	1	chr15_MATERNAL	1	chr15_PATERNAL
GCOM1	1	chr15	1	chr15_MATERNAL	1	chr15_PATERNAL
LRRC75A	1	chr17	1	chr17_MATERNAL	1	chr17_PATERNAL
PRDM11	1	chr11	1	chr11_MATERNAL	1	chr11_PATERNAL
OGFOD2	1	chr12	1	chr12_MATERNAL	1	chr12_PATERNAL
RNF17	1	chr13	1	chr13_MATERNAL	1	chr13_PATERNAL
ARPIN-AP3S2	1	chr15	1	chr15_MATERNAL	1	chr15_PATERNAL
SAMD12	1	chr8	1	chr8_MATERNAL	1	chr8_PATERNAL
HOXB3	1	chr17	1	chr17_MATERNAL	1	chr17_PATERNAL
FLI1	1	chr11	1	chr11_MATERNAL	1	chr11_PATERNAL
ZNF790	1	chr19	1	chr19_MATERNAL	1	chr19_PATERNAL
ACSM3	1	chr16	1	chr16_MATERNAL	1	chr16_PATERNAL
MED4	1	chr13	1	chr13_MATERNAL	1	chr13_PATERNAL
ACOT13	1	chr6	1	chr6_MATERNAL	1	chr6_PATERNAL
MYPN	1	chr10	1	chr10_MATERNAL	1	chr10_PATERNAL
PROCA1	1	chr17	1	chr17_MATERNAL	1	chr17_PATERNAL
KPNA6	1	chr1	1	chr1_MATERNAL	1	chr1_PATERNAL
GLO1	1	chr6	1	chr6_MATERNAL	1	chr6_PATERNAL
IFI16	1	chr1	1	chr1_MATERNAL	1	chr1_PATERNAL
OR6N1	1	chr1	1	chr1_MATERNAL	1	chr1_PATERNAL
DIABLO	1	chr12	1	chr12_MATERNAL	1	chr12_PATERNAL
NDUFS5	1	chr1	1	chr1_MATERNAL	1	chr1_PATERNAL
PRAMEF14	1	chr1	1	chr1_MATERNAL	1	chr1_PATERNAL
TATDN3	1	chr1	1	chr1_MATERNAL	1	chr1_PATERNAL
C20orf202	1	chr20	1	chr20_MATERNAL	1	chr20_PATERNAL
IGF2R	1	chr6	1	chr6_MATERNAL	1	chr6_PATERNAL
MAOB	1	chrX	1	chrX_MATERNAL	0	None
GPANK1	1	chr6	1	chr6_MATERNAL	1	chr6_PATERNAL
OR2T34	1	chr1	1	chr1_MATERNAL	1	chr1_PATERNAL
E2F5	1	chr8	1	chr8_MATERNAL	1	chr8_PATERNAL
UBXN2A	1	chr2	1	chr2_MATERNAL	1	chr2_PATERNAL
CCL25	1	chr19	1	chr19_MATERNAL	1	chr19_PATERNAL
OR2B2	1	chr6	1	chr6_MATERNAL	1	chr6_PATERNAL
USP30	1	chr12	1	chr12_MATERNAL	1	chr12_PATERNAL
TNFAIP1	1	chr17	1	chr17_MATERNAL	1	chr17_PATERNAL
USP17L17	4	chr4,chr4,chr4,chr4	1	chr4_MATERNAL	1	chr4_PATERNAL
PALS1	1	chr14	1	chr14_MATERNAL	1	chr14_PATERNAL
SLC25A26	1	chr3	1	chr3_MATERNAL	1	chr3_PATERNAL
SYT8	1	chr11	1	chr11_MATERNAL	1	chr11_PATERNAL
DRC7	1	chr16	1	chr16_MATERNAL	1	chr16_PATERNAL
AP3M2	1	chr8	1	chr8_MATERNAL	1	chr8_PATERNAL
RAB22A	1	chr20	1	chr20_MATERNAL	1	chr20_PATERNAL
GCGR	1	chr17	1	chr17_MATERNAL	1	chr17_PATERNAL
ASH1L	1	chr1	1	chr1_MATERNAL	1	chr1_PATERNAL
PTX4	1	chr16	1	chr16_MATERNAL	1	chr16_PATERNAL
ACTL10	1	chr20	1	chr20_MATERNAL	1	chr20_PATERNAL
POU2F3	1	chr11	1	chr11_MATERNAL	1	chr11_PATERNAL
RAB40B	1	chr17	1	chr17_MATERNAL	1	chr17_PATERNAL
RPL29	1	chr3	1	chr3_MATERNAL	1	chr3_PATERNAL
CRPPA	1	chr7	1	chr7_MATERNAL	1	chr7_PATERNAL
LMCD1	1	chr3	1	chr3_MATERNAL	1	chr3_PATERNAL
LDLRAD4	1	chr18	1	chr18_MATERNAL	1	chr18_PATERNAL
ATOH1	1	chr4	1	chr4_MATERNAL	1	chr4_PATERNAL
CMTM8	1	chr3	1	chr3_MATERNAL	1	chr3_PATERNAL
C1orf185	1	chr1	1	chr1_MATERNAL	1	chr1_PATERNAL
FHIT	1	chr3	1	chr3_MATERNAL	1	chr3_PATERNAL
TAFAZZIN	1	chrX	1	chrX_MATERNAL	0	None
KIF15	1	chr3	1	chr3_MATERNAL	1	chr3_PATERNAL
MAPT	1	chr17	1	chr17_MATERNAL	1	chr17_PATERNAL
BORA	1	chr13	1	chr13_MATERNAL	1	chr13_PATERNAL
IGF2BP1	1	chr17	1	chr17_MATERNAL	1	chr17_PATERNAL
FILIP1L	1	chr3	1	chr3_MATERNAL	1	chr3_PATERNAL
CMPK2	1	chr2	1	chr2_MATERNAL	1	chr2_PATERNAL
MC4R	1	chr18	1	chr18_MATERNAL	1	chr18_PATERNAL
OR10H1	1	chr19	1	chr19_MATERNAL	1	chr19_PATERNAL
RPL7	1	chr8	1	chr8_MATERNAL	1	chr8_PATERNAL
ZMYND15	1	chr17	1	chr17_MATERNAL	1	chr17_PATERNAL
SP1	1	chr12	1	chr12_MATERNAL	1	chr12_PATERNAL
RD3	1	chr1	1	chr1_MATERNAL	1	chr1_PATERNAL
TP53BP1	1	chr15	1	chr15_MATERNAL	1	chr15_PATERNAL
GOLGA7B	1	chr10	1	chr10_MATERNAL	1	chr10_PATERNAL
HIP1R	1	chr12	1	chr12_MATERNAL	1	chr12_PATERNAL
NUP88	1	chr17	1	chr17_MATERNAL	1	chr17_PATERNAL
GTF2H1	1	chr11	1	chr11_MATERNAL	1	chr11_PATERNAL
ADPRM	1	chr17	1	chr17_MATERNAL	1	chr17_PATERNAL
NCBP1	1	chr9	1	chr9_MATERNAL	1	chr9_PATERNAL
FAT1	1	chr4	1	chr4_MATERNAL	1	chr4_PATERNAL
MAS1L	1	chr6	1	chr6_MATERNAL	1	chr6_PATERNAL
MAGEA1	1	chrX	1	chrX_MATERNAL	0	None
MARS2	1	chr2	1	chr2_MATERNAL	1	chr2_PATERNAL
CREBZF	1	chr11	1	chr11_MATERNAL	1	chr11_PATERNAL
F8A2	1	chrX	1	chrX_MATERNAL	0	None
SAMD3	1	chr6	1	chr6_MATERNAL	1	chr6_PATERNAL
CHKB	1	chr22	1	chr22_MATERNAL	1	chr22_PATERNAL
SUN1	1	chr7	1	chr7_MATERNAL	1	chr7_PATERNAL
CHMP4A	1	chr14	1	chr14_MATERNAL	1	chr14_PATERNAL
PARP2	1	chr14	1	chr14_MATERNAL	1	chr14_PATERNAL
SLC12A4	1	chr16	1	chr16_MATERNAL	1	chr16_PATERNAL
IRS2	1	chr13	1	chr13_MATERNAL	1	chr13_PATERNAL
GPR158	1	chr10	1	chr10_MATERNAL	1	chr10_PATERNAL
DNAI4	1	chr1	1	chr1_MATERNAL	1	chr1_PATERNAL
PIAS1	1	chr15	1	chr15_MATERNAL	1	chr15_PATERNAL
FOXB1	1	chr15	1	chr15_MATERNAL	1	chr15_PATERNAL
FMO2	1	chr1	1	chr1_MATERNAL	1	chr1_PATERNAL
CCDC12	1	chr3	1	chr3_MATERNAL	1	chr3_PATERNAL
PRKCH	1	chr14	1	chr14_MATERNAL	1	chr14_PATERNAL
SLC25A30	1	chr13	1	chr13_MATERNAL	1	chr13_PATERNAL
TATDN2	1	chr3	1	chr3_MATERNAL	1	chr3_PATERNAL
GNPNAT1	1	chr14	1	chr14_MATERNAL	1	chr14_PATERNAL
TPSAB1	1	chr16	1	chr16_MATERNAL	1	chr16_PATERNAL
NOM1	1	chr7	1	chr7_MATERNAL	1	chr7_PATERNAL
TSPAN2	1	chr1	1	chr1_MATERNAL	1	chr1_PATERNAL
ITGBL1	1	chr13	1	chr13_MATERNAL	1	chr13_PATERNAL
BRD9	1	chr5	1	chr5_MATERNAL	1	chr5_PATERNAL
DPY19L3	1	chr19	1	chr19_MATERNAL	1	chr19_PATERNAL
CHRDL2	1	chr11	1	chr11_MATERNAL	1	chr11_PATERNAL
OR14A2	1	chr1	1	chr1_MATERNAL	1	chr1_PATERNAL
SEC14L3	1	chr22	1	chr22_MATERNAL	1	chr22_PATERNAL
FBLIM1	1	chr1	1	chr1_MATERNAL	1	chr1_PATERNAL
POU2AF1	1	chr11	1	chr11_MATERNAL	1	chr11_PATERNAL
RGS9BP	1	chr19	1	chr19_MATERNAL	1	chr19_PATERNAL
CPTP	1	chr1	1	chr1_MATERNAL	1	chr1_PATERNAL
TRNP1	1	chr1	1	chr1_MATERNAL	1	chr1_PATERNAL
SOCS1	1	chr16	1	chr16_MATERNAL	1	chr16_PATERNAL
ACSBG2	1	chr19	1	chr19_MATERNAL	1	chr19_PATERNAL
SLC4A11	1	chr20	1	chr20_MATERNAL	1	chr20_PATERNAL
NAB2	1	chr12	1	chr12_MATERNAL	1	chr12_PATERNAL
ZMAT3	1	chr3	1	chr3_MATERNAL	1	chr3_PATERNAL
GALNT16	1	chr14	1	chr14_MATERNAL	1	chr14_PATERNAL
C12orf73	1	chr12	1	chr12_MATERNAL	1	chr12_PATERNAL
FAM76B	1	chr11	1	chr11_MATERNAL	1	chr11_PATERNAL
C12orf40	1	chr12	1	chr12_MATERNAL	1	chr12_PATERNAL
FBXL7	1	chr5	1	chr5_MATERNAL	1	chr5_PATERNAL
USP17L21	1	chr4	7	chr4_MATERNAL,chr4_MATERNAL,chr4_MATERNAL,chr4_MATERNAL,chr4_MATERNAL,chr4_MATERNAL,chr4_MATERNAL	5	chr4_PATERNAL,chr4_PATERNAL,chr4_PATERNAL,chr4_PATERNAL,chr4_PATERNAL
MADD	1	chr11	1	chr11_MATERNAL	1	chr11_PATERNAL
GSX1	1	chr13	1	chr13_MATERNAL	1	chr13_PATERNAL
RETREG3	1	chr17	1	chr17_MATERNAL	1	chr17_PATERNAL
LOC122513141	1	chr9	1	chr9_MATERNAL	1	chr9_PATERNAL
LRRC43	1	chr12	1	chr12_MATERNAL	1	chr12_PATERNAL
GJC2	1	chr1	1	chr1_MATERNAL	1	chr1_PATERNAL
RNF115	1	chr1	1	chr1_MATERNAL	1	chr1_PATERNAL
ADGRG2	1	chrX	1	chrX_MATERNAL	0	None
TGM1	1	chr14	1	chr14_MATERNAL	1	chr14_PATERNAL
MED10	1	chr5	1	chr5_MATERNAL	1	chr5_PATERNAL
TFCP2L1	1	chr2	1	chr2_MATERNAL	1	chr2_PATERNAL
SIVA1	1	chr14	1	chr14_MATERNAL	1	chr14_PATERNAL
CCR7	1	chr17	1	chr17_MATERNAL	1	chr17_PATERNAL
GAB3	1	chrX	1	chrX_MATERNAL	0	None
ACTL6A	1	chr3	1	chr3_MATERNAL	1	chr3_PATERNAL
RPL26	1	chr17	1	chr17_MATERNAL	1	chr17_PATERNAL
CSPP1	1	chr8	1	chr8_MATERNAL	1	chr8_PATERNAL
TMEM254	1	chr10	1	chr10_MATERNAL	1	chr10_PATERNAL
BARHL1	1	chr9	1	chr9_MATERNAL	1	chr9_PATERNAL
S100A12	1	chr1	1	chr1_MATERNAL	1	chr1_PATERNAL
C1orf50	1	chr1	1	chr1_MATERNAL	1	chr1_PATERNAL
PTPMT1	1	chr11	1	chr11_MATERNAL	1	chr11_PATERNAL
PM20D2	1	chr6	1	chr6_MATERNAL	1	chr6_PATERNAL
STX17	1	chr9	1	chr9_MATERNAL	1	chr9_PATERNAL
GLRA3	1	chr4	1	chr4_MATERNAL	1	chr4_PATERNAL
BIRC7	1	chr20	1	chr20_MATERNAL	1	chr20_PATERNAL
MRPL55	1	chr1	1	chr1_MATERNAL	1	chr1_PATERNAL
DCTD	1	chr4	1	chr4_MATERNAL	1	chr4_PATERNAL
CBX5	1	chr12	1	chr12_MATERNAL	1	chr12_PATERNAL
CYB5RL	1	chr1	1	chr1_MATERNAL	1	chr1_PATERNAL
BTNL9	1	chr5	1	chr5_MATERNAL	1	chr5_PATERNAL
CNTNAP3C	1	chr9	1	chr9_MATERNAL	1	chr9_PATERNAL
SNX13	1	chr7	1	chr7_MATERNAL	1	chr7_PATERNAL
FBXO17	1	chr19	1	chr19_MATERNAL	1	chr19_PATERNAL
PGAP2	1	chr11	1	chr11_MATERNAL	1	chr11_PATERNAL
ATP5PF	1	chr21	1	chr21_MATERNAL	1	chr21_PATERNAL
OR2K2	1	chr9	1	chr9_MATERNAL	1	chr9_PATERNAL
SLC6A13	1	chr12	1	chr12_MATERNAL	1	chr12_PATERNAL
CAND2	1	chr3	1	chr3_MATERNAL	1	chr3_PATERNAL
CRYGC	1	chr2	1	chr2_MATERNAL	1	chr2_PATERNAL
TMED7	1	chr5	1	chr5_MATERNAL	1	chr5_PATERNAL
LYPD5	1	chr19	1	chr19_MATERNAL	1	chr19_PATERNAL
OTOG	1	chr11	1	chr11_MATERNAL	1	chr11_PATERNAL
CCNH	1	chr5	1	chr5_MATERNAL	1	chr5_PATERNAL
TSPO	1	chr22	1	chr22_MATERNAL	1	chr22_PATERNAL
FFAR4	1	chr10	1	chr10_MATERNAL	1	chr10_PATERNAL
BRPF3	1	chr6	1	chr6_MATERNAL	1	chr6_PATERNAL
HIGD2A	1	chr5	1	chr5_MATERNAL	1	chr5_PATERNAL
GAL3ST1	1	chr22	1	chr22_MATERNAL	1	chr22_PATERNAL
GPR37L1	1	chr1	1	chr1_MATERNAL	1	chr1_PATERNAL
MYBPC2	1	chr19	1	chr19_MATERNAL	1	chr19_PATERNAL
LAMP3	1	chr3	1	chr3_MATERNAL	1	chr3_PATERNAL
CYB5D2	1	chr17	1	chr17_MATERNAL	1	chr17_PATERNAL
DXO	1	chr6	1	chr6_MATERNAL	1	chr6_PATERNAL
MID1IP1	1	chrX	1	chrX_MATERNAL	0	None
RP1L1	1	chr8	1	chr8_MATERNAL	1	chr8_PATERNAL
RFX5	1	chr1	1	chr1_MATERNAL	1	chr1_PATERNAL
VPS9D1	1	chr16	1	chr16_MATERNAL	1	chr16_PATERNAL
OR2B3	1	chr6	1	chr6_MATERNAL	1	chr6_PATERNAL
MED20	1	chr6	1	chr6_MATERNAL	1	chr6_PATERNAL
CHST9	1	chr18	1	chr18_MATERNAL	1	chr18_PATERNAL
TEFM	1	chr17	1	chr17_MATERNAL	1	chr17_PATERNAL
PNLIPRP3	1	chr10	1	chr10_MATERNAL	1	chr10_PATERNAL
ZRANB3	1	chr2	1	chr2_MATERNAL	1	chr2_PATERNAL
PSMB3	1	chr17	1	chr17_MATERNAL	1	chr17_PATERNAL
ELL2	1	chr5	1	chr5_MATERNAL	1	chr5_PATERNAL
BTBD3	1	chr20	1	chr20_MATERNAL	1	chr20_PATERNAL
GREM2	1	chr1	1	chr1_MATERNAL	1	chr1_PATERNAL
TSTD1	1	chr1	1	chr1_MATERNAL	1	chr1_PATERNAL
CCDC179	1	chr11	1	chr11_MATERNAL	1	chr11_PATERNAL
CD48	1	chr1	1	chr1_MATERNAL	1	chr1_PATERNAL
OR11H6	1	chr14	1	chr14_MATERNAL	1	chr14_PATERNAL
YTHDF2	1	chr1	1	chr1_MATERNAL	1	chr1_PATERNAL
EDC3	1	chr15	1	chr15_MATERNAL	1	chr15_PATERNAL
OR10V1	1	chr11	1	chr11_MATERNAL	1	chr11_PATERNAL
SH3BGRL2	1	chr6	1	chr6_MATERNAL	1	chr6_PATERNAL
ANO3	1	chr11	1	chr11_MATERNAL	1	chr11_PATERNAL
PLEKHA3	1	chr2	1	chr2_MATERNAL	1	chr2_PATERNAL
MFAP1	1	chr15	1	chr15_MATERNAL	1	chr15_PATERNAL
RPL22	1	chr1	1	chr1_MATERNAL	1	chr1_PATERNAL
USP17L4	1	chr8	1	chr8_MATERNAL	1	chr8_PATERNAL
OAS3	1	chr12	1	chr12_MATERNAL	1	chr12_PATERNAL
RBM7	1	chr11	1	chr11_MATERNAL	1	chr11_PATERNAL
WNT8B	1	chr10	1	chr10_MATERNAL	1	chr10_PATERNAL
PLTP	1	chr20	1	chr20_MATERNAL	1	chr20_PATERNAL
ZPLD1	1	chr3	1	chr3_MATERNAL	1	chr3_PATERNAL
MRPL41	1	chr9	1	chr9_MATERNAL	1	chr9_PATERNAL
OR5D13	1	chr11	1	chr11_MATERNAL	1	chr11_PATERNAL
WNT11	1	chr11	1	chr11_MATERNAL	1	chr11_PATERNAL
CFAP221	1	chr2	1	chr2_MATERNAL	1	chr2_PATERNAL
KRT35	1	chr17	1	chr17_MATERNAL	1	chr17_PATERNAL
PSG8	1	chr19	1	chr19_MATERNAL	1	chr19_PATERNAL
ARHGAP31	1	chr3	1	chr3_MATERNAL	1	chr3_PATERNAL
LGALS7B	1	chr19	1	chr19_MATERNAL	1	chr19_PATERNAL
PI4K2A	1	chr10	1	chr10_MATERNAL	1	chr10_PATERNAL
GTDC1	1	chr2	1	chr2_MATERNAL	1	chr2_PATERNAL
HMGN5	1	chrX	1	chrX_MATERNAL	0	None
SLC5A2	1	chr16	1	chr16_MATERNAL	1	chr16_PATERNAL
ZBTB21	1	chr21	1	chr21_MATERNAL	1	chr21_PATERNAL
GLOD4	1	chr17	1	chr17_MATERNAL	1	chr17_PATERNAL
TRMT112	1	chr11	1	chr11_MATERNAL	1	chr11_PATERNAL
NPPC	1	chr2	1	chr2_MATERNAL	1	chr2_PATERNAL
IPO4	1	chr14	1	chr14_MATERNAL	1	chr14_PATERNAL
MEOX1	1	chr17	1	chr17_MATERNAL	1	chr17_PATERNAL
SEC11A	1	chr15	1	chr15_MATERNAL	1	chr15_PATERNAL
NAIF1	1	chr9	1	chr9_MATERNAL	1	chr9_PATERNAL
KCNK10	1	chr14	1	chr14_MATERNAL	1	chr14_PATERNAL
ZNF276	1	chr16	1	chr16_MATERNAL	1	chr16_PATERNAL
DDHD1	1	chr14	1	chr14_MATERNAL	1	chr14_PATERNAL
EIF2AK3	1	chr2	1	chr2_MATERNAL	1	chr2_PATERNAL
ZFP2	1	chr5	1	chr5_MATERNAL	1	chr5_PATERNAL
MIA	1	chr19	1	chr19_MATERNAL	1	chr19_PATERNAL
TLE3	1	chr15	1	chr15_MATERNAL	1	chr15_PATERNAL
ADIPOR1	1	chr1	1	chr1_MATERNAL	1	chr1_PATERNAL
CYB5R2	1	chr11	1	chr11_MATERNAL	1	chr11_PATERNAL
VPS4B	1	chr18	1	chr18_MATERNAL	1	chr18_PATERNAL
SERPINA11	1	chr14	1	chr14_MATERNAL	1	chr14_PATERNAL
TRIM17	1	chr1	1	chr1_MATERNAL	1	chr1_PATERNAL
RAB29	1	chr1	1	chr1_MATERNAL	1	chr1_PATERNAL
ADNP	1	chr20	1	chr20_MATERNAL	1	chr20_PATERNAL
NPB	1	chr17	1	chr17_MATERNAL	1	chr17_PATERNAL
OR2J2	1	chr6	1	chr6_MATERNAL	1	chr6_PATERNAL
GUCA2B	1	chr1	1	chr1_MATERNAL	1	chr1_PATERNAL
DDOST	1	chr1	1	chr1_MATERNAL	1	chr1_PATERNAL
PCDHGB2	1	chr5	1	chr5_MATERNAL	1	chr5_PATERNAL
CERKL	1	chr2	1	chr2_MATERNAL	1	chr2_PATERNAL
FAM227A	1	chr22	1	chr22_MATERNAL	1	chr22_PATERNAL
MISP	1	chr19	1	chr19_MATERNAL	1	chr19_PATERNAL
DUSP11	1	chr2	1	chr2_MATERNAL	1	chr2_PATERNAL
MARCHF11	1	chr5	1	chr5_MATERNAL	1	chr5_PATERNAL
LITAF	1	chr16	1	chr16_MATERNAL	1	chr16_PATERNAL
GDF10	1	chr10	1	chr10_MATERNAL	1	chr10_PATERNAL
H4C2	1	chr6	1	chr6_MATERNAL	1	chr6_PATERNAL
RANBP10	1	chr16	1	chr16_MATERNAL	1	chr16_PATERNAL
INSR	1	chr19	1	chr19_MATERNAL	1	chr19_PATERNAL
CEBPG	1	chr19	1	chr19_MATERNAL	1	chr19_PATERNAL
INTS2	1	chr17	1	chr17_MATERNAL	1	chr17_PATERNAL
SFMBT2	1	chr10	1	chr10_MATERNAL	1	chr10_PATERNAL
DSTN	1	chr20	1	chr20_MATERNAL	1	chr20_PATERNAL
C9orf40	1	chr9	1	chr9_MATERNAL	1	chr9_PATERNAL
REM1	1	chr20	1	chr20_MATERNAL	1	chr20_PATERNAL
ENPP2	1	chr8	1	chr8_MATERNAL	1	chr8_PATERNAL
PGA3	1	chr11	0	None	1	chr11_PATERNAL
TOX4	1	chr14	1	chr14_MATERNAL	1	chr14_PATERNAL
RPL23	1	chr17	1	chr17_MATERNAL	1	chr17_PATERNAL
SPCS1	1	chr3	1	chr3_MATERNAL	1	chr3_PATERNAL
IPP	1	chr1	1	chr1_MATERNAL	1	chr1_PATERNAL
B3GAT2	1	chr6	1	chr6_MATERNAL	1	chr6_PATERNAL
TICAM1	1	chr19	1	chr19_MATERNAL	1	chr19_PATERNAL
ASCL1	1	chr12	1	chr12_MATERNAL	1	chr12_PATERNAL
PPARGC1A	1	chr4	1	chr4_MATERNAL	1	chr4_PATERNAL
OR8B2	1	chr11	1	chr11_MATERNAL	1	chr11_PATERNAL
FAM24A	1	chr10	1	chr10_MATERNAL	1	chr10_PATERNAL
PRSS38	1	chr1	1	chr1_MATERNAL	1	chr1_PATERNAL
MTHFD1L	1	chr6	1	chr6_MATERNAL	1	chr6_PATERNAL
KRTAP6-2	1	chr21	1	chr21_MATERNAL	1	chr21_PATERNAL
ARL2BP	1	chr16	1	chr16_MATERNAL	1	chr16_PATERNAL
SCARA5	1	chr8	1	chr8_MATERNAL	1	chr8_PATERNAL
NLRC4	1	chr2	1	chr2_MATERNAL	1	chr2_PATERNAL
ZNF132	1	chr19	1	chr19_MATERNAL	1	chr19_PATERNAL
TPRN	1	chr9	1	chr9_MATERNAL	1	chr9_PATERNAL
SLC38A1	1	chr12	1	chr12_MATERNAL	1	chr12_PATERNAL
PI4KA	1	chr22	1	chr22_MATERNAL	1	chr22_PATERNAL
DHRS4L2	1	chr14	1	chr14_MATERNAL	1	chr14_PATERNAL
MYPOP	1	chr19	1	chr19_MATERNAL	1	chr19_PATERNAL
SEPTIN3	1	chr22	1	chr22_MATERNAL	1	chr22_PATERNAL
ACP1	1	chr2	1	chr2_MATERNAL	1	chr2_PATERNAL
CXorf38	1	chrX	1	chrX_MATERNAL	0	None
MTFR1L	1	chr1	1	chr1_MATERNAL	1	chr1_PATERNAL
TTYH3	1	chr7	1	chr7_MATERNAL	1	chr7_PATERNAL
GPR63	1	chr6	1	chr6_MATERNAL	1	chr6_PATERNAL
EPHA6	1	chr3	1	chr3_MATERNAL	1	chr3_PATERNAL
WIPF3	1	chr7	1	chr7_MATERNAL	1	chr7_PATERNAL
PEX5L	1	chr3	1	chr3_MATERNAL	1	chr3_PATERNAL
CDR2L	1	chr17	1	chr17_MATERNAL	1	chr17_PATERNAL
POMZP3	1	chr7	1	chr7_MATERNAL	1	chr7_PATERNAL
CHGB	1	chr20	1	chr20_MATERNAL	1	chr20_PATERNAL
WDFY4	1	chr10	1	chr10_MATERNAL	1	chr10_PATERNAL
RAP2B	1	chr3	1	chr3_MATERNAL	1	chr3_PATERNAL
THPO	1	chr3	1	chr3_MATERNAL	1	chr3_PATERNAL
MANSC4	1	chr12	1	chr12_MATERNAL	1	chr12_PATERNAL
PRSS1	1	chr7	1	chr7_MATERNAL	1	chr7_PATERNAL
ANKRD22	1	chr10	1	chr10_MATERNAL	1	chr10_PATERNAL
PMEPA1	1	chr20	1	chr20_MATERNAL	1	chr20_PATERNAL
LARP1	1	chr5	1	chr5_MATERNAL	1	chr5_PATERNAL
HTR1E	1	chr6	1	chr6_MATERNAL	1	chr6_PATERNAL
LRRN4CL	1	chr11	1	chr11_MATERNAL	1	chr11_PATERNAL
TTC1	1	chr5	1	chr5_MATERNAL	1	chr5_PATERNAL
ISG20L2	1	chr1	1	chr1_MATERNAL	1	chr1_PATERNAL
EFHD2	1	chr1	1	chr1_MATERNAL	1	chr1_PATERNAL
PTGES	1	chr9	1	chr9_MATERNAL	1	chr9_PATERNAL
SENP7	1	chr3	1	chr3_MATERNAL	1	chr3_PATERNAL
DCLRE1B	1	chr1	1	chr1_MATERNAL	1	chr1_PATERNAL
GPR34	1	chrX	1	chrX_MATERNAL	0	None
C16orf92	1	chr16	1	chr16_MATERNAL	1	chr16_PATERNAL
PGAP3	1	chr17	1	chr17_MATERNAL	1	chr17_PATERNAL
RGL2	1	chr6	1	chr6_MATERNAL	1	chr6_PATERNAL
HPN	1	chr19	1	chr19_MATERNAL	1	chr19_PATERNAL
PTF1A	1	chr10	1	chr10_MATERNAL	1	chr10_PATERNAL
ARSH	1	chrX	1	chrX_MATERNAL	0	None
LOC124901819	1	chr7	1	chr7_MATERNAL	1	chr7_PATERNAL
LRRC3C	1	chr17	1	chr17_MATERNAL	1	chr17_PATERNAL
NRM	1	chr6	1	chr6_MATERNAL	1	chr6_PATERNAL
CEP170	1	chr1	1	chr1_MATERNAL	1	chr1_PATERNAL
OR5C1	1	chr9	1	chr9_MATERNAL	1	chr9_PATERNAL
NRDC	1	chr1	1	chr1_MATERNAL	1	chr1_PATERNAL
MAGI2	1	chr7	1	chr7_MATERNAL	1	chr7_PATERNAL
LIN7B	1	chr19	1	chr19_MATERNAL	1	chr19_PATERNAL
NDUFB3	1	chr2	1	chr2_MATERNAL	1	chr2_PATERNAL
MSH4	1	chr1	1	chr1_MATERNAL	1	chr1_PATERNAL
PLCD1	1	chr3	1	chr3_MATERNAL	1	chr3_PATERNAL
MFSD11	1	chr17	1	chr17_MATERNAL	1	chr17_PATERNAL
VPS33B	1	chr15	1	chr15_MATERNAL	1	chr15_PATERNAL
UBE3A	1	chr15	1	chr15_MATERNAL	1	chr15_PATERNAL
GRPEL2	1	chr5	1	chr5_MATERNAL	1	chr5_PATERNAL
ACTB	1	chr7	1	chr7_MATERNAL	1	chr7_PATERNAL
CREB3	1	chr9	1	chr9_MATERNAL	1	chr9_PATERNAL
FRMD8	1	chr11	1	chr11_MATERNAL	1	chr11_PATERNAL
C1orf162	1	chr1	1	chr1_MATERNAL	1	chr1_PATERNAL
CCIN	1	chr9	1	chr9_MATERNAL	1	chr9_PATERNAL
H2BC12	1	chr6	1	chr6_MATERNAL	1	chr6_PATERNAL
DISP3	1	chr1	1	chr1_MATERNAL	1	chr1_PATERNAL
KDM5B	1	chr1	1	chr1_MATERNAL	1	chr1_PATERNAL
ARHGAP18	1	chr6	1	chr6_MATERNAL	1	chr6_PATERNAL
ADAMTS3	1	chr4	1	chr4_MATERNAL	1	chr4_PATERNAL
AGBL5	1	chr2	1	chr2_MATERNAL	1	chr2_PATERNAL
SPATA21	1	chr1	1	chr1_MATERNAL	1	chr1_PATERNAL
VBP1	1	chrX	1	chrX_MATERNAL	0	None
GADD45B	1	chr19	1	chr19_MATERNAL	1	chr19_PATERNAL
ENTPD6	1	chr20	1	chr20_MATERNAL	1	chr20_PATERNAL
RAD54L2	1	chr3	1	chr3_MATERNAL	1	chr3_PATERNAL
EHBP1	1	chr2	1	chr2_MATERNAL	1	chr2_PATERNAL
FAM193A	1	chr4	1	chr4_MATERNAL	1	chr4_PATERNAL
OSTN	1	chr3	1	chr3_MATERNAL	1	chr3_PATERNAL
RNF31	1	chr14	1	chr14_MATERNAL	1	chr14_PATERNAL
ERV3-1	1	chr7	1	chr7_MATERNAL	1	chr7_PATERNAL
M1AP	1	chr2	1	chr2_MATERNAL	1	chr2_PATERNAL
PRKAR1A	1	chr17	1	chr17_MATERNAL	1	chr17_PATERNAL
NT5C	1	chr17	1	chr17_MATERNAL	1	chr17_PATERNAL
TAP2	1	chr6	1	chr6_MATERNAL	1	chr6_PATERNAL
CASP2	1	chr7	1	chr7_MATERNAL	1	chr7_PATERNAL
FAM185A	1	chr7	1	chr7_MATERNAL	1	chr7_PATERNAL
CADM1	1	chr11	1	chr11_MATERNAL	1	chr11_PATERNAL
TSNAX	1	chr1	1	chr1_MATERNAL	1	chr1_PATERNAL
NACA2	1	chr17	1	chr17_MATERNAL	1	chr17_PATERNAL
PCBP2	1	chr12	1	chr12_MATERNAL	1	chr12_PATERNAL
ALMS1	1	chr2	1	chr2_MATERNAL	1	chr2_PATERNAL
TMEM92	1	chr17	1	chr17_MATERNAL	1	chr17_PATERNAL
ZBTB7C	1	chr18	1	chr18_MATERNAL	1	chr18_PATERNAL
TTC38	1	chr22	1	chr22_MATERNAL	1	chr22_PATERNAL
NFKB1	1	chr4	1	chr4_MATERNAL	1	chr4_PATERNAL
SOX3	1	chrX	1	chrX_MATERNAL	0	None
PCDH11X	1	chrX	1	chrX_MATERNAL	0	None
DDR2	1	chr1	1	chr1_MATERNAL	1	chr1_PATERNAL
RXRA	1	chr9	1	chr9_MATERNAL	1	chr9_PATERNAL
KALRN	1	chr3	1	chr3_MATERNAL	1	chr3_PATERNAL
UBE2M	1	chr19	1	chr19_MATERNAL	1	chr19_PATERNAL
SHE	1	chr1	1	chr1_MATERNAL	1	chr1_PATERNAL
YES1	1	chr18	1	chr18_MATERNAL	1	chr18_PATERNAL
GFM2	1	chr5	1	chr5_MATERNAL	1	chr5_PATERNAL
SCRT1	1	chr8	1	chr8_MATERNAL	1	chr8_PATERNAL
USP15	1	chr12	1	chr12_MATERNAL	1	chr12_PATERNAL
SLC5A10	1	chr17	1	chr17_MATERNAL	1	chr17_PATERNAL
C17orf64	1	chr17	1	chr17_MATERNAL	1	chr17_PATERNAL
KLRC4	1	chr12	1	chr12_MATERNAL	1	chr12_PATERNAL
CHAF1B	1	chr21	1	chr21_MATERNAL	1	chr21_PATERNAL
MAST3	1	chr19	1	chr19_MATERNAL	1	chr19_PATERNAL
ASIC2	1	chr17	1	chr17_MATERNAL	1	chr17_PATERNAL
KANK4	1	chr1	1	chr1_MATERNAL	1	chr1_PATERNAL
NDUFA6	1	chr22	1	chr22_MATERNAL	1	chr22_PATERNAL
MUC13	1	chr3	1	chr3_MATERNAL	1	chr3_PATERNAL
ZNF648	1	chr1	1	chr1_MATERNAL	1	chr1_PATERNAL
WNT3A	1	chr1	1	chr1_MATERNAL	1	chr1_PATERNAL
PWWP2B	1	chr10	1	chr10_MATERNAL	1	chr10_PATERNAL
BUB1	1	chr2	1	chr2_MATERNAL	1	chr2_PATERNAL
CARD8	1	chr19	1	chr19_MATERNAL	1	chr19_PATERNAL
NOSIP	1	chr19	1	chr19_MATERNAL	1	chr19_PATERNAL
LOC112267992	1	chr7	1	chr7_MATERNAL	1	chr7_PATERNAL
MFSD6	1	chr2	1	chr2_MATERNAL	1	chr2_PATERNAL
IPCEF1	1	chr6	1	chr6_MATERNAL	1	chr6_PATERNAL
RPS5	1	chr19	1	chr19_MATERNAL	1	chr19_PATERNAL
ATP10B	1	chr5	1	chr5_MATERNAL	1	chr5_PATERNAL
TEK	1	chr9	1	chr9_MATERNAL	1	chr9_PATERNAL
CCDC71L	1	chr7	1	chr7_MATERNAL	1	chr7_PATERNAL
KLHL36	1	chr16	1	chr16_MATERNAL	1	chr16_PATERNAL
WFDC3	1	chr20	1	chr20_MATERNAL	1	chr20_PATERNAL
ATP9A	1	chr20	1	chr20_MATERNAL	1	chr20_PATERNAL
ADGRE5	1	chr19	1	chr19_MATERNAL	1	chr19_PATERNAL
SEPTIN14	1	chr7	1	chr7_MATERNAL	1	chr7_PATERNAL
EP400	1	chr12	1	chr12_MATERNAL	1	chr12_PATERNAL
GPR155	1	chr2	1	chr2_MATERNAL	1	chr2_PATERNAL
NLGN1	1	chr3	1	chr3_MATERNAL	1	chr3_PATERNAL
RFX7	1	chr15	1	chr15_MATERNAL	1	chr15_PATERNAL
UHRF2	1	chr9	1	chr9_MATERNAL	1	chr9_PATERNAL
C15orf40	1	chr15	1	chr15_MATERNAL	1	chr15_PATERNAL
AFMID	1	chr17	1	chr17_MATERNAL	1	chr17_PATERNAL
SCGB3A2	1	chr5	1	chr5_MATERNAL	1	chr5_PATERNAL
ZNF540	1	chr19	1	chr19_MATERNAL	1	chr19_PATERNAL
USP37	1	chr2	1	chr2_MATERNAL	1	chr2_PATERNAL
GIMAP2	1	chr7	1	chr7_MATERNAL	1	chr7_PATERNAL
PRKCA	1	chr17	1	chr17_MATERNAL	1	chr17_PATERNAL
ZNF618	1	chr9	1	chr9_MATERNAL	1	chr9_PATERNAL
G6PD	1	chrX	1	chrX_MATERNAL	0	None
RANBP3	1	chr19	1	chr19_MATERNAL	1	chr19_PATERNAL
WFDC2	1	chr20	1	chr20_MATERNAL	1	chr20_PATERNAL
HEXD	1	chr17	1	chr17_MATERNAL	1	chr17_PATERNAL
NOBOX	1	chr7	1	chr7_MATERNAL	1	chr7_PATERNAL
EXOSC10	1	chr1	1	chr1_MATERNAL	1	chr1_PATERNAL
SRSF10	1	chr1	1	chr1_MATERNAL	1	chr1_PATERNAL
SAA4	1	chr11	1	chr11_MATERNAL	1	chr11_PATERNAL
TRIP12	1	chr2	1	chr2_MATERNAL	1	chr2_PATERNAL
CST2	1	chr20	1	chr20_MATERNAL	1	chr20_PATERNAL
DLGAP3	1	chr1	1	chr1_MATERNAL	1	chr1_PATERNAL
MOGAT1	1	chr2	1	chr2_MATERNAL	1	chr2_PATERNAL
IL10RA	1	chr11	1	chr11_MATERNAL	1	chr11_PATERNAL
DNAL1	1	chr14	1	chr14_MATERNAL	1	chr14_PATERNAL
DDX24	1	chr14	1	chr14_MATERNAL	1	chr14_PATERNAL
MAPK12	1	chr22	1	chr22_MATERNAL	1	chr22_PATERNAL
STK16	1	chr2	1	chr2_MATERNAL	1	chr2_PATERNAL
XK	1	chrX	1	chrX_MATERNAL	0	None
DOCK11	1	chrX	1	chrX_MATERNAL	0	None
OR2T33	1	chr1	1	chr1_MATERNAL	1	chr1_PATERNAL
RACGAP1	1	chr12	1	chr12_MATERNAL	1	chr12_PATERNAL
LOC124905139	1	chr22	1	chr22_MATERNAL	1	chr22_PATERNAL
UBAP2	1	chr9	1	chr9_MATERNAL	1	chr9_PATERNAL
GJD2	1	chr15	1	chr15_MATERNAL	1	chr15_PATERNAL
LHX4	1	chr1	1	chr1_MATERNAL	1	chr1_PATERNAL
ZNF518A	1	chr10	1	chr10_MATERNAL	1	chr10_PATERNAL
HPD	1	chr12	1	chr12_MATERNAL	1	chr12_PATERNAL
JPT2	1	chr16	1	chr16_MATERNAL	1	chr16_PATERNAL
TM4SF1	1	chr3	1	chr3_MATERNAL	1	chr3_PATERNAL
SCGB1C1	1	chr11	1	chr11_MATERNAL	1	chr11_PATERNAL
RHBG	1	chr1	1	chr1_MATERNAL	1	chr1_PATERNAL
BEAN1	1	chr16	1	chr16_MATERNAL	1	chr16_PATERNAL
ASB16	1	chr17	1	chr17_MATERNAL	1	chr17_PATERNAL
STX11	1	chr6	1	chr6_MATERNAL	1	chr6_PATERNAL
TMEM156	1	chr4	1	chr4_MATERNAL	1	chr4_PATERNAL
ACSM2B	1	chr16	1	chr16_MATERNAL	1	chr16_PATERNAL
TOMM20L	1	chr14	1	chr14_MATERNAL	1	chr14_PATERNAL
SLC25A21	1	chr14	1	chr14_MATERNAL	1	chr14_PATERNAL
SLC5A5	1	chr19	1	chr19_MATERNAL	1	chr19_PATERNAL
CHTF18	1	chr16	1	chr16_MATERNAL	1	chr16_PATERNAL
ANKRD40CL	1	chr17	1	chr17_MATERNAL	1	chr17_PATERNAL
FHL1	1	chrX	1	chrX_MATERNAL	0	None
MAML1	1	chr5	1	chr5_MATERNAL	1	chr5_PATERNAL
CD53	1	chr1	1	chr1_MATERNAL	1	chr1_PATERNAL
DYSF	1	chr2	1	chr2_MATERNAL	1	chr2_PATERNAL
GYG1	1	chr3	1	chr3_MATERNAL	1	chr3_PATERNAL
PRLR	1	chr5	1	chr5_MATERNAL	1	chr5_PATERNAL
NOTO	1	chr2	1	chr2_MATERNAL	1	chr2_PATERNAL
NARS2	1	chr11	1	chr11_MATERNAL	1	chr11_PATERNAL
FBXO25	1	chr8	1	chr8_MATERNAL	1	chr8_PATERNAL
RASA4	1	chr7	3	chr7_MATERNAL,chr7_MATERNAL,chr7_MATERNAL	1	chr7_PATERNAL
GCA	1	chr2	1	chr2_MATERNAL	1	chr2_PATERNAL
FAM47C	1	chrX	1	chrX_MATERNAL	0	None
THBS1	1	chr15	1	chr15_MATERNAL	1	chr15_PATERNAL
CNKSR2	1	chrX	1	chrX_MATERNAL	0	None
MLLT3	1	chr9	1	chr9_MATERNAL	1	chr9_PATERNAL
CHRNE	1	chr17	1	chr17_MATERNAL	1	chr17_PATERNAL
HMGXB4	1	chr22	1	chr22_MATERNAL	1	chr22_PATERNAL
SPSB4	1	chr3	1	chr3_MATERNAL	1	chr3_PATERNAL
NCAM2	1	chr21	1	chr21_MATERNAL	1	chr21_PATERNAL
LOC124903470	1	chr15	1	chr15_MATERNAL	1	chr15_PATERNAL
SKA2	1	chr17	1	chr17_MATERNAL	1	chr17_PATERNAL
ALDH1L1	1	chr3	1	chr3_MATERNAL	1	chr3_PATERNAL
RTN4RL1	1	chr17	1	chr17_MATERNAL	1	chr17_PATERNAL
GPN2	1	chr1	1	chr1_MATERNAL	1	chr1_PATERNAL
PLSCR2	1	chr3	1	chr3_MATERNAL	1	chr3_PATERNAL
DNAJC28	1	chr21	1	chr21_MATERNAL	1	chr21_PATERNAL
DNAJB12	1	chr10	1	chr10_MATERNAL	1	chr10_PATERNAL
MAPK3	1	chr16	1	chr16_MATERNAL	1	chr16_PATERNAL
ZC3H4	1	chr19	1	chr19_MATERNAL	1	chr19_PATERNAL
OR51I1	1	chr11	1	chr11_MATERNAL	1	chr11_PATERNAL
VWA5A	1	chr11	1	chr11_MATERNAL	1	chr11_PATERNAL
SGSM2	1	chr17	1	chr17_MATERNAL	1	chr17_PATERNAL
FLVCR2	1	chr14	1	chr14_MATERNAL	1	chr14_PATERNAL
APOOL	1	chrX	1	chrX_MATERNAL	0	None
GABBR1	1	chr6	1	chr6_MATERNAL	1	chr6_PATERNAL
MAPKAPK3	1	chr3	1	chr3_MATERNAL	1	chr3_PATERNAL
LRRC73	1	chr6	1	chr6_MATERNAL	1	chr6_PATERNAL
BRD7	1	chr16	1	chr16_MATERNAL	1	chr16_PATERNAL
LGALS12	1	chr11	1	chr11_MATERNAL	1	chr11_PATERNAL
HLA-G	1	chr6	1	chr6_MATERNAL	1	chr6_PATERNAL
OR51S1	1	chr11	1	chr11_MATERNAL	1	chr11_PATERNAL
HOXC10	1	chr12	1	chr12_MATERNAL	1	chr12_PATERNAL
TMEFF2	1	chr2	1	chr2_MATERNAL	1	chr2_PATERNAL
SMTNL2	1	chr17	1	chr17_MATERNAL	1	chr17_PATERNAL
P4HTM	1	chr3	1	chr3_MATERNAL	1	chr3_PATERNAL
IQCM	1	chr4	1	chr4_MATERNAL	1	chr4_PATERNAL
PTER	1	chr10	1	chr10_MATERNAL	1	chr10_PATERNAL
PNPLA2	1	chr11	1	chr11_MATERNAL	1	chr11_PATERNAL
RELT	1	chr11	1	chr11_MATERNAL	1	chr11_PATERNAL
DHX8	1	chr17	1	chr17_MATERNAL	1	chr17_PATERNAL
CENPA	1	chr2	1	chr2_MATERNAL	1	chr2_PATERNAL
ART3	1	chr4	1	chr4_MATERNAL	1	chr4_PATERNAL
SCRIB	1	chr8	1	chr8_MATERNAL	1	chr8_PATERNAL
DUSP5	1	chr10	1	chr10_MATERNAL	1	chr10_PATERNAL
ZNRF2	1	chr7	1	chr7_MATERNAL	1	chr7_PATERNAL
TBC1D26	1	chr17	1	chr17_MATERNAL	1	chr17_PATERNAL
SMKR1	1	chr7	1	chr7_MATERNAL	1	chr7_PATERNAL
NAP1L4	1	chr11	1	chr11_MATERNAL	1	chr11_PATERNAL
PABIR3	1	chrX	1	chrX_MATERNAL	0	None
LOC124908048	1	chr2	1	chr2_MATERNAL	1	chr2_PATERNAL
FAM83G	1	chr17	1	chr17_MATERNAL	1	chr17_PATERNAL
FAM162A	1	chr3	1	chr3_MATERNAL	1	chr3_PATERNAL
TACR2	1	chr10	1	chr10_MATERNAL	1	chr10_PATERNAL
CHST13	1	chr3	1	chr3_MATERNAL	1	chr3_PATERNAL
MYCBP2	1	chr13	1	chr13_MATERNAL	1	chr13_PATERNAL
CPNE8	1	chr12	1	chr12_MATERNAL	1	chr12_PATERNAL
PCYOX1L	1	chr5	1	chr5_MATERNAL	1	chr5_PATERNAL
STARD3NL	1	chr7	1	chr7_MATERNAL	1	chr7_PATERNAL
CCDC85A	1	chr2	1	chr2_MATERNAL	1	chr2_PATERNAL
MAGEA8	1	chrX	1	chrX_MATERNAL	0	None
ZNF493	1	chr19	1	chr19_MATERNAL	1	chr19_PATERNAL
PCNP	1	chr3	1	chr3_MATERNAL	1	chr3_PATERNAL
LOC112268458	2	chr3,chr3	4	chr3_MATERNAL,chr3_MATERNAL,chr3_MATERNAL,chr3_MATERNAL	3	chr3_PATERNAL,chr3_PATERNAL,chr3_PATERNAL
PLEKHG4B	1	chr5	1	chr5_MATERNAL	1	chr5_PATERNAL
KLHDC1	1	chr14	1	chr14_MATERNAL	1	chr14_PATERNAL
ORAI2	1	chr7	1	chr7_MATERNAL	1	chr7_PATERNAL
SLFN13	1	chr17	1	chr17_MATERNAL	1	chr17_PATERNAL
MZT2B	1	chr2	1	chr2_MATERNAL	1	chr2_PATERNAL
SMIM41	1	chr12	1	chr12_MATERNAL	1	chr12_PATERNAL
OR5P2	1	chr11	1	chr11_MATERNAL	1	chr11_PATERNAL
H4C8	1	chr6	1	chr6_MATERNAL	1	chr6_PATERNAL
PRPF19	1	chr11	1	chr11_MATERNAL	1	chr11_PATERNAL
PLA2G12A	1	chr4	1	chr4_MATERNAL	1	chr4_PATERNAL
OR10J1	1	chr1	1	chr1_MATERNAL	1	chr1_PATERNAL
SLC45A2	1	chr5	1	chr5_MATERNAL	1	chr5_PATERNAL
FBXO6	1	chr1	1	chr1_MATERNAL	1	chr1_PATERNAL
ZNF783	1	chr7	1	chr7_MATERNAL	1	chr7_PATERNAL
MACF1	1	chr1	1	chr1_MATERNAL	1	chr1_PATERNAL
HMGCR	1	chr5	1	chr5_MATERNAL	1	chr5_PATERNAL
CCL14	1	chr17	1	chr17_MATERNAL	1	chr17_PATERNAL
HSPE1	1	chr2	1	chr2_MATERNAL	1	chr2_PATERNAL
TRIM50	1	chr7	1	chr7_MATERNAL	1	chr7_PATERNAL
PPDPFL	1	chr8	1	chr8_MATERNAL	1	chr8_PATERNAL
ABCD4	1	chr14	1	chr14_MATERNAL	1	chr14_PATERNAL
CCDC43	1	chr17	1	chr17_MATERNAL	1	chr17_PATERNAL
CDCA7	1	chr2	1	chr2_MATERNAL	1	chr2_PATERNAL
RNF125	1	chr18	1	chr18_MATERNAL	1	chr18_PATERNAL
PPP1R9A	1	chr7	1	chr7_MATERNAL	1	chr7_PATERNAL
PSCA	1	chr8	1	chr8_MATERNAL	1	chr8_PATERNAL
APOBEC2	1	chr6	1	chr6_MATERNAL	1	chr6_PATERNAL
RBM14	1	chr11	1	chr11_MATERNAL	1	chr11_PATERNAL
TBC1D24	1	chr16	1	chr16_MATERNAL	1	chr16_PATERNAL
KLHL6	1	chr3	1	chr3_MATERNAL	1	chr3_PATERNAL
C12orf71	1	chr12	1	chr12_MATERNAL	1	chr12_PATERNAL
IZUMO1R	1	chr11	1	chr11_MATERNAL	1	chr11_PATERNAL
RAG1	1	chr11	1	chr11_MATERNAL	1	chr11_PATERNAL
CDC20	1	chr1	1	chr1_MATERNAL	1	chr1_PATERNAL
FUT4	1	chr11	1	chr11_MATERNAL	1	chr11_PATERNAL
SLC25A33	1	chr1	1	chr1_MATERNAL	1	chr1_PATERNAL
GABPB1	1	chr15	1	chr15_MATERNAL	1	chr15_PATERNAL
G0S2	1	chr1	1	chr1_MATERNAL	1	chr1_PATERNAL
CCN6	1	chr6	1	chr6_MATERNAL	1	chr6_PATERNAL
DRAM2	1	chr1	1	chr1_MATERNAL	1	chr1_PATERNAL
RPLP2	1	chr11	1	chr11_MATERNAL	1	chr11_PATERNAL
RAB7B	1	chr1	1	chr1_MATERNAL	1	chr1_PATERNAL
C5orf49	1	chr5	1	chr5_MATERNAL	1	chr5_PATERNAL
ZNF300	1	chr5	1	chr5_MATERNAL	1	chr5_PATERNAL
USB1	1	chr16	1	chr16_MATERNAL	1	chr16_PATERNAL
STK24	1	chr13	1	chr13_MATERNAL	1	chr13_PATERNAL
TFAP2B	1	chr6	1	chr6_MATERNAL	1	chr6_PATERNAL
SRCIN1	1	chr17	1	chr17_MATERNAL	1	chr17_PATERNAL
CYTH1	1	chr17	1	chr17_MATERNAL	1	chr17_PATERNAL
ARHGAP11A	1	chr15	1	chr15_MATERNAL	1	chr15_PATERNAL
OR6B1	1	chr7	1	chr7_MATERNAL	1	chr7_PATERNAL
LOC124902042	1	chr8	1	chr8_MATERNAL	1	chr8_PATERNAL
ASB6	1	chr9	1	chr9_MATERNAL	1	chr9_PATERNAL
CES5A	1	chr16	1	chr16_MATERNAL	1	chr16_PATERNAL
STAT3	1	chr17	1	chr17_MATERNAL	1	chr17_PATERNAL
C8orf89	1	chr8	1	chr8_MATERNAL	1	chr8_PATERNAL
POM121	1	chr7	1	chr7_MATERNAL	1	chr7_PATERNAL
KCNK12	1	chr2	1	chr2_MATERNAL	1	chr2_PATERNAL
H3C6	1	chr6	1	chr6_MATERNAL	1	chr6_PATERNAL
RAB44	1	chr6	1	chr6_MATERNAL	1	chr6_PATERNAL
LOC124901689	1	chr7	1	chr7_MATERNAL	1	chr7_PATERNAL
RGS13	1	chr1	1	chr1_MATERNAL	1	chr1_PATERNAL
RAB23	1	chr6	1	chr6_MATERNAL	1	chr6_PATERNAL
OLFML3	1	chr1	1	chr1_MATERNAL	1	chr1_PATERNAL
ANKRD34C	1	chr15	1	chr15_MATERNAL	1	chr15_PATERNAL
GAPDHS	1	chr19	1	chr19_MATERNAL	1	chr19_PATERNAL
CFHR1	0	None	1	chr1_MATERNAL	0	None
METRN	1	chr16	1	chr16_MATERNAL	1	chr16_PATERNAL
GAS2L1	1	chr22	1	chr22_MATERNAL	1	chr22_PATERNAL
STMN2	1	chr8	1	chr8_MATERNAL	1	chr8_PATERNAL
SAXO2	1	chr15	1	chr15_MATERNAL	1	chr15_PATERNAL
RAG2	1	chr11	1	chr11_MATERNAL	1	chr11_PATERNAL
DPH7	1	chr9	1	chr9_MATERNAL	1	chr9_PATERNAL
GALNT3	1	chr2	1	chr2_MATERNAL	1	chr2_PATERNAL
C1orf87	1	chr1	1	chr1_MATERNAL	1	chr1_PATERNAL
ASXL1	1	chr20	1	chr20_MATERNAL	1	chr20_PATERNAL
CD47	1	chr3	1	chr3_MATERNAL	1	chr3_PATERNAL
BMP5	1	chr6	1	chr6_MATERNAL	1	chr6_PATERNAL
LHX6	1	chr9	1	chr9_MATERNAL	1	chr9_PATERNAL
IKZF1	1	chr7	1	chr7_MATERNAL	1	chr7_PATERNAL
TMEM98	1	chr17	1	chr17_MATERNAL	1	chr17_PATERNAL
HYAL3	1	chr3	1	chr3_MATERNAL	1	chr3_PATERNAL
ZNF57	1	chr19	1	chr19_MATERNAL	1	chr19_PATERNAL
PRKD3	1	chr2	1	chr2_MATERNAL	1	chr2_PATERNAL
LOC107986837	1	chr7	1	chr7_MATERNAL	1	chr7_PATERNAL
TVP23A	1	chr16	1	chr16_MATERNAL	1	chr16_PATERNAL
PIH1D1	1	chr19	1	chr19_MATERNAL	1	chr19_PATERNAL
TBL1X	1	chrX	1	chrX_MATERNAL	0	None
CCM2L	1	chr20	1	chr20_MATERNAL	1	chr20_PATERNAL
MCTP1	1	chr5	1	chr5_MATERNAL	1	chr5_PATERNAL
CT45A7	1	chrX	1	chrX_MATERNAL	0	None
MIF	1	chr22	1	chr22_MATERNAL	1	chr22_PATERNAL
FNBP1L	1	chr1	1	chr1_MATERNAL	1	chr1_PATERNAL
OGFRL1	1	chr6	1	chr6_MATERNAL	1	chr6_PATERNAL
INS	1	chr11	1	chr11_MATERNAL	1	chr11_PATERNAL
KCTD12	1	chr13	1	chr13_MATERNAL	1	chr13_PATERNAL
CCT8L2	1	chr22	1	chr22_MATERNAL	1	chr22_PATERNAL
SH3BGRL3	1	chr1	1	chr1_MATERNAL	1	chr1_PATERNAL
OLIG2	1	chr21	1	chr21_MATERNAL	1	chr21_PATERNAL
ZNF839	1	chr14	1	chr14_MATERNAL	1	chr14_PATERNAL
EGFL8	1	chr6	1	chr6_MATERNAL	1	chr6_PATERNAL
AFF4	1	chr5	1	chr5_MATERNAL	1	chr5_PATERNAL
CSN3	1	chr4	1	chr4_MATERNAL	1	chr4_PATERNAL
ZNF577	1	chr19	1	chr19_MATERNAL	1	chr19_PATERNAL
LCTL	1	chr15	1	chr15_MATERNAL	1	chr15_PATERNAL
TDRD1	1	chr10	1	chr10_MATERNAL	1	chr10_PATERNAL
FASTKD5	1	chr20	1	chr20_MATERNAL	1	chr20_PATERNAL
CCDC47	1	chr17	1	chr17_MATERNAL	1	chr17_PATERNAL
FSTL1	1	chr3	1	chr3_MATERNAL	1	chr3_PATERNAL
GABRQ	1	chrX	1	chrX_MATERNAL	0	None
RBMX2	1	chrX	1	chrX_MATERNAL	0	None
ADGRB1	1	chr8	1	chr8_MATERNAL	1	chr8_PATERNAL
IWS1	1	chr2	1	chr2_MATERNAL	1	chr2_PATERNAL
KIAA1549L	1	chr11	1	chr11_MATERNAL	1	chr11_PATERNAL
ZNF776	1	chr19	1	chr19_MATERNAL	1	chr19_PATERNAL
ZNF429	1	chr19	1	chr19_MATERNAL	1	chr19_PATERNAL
NBL1	1	chr1	1	chr1_MATERNAL	1	chr1_PATERNAL
LENG1	1	chr19	1	chr19_MATERNAL	1	chr19_PATERNAL
ST3GAL5	1	chr2	1	chr2_MATERNAL	1	chr2_PATERNAL
IL2RA	1	chr10	1	chr10_MATERNAL	1	chr10_PATERNAL
DNM1L	1	chr12	1	chr12_MATERNAL	1	chr12_PATERNAL
HP1BP3	1	chr1	1	chr1_MATERNAL	1	chr1_PATERNAL
EXOSC7	1	chr3	1	chr3_MATERNAL	1	chr3_PATERNAL
RTP3	1	chr3	1	chr3_MATERNAL	1	chr3_PATERNAL
TSLP	1	chr5	1	chr5_MATERNAL	1	chr5_PATERNAL
TUBA1C	1	chr12	1	chr12_MATERNAL	1	chr12_PATERNAL
JAM2	1	chr21	1	chr21_MATERNAL	1	chr21_PATERNAL
ZNF575	1	chr19	1	chr19_MATERNAL	1	chr19_PATERNAL
GFY	1	chr19	1	chr19_MATERNAL	1	chr19_PATERNAL
TRPV1	1	chr17	1	chr17_MATERNAL	1	chr17_PATERNAL
NR2C2	1	chr3	1	chr3_MATERNAL	1	chr3_PATERNAL
IRAK4	1	chr12	1	chr12_MATERNAL	1	chr12_PATERNAL
GCH1	1	chr14	1	chr14_MATERNAL	1	chr14_PATERNAL
TEX50	1	chr1	1	chr1_MATERNAL	1	chr1_PATERNAL
TPPP3	1	chr16	1	chr16_MATERNAL	1	chr16_PATERNAL
XPC	1	chr3	1	chr3_MATERNAL	1	chr3_PATERNAL
UBE2QL1	1	chr5	1	chr5_MATERNAL	1	chr5_PATERNAL
ZNF853	1	chr7	1	chr7_MATERNAL	1	chr7_PATERNAL
NDUFA5	1	chr7	1	chr7_MATERNAL	1	chr7_PATERNAL
RFPL2	1	chr22	1	chr22_MATERNAL	1	chr22_PATERNAL
TMEM269	1	chr1	1	chr1_MATERNAL	1	chr1_PATERNAL
CORO1C	1	chr12	1	chr12_MATERNAL	1	chr12_PATERNAL
NIF3L1	1	chr2	1	chr2_MATERNAL	1	chr2_PATERNAL
TEX44	1	chr2	1	chr2_MATERNAL	1	chr2_PATERNAL
ZNF107	1	chr7	1	chr7_MATERNAL	1	chr7_PATERNAL
SYNJ2BP-COX16	1	chr14	1	chr14_MATERNAL	1	chr14_PATERNAL
HM13	1	chr20	1	chr20_MATERNAL	1	chr20_PATERNAL
SPATA6L	1	chr9	1	chr9_MATERNAL	1	chr9_PATERNAL
KIFAP3	1	chr1	1	chr1_MATERNAL	1	chr1_PATERNAL
KIF1B	1	chr1	1	chr1_MATERNAL	1	chr1_PATERNAL
MEFV	1	chr16	1	chr16_MATERNAL	1	chr16_PATERNAL
FAM156B	1	chrX	1	chrX_MATERNAL	0	None
GATM	1	chr15	1	chr15_MATERNAL	1	chr15_PATERNAL
ELOA	1	chr1	1	chr1_MATERNAL	1	chr1_PATERNAL
PTGES3L-AARSD1	1	chr17	1	chr17_MATERNAL	1	chr17_PATERNAL
CPSF4L	1	chr17	1	chr17_MATERNAL	1	chr17_PATERNAL
TMEM160	1	chr19	1	chr19_MATERNAL	1	chr19_PATERNAL
ATXN3L	1	chrX	1	chrX_MATERNAL	0	None
PPP1R17	1	chr7	1	chr7_MATERNAL	1	chr7_PATERNAL
PLD5	1	chr1	1	chr1_MATERNAL	1	chr1_PATERNAL
CD5	1	chr11	1	chr11_MATERNAL	1	chr11_PATERNAL
TAF2	1	chr8	1	chr8_MATERNAL	1	chr8_PATERNAL
IQCC	1	chr1	1	chr1_MATERNAL	1	chr1_PATERNAL
SF1	1	chr11	1	chr11_MATERNAL	1	chr11_PATERNAL
SLC25A16	1	chr10	1	chr10_MATERNAL	1	chr10_PATERNAL
IFNA1	1	chr9	1	chr9_MATERNAL	1	chr9_PATERNAL
C6orf132	1	chr6	1	chr6_MATERNAL	1	chr6_PATERNAL
FOXP1	1	chr3	1	chr3_MATERNAL	1	chr3_PATERNAL
CWC22	1	chr2	1	chr2_MATERNAL	1	chr2_PATERNAL
MSTN	1	chr2	1	chr2_MATERNAL	1	chr2_PATERNAL
SLC25A23	1	chr19	1	chr19_MATERNAL	1	chr19_PATERNAL
DYNAP	1	chr18	1	chr18_MATERNAL	1	chr18_PATERNAL
ATAD2	1	chr8	1	chr8_MATERNAL	1	chr8_PATERNAL
BOD1	1	chr5	1	chr5_MATERNAL	1	chr5_PATERNAL
LCT	1	chr2	1	chr2_MATERNAL	1	chr2_PATERNAL
LOC105370092	1	chr12	1	chr12_MATERNAL	1	chr12_PATERNAL
OR56A3	1	chr11	1	chr11_MATERNAL	1	chr11_PATERNAL
KDM1A	1	chr1	1	chr1_MATERNAL	1	chr1_PATERNAL
RSRC1	1	chr3	1	chr3_MATERNAL	1	chr3_PATERNAL
CHTF8	1	chr16	1	chr16_MATERNAL	1	chr16_PATERNAL
ZNF771	1	chr16	1	chr16_MATERNAL	1	chr16_PATERNAL
UNC80	1	chr2	1	chr2_MATERNAL	1	chr2_PATERNAL
KIAA1549	1	chr7	1	chr7_MATERNAL	1	chr7_PATERNAL
SCARB2	1	chr4	1	chr4_MATERNAL	1	chr4_PATERNAL
PAICS	1	chr4	1	chr4_MATERNAL	1	chr4_PATERNAL
TBX4	1	chr17	1	chr17_MATERNAL	1	chr17_PATERNAL
BANK1	1	chr4	1	chr4_MATERNAL	1	chr4_PATERNAL
HILPDA	1	chr7	1	chr7_MATERNAL	1	chr7_PATERNAL
PROX1	1	chr1	1	chr1_MATERNAL	1	chr1_PATERNAL
DEFB112	1	chr6	1	chr6_MATERNAL	1	chr6_PATERNAL
PPP1CB	1	chr2	1	chr2_MATERNAL	1	chr2_PATERNAL
APEX1	1	chr14	1	chr14_MATERNAL	1	chr14_PATERNAL
LCE1E	1	chr1	1	chr1_MATERNAL	1	chr1_PATERNAL
PKD1L1	1	chr7	1	chr7_MATERNAL	1	chr7_PATERNAL
CTXN2	1	chr15	1	chr15_MATERNAL	1	chr15_PATERNAL
MAGEA9	1	chrX	1	chrX_MATERNAL	0	None
CATSPERG	1	chr19	1	chr19_MATERNAL	1	chr19_PATERNAL
LOC102724813	1	chr15	1	chr15_MATERNAL	1	chr15_PATERNAL
ERMP1	1	chr9	1	chr9_MATERNAL	1	chr9_PATERNAL
C1orf131	1	chr1	1	chr1_MATERNAL	1	chr1_PATERNAL
IFT88	1	chr13	1	chr13_MATERNAL	1	chr13_PATERNAL
APMAP	1	chr20	1	chr20_MATERNAL	1	chr20_PATERNAL
ZNF646	1	chr16	1	chr16_MATERNAL	1	chr16_PATERNAL
GIMAP4	1	chr7	1	chr7_MATERNAL	1	chr7_PATERNAL
ATRX	1	chrX	1	chrX_MATERNAL	0	None
NEK4	1	chr3	1	chr3_MATERNAL	1	chr3_PATERNAL
TMEM187	1	chrX	1	chrX_MATERNAL	0	None
GRM1	1	chr6	1	chr6_MATERNAL	1	chr6_PATERNAL
GNAO1	1	chr16	1	chr16_MATERNAL	1	chr16_PATERNAL
AJAP1	1	chr1	1	chr1_MATERNAL	1	chr1_PATERNAL
MRS2	1	chr6	1	chr6_MATERNAL	1	chr6_PATERNAL
BAX	1	chr19	1	chr19_MATERNAL	1	chr19_PATERNAL
ULBP3	1	chr6	1	chr6_MATERNAL	1	chr6_PATERNAL
RNF168	1	chr3	1	chr3_MATERNAL	1	chr3_PATERNAL
ARPC5L	1	chr9	1	chr9_MATERNAL	1	chr9_PATERNAL
BMPR2	1	chr2	1	chr2_MATERNAL	1	chr2_PATERNAL
SULT1A3	2	chr16,chr16	2	chr16_MATERNAL,chr16_MATERNAL	2	chr16_PATERNAL,chr16_PATERNAL
RNF175	1	chr4	1	chr4_MATERNAL	1	chr4_PATERNAL
SP4	1	chr7	1	chr7_MATERNAL	1	chr7_PATERNAL
ARHGDIG	1	chr16	1	chr16_MATERNAL	1	chr16_PATERNAL
FAIM	1	chr3	1	chr3_MATERNAL	1	chr3_PATERNAL
ICA1L	1	chr2	1	chr2_MATERNAL	1	chr2_PATERNAL
AKAP7	1	chr6	1	chr6_MATERNAL	1	chr6_PATERNAL
DGCR2	1	chr22	1	chr22_MATERNAL	1	chr22_PATERNAL
RAP1GAP2	1	chr17	1	chr17_MATERNAL	1	chr17_PATERNAL
TAGLN2	1	chr1	1	chr1_MATERNAL	1	chr1_PATERNAL
KRT10	1	chr17	1	chr17_MATERNAL	1	chr17_PATERNAL
ANKRD61	1	chr7	1	chr7_MATERNAL	1	chr7_PATERNAL
ARHGEF11	1	chr1	1	chr1_MATERNAL	1	chr1_PATERNAL
NUDT12	1	chr5	1	chr5_MATERNAL	1	chr5_PATERNAL
SERPINB7	1	chr18	1	chr18_MATERNAL	1	chr18_PATERNAL
C1QTNF6	1	chr22	1	chr22_MATERNAL	1	chr22_PATERNAL
ZNF571	1	chr19	1	chr19_MATERNAL	1	chr19_PATERNAL
RHOXF2	1	chrX	1	chrX_MATERNAL	0	None
YY1AP1	1	chr1	1	chr1_MATERNAL	1	chr1_PATERNAL
OR4K17	1	chr14	1	chr14_MATERNAL	1	chr14_PATERNAL
SLC12A3	1	chr16	1	chr16_MATERNAL	1	chr16_PATERNAL
EMC3	1	chr3	1	chr3_MATERNAL	1	chr3_PATERNAL
TPGS2	1	chr18	1	chr18_MATERNAL	1	chr18_PATERNAL
LDLRAP1	1	chr1	1	chr1_MATERNAL	1	chr1_PATERNAL
LOC124900641	1	chr4	1	chr4_MATERNAL	1	chr4_PATERNAL
HSFY1	1	chrY	0	None	1	chrY_PATERNAL
ARHGAP23	1	chr17	1	chr17_MATERNAL	1	chr17_PATERNAL
CRY2	1	chr11	1	chr11_MATERNAL	1	chr11_PATERNAL
NFIC	1	chr19	1	chr19_MATERNAL	1	chr19_PATERNAL
GTPBP3	1	chr19	1	chr19_MATERNAL	1	chr19_PATERNAL
LRIT1	1	chr10	1	chr10_MATERNAL	1	chr10_PATERNAL
MCEMP1	1	chr19	1	chr19_MATERNAL	1	chr19_PATERNAL
C1orf115	1	chr1	1	chr1_MATERNAL	1	chr1_PATERNAL
HOXD13	1	chr2	1	chr2_MATERNAL	1	chr2_PATERNAL
GOLGA2	1	chr9	1	chr9_MATERNAL	1	chr9_PATERNAL
EFHC1	1	chr6	1	chr6_MATERNAL	1	chr6_PATERNAL
TSPAN18	1	chr11	1	chr11_MATERNAL	1	chr11_PATERNAL
LOC105375817	1	chr8	1	chr8_MATERNAL	1	chr8_PATERNAL
ALG13	1	chrX	1	chrX_MATERNAL	0	None
LOC107983958	1	chr13	1	chr13_MATERNAL	1	chr13_PATERNAL
GYPC	1	chr2	1	chr2_MATERNAL	1	chr2_PATERNAL
LOXL1	1	chr15	1	chr15_MATERNAL	1	chr15_PATERNAL
TBX2	1	chr17	1	chr17_MATERNAL	1	chr17_PATERNAL
ELMO2	1	chr20	1	chr20_MATERNAL	1	chr20_PATERNAL
TNFSF11	1	chr13	1	chr13_MATERNAL	1	chr13_PATERNAL
RHOBTB3	1	chr5	1	chr5_MATERNAL	1	chr5_PATERNAL
FNBP4	1	chr11	1	chr11_MATERNAL	1	chr11_PATERNAL
KNTC1	1	chr12	1	chr12_MATERNAL	1	chr12_PATERNAL
EDDM3A	1	chr14	1	chr14_MATERNAL	1	chr14_PATERNAL
ERMARD	1	chr6	1	chr6_MATERNAL	1	chr6_PATERNAL
FMO1	1	chr1	1	chr1_MATERNAL	1	chr1_PATERNAL
TRAF3IP1	1	chr2	1	chr2_MATERNAL	1	chr2_PATERNAL
RHBDD1	1	chr2	1	chr2_MATERNAL	1	chr2_PATERNAL
ECE2	1	chr3	1	chr3_MATERNAL	1	chr3_PATERNAL
ARHGDIB	1	chr12	1	chr12_MATERNAL	1	chr12_PATERNAL
ATAD5	1	chr17	1	chr17_MATERNAL	1	chr17_PATERNAL
ATP10D	1	chr4	1	chr4_MATERNAL	1	chr4_PATERNAL
KDM5A	1	chr12	1	chr12_MATERNAL	1	chr12_PATERNAL
RBM8A	1	chr1	1	chr1_MATERNAL	1	chr1_PATERNAL
SEC16B	1	chr1	1	chr1_MATERNAL	1	chr1_PATERNAL
CMTM3	1	chr16	1	chr16_MATERNAL	1	chr16_PATERNAL
PPP6R1	1	chr19	1	chr19_MATERNAL	1	chr19_PATERNAL
CRYGN	1	chr7	1	chr7_MATERNAL	1	chr7_PATERNAL
PIANP	1	chr12	1	chr12_MATERNAL	1	chr12_PATERNAL
HTR1B	1	chr6	1	chr6_MATERNAL	1	chr6_PATERNAL
CTDSPL	1	chr3	1	chr3_MATERNAL	1	chr3_PATERNAL
FXYD4	1	chr10	1	chr10_MATERNAL	1	chr10_PATERNAL
KCTD8	1	chr4	1	chr4_MATERNAL	1	chr4_PATERNAL
SEMA6C	1	chr1	1	chr1_MATERNAL	1	chr1_PATERNAL
RUNX2	1	chr6	1	chr6_MATERNAL	1	chr6_PATERNAL
RNASE6	1	chr14	1	chr14_MATERNAL	1	chr14_PATERNAL
PRKAR1B	1	chr7	1	chr7_MATERNAL	1	chr7_PATERNAL
RRM2B	1	chr8	1	chr8_MATERNAL	1	chr8_PATERNAL
ERBB3	1	chr12	1	chr12_MATERNAL	1	chr12_PATERNAL
LCE3A	1	chr1	1	chr1_MATERNAL	1	chr1_PATERNAL
PRKG2	1	chr4	1	chr4_MATERNAL	1	chr4_PATERNAL
KLHDC10	1	chr7	1	chr7_MATERNAL	1	chr7_PATERNAL
LOC124903766	1	chr16	1	chr16_MATERNAL	1	chr16_PATERNAL
FUT5	1	chr19	1	chr19_MATERNAL	1	chr19_PATERNAL
C1QTNF9	1	chr13	1	chr13_MATERNAL	1	chr13_PATERNAL
PRKCZ	1	chr1	1	chr1_MATERNAL	1	chr1_PATERNAL
TRA2A	1	chr7	1	chr7_MATERNAL	1	chr7_PATERNAL
LOC124901229	1	chr6	1	chr6_MATERNAL	1	chr6_PATERNAL
ECT2L	1	chr6	1	chr6_MATERNAL	1	chr6_PATERNAL
DNAJC22	1	chr12	1	chr12_MATERNAL	1	chr12_PATERNAL
TLN2	1	chr15	1	chr15_MATERNAL	1	chr15_PATERNAL
TSHR	1	chr14	1	chr14_MATERNAL	1	chr14_PATERNAL
DEF6	1	chr6	1	chr6_MATERNAL	1	chr6_PATERNAL
AKR1B15	1	chr7	1	chr7_MATERNAL	1	chr7_PATERNAL
ANAPC16	1	chr10	1	chr10_MATERNAL	1	chr10_PATERNAL
FCGR3A	1	chr1	1	chr1_MATERNAL	1	chr1_PATERNAL
FER1L5	1	chr2	1	chr2_MATERNAL	1	chr2_PATERNAL
FAM50B	1	chr6	1	chr6_MATERNAL	1	chr6_PATERNAL
DEFB136	1	chr8	1	chr8_MATERNAL	1	chr8_PATERNAL
RPL17-C18orf32	1	chr18	1	chr18_MATERNAL	1	chr18_PATERNAL
BEX5	1	chrX	1	chrX_MATERNAL	0	None
ZFAT	1	chr8	1	chr8_MATERNAL	1	chr8_PATERNAL
CHURC1-FNTB	1	chr14	1	chr14_MATERNAL	1	chr14_PATERNAL
GPR160	1	chr3	1	chr3_MATERNAL	1	chr3_PATERNAL
GBP3	1	chr1	1	chr1_MATERNAL	1	chr1_PATERNAL
CTLA4	1	chr2	1	chr2_MATERNAL	1	chr2_PATERNAL
ETNPPL	1	chr4	1	chr4_MATERNAL	1	chr4_PATERNAL
SOCS4	1	chr14	1	chr14_MATERNAL	1	chr14_PATERNAL
DCAF8L1	1	chrX	1	chrX_MATERNAL	0	None
PTBP1	1	chr19	1	chr19_MATERNAL	1	chr19_PATERNAL
ANGPTL3	1	chr1	1	chr1_MATERNAL	1	chr1_PATERNAL
OR10G8	1	chr11	1	chr11_MATERNAL	1	chr11_PATERNAL
COL4A1	1	chr13	1	chr13_MATERNAL	1	chr13_PATERNAL
CALML3	1	chr10	1	chr10_MATERNAL	1	chr10_PATERNAL
CPLX1	1	chr4	1	chr4_MATERNAL	1	chr4_PATERNAL
PFKM	1	chr12	1	chr12_MATERNAL	1	chr12_PATERNAL
ZNF688	1	chr16	1	chr16_MATERNAL	1	chr16_PATERNAL
ACHE	1	chr7	1	chr7_MATERNAL	1	chr7_PATERNAL
ZNF441	1	chr19	1	chr19_MATERNAL	1	chr19_PATERNAL
C9	1	chr5	1	chr5_MATERNAL	1	chr5_PATERNAL
KIF16B	1	chr20	1	chr20_MATERNAL	1	chr20_PATERNAL
LTBP2	1	chr14	1	chr14_MATERNAL	1	chr14_PATERNAL
ZNF691	1	chr1	1	chr1_MATERNAL	1	chr1_PATERNAL
PDCD2	1	chr6	1	chr6_MATERNAL	1	chr6_PATERNAL
L2HGDH	1	chr14	1	chr14_MATERNAL	1	chr14_PATERNAL
FOXF2	1	chr6	1	chr6_MATERNAL	1	chr6_PATERNAL
TBX3	1	chr12	1	chr12_MATERNAL	1	chr12_PATERNAL
SLC25A42	1	chr19	1	chr19_MATERNAL	1	chr19_PATERNAL
PENK	1	chr8	1	chr8_MATERNAL	1	chr8_PATERNAL
EXOC7	1	chr17	1	chr17_MATERNAL	1	chr17_PATERNAL
HELT	1	chr4	1	chr4_MATERNAL	1	chr4_PATERNAL
NKX2-4	1	chr20	1	chr20_MATERNAL	1	chr20_PATERNAL
TM9SF3	1	chr10	1	chr10_MATERNAL	1	chr10_PATERNAL
ARL8A	1	chr1	1	chr1_MATERNAL	1	chr1_PATERNAL
CMTM6	1	chr3	1	chr3_MATERNAL	1	chr3_PATERNAL
AMPD3	1	chr11	1	chr11_MATERNAL	1	chr11_PATERNAL
CUL4A	1	chr13	1	chr13_MATERNAL	1	chr13_PATERNAL
GNAT3	1	chr7	1	chr7_MATERNAL	1	chr7_PATERNAL
CCDC61	1	chr19	1	chr19_MATERNAL	1	chr19_PATERNAL
SLC34A3	1	chr9	1	chr9_MATERNAL	1	chr9_PATERNAL
NRIP1	1	chr21	1	chr21_MATERNAL	1	chr21_PATERNAL
KIAA0319L	1	chr1	1	chr1_MATERNAL	1	chr1_PATERNAL
DSG1	1	chr18	1	chr18_MATERNAL	1	chr18_PATERNAL
TRIR	1	chr19	1	chr19_MATERNAL	1	chr19_PATERNAL
PRR33	1	chr11	1	chr11_MATERNAL	1	chr11_PATERNAL
CRACR2A	1	chr12	1	chr12_MATERNAL	1	chr12_PATERNAL
DISC1	1	chr1	1	chr1_MATERNAL	1	chr1_PATERNAL
LCA5L	1	chr21	1	chr21_MATERNAL	1	chr21_PATERNAL
NWD1	1	chr19	1	chr19_MATERNAL	1	chr19_PATERNAL
TMEM102	1	chr17	1	chr17_MATERNAL	1	chr17_PATERNAL
DPPA5	1	chr6	1	chr6_MATERNAL	1	chr6_PATERNAL
CPM	1	chr12	1	chr12_MATERNAL	1	chr12_PATERNAL
C3orf18	1	chr3	1	chr3_MATERNAL	1	chr3_PATERNAL
PHLDA2	1	chr11	1	chr11_MATERNAL	1	chr11_PATERNAL
EEF2	1	chr19	1	chr19_MATERNAL	1	chr19_PATERNAL
SOD1	1	chr21	1	chr21_MATERNAL	1	chr21_PATERNAL
CNTN1	1	chr12	1	chr12_MATERNAL	1	chr12_PATERNAL
PTPN13	1	chr4	1	chr4_MATERNAL	1	chr4_PATERNAL
PHACTR2	1	chr6	1	chr6_MATERNAL	1	chr6_PATERNAL
ZC3H12C	1	chr11	1	chr11_MATERNAL	1	chr11_PATERNAL
NBEA	1	chr13	1	chr13_MATERNAL	1	chr13_PATERNAL
MRPL37	1	chr1	1	chr1_MATERNAL	1	chr1_PATERNAL
ZC3HC1	1	chr7	1	chr7_MATERNAL	1	chr7_PATERNAL
NOP10	1	chr15	1	chr15_MATERNAL	1	chr15_PATERNAL
SIX6	1	chr14	1	chr14_MATERNAL	1	chr14_PATERNAL
CD1E	1	chr1	1	chr1_MATERNAL	1	chr1_PATERNAL
TPTEP2-CSNK1E	1	chr22	1	chr22_MATERNAL	1	chr22_PATERNAL
H2AB1	1	chrX	1	chrX_MATERNAL	0	None
LPGAT1	1	chr1	1	chr1_MATERNAL	1	chr1_PATERNAL
PAH	1	chr12	1	chr12_MATERNAL	1	chr12_PATERNAL
GABRA4	1	chr4	1	chr4_MATERNAL	1	chr4_PATERNAL
APOBEC3A	1	chr22	1	chr22_MATERNAL	1	chr22_PATERNAL
TRAF2	1	chr9	1	chr9_MATERNAL	1	chr9_PATERNAL
RBM39	1	chr20	1	chr20_MATERNAL	1	chr20_PATERNAL
COLCA2	1	chr11	1	chr11_MATERNAL	1	chr11_PATERNAL
TRPC5	1	chrX	1	chrX_MATERNAL	0	None
TRPV3	1	chr17	1	chr17_MATERNAL	1	chr17_PATERNAL
HACD2	1	chr3	1	chr3_MATERNAL	1	chr3_PATERNAL
GPM6A	1	chr4	1	chr4_MATERNAL	1	chr4_PATERNAL
PTPN6	1	chr12	1	chr12_MATERNAL	1	chr12_PATERNAL
NETO2	1	chr16	1	chr16_MATERNAL	1	chr16_PATERNAL
AP5Z1	1	chr7	1	chr7_MATERNAL	1	chr7_PATERNAL
METTL24	1	chr6	1	chr6_MATERNAL	1	chr6_PATERNAL
KCNJ2	1	chr17	1	chr17_MATERNAL	1	chr17_PATERNAL
PIP5K1C	1	chr19	1	chr19_MATERNAL	1	chr19_PATERNAL
EHD3	1	chr2	1	chr2_MATERNAL	1	chr2_PATERNAL
TAPT1	1	chr4	1	chr4_MATERNAL	1	chr4_PATERNAL
UPK1B	1	chr3	1	chr3_MATERNAL	1	chr3_PATERNAL
ZDHHC24	1	chr11	1	chr11_MATERNAL	1	chr11_PATERNAL
CFAP47	1	chrX	1	chrX_MATERNAL	0	None
ADRA1B	1	chr5	1	chr5_MATERNAL	1	chr5_PATERNAL
MLYCD	1	chr16	1	chr16_MATERNAL	1	chr16_PATERNAL
OS9	1	chr12	1	chr12_MATERNAL	1	chr12_PATERNAL
PIGH	1	chr14	1	chr14_MATERNAL	1	chr14_PATERNAL
RWDD2A	1	chr6	1	chr6_MATERNAL	1	chr6_PATERNAL
AQP4	1	chr18	1	chr18_MATERNAL	1	chr18_PATERNAL
PPFIA1	1	chr11	1	chr11_MATERNAL	1	chr11_PATERNAL
HSFX3	1	chrX	1	chrX_MATERNAL	0	None
KIFBP	1	chr10	1	chr10_MATERNAL	1	chr10_PATERNAL
EXPH5	1	chr11	1	chr11_MATERNAL	1	chr11_PATERNAL
CCDC9	1	chr19	1	chr19_MATERNAL	1	chr19_PATERNAL
GMPR	1	chr6	1	chr6_MATERNAL	1	chr6_PATERNAL
CDC42BPB	1	chr14	1	chr14_MATERNAL	1	chr14_PATERNAL
ADAM18	1	chr8	1	chr8_MATERNAL	1	chr8_PATERNAL
NEDD4L	1	chr18	1	chr18_MATERNAL	1	chr18_PATERNAL
ZNF343	1	chr20	1	chr20_MATERNAL	1	chr20_PATERNAL
STN1	1	chr10	1	chr10_MATERNAL	1	chr10_PATERNAL
POLR2J2	1	chr7	3	chr7_MATERNAL,chr7_MATERNAL,chr7_MATERNAL	1	chr7_PATERNAL
ZNF385D	1	chr3	1	chr3_MATERNAL	1	chr3_PATERNAL
TMEM190	1	chr19	1	chr19_MATERNAL	1	chr19_PATERNAL
ALKAL1	1	chr8	1	chr8_MATERNAL	1	chr8_PATERNAL
DCANP1	1	chr5	1	chr5_MATERNAL	1	chr5_PATERNAL
ASPSCR1	1	chr17	1	chr17_MATERNAL	1	chr17_PATERNAL
UBTFL1	1	chr11	1	chr11_MATERNAL	1	chr11_PATERNAL
ZNF250	1	chr8	1	chr8_MATERNAL	1	chr8_PATERNAL
PTPN5	1	chr11	1	chr11_MATERNAL	1	chr11_PATERNAL
MCL1	1	chr1	1	chr1_MATERNAL	1	chr1_PATERNAL
PYCARD	1	chr16	1	chr16_MATERNAL	1	chr16_PATERNAL
SLC15A1	1	chr13	1	chr13_MATERNAL	1	chr13_PATERNAL
VSIG10L	1	chr19	1	chr19_MATERNAL	1	chr19_PATERNAL
ADORA2A	1	chr22	1	chr22_MATERNAL	1	chr22_PATERNAL
HMGCS1	1	chr5	1	chr5_MATERNAL	1	chr5_PATERNAL
PLSCR4	1	chr3	1	chr3_MATERNAL	1	chr3_PATERNAL
DGAT2	1	chr11	1	chr11_MATERNAL	1	chr11_PATERNAL
FHIP2B	1	chr8	1	chr8_MATERNAL	1	chr8_PATERNAL
UBXN11	1	chr1	1	chr1_MATERNAL	1	chr1_PATERNAL
EPYC	1	chr12	1	chr12_MATERNAL	1	chr12_PATERNAL
LNPK	1	chr2	1	chr2_MATERNAL	1	chr2_PATERNAL
TMEM229B	1	chr14	1	chr14_MATERNAL	1	chr14_PATERNAL
RIMS3	1	chr1	1	chr1_MATERNAL	1	chr1_PATERNAL
ULBP1	1	chr6	1	chr6_MATERNAL	1	chr6_PATERNAL
DCAF16	1	chr4	1	chr4_MATERNAL	1	chr4_PATERNAL
ATL3	1	chr11	1	chr11_MATERNAL	1	chr11_PATERNAL
DDI1	1	chr11	1	chr11_MATERNAL	1	chr11_PATERNAL
TRNT1	1	chr3	1	chr3_MATERNAL	1	chr3_PATERNAL
KRT86	1	chr12	1	chr12_MATERNAL	1	chr12_PATERNAL
TXNDC15	1	chr5	1	chr5_MATERNAL	1	chr5_PATERNAL
SACS	1	chr13	1	chr13_MATERNAL	1	chr13_PATERNAL
SLC6A17	1	chr1	1	chr1_MATERNAL	1	chr1_PATERNAL
ADAT1	1	chr16	1	chr16_MATERNAL	1	chr16_PATERNAL
CAPN5	1	chr11	1	chr11_MATERNAL	1	chr11_PATERNAL
FER	1	chr5	1	chr5_MATERNAL	1	chr5_PATERNAL
SUCLA2	1	chr13	1	chr13_MATERNAL	1	chr13_PATERNAL
TREML1	1	chr6	1	chr6_MATERNAL	1	chr6_PATERNAL
PRDM10	1	chr11	1	chr11_MATERNAL	1	chr11_PATERNAL
LOC124904542	1	chr1	1	chr1_MATERNAL	1	chr1_PATERNAL
NLRP8	1	chr19	1	chr19_MATERNAL	1	chr19_PATERNAL
BICDL2	1	chr16	1	chr16_MATERNAL	1	chr16_PATERNAL
TCF25	1	chr16	1	chr16_MATERNAL	1	chr16_PATERNAL
FXYD3	1	chr19	1	chr19_MATERNAL	1	chr19_PATERNAL
CETN3	1	chr5	1	chr5_MATERNAL	1	chr5_PATERNAL
MSGN1	1	chr2	1	chr2_MATERNAL	1	chr2_PATERNAL
SDHC	1	chr1	1	chr1_MATERNAL	1	chr1_PATERNAL
C2CD2L	1	chr11	1	chr11_MATERNAL	1	chr11_PATERNAL
EYA4	1	chr6	1	chr6_MATERNAL	1	chr6_PATERNAL
SV2A	1	chr1	1	chr1_MATERNAL	1	chr1_PATERNAL
OR2T29	1	chr1	1	chr1_MATERNAL	1	chr1_PATERNAL
SEMA3A	1	chr7	1	chr7_MATERNAL	1	chr7_PATERNAL
UBAC1	1	chr9	1	chr9_MATERNAL	1	chr9_PATERNAL
ARFGAP3	1	chr22	1	chr22_MATERNAL	1	chr22_PATERNAL
TAB3	1	chrX	1	chrX_MATERNAL	0	None
G6PC2	1	chr2	1	chr2_MATERNAL	1	chr2_PATERNAL
GOLGA8F	1	chr15	1	chr15_MATERNAL	1	chr15_PATERNAL
SERGEF	1	chr11	1	chr11_MATERNAL	1	chr11_PATERNAL
MARCHF2	1	chr19	1	chr19_MATERNAL	1	chr19_PATERNAL
ERC2	1	chr3	1	chr3_MATERNAL	1	chr3_PATERNAL
CSRP3	1	chr11	1	chr11_MATERNAL	1	chr11_PATERNAL
AHCYL1	1	chr1	1	chr1_MATERNAL	1	chr1_PATERNAL
CDK3	1	chr17	1	chr17_MATERNAL	1	chr17_PATERNAL
PRAMEF12	1	chr1	1	chr1_MATERNAL	1	chr1_PATERNAL
ZNF765-ZNF761	1	chr19	1	chr19_MATERNAL	1	chr19_PATERNAL
HYI	1	chr1	1	chr1_MATERNAL	1	chr1_PATERNAL
SLC9B2	1	chr4	1	chr4_MATERNAL	1	chr4_PATERNAL
CTSW	1	chr11	1	chr11_MATERNAL	1	chr11_PATERNAL
TBX6	1	chr16	1	chr16_MATERNAL	1	chr16_PATERNAL
SSBP3	1	chr1	1	chr1_MATERNAL	1	chr1_PATERNAL
SLC38A5	1	chrX	1	chrX_MATERNAL	0	None
PRKAR2A	1	chr3	1	chr3_MATERNAL	1	chr3_PATERNAL
H2BW2	1	chrX	1	chrX_MATERNAL	0	None
B3GALT5	1	chr21	1	chr21_MATERNAL	1	chr21_PATERNAL
LOC102724474	1	chr13	1	chr13_MATERNAL	1	chr13_PATERNAL
ZNF23	1	chr16	1	chr16_MATERNAL	1	chr16_PATERNAL
LOC124903571	1	chr15	1	chr15_MATERNAL	1	chr15_PATERNAL
SYT16	1	chr14	1	chr14_MATERNAL	1	chr14_PATERNAL
DYNLL1	1	chr12	1	chr12_MATERNAL	1	chr12_PATERNAL
DNMT3A	1	chr2	1	chr2_MATERNAL	1	chr2_PATERNAL
OSBPL8	1	chr12	1	chr12_MATERNAL	1	chr12_PATERNAL
PKD1	1	chr16	1	chr16_MATERNAL	1	chr16_PATERNAL
TAFA5	1	chr22	1	chr22_MATERNAL	1	chr22_PATERNAL
TMPRSS13	1	chr11	1	chr11_MATERNAL	1	chr11_PATERNAL
DAZ4	1	chrY	0	None	1	chrY_PATERNAL
MYL3	1	chr3	1	chr3_MATERNAL	1	chr3_PATERNAL
WDR24	1	chr16	1	chr16_MATERNAL	1	chr16_PATERNAL
PRDM9	1	chr5	1	chr5_MATERNAL	1	chr5_PATERNAL
NEURL3	1	chr2	1	chr2_MATERNAL	1	chr2_PATERNAL
DNAJC13	1	chr3	1	chr3_MATERNAL	1	chr3_PATERNAL
INS-IGF2	1	chr11	1	chr11_MATERNAL	1	chr11_PATERNAL
KLHDC9	1	chr1	1	chr1_MATERNAL	1	chr1_PATERNAL
GOLGA6L4	1	chr15	1	chr15_MATERNAL	0	None
IGF1R	1	chr15	1	chr15_MATERNAL	1	chr15_PATERNAL
TPD52L2	1	chr20	1	chr20_MATERNAL	1	chr20_PATERNAL
CTDSP1	1	chr2	1	chr2_MATERNAL	1	chr2_PATERNAL
PRKACA	1	chr19	1	chr19_MATERNAL	1	chr19_PATERNAL
SLC25A3	1	chr12	1	chr12_MATERNAL	1	chr12_PATERNAL
FGFR1OP2	1	chr12	1	chr12_MATERNAL	1	chr12_PATERNAL
ZNF581	1	chr19	1	chr19_MATERNAL	1	chr19_PATERNAL
MOB3A	1	chr19	1	chr19_MATERNAL	1	chr19_PATERNAL
ZCCHC24	1	chr10	1	chr10_MATERNAL	1	chr10_PATERNAL
SPAG16	1	chr2	1	chr2_MATERNAL	1	chr2_PATERNAL
KLHL40	1	chr3	1	chr3_MATERNAL	1	chr3_PATERNAL
MET	1	chr7	1	chr7_MATERNAL	1	chr7_PATERNAL
RAB3IP	1	chr12	1	chr12_MATERNAL	1	chr12_PATERNAL
HS6ST2	1	chrX	1	chrX_MATERNAL	0	None
STARD3	1	chr17	1	chr17_MATERNAL	1	chr17_PATERNAL
MAST1	1	chr19	1	chr19_MATERNAL	1	chr19_PATERNAL
MAP3K3	1	chr17	1	chr17_MATERNAL	1	chr17_PATERNAL
HSP90B1	1	chr12	1	chr12_MATERNAL	1	chr12_PATERNAL
GTF2H3	1	chr12	1	chr12_MATERNAL	1	chr12_PATERNAL
TMEM45B	1	chr11	1	chr11_MATERNAL	1	chr11_PATERNAL
PRSS16	1	chr6	1	chr6_MATERNAL	1	chr6_PATERNAL
LDHC	1	chr11	1	chr11_MATERNAL	1	chr11_PATERNAL
LOC102724652	1	chr21	1	chr21_MATERNAL	1	chr21_PATERNAL
CACNB4	1	chr2	1	chr2_MATERNAL	1	chr2_PATERNAL
SIX2	1	chr2	1	chr2_MATERNAL	1	chr2_PATERNAL
CYP2W1	1	chr7	1	chr7_MATERNAL	1	chr7_PATERNAL
CADM2	1	chr3	1	chr3_MATERNAL	1	chr3_PATERNAL
EPB41L5	1	chr2	1	chr2_MATERNAL	1	chr2_PATERNAL
UNC119	1	chr17	1	chr17_MATERNAL	1	chr17_PATERNAL
HIP1	1	chr7	1	chr7_MATERNAL	1	chr7_PATERNAL
PEAR1	1	chr1	1	chr1_MATERNAL	1	chr1_PATERNAL
IPO7	1	chr11	1	chr11_MATERNAL	1	chr11_PATERNAL
CKMT1B	1	chr15	1	chr15_MATERNAL	1	chr15_PATERNAL
TMOD2	1	chr15	1	chr15_MATERNAL	1	chr15_PATERNAL
KRTAP5-5	1	chr11	1	chr11_MATERNAL	1	chr11_PATERNAL
PRPH	1	chr12	1	chr12_MATERNAL	1	chr12_PATERNAL
TAS1R3	1	chr1	1	chr1_MATERNAL	1	chr1_PATERNAL
TMEM87A	1	chr15	1	chr15_MATERNAL	1	chr15_PATERNAL
GABARAPL1	1	chr12	1	chr12_MATERNAL	1	chr12_PATERNAL
IHH	1	chr2	1	chr2_MATERNAL	1	chr2_PATERNAL
HSP90AB1	1	chr6	1	chr6_MATERNAL	1	chr6_PATERNAL
AIPL1	1	chr17	1	chr17_MATERNAL	1	chr17_PATERNAL
CYTH2	1	chr19	1	chr19_MATERNAL	1	chr19_PATERNAL
KEL	1	chr7	1	chr7_MATERNAL	1	chr7_PATERNAL
MLF1	1	chr3	1	chr3_MATERNAL	1	chr3_PATERNAL
MRTO4	1	chr1	1	chr1_MATERNAL	1	chr1_PATERNAL
RNF13	1	chr3	1	chr3_MATERNAL	1	chr3_PATERNAL
MIS12	1	chr17	1	chr17_MATERNAL	1	chr17_PATERNAL
ATP6V1G3	1	chr1	1	chr1_MATERNAL	1	chr1_PATERNAL
PPP6R2	1	chr22	1	chr22_MATERNAL	1	chr22_PATERNAL
SETX	1	chr9	1	chr9_MATERNAL	1	chr9_PATERNAL
CPZ	1	chr4	1	chr4_MATERNAL	1	chr4_PATERNAL
ZBED5	1	chr11	1	chr11_MATERNAL	1	chr11_PATERNAL
RTF2	1	chr20	1	chr20_MATERNAL	1	chr20_PATERNAL
LOC124902694	1	chr11	1	chr11_MATERNAL	1	chr11_PATERNAL
IFNA10	1	chr9	1	chr9_MATERNAL	1	chr9_PATERNAL
TRIML1	1	chr4	1	chr4_MATERNAL	1	chr4_PATERNAL
TUBA1B	1	chr12	1	chr12_MATERNAL	1	chr12_PATERNAL
CDKN2D	1	chr19	1	chr19_MATERNAL	1	chr19_PATERNAL
CDC42EP1	1	chr22	1	chr22_MATERNAL	1	chr22_PATERNAL
SF3A3	1	chr1	1	chr1_MATERNAL	1	chr1_PATERNAL
KRT9	1	chr17	1	chr17_MATERNAL	1	chr17_PATERNAL
LPXN	1	chr11	1	chr11_MATERNAL	1	chr11_PATERNAL
H1-7	1	chr12	1	chr12_MATERNAL	1	chr12_PATERNAL
RAMP2	1	chr17	1	chr17_MATERNAL	1	chr17_PATERNAL
GPR108	1	chr19	1	chr19_MATERNAL	1	chr19_PATERNAL
LAMA2	1	chr6	1	chr6_MATERNAL	1	chr6_PATERNAL
SCG3	1	chr15	1	chr15_MATERNAL	1	chr15_PATERNAL
WDR37	1	chr10	1	chr10_MATERNAL	1	chr10_PATERNAL
RSPRY1	1	chr16	1	chr16_MATERNAL	1	chr16_PATERNAL
CENPI	1	chrX	1	chrX_MATERNAL	0	None
TUFT1	1	chr1	1	chr1_MATERNAL	1	chr1_PATERNAL
ZNF572	1	chr8	1	chr8_MATERNAL	1	chr8_PATERNAL
HRH2	1	chr5	1	chr5_MATERNAL	1	chr5_PATERNAL
NPY4R2	1	chr10	2	chr10_MATERNAL,chr10_MATERNAL	1	chr10_PATERNAL
TRAPPC8	1	chr18	1	chr18_MATERNAL	1	chr18_PATERNAL
UHMK1	1	chr1	1	chr1_MATERNAL	1	chr1_PATERNAL
MMP8	1	chr11	1	chr11_MATERNAL	1	chr11_PATERNAL
TMPRSS11E	1	chr4	1	chr4_MATERNAL	1	chr4_PATERNAL
SMAD3	1	chr15	1	chr15_MATERNAL	1	chr15_PATERNAL
TUBAL3	1	chr10	1	chr10_MATERNAL	1	chr10_PATERNAL
LOC124904903	1	chr20	1	chr20_MATERNAL	1	chr20_PATERNAL
ASPHD1	1	chr16	1	chr16_MATERNAL	1	chr16_PATERNAL
MDH2	1	chr7	1	chr7_MATERNAL	1	chr7_PATERNAL
WDR93	1	chr15	1	chr15_MATERNAL	1	chr15_PATERNAL
HDAC5	1	chr17	1	chr17_MATERNAL	1	chr17_PATERNAL
KHDRBS2	1	chr6	1	chr6_MATERNAL	1	chr6_PATERNAL
MYO5A	1	chr15	1	chr15_MATERNAL	1	chr15_PATERNAL
YOD1	1	chr1	1	chr1_MATERNAL	1	chr1_PATERNAL
HIVEP3	1	chr1	1	chr1_MATERNAL	1	chr1_PATERNAL
FBLL1	1	chr5	1	chr5_MATERNAL	1	chr5_PATERNAL
ENAH	1	chr1	1	chr1_MATERNAL	1	chr1_PATERNAL
ARID3B	1	chr15	1	chr15_MATERNAL	1	chr15_PATERNAL
CATSPERD	1	chr19	1	chr19_MATERNAL	1	chr19_PATERNAL
C6orf226	1	chr6	1	chr6_MATERNAL	1	chr6_PATERNAL
SPO11	1	chr20	1	chr20_MATERNAL	1	chr20_PATERNAL
S100A2	1	chr1	1	chr1_MATERNAL	1	chr1_PATERNAL
SAA2	1	chr11	1	chr11_MATERNAL	1	chr11_PATERNAL
PRRT4	1	chr7	1	chr7_MATERNAL	1	chr7_PATERNAL
SAC3D1	1	chr11	1	chr11_MATERNAL	1	chr11_PATERNAL
EMC2	1	chr8	1	chr8_MATERNAL	1	chr8_PATERNAL
DEFB104A	2	chr8,chr8	1	chr8_MATERNAL	2	chr8_PATERNAL,chr8_PATERNAL
FAM240A	1	chr3	1	chr3_MATERNAL	1	chr3_PATERNAL
PPP1R13L	1	chr19	1	chr19_MATERNAL	1	chr19_PATERNAL
SIDT2	1	chr11	1	chr11_MATERNAL	1	chr11_PATERNAL
RAMP1	1	chr2	1	chr2_MATERNAL	1	chr2_PATERNAL
MRPS34	1	chr16	1	chr16_MATERNAL	1	chr16_PATERNAL
AMY1C	5	chr1,chr1,chr1,chr1,chr1	1	chr1_MATERNAL	1	chr1_PATERNAL
EXTL2	1	chr1	1	chr1_MATERNAL	1	chr1_PATERNAL
CSNK2A2	1	chr16	1	chr16_MATERNAL	1	chr16_PATERNAL
IGSF5	1	chr21	1	chr21_MATERNAL	1	chr21_PATERNAL
AMHR2	1	chr12	1	chr12_MATERNAL	1	chr12_PATERNAL
PQBP1	1	chrX	1	chrX_MATERNAL	0	None
PNP	1	chr14	1	chr14_MATERNAL	1	chr14_PATERNAL
MUL1	1	chr1	1	chr1_MATERNAL	1	chr1_PATERNAL
XAGE2	1	chrX	1	chrX_MATERNAL	0	None
RIN3	1	chr14	1	chr14_MATERNAL	1	chr14_PATERNAL
SDF4	1	chr1	1	chr1_MATERNAL	1	chr1_PATERNAL
SAMD8	1	chr10	1	chr10_MATERNAL	1	chr10_PATERNAL
AP1B1	1	chr22	1	chr22_MATERNAL	1	chr22_PATERNAL
EXOC1	1	chr4	1	chr4_MATERNAL	1	chr4_PATERNAL
OR6S1	1	chr14	1	chr14_MATERNAL	1	chr14_PATERNAL
GPR50	1	chrX	1	chrX_MATERNAL	0	None
DERPC	1	chr16	1	chr16_MATERNAL	1	chr16_PATERNAL
MAP1B	1	chr5	1	chr5_MATERNAL	1	chr5_PATERNAL
CSAD	1	chr12	1	chr12_MATERNAL	1	chr12_PATERNAL
OR4C13	1	chr11	1	chr11_MATERNAL	1	chr11_PATERNAL
PCDHGA12	1	chr5	1	chr5_MATERNAL	1	chr5_PATERNAL
E2F2	1	chr1	1	chr1_MATERNAL	1	chr1_PATERNAL
MAFG	1	chr17	1	chr17_MATERNAL	1	chr17_PATERNAL
CERS2	1	chr1	1	chr1_MATERNAL	1	chr1_PATERNAL
OR52W1	1	chr11	1	chr11_MATERNAL	1	chr11_PATERNAL
ZDHHC20	1	chr13	1	chr13_MATERNAL	1	chr13_PATERNAL
USH1C	1	chr11	1	chr11_MATERNAL	1	chr11_PATERNAL
WWTR1	1	chr3	1	chr3_MATERNAL	1	chr3_PATERNAL
ST18	1	chr8	1	chr8_MATERNAL	1	chr8_PATERNAL
CXCL13	1	chr4	1	chr4_MATERNAL	1	chr4_PATERNAL
RBP2	1	chr3	1	chr3_MATERNAL	1	chr3_PATERNAL
GPR141	1	chr7	1	chr7_MATERNAL	1	chr7_PATERNAL
ST14	1	chr11	1	chr11_MATERNAL	1	chr11_PATERNAL
VNN1	1	chr6	1	chr6_MATERNAL	1	chr6_PATERNAL
EMC1	1	chr1	1	chr1_MATERNAL	1	chr1_PATERNAL
PTPA	1	chr9	1	chr9_MATERNAL	1	chr9_PATERNAL
C1orf54	1	chr1	1	chr1_MATERNAL	1	chr1_PATERNAL
SLC22A24	1	chr11	1	chr11_MATERNAL	1	chr11_PATERNAL
BAMBI	1	chr10	1	chr10_MATERNAL	1	chr10_PATERNAL
PCDHA5	1	chr5	1	chr5_MATERNAL	1	chr5_PATERNAL
RFWD3	1	chr16	1	chr16_MATERNAL	1	chr16_PATERNAL
METTL16	1	chr17	1	chr17_MATERNAL	1	chr17_PATERNAL
DCDC1	1	chr11	1	chr11_MATERNAL	1	chr11_PATERNAL
H6PD	1	chr1	1	chr1_MATERNAL	1	chr1_PATERNAL
DDX41	1	chr5	1	chr5_MATERNAL	1	chr5_PATERNAL
LLCFC1	1	chr7	1	chr7_MATERNAL	1	chr7_PATERNAL
KRBOX4	1	chrX	1	chrX_MATERNAL	0	None
MDM1	1	chr12	1	chr12_MATERNAL	1	chr12_PATERNAL
RNF216	1	chr7	1	chr7_MATERNAL	1	chr7_PATERNAL
C4orf19	1	chr4	1	chr4_MATERNAL	1	chr4_PATERNAL
CLCN6	1	chr1	1	chr1_MATERNAL	1	chr1_PATERNAL
ERVFRD-1	1	chr6	1	chr6_MATERNAL	1	chr6_PATERNAL
AQP1	1	chr7	1	chr7_MATERNAL	1	chr7_PATERNAL
LOC122394733	1	chrX	1	chrX_MATERNAL	0	None
ZNF143	1	chr11	1	chr11_MATERNAL	1	chr11_PATERNAL
GPR146	1	chr7	1	chr7_MATERNAL	1	chr7_PATERNAL
CCNT1	1	chr12	1	chr12_MATERNAL	1	chr12_PATERNAL
BTNL8	1	chr5	1	chr5_MATERNAL	1	chr5_PATERNAL
XAB2	1	chr19	1	chr19_MATERNAL	1	chr19_PATERNAL
PTCH2	1	chr1	1	chr1_MATERNAL	1	chr1_PATERNAL
RRP7A	1	chr22	1	chr22_MATERNAL	1	chr22_PATERNAL
HOXD3	1	chr2	1	chr2_MATERNAL	1	chr2_PATERNAL
NUDT4	1	chr12	1	chr12_MATERNAL	1	chr12_PATERNAL
SERPINA12	1	chr14	1	chr14_MATERNAL	1	chr14_PATERNAL
SGO2	1	chr2	1	chr2_MATERNAL	1	chr2_PATERNAL
BNIP2	1	chr15	1	chr15_MATERNAL	1	chr15_PATERNAL
CGA	1	chr6	1	chr6_MATERNAL	1	chr6_PATERNAL
RBMY1E	1	chrY	0	None	1	chrY_PATERNAL
CHURC1	1	chr14	1	chr14_MATERNAL	1	chr14_PATERNAL
FHL2	1	chr2	1	chr2_MATERNAL	1	chr2_PATERNAL
LOC124904789	1	chr19	1	chr19_MATERNAL	1	chr19_PATERNAL
ARHGAP29	1	chr1	1	chr1_MATERNAL	1	chr1_PATERNAL
SOX6	1	chr11	1	chr11_MATERNAL	1	chr11_PATERNAL
CCDC85B	1	chr11	1	chr11_MATERNAL	1	chr11_PATERNAL
DNAJC7	1	chr17	1	chr17_MATERNAL	1	chr17_PATERNAL
SH2D4A	1	chr8	1	chr8_MATERNAL	1	chr8_PATERNAL
CSE1L	1	chr20	1	chr20_MATERNAL	1	chr20_PATERNAL
SIRPG	1	chr20	1	chr20_MATERNAL	1	chr20_PATERNAL
MINDY3	1	chr10	1	chr10_MATERNAL	1	chr10_PATERNAL
RGMA	1	chr15	1	chr15_MATERNAL	1	chr15_PATERNAL
SLC9A9	1	chr3	1	chr3_MATERNAL	1	chr3_PATERNAL
RNH1	1	chr11	1	chr11_MATERNAL	1	chr11_PATERNAL
EFCAB10	1	chr7	1	chr7_MATERNAL	1	chr7_PATERNAL
YTHDF1	1	chr20	1	chr20_MATERNAL	1	chr20_PATERNAL
TNFSF13	1	chr17	1	chr17_MATERNAL	1	chr17_PATERNAL
NPC1L1	1	chr7	1	chr7_MATERNAL	1	chr7_PATERNAL
C19orf67	1	chr19	1	chr19_MATERNAL	1	chr19_PATERNAL
PSMB6	1	chr17	1	chr17_MATERNAL	1	chr17_PATERNAL
PDIA4	1	chr7	1	chr7_MATERNAL	1	chr7_PATERNAL
IL12RB2	1	chr1	1	chr1_MATERNAL	1	chr1_PATERNAL
LOC124900252	1	chr8	1	chr8_MATERNAL	1	chr8_PATERNAL
OR1K1	1	chr9	1	chr9_MATERNAL	1	chr9_PATERNAL
ASCL5	1	chr1	1	chr1_MATERNAL	1	chr1_PATERNAL
ZNF782	1	chr9	1	chr9_MATERNAL	1	chr9_PATERNAL
PTBP2	1	chr1	1	chr1_MATERNAL	1	chr1_PATERNAL
MAP3K1	1	chr5	1	chr5_MATERNAL	1	chr5_PATERNAL
SHLD1	1	chr20	1	chr20_MATERNAL	1	chr20_PATERNAL
PPP4R3C	1	chrX	1	chrX_MATERNAL	0	None
SAA1	1	chr11	1	chr11_MATERNAL	1	chr11_PATERNAL
SPANXD	1	chrX	1	chrX_MATERNAL	0	None
TSPAN12	1	chr7	1	chr7_MATERNAL	1	chr7_PATERNAL
ZNF256	1	chr19	1	chr19_MATERNAL	1	chr19_PATERNAL
PCNX1	1	chr14	1	chr14_MATERNAL	1	chr14_PATERNAL
TBC1D15	1	chr12	1	chr12_MATERNAL	1	chr12_PATERNAL
FAM168B	1	chr2	1	chr2_MATERNAL	1	chr2_PATERNAL
VMP1	1	chr17	1	chr17_MATERNAL	1	chr17_PATERNAL
H2AC16	1	chr6	1	chr6_MATERNAL	1	chr6_PATERNAL
PPBP	1	chr4	1	chr4_MATERNAL	1	chr4_PATERNAL
KCNJ9	1	chr1	1	chr1_MATERNAL	1	chr1_PATERNAL
COPS7B	1	chr2	1	chr2_MATERNAL	1	chr2_PATERNAL
CRYBG3	1	chr3	1	chr3_MATERNAL	1	chr3_PATERNAL
TSPY3	10	chrY,chrY,chrY,chrY,chrY,chrY,chrY,chrY,chrY,chrY	0	None	6	chrY_PATERNAL,chrY_PATERNAL,chrY_PATERNAL,chrY_PATERNAL,chrY_PATERNAL,chrY_PATERNAL
NUDT5	1	chr10	1	chr10_MATERNAL	1	chr10_PATERNAL
TADA3	1	chr3	1	chr3_MATERNAL	1	chr3_PATERNAL
LRRC74B	1	chr22	1	chr22_MATERNAL	1	chr22_PATERNAL
LRR1	1	chr14	1	chr14_MATERNAL	1	chr14_PATERNAL
KRT39	1	chr17	1	chr17_MATERNAL	1	chr17_PATERNAL
GPR39	1	chr2	1	chr2_MATERNAL	1	chr2_PATERNAL
ZNF726	1	chr19	1	chr19_MATERNAL	1	chr19_PATERNAL
PLIN2	1	chr9	1	chr9_MATERNAL	1	chr9_PATERNAL
WFDC11	1	chr20	1	chr20_MATERNAL	1	chr20_PATERNAL
ALG10B	1	chr12	1	chr12_MATERNAL	1	chr12_PATERNAL
PPT1	1	chr1	1	chr1_MATERNAL	1	chr1_PATERNAL
RIPK4	1	chr21	1	chr21_MATERNAL	1	chr21_PATERNAL
ARX	1	chrX	1	chrX_MATERNAL	0	None
MYO1B	1	chr2	1	chr2_MATERNAL	1	chr2_PATERNAL
DEF8	1	chr16	1	chr16_MATERNAL	1	chr16_PATERNAL
ZNF598	1	chr16	1	chr16_MATERNAL	1	chr16_PATERNAL
RAB1B	1	chr11	1	chr11_MATERNAL	1	chr11_PATERNAL
TM6SF2	1	chr19	1	chr19_MATERNAL	1	chr19_PATERNAL
NRAS	1	chr1	1	chr1_MATERNAL	1	chr1_PATERNAL
ALYREF	1	chr17	1	chr17_MATERNAL	1	chr17_PATERNAL
C4B	1	chr6	1	chr6_MATERNAL	1	chr6_PATERNAL
C2CD4D	1	chr1	1	chr1_MATERNAL	1	chr1_PATERNAL
WDR86	1	chr7	1	chr7_MATERNAL	1	chr7_PATERNAL
GPR65	1	chr14	1	chr14_MATERNAL	1	chr14_PATERNAL
STXBP6	1	chr14	1	chr14_MATERNAL	1	chr14_PATERNAL
DSC1	1	chr18	1	chr18_MATERNAL	1	chr18_PATERNAL
PDCD5	1	chr19	1	chr19_MATERNAL	1	chr19_PATERNAL
KRT40	1	chr17	1	chr17_MATERNAL	1	chr17_PATERNAL
NBPF15	1	chr1	1	chr1_MATERNAL	1	chr1_PATERNAL
GANC	1	chr15	1	chr15_MATERNAL	1	chr15_PATERNAL
LOC124901643	1	chr7	1	chr7_MATERNAL	1	chr7_PATERNAL
RAB42	1	chr1	1	chr1_MATERNAL	1	chr1_PATERNAL
OPRK1	1	chr8	1	chr8_MATERNAL	1	chr8_PATERNAL
MAD2L2	1	chr1	1	chr1_MATERNAL	1	chr1_PATERNAL
UHRF1BP1	1	chr6	1	chr6_MATERNAL	1	chr6_PATERNAL
ZNF888	1	chr19	1	chr19_MATERNAL	1	chr19_PATERNAL
ODAD3	1	chr19	1	chr19_MATERNAL	1	chr19_PATERNAL
NFIA	1	chr1	1	chr1_MATERNAL	1	chr1_PATERNAL
TUBB2B	1	chr6	1	chr6_MATERNAL	1	chr6_PATERNAL
MTMR7	1	chr8	1	chr8_MATERNAL	1	chr8_PATERNAL
TYMP	1	chr22	1	chr22_MATERNAL	1	chr22_PATERNAL
DPEP2	1	chr16	1	chr16_MATERNAL	1	chr16_PATERNAL
LACRT	1	chr12	1	chr12_MATERNAL	1	chr12_PATERNAL
TMED2	1	chr12	1	chr12_MATERNAL	1	chr12_PATERNAL
OR7A10	1	chr19	1	chr19_MATERNAL	1	chr19_PATERNAL
TEX13D	1	chrX	1	chrX_MATERNAL	0	None
GPR21	1	chr9	1	chr9_MATERNAL	1	chr9_PATERNAL
MYO9A	1	chr15	1	chr15_MATERNAL	1	chr15_PATERNAL
NXPH2	1	chr2	1	chr2_MATERNAL	1	chr2_PATERNAL
KRTAP4-2	1	chr17	1	chr17_MATERNAL	1	chr17_PATERNAL
AXL	1	chr19	1	chr19_MATERNAL	1	chr19_PATERNAL
GSG1L2	1	chr17	1	chr17_MATERNAL	1	chr17_PATERNAL
ST6GALNAC4	1	chr9	1	chr9_MATERNAL	1	chr9_PATERNAL
KIR3DL1	1	chr19	2	chr19_MATERNAL,chr19_MATERNAL	1	chr19_PATERNAL
ATF2	1	chr2	1	chr2_MATERNAL	1	chr2_PATERNAL
KLRK1	1	chr12	1	chr12_MATERNAL	1	chr12_PATERNAL
LIPF	1	chr10	1	chr10_MATERNAL	1	chr10_PATERNAL
SLC16A12	1	chr10	1	chr10_MATERNAL	1	chr10_PATERNAL
NUP93	1	chr16	1	chr16_MATERNAL	1	chr16_PATERNAL
PRSS48	1	chr4	1	chr4_MATERNAL	1	chr4_PATERNAL
ZDHHC13	1	chr11	1	chr11_MATERNAL	1	chr11_PATERNAL
LY6D	1	chr8	1	chr8_MATERNAL	1	chr8_PATERNAL
G6PC1	1	chr17	1	chr17_MATERNAL	1	chr17_PATERNAL
ANGPT2	1	chr8	1	chr8_MATERNAL	1	chr8_PATERNAL
AGR2	1	chr7	1	chr7_MATERNAL	1	chr7_PATERNAL
RGS5	1	chr1	1	chr1_MATERNAL	1	chr1_PATERNAL
NACC1	1	chr19	1	chr19_MATERNAL	1	chr19_PATERNAL
LRRC20	1	chr10	1	chr10_MATERNAL	1	chr10_PATERNAL
TRIM59	1	chr3	1	chr3_MATERNAL	1	chr3_PATERNAL
MUC12	0	None	0	None	1	chr7_PATERNAL
LOC105370706	1	chr14	1	chr14_MATERNAL	1	chr14_PATERNAL
BLK	1	chr8	1	chr8_MATERNAL	1	chr8_PATERNAL
WDR35	1	chr2	1	chr2_MATERNAL	1	chr2_PATERNAL
PPP1R18	1	chr6	1	chr6_MATERNAL	1	chr6_PATERNAL
CWF19L1	1	chr10	1	chr10_MATERNAL	1	chr10_PATERNAL
PPIAL4G	1	chr1	1	chr1_MATERNAL	1	chr1_PATERNAL
TNFAIP8L3	1	chr15	1	chr15_MATERNAL	1	chr15_PATERNAL
CPNE9	1	chr3	1	chr3_MATERNAL	1	chr3_PATERNAL
OR2G6	1	chr1	1	chr1_MATERNAL	1	chr1_PATERNAL
TRMT12	1	chr8	1	chr8_MATERNAL	1	chr8_PATERNAL
CBR1	1	chr21	1	chr21_MATERNAL	1	chr21_PATERNAL
UNC50	1	chr2	1	chr2_MATERNAL	1	chr2_PATERNAL
SYT17	1	chr16	1	chr16_MATERNAL	1	chr16_PATERNAL
PCDH1	1	chr5	1	chr5_MATERNAL	1	chr5_PATERNAL
ATG4B	1	chr2	1	chr2_MATERNAL	1	chr2_PATERNAL
ELMO1	1	chr7	1	chr7_MATERNAL	1	chr7_PATERNAL
HTRA1	1	chr10	1	chr10_MATERNAL	1	chr10_PATERNAL
TREX2	1	chrX	1	chrX_MATERNAL	0	None
KLF14	1	chr7	1	chr7_MATERNAL	1	chr7_PATERNAL
SEPTIN1	1	chr16	1	chr16_MATERNAL	1	chr16_PATERNAL
PRR20C	1	chr13	1	chr13_MATERNAL	1	chr13_PATERNAL
H2AL3	1	chrX	1	chrX_MATERNAL	0	None
DNER	1	chr2	1	chr2_MATERNAL	1	chr2_PATERNAL
MYF6	1	chr12	1	chr12_MATERNAL	1	chr12_PATERNAL
LTV1	1	chr6	1	chr6_MATERNAL	1	chr6_PATERNAL
DMTF1	1	chr7	1	chr7_MATERNAL	1	chr7_PATERNAL
SHC1	1	chr1	1	chr1_MATERNAL	1	chr1_PATERNAL
IL2RG	1	chrX	1	chrX_MATERNAL	0	None
CHN1	1	chr2	1	chr2_MATERNAL	1	chr2_PATERNAL
CRYBA4	1	chr22	1	chr22_MATERNAL	1	chr22_PATERNAL
FERMT1	1	chr20	1	chr20_MATERNAL	1	chr20_PATERNAL
HCFC1	1	chrX	1	chrX_MATERNAL	0	None
TIAL1	1	chr10	1	chr10_MATERNAL	1	chr10_PATERNAL
PLA2G4B	1	chr15	1	chr15_MATERNAL	1	chr15_PATERNAL
OR5T1	1	chr11	1	chr11_MATERNAL	1	chr11_PATERNAL
ARTN	1	chr1	1	chr1_MATERNAL	1	chr1_PATERNAL
ST6GALNAC6	1	chr9	1	chr9_MATERNAL	1	chr9_PATERNAL
MS4A15	1	chr11	1	chr11_MATERNAL	1	chr11_PATERNAL
CLDN20	1	chr6	1	chr6_MATERNAL	1	chr6_PATERNAL
OR51G1	1	chr11	1	chr11_MATERNAL	1	chr11_PATERNAL
OR6P1	1	chr1	1	chr1_MATERNAL	1	chr1_PATERNAL
EIF2B4	1	chr2	1	chr2_MATERNAL	1	chr2_PATERNAL
KLHL38	1	chr8	1	chr8_MATERNAL	1	chr8_PATERNAL
AFAP1L2	1	chr10	1	chr10_MATERNAL	1	chr10_PATERNAL
ALLC	1	chr2	1	chr2_MATERNAL	1	chr2_PATERNAL
LOC102724485	1	chr16	1	chr16_MATERNAL	1	chr16_PATERNAL
CEP152	1	chr15	1	chr15_MATERNAL	1	chr15_PATERNAL
WDHD1	1	chr14	1	chr14_MATERNAL	1	chr14_PATERNAL
YWHAG	1	chr7	1	chr7_MATERNAL	1	chr7_PATERNAL
WDR73	1	chr15	1	chr15_MATERNAL	1	chr15_PATERNAL
TRIM52	1	chr5	1	chr5_MATERNAL	1	chr5_PATERNAL
ZBTB18	1	chr1	1	chr1_MATERNAL	1	chr1_PATERNAL
ABCA8	1	chr17	1	chr17_MATERNAL	1	chr17_PATERNAL
RHBDD2	1	chr7	1	chr7_MATERNAL	1	chr7_PATERNAL
PSMC3	1	chr11	1	chr11_MATERNAL	1	chr11_PATERNAL
LOC105375816	1	chr8	1	chr8_MATERNAL	1	chr8_PATERNAL
MRC1	1	chr10	1	chr10_MATERNAL	1	chr10_PATERNAL
SCRN3	1	chr2	1	chr2_MATERNAL	1	chr2_PATERNAL
CECR2	1	chr22	1	chr22_MATERNAL	1	chr22_PATERNAL
PPP1R16A	1	chr8	1	chr8_MATERNAL	1	chr8_PATERNAL
KRTAP10-1	1	chr21	1	chr21_MATERNAL	1	chr21_PATERNAL
SUPT5H	1	chr19	1	chr19_MATERNAL	1	chr19_PATERNAL
C13orf46	1	chr13	1	chr13_MATERNAL	1	chr13_PATERNAL
VRK1	1	chr14	1	chr14_MATERNAL	1	chr14_PATERNAL
TADA2B	1	chr4	1	chr4_MATERNAL	1	chr4_PATERNAL
ODAPH	1	chr4	1	chr4_MATERNAL	1	chr4_PATERNAL
FST	1	chr5	1	chr5_MATERNAL	1	chr5_PATERNAL
RPTOR	1	chr17	1	chr17_MATERNAL	1	chr17_PATERNAL
NUDT18	1	chr8	1	chr8_MATERNAL	1	chr8_PATERNAL
PIK3R5	1	chr17	1	chr17_MATERNAL	1	chr17_PATERNAL
C19orf53	1	chr19	1	chr19_MATERNAL	1	chr19_PATERNAL
TSPAN32	1	chr11	1	chr11_MATERNAL	1	chr11_PATERNAL
HECTD2	1	chr10	1	chr10_MATERNAL	1	chr10_PATERNAL
PRRC1	1	chr5	1	chr5_MATERNAL	1	chr5_PATERNAL
NKG7	1	chr19	1	chr19_MATERNAL	1	chr19_PATERNAL
EDRF1	1	chr10	1	chr10_MATERNAL	1	chr10_PATERNAL
SETD1B	1	chr12	1	chr12_MATERNAL	1	chr12_PATERNAL
ENDOD1	1	chr11	1	chr11_MATERNAL	1	chr11_PATERNAL
CAMK1G	1	chr1	1	chr1_MATERNAL	1	chr1_PATERNAL
HSBP1L1	1	chr18	1	chr18_MATERNAL	1	chr18_PATERNAL
USP13	1	chr3	1	chr3_MATERNAL	1	chr3_PATERNAL
TMEM63B	1	chr6	1	chr6_MATERNAL	1	chr6_PATERNAL
HSPA4L	1	chr4	1	chr4_MATERNAL	1	chr4_PATERNAL
RAB19	1	chr7	1	chr7_MATERNAL	1	chr7_PATERNAL
BTN3A3	1	chr6	1	chr6_MATERNAL	1	chr6_PATERNAL
CCDC3	1	chr10	1	chr10_MATERNAL	1	chr10_PATERNAL
GTF2A1L	1	chr2	1	chr2_MATERNAL	1	chr2_PATERNAL
SPTLC1	1	chr9	1	chr9_MATERNAL	1	chr9_PATERNAL
PIP5K1B	1	chr9	1	chr9_MATERNAL	1	chr9_PATERNAL
SLC5A7	1	chr2	1	chr2_MATERNAL	1	chr2_PATERNAL
ANGPT1	1	chr8	1	chr8_MATERNAL	1	chr8_PATERNAL
SMCP	1	chr1	1	chr1_MATERNAL	1	chr1_PATERNAL
ENOPH1	1	chr4	1	chr4_MATERNAL	1	chr4_PATERNAL
TRAF3IP3	1	chr1	1	chr1_MATERNAL	1	chr1_PATERNAL
PPM1A	1	chr14	1	chr14_MATERNAL	1	chr14_PATERNAL
CYFIP2	1	chr5	1	chr5_MATERNAL	1	chr5_PATERNAL
LSM3	1	chr3	1	chr3_MATERNAL	1	chr3_PATERNAL
SCYL2	1	chr12	1	chr12_MATERNAL	1	chr12_PATERNAL
RGL4	1	chr22	1	chr22_MATERNAL	1	chr22_PATERNAL
GPX3	1	chr5	1	chr5_MATERNAL	1	chr5_PATERNAL
ERLIN1	1	chr10	1	chr10_MATERNAL	1	chr10_PATERNAL
C11orf68	1	chr11	1	chr11_MATERNAL	1	chr11_PATERNAL
PRKCG	1	chr19	1	chr19_MATERNAL	1	chr19_PATERNAL
EPN2	1	chr17	1	chr17_MATERNAL	1	chr17_PATERNAL
PIBF1	1	chr13	1	chr13_MATERNAL	1	chr13_PATERNAL
KIAA0586	1	chr14	1	chr14_MATERNAL	1	chr14_PATERNAL
SP2	1	chr17	1	chr17_MATERNAL	1	chr17_PATERNAL
BAHD1	1	chr15	1	chr15_MATERNAL	1	chr15_PATERNAL
HRK	1	chr12	1	chr12_MATERNAL	1	chr12_PATERNAL
TMEM107	1	chr17	1	chr17_MATERNAL	1	chr17_PATERNAL
BTBD7	1	chr14	1	chr14_MATERNAL	1	chr14_PATERNAL
TECRL	1	chr4	1	chr4_MATERNAL	1	chr4_PATERNAL
FLG2	1	chr1	1	chr1_MATERNAL	1	chr1_PATERNAL
ELAC2	1	chr17	1	chr17_MATERNAL	1	chr17_PATERNAL
BCO1	1	chr16	1	chr16_MATERNAL	1	chr16_PATERNAL
IL13	1	chr5	1	chr5_MATERNAL	1	chr5_PATERNAL
SPATA31A6	1	chr9	1	chr9_MATERNAL	1	chr9_PATERNAL
NME4	1	chr16	1	chr16_MATERNAL	1	chr16_PATERNAL
HEPACAM2	1	chr7	1	chr7_MATERNAL	1	chr7_PATERNAL
TENM4	1	chr11	1	chr11_MATERNAL	1	chr11_PATERNAL
C7orf25	1	chr7	1	chr7_MATERNAL	1	chr7_PATERNAL
NOMO3	1	chr16	1	chr16_MATERNAL	1	chr16_PATERNAL
GARIN6	1	chr12	1	chr12_MATERNAL	1	chr12_PATERNAL
H3-5	1	chr12	1	chr12_MATERNAL	1	chr12_PATERNAL
COL7A1	1	chr3	1	chr3_MATERNAL	1	chr3_PATERNAL
BCL2L2-PABPN1	1	chr14	1	chr14_MATERNAL	1	chr14_PATERNAL
SORT1	1	chr1	1	chr1_MATERNAL	1	chr1_PATERNAL
DLL4	1	chr15	1	chr15_MATERNAL	1	chr15_PATERNAL
STC1	1	chr8	1	chr8_MATERNAL	1	chr8_PATERNAL
PROM2	1	chr2	1	chr2_MATERNAL	1	chr2_PATERNAL
ERCC8	1	chr5	1	chr5_MATERNAL	1	chr5_PATERNAL
GOLM1	1	chr9	1	chr9_MATERNAL	1	chr9_PATERNAL
PFN1	1	chr17	1	chr17_MATERNAL	1	chr17_PATERNAL
SPATA4	1	chr4	1	chr4_MATERNAL	1	chr4_PATERNAL
POU6F1	1	chr12	1	chr12_MATERNAL	1	chr12_PATERNAL
TOMM5	1	chr9	1	chr9_MATERNAL	1	chr9_PATERNAL
OR6C6	1	chr12	1	chr12_MATERNAL	1	chr12_PATERNAL
CXCL3	1	chr4	1	chr4_MATERNAL	1	chr4_PATERNAL
NSUN4	1	chr1	1	chr1_MATERNAL	1	chr1_PATERNAL
BRCC3	1	chrX	1	chrX_MATERNAL	0	None
HSD17B11	1	chr4	1	chr4_MATERNAL	1	chr4_PATERNAL
CLDND2	1	chr19	1	chr19_MATERNAL	1	chr19_PATERNAL
MSH2	1	chr2	1	chr2_MATERNAL	1	chr2_PATERNAL
SEC14L1	1	chr17	1	chr17_MATERNAL	1	chr17_PATERNAL
CTSV	1	chr9	1	chr9_MATERNAL	1	chr9_PATERNAL
PRDX2	1	chr19	1	chr19_MATERNAL	1	chr19_PATERNAL
COX5B	1	chr2	1	chr2_MATERNAL	1	chr2_PATERNAL
TMEM200B	1	chr1	1	chr1_MATERNAL	1	chr1_PATERNAL
NSMAF	1	chr8	1	chr8_MATERNAL	1	chr8_PATERNAL
RPS10-NUDT3	1	chr6	1	chr6_MATERNAL	1	chr6_PATERNAL
SLC6A18	1	chr5	1	chr5_MATERNAL	1	chr5_PATERNAL
ZNF292	1	chr6	1	chr6_MATERNAL	1	chr6_PATERNAL
TRAPPC3	1	chr1	1	chr1_MATERNAL	1	chr1_PATERNAL
LILRA1	1	chr19	1	chr19_MATERNAL	1	chr19_PATERNAL
BOP1	1	chr8	1	chr8_MATERNAL	1	chr8_PATERNAL
CXCL16	1	chr17	1	chr17_MATERNAL	1	chr17_PATERNAL
WASHC3	1	chr12	1	chr12_MATERNAL	1	chr12_PATERNAL
S100B	1	chr21	1	chr21_MATERNAL	1	chr21_PATERNAL
SLC22A12	1	chr11	1	chr11_MATERNAL	1	chr11_PATERNAL
ELOF1	1	chr19	1	chr19_MATERNAL	1	chr19_PATERNAL
UXT	1	chrX	1	chrX_MATERNAL	0	None
BAP1	1	chr3	1	chr3_MATERNAL	1	chr3_PATERNAL
OR8I2	1	chr11	1	chr11_MATERNAL	1	chr11_PATERNAL
SCX	1	chr8	1	chr8_MATERNAL	1	chr8_PATERNAL
TAF15	1	chr17	1	chr17_MATERNAL	1	chr17_PATERNAL
LOC112268080	1	chr11	1	chr11_MATERNAL	1	chr11_PATERNAL
DENND1A	1	chr9	1	chr9_MATERNAL	1	chr9_PATERNAL
ZNF775	1	chr7	1	chr7_MATERNAL	1	chr7_PATERNAL
ANAPC15	1	chr11	1	chr11_MATERNAL	1	chr11_PATERNAL
GP5	1	chr3	1	chr3_MATERNAL	1	chr3_PATERNAL
MAGEB6	1	chrX	1	chrX_MATERNAL	0	None
HSPA1L	1	chr6	1	chr6_MATERNAL	1	chr6_PATERNAL
SUB1	1	chr5	1	chr5_MATERNAL	1	chr5_PATERNAL
PCGF5	1	chr10	1	chr10_MATERNAL	1	chr10_PATERNAL
SLC16A4	1	chr1	1	chr1_MATERNAL	1	chr1_PATERNAL
PHF23	1	chr17	1	chr17_MATERNAL	1	chr17_PATERNAL
OR56B4	1	chr11	1	chr11_MATERNAL	1	chr11_PATERNAL
KCTD3	1	chr1	1	chr1_MATERNAL	1	chr1_PATERNAL
TAF11L6	1	chr5	1	chr5_MATERNAL	1	chr5_PATERNAL
PFN4	1	chr2	1	chr2_MATERNAL	1	chr2_PATERNAL
PREX2	1	chr8	1	chr8_MATERNAL	1	chr8_PATERNAL
HPGDS	1	chr4	1	chr4_MATERNAL	1	chr4_PATERNAL
CPHXL2	1	chr16	1	chr16_MATERNAL	1	chr16_PATERNAL
PEX11B	1	chr1	1	chr1_MATERNAL	1	chr1_PATERNAL
GET3	1	chr19	1	chr19_MATERNAL	1	chr19_PATERNAL
NT5C1B	1	chr2	1	chr2_MATERNAL	1	chr2_PATERNAL
HORMAD2	1	chr22	1	chr22_MATERNAL	1	chr22_PATERNAL
SMIM15	1	chr5	1	chr5_MATERNAL	1	chr5_PATERNAL
PRAMEF18	1	chr1	2	chr1_MATERNAL,chr1_MATERNAL	1	chr1_PATERNAL
LORICRIN	1	chr1	1	chr1_MATERNAL	1	chr1_PATERNAL
TESC	1	chr12	1	chr12_MATERNAL	1	chr12_PATERNAL
CCDC85C	1	chr14	1	chr14_MATERNAL	1	chr14_PATERNAL
C15orf62	1	chr15	1	chr15_MATERNAL	1	chr15_PATERNAL
ART1	1	chr11	1	chr11_MATERNAL	1	chr11_PATERNAL
ARHGAP44	1	chr17	1	chr17_MATERNAL	1	chr17_PATERNAL
TLE4	1	chr9	1	chr9_MATERNAL	1	chr9_PATERNAL
NSRP1	1	chr17	1	chr17_MATERNAL	1	chr17_PATERNAL
STON1	1	chr2	1	chr2_MATERNAL	1	chr2_PATERNAL
RASGRP3	1	chr2	1	chr2_MATERNAL	1	chr2_PATERNAL
MARK1	1	chr1	1	chr1_MATERNAL	1	chr1_PATERNAL
PLEKHA1	1	chr10	1	chr10_MATERNAL	1	chr10_PATERNAL
RAB10	1	chr2	1	chr2_MATERNAL	1	chr2_PATERNAL
SEL1L	1	chr14	1	chr14_MATERNAL	1	chr14_PATERNAL
PHC3	1	chr3	1	chr3_MATERNAL	1	chr3_PATERNAL
TRIM2	1	chr4	1	chr4_MATERNAL	1	chr4_PATERNAL
EMC7	1	chr15	1	chr15_MATERNAL	1	chr15_PATERNAL
RMDN2	1	chr2	1	chr2_MATERNAL	1	chr2_PATERNAL
TIMP3	1	chr22	1	chr22_MATERNAL	1	chr22_PATERNAL
ATP1A3	1	chr19	1	chr19_MATERNAL	1	chr19_PATERNAL
DOK1	1	chr2	1	chr2_MATERNAL	1	chr2_PATERNAL
PIGBOS1	1	chr15	1	chr15_MATERNAL	1	chr15_PATERNAL
SEPTIN4	1	chr17	1	chr17_MATERNAL	1	chr17_PATERNAL
SLC27A6	1	chr5	1	chr5_MATERNAL	1	chr5_PATERNAL
TAF10	1	chr11	1	chr11_MATERNAL	1	chr11_PATERNAL
ATP8B2	1	chr1	1	chr1_MATERNAL	1	chr1_PATERNAL
CCL23	1	chr17	1	chr17_MATERNAL	1	chr17_PATERNAL
HIBCH	1	chr2	1	chr2_MATERNAL	1	chr2_PATERNAL
LOC124904304	1	chr18	1	chr18_MATERNAL	1	chr18_PATERNAL
SERPINA6	1	chr14	1	chr14_MATERNAL	1	chr14_PATERNAL
ZNF674	1	chrX	1	chrX_MATERNAL	0	None
LOC124902802	1	chr11	1	chr11_MATERNAL	1	chr11_PATERNAL
STUM	1	chr1	1	chr1_MATERNAL	1	chr1_PATERNAL
S100PBP	1	chr1	1	chr1_MATERNAL	1	chr1_PATERNAL
OBSCN	1	chr1	1	chr1_MATERNAL	1	chr1_PATERNAL
SUSD3	1	chr9	1	chr9_MATERNAL	1	chr9_PATERNAL
GPATCH8	1	chr17	1	chr17_MATERNAL	1	chr17_PATERNAL
ETHE1	1	chr19	1	chr19_MATERNAL	1	chr19_PATERNAL
ADPRS	1	chr1	1	chr1_MATERNAL	1	chr1_PATERNAL
L1TD1	1	chr1	1	chr1_MATERNAL	1	chr1_PATERNAL
IL25	1	chr14	1	chr14_MATERNAL	1	chr14_PATERNAL
ACAD9	1	chr3	1	chr3_MATERNAL	1	chr3_PATERNAL
VGLL4	1	chr3	1	chr3_MATERNAL	1	chr3_PATERNAL
NOP16	1	chr5	1	chr5_MATERNAL	1	chr5_PATERNAL
LGALS3	1	chr14	1	chr14_MATERNAL	1	chr14_PATERNAL
SLITRK2	1	chrX	1	chrX_MATERNAL	0	None
ODF3L2	1	chr19	1	chr19_MATERNAL	1	chr19_PATERNAL
MEF2A	1	chr15	1	chr15_MATERNAL	1	chr15_PATERNAL
VAX1	1	chr10	1	chr10_MATERNAL	1	chr10_PATERNAL
LRRIQ1	1	chr12	1	chr12_MATERNAL	1	chr12_PATERNAL
POLI	1	chr18	1	chr18_MATERNAL	1	chr18_PATERNAL
WFDC5	1	chr20	1	chr20_MATERNAL	1	chr20_PATERNAL
TMEM86A	1	chr11	1	chr11_MATERNAL	1	chr11_PATERNAL
CARHSP1	1	chr16	1	chr16_MATERNAL	1	chr16_PATERNAL
CHMP7	1	chr8	1	chr8_MATERNAL	1	chr8_PATERNAL
RAB11FIP4	1	chr17	1	chr17_MATERNAL	1	chr17_PATERNAL
PKDCC	1	chr2	1	chr2_MATERNAL	1	chr2_PATERNAL
DAD1	1	chr14	1	chr14_MATERNAL	1	chr14_PATERNAL
NIPSNAP3B	1	chr9	1	chr9_MATERNAL	1	chr9_PATERNAL
GDPGP1	1	chr15	1	chr15_MATERNAL	1	chr15_PATERNAL
SERINC4	1	chr15	1	chr15_MATERNAL	1	chr15_PATERNAL
MAGEB10	1	chrX	1	chrX_MATERNAL	0	None
MYLK	1	chr3	1	chr3_MATERNAL	1	chr3_PATERNAL
SPRY2	1	chr13	1	chr13_MATERNAL	1	chr13_PATERNAL
TOM1	1	chr22	1	chr22_MATERNAL	1	chr22_PATERNAL
ZNF654	1	chr3	1	chr3_MATERNAL	1	chr3_PATERNAL
SNRPD1	1	chr18	1	chr18_MATERNAL	1	chr18_PATERNAL
HERC4	1	chr10	1	chr10_MATERNAL	1	chr10_PATERNAL
TEDDM1	1	chr1	1	chr1_MATERNAL	1	chr1_PATERNAL
FBXW5	1	chr9	1	chr9_MATERNAL	1	chr9_PATERNAL
CELSR3	1	chr3	1	chr3_MATERNAL	1	chr3_PATERNAL
FMR1NB	1	chrX	1	chrX_MATERNAL	0	None
NPPA	1	chr1	1	chr1_MATERNAL	1	chr1_PATERNAL
TMEM209	1	chr7	1	chr7_MATERNAL	1	chr7_PATERNAL
SAV1	1	chr14	1	chr14_MATERNAL	1	chr14_PATERNAL
OMD	1	chr9	1	chr9_MATERNAL	1	chr9_PATERNAL
ZNF717	1	chr3	1	chr3_MATERNAL	1	chr3_PATERNAL
KLHL23	1	chr2	1	chr2_MATERNAL	1	chr2_PATERNAL
KCNJ5	1	chr11	1	chr11_MATERNAL	1	chr11_PATERNAL
ZNF584	1	chr19	1	chr19_MATERNAL	1	chr19_PATERNAL
VTN	1	chr17	1	chr17_MATERNAL	1	chr17_PATERNAL
ZNF366	1	chr5	1	chr5_MATERNAL	1	chr5_PATERNAL
PIK3C3	1	chr18	1	chr18_MATERNAL	1	chr18_PATERNAL
USP44	1	chr12	1	chr12_MATERNAL	1	chr12_PATERNAL
GJA9	1	chr1	1	chr1_MATERNAL	1	chr1_PATERNAL
PDE10A	1	chr6	1	chr6_MATERNAL	1	chr6_PATERNAL
ATG3	1	chr3	1	chr3_MATERNAL	1	chr3_PATERNAL
SPOCK2	1	chr10	1	chr10_MATERNAL	1	chr10_PATERNAL
AP2S1	1	chr19	1	chr19_MATERNAL	1	chr19_PATERNAL
C6orf62	1	chr6	1	chr6_MATERNAL	1	chr6_PATERNAL
RHOB	1	chr2	1	chr2_MATERNAL	1	chr2_PATERNAL
PPTC7	1	chr12	1	chr12_MATERNAL	1	chr12_PATERNAL
SLC66A3	1	chr2	1	chr2_MATERNAL	1	chr2_PATERNAL
TMEM41A	1	chr3	1	chr3_MATERNAL	1	chr3_PATERNAL
LOC107984956	1	chr1	1	chr1_MATERNAL	1	chr1_PATERNAL
PTK7	1	chr6	1	chr6_MATERNAL	1	chr6_PATERNAL
EIF4H	1	chr7	1	chr7_MATERNAL	1	chr7_PATERNAL
LGALS13	1	chr19	1	chr19_MATERNAL	1	chr19_PATERNAL
TTC21B	1	chr2	1	chr2_MATERNAL	1	chr2_PATERNAL
DNAAF5	1	chr7	1	chr7_MATERNAL	1	chr7_PATERNAL
POLR3H	1	chr22	1	chr22_MATERNAL	1	chr22_PATERNAL
DDX19B	1	chr16	1	chr16_MATERNAL	1	chr16_PATERNAL
PRAMEF1	1	chr1	1	chr1_MATERNAL	1	chr1_PATERNAL
ZNF445	1	chr3	1	chr3_MATERNAL	1	chr3_PATERNAL
CRABP2	1	chr1	1	chr1_MATERNAL	1	chr1_PATERNAL
AP1M1	1	chr19	1	chr19_MATERNAL	1	chr19_PATERNAL
SPINK5	1	chr5	1	chr5_MATERNAL	1	chr5_PATERNAL
MARCHF4	1	chr2	1	chr2_MATERNAL	1	chr2_PATERNAL
SBF1	1	chr22	1	chr22_MATERNAL	1	chr22_PATERNAL
ACOT9	1	chrX	1	chrX_MATERNAL	0	None
SLC9A3	1	chr5	1	chr5_MATERNAL	1	chr5_PATERNAL
GGACT	1	chr13	1	chr13_MATERNAL	1	chr13_PATERNAL
HERC6	1	chr4	1	chr4_MATERNAL	1	chr4_PATERNAL
RIPK3	1	chr14	1	chr14_MATERNAL	1	chr14_PATERNAL
IL17C	1	chr16	1	chr16_MATERNAL	1	chr16_PATERNAL
CANT1	1	chr17	1	chr17_MATERNAL	1	chr17_PATERNAL
ARMCX6	1	chrX	1	chrX_MATERNAL	0	None
ZAR1	1	chr4	1	chr4_MATERNAL	1	chr4_PATERNAL
OR2G3	1	chr1	1	chr1_MATERNAL	1	chr1_PATERNAL
TSEN54	1	chr17	1	chr17_MATERNAL	1	chr17_PATERNAL
PSMD3	1	chr17	1	chr17_MATERNAL	1	chr17_PATERNAL
LOC124900692	1	chr4	1	chr4_MATERNAL	1	chr4_PATERNAL
KRTAP19-3	1	chr21	1	chr21_MATERNAL	1	chr21_PATERNAL
UGP2	1	chr2	1	chr2_MATERNAL	1	chr2_PATERNAL
SPATA31A3	1	chr9	1	chr9_MATERNAL	1	chr9_PATERNAL
ING1	1	chr13	1	chr13_MATERNAL	1	chr13_PATERNAL
INTS10	1	chr8	1	chr8_MATERNAL	1	chr8_PATERNAL
MYO9B	1	chr19	1	chr19_MATERNAL	1	chr19_PATERNAL
NRP2	1	chr2	1	chr2_MATERNAL	1	chr2_PATERNAL
C1QTNF5	1	chr11	1	chr11_MATERNAL	1	chr11_PATERNAL
KCNK9	1	chr8	1	chr8_MATERNAL	1	chr8_PATERNAL
SCT	1	chr11	1	chr11_MATERNAL	1	chr11_PATERNAL
SEC22B	1	chr1	1	chr1_MATERNAL	1	chr1_PATERNAL
GORASP2	1	chr2	1	chr2_MATERNAL	1	chr2_PATERNAL
MED25	1	chr19	1	chr19_MATERNAL	1	chr19_PATERNAL
ATP1A2	1	chr1	1	chr1_MATERNAL	1	chr1_PATERNAL
BNIPL	1	chr1	1	chr1_MATERNAL	1	chr1_PATERNAL
SLC38A4	1	chr12	1	chr12_MATERNAL	1	chr12_PATERNAL
METTL1	1	chr12	1	chr12_MATERNAL	1	chr12_PATERNAL
KRT2	1	chr12	1	chr12_MATERNAL	1	chr12_PATERNAL
FCRL5	1	chr1	1	chr1_MATERNAL	1	chr1_PATERNAL
LOC124904605	1	chr19	1	chr19_MATERNAL	1	chr19_PATERNAL
LRRC70	1	chr5	1	chr5_MATERNAL	1	chr5_PATERNAL
HTATIP2	1	chr11	1	chr11_MATERNAL	1	chr11_PATERNAL
STK38L	1	chr12	1	chr12_MATERNAL	1	chr12_PATERNAL
COX4I1	1	chr16	1	chr16_MATERNAL	1	chr16_PATERNAL
LOC124901794	1	chr7	1	chr7_MATERNAL	1	chr7_PATERNAL
CENPVL3	1	chrX	1	chrX_MATERNAL	0	None
SKI	1	chr1	1	chr1_MATERNAL	1	chr1_PATERNAL
KDM2B	1	chr12	1	chr12_MATERNAL	1	chr12_PATERNAL
ZNF382	1	chr19	1	chr19_MATERNAL	1	chr19_PATERNAL
SPATA31D1	1	chr9	1	chr9_MATERNAL	1	chr9_PATERNAL
PSEN2	1	chr1	1	chr1_MATERNAL	1	chr1_PATERNAL
PKD1L3	1	chr16	1	chr16_MATERNAL	1	chr16_PATERNAL
CALD1	1	chr7	1	chr7_MATERNAL	1	chr7_PATERNAL
ARL5B	1	chr10	1	chr10_MATERNAL	1	chr10_PATERNAL
RPS6KA2	1	chr6	1	chr6_MATERNAL	1	chr6_PATERNAL
ZAN	1	chr7	1	chr7_MATERNAL	1	chr7_PATERNAL
TMTC1	1	chr12	1	chr12_MATERNAL	1	chr12_PATERNAL
EED	1	chr11	1	chr11_MATERNAL	1	chr11_PATERNAL
ATXN7L3B	1	chr12	1	chr12_MATERNAL	1	chr12_PATERNAL
PSMB9	1	chr6	1	chr6_MATERNAL	1	chr6_PATERNAL
TMPRSS11F	1	chr4	1	chr4_MATERNAL	1	chr4_PATERNAL
SP6	1	chr17	1	chr17_MATERNAL	1	chr17_PATERNAL
PON2	1	chr7	1	chr7_MATERNAL	1	chr7_PATERNAL
OR13D1	1	chr9	1	chr9_MATERNAL	1	chr9_PATERNAL
ODC1	1	chr2	1	chr2_MATERNAL	1	chr2_PATERNAL
CDK9	1	chr9	1	chr9_MATERNAL	1	chr9_PATERNAL
ZNF585B	1	chr19	1	chr19_MATERNAL	1	chr19_PATERNAL
LOC124903972	1	chr17	1	chr17_MATERNAL	1	chr17_PATERNAL
RNFT2	1	chr12	1	chr12_MATERNAL	1	chr12_PATERNAL
PCBP1	1	chr2	1	chr2_MATERNAL	1	chr2_PATERNAL
CROCC2	1	chr2	1	chr2_MATERNAL	1	chr2_PATERNAL
ZNF146	1	chr19	1	chr19_MATERNAL	1	chr19_PATERNAL
GATAD2A	1	chr19	1	chr19_MATERNAL	1	chr19_PATERNAL
LOXL4	1	chr10	1	chr10_MATERNAL	1	chr10_PATERNAL
MED27	1	chr9	1	chr9_MATERNAL	1	chr9_PATERNAL
TINF2	1	chr14	1	chr14_MATERNAL	1	chr14_PATERNAL
FOXO4	1	chrX	1	chrX_MATERNAL	0	None
GOSR1	1	chr17	1	chr17_MATERNAL	1	chr17_PATERNAL
ACTBL2	1	chr5	1	chr5_MATERNAL	1	chr5_PATERNAL
ENY2	1	chr8	1	chr8_MATERNAL	1	chr8_PATERNAL
AHR	1	chr7	1	chr7_MATERNAL	1	chr7_PATERNAL
SLC35B4	1	chr7	1	chr7_MATERNAL	1	chr7_PATERNAL
CC2D2B	1	chr10	1	chr10_MATERNAL	1	chr10_PATERNAL
PRSS23	1	chr11	1	chr11_MATERNAL	1	chr11_PATERNAL
TMA7	1	chr3	1	chr3_MATERNAL	1	chr3_PATERNAL
DCUN1D2	1	chr13	1	chr13_MATERNAL	1	chr13_PATERNAL
SEC24C	1	chr10	1	chr10_MATERNAL	1	chr10_PATERNAL
CAVIN2	1	chr2	1	chr2_MATERNAL	1	chr2_PATERNAL
ATP13A5	1	chr3	1	chr3_MATERNAL	1	chr3_PATERNAL
HOXC13	1	chr12	1	chr12_MATERNAL	1	chr12_PATERNAL
MMP14	1	chr14	1	chr14_MATERNAL	1	chr14_PATERNAL
DLX5	1	chr7	1	chr7_MATERNAL	1	chr7_PATERNAL
NRXN2	1	chr11	1	chr11_MATERNAL	1	chr11_PATERNAL
MED9	1	chr17	1	chr17_MATERNAL	1	chr17_PATERNAL
BMP4	1	chr14	1	chr14_MATERNAL	1	chr14_PATERNAL
LRRTM4	1	chr2	1	chr2_MATERNAL	1	chr2_PATERNAL
PEX26	1	chr22	1	chr22_MATERNAL	1	chr22_PATERNAL
FAM83C	1	chr20	1	chr20_MATERNAL	1	chr20_PATERNAL
CCL20	1	chr2	1	chr2_MATERNAL	1	chr2_PATERNAL
MSN	1	chrX	1	chrX_MATERNAL	0	None
ARHGEF10	1	chr8	1	chr8_MATERNAL	1	chr8_PATERNAL
CCT6B	1	chr17	1	chr17_MATERNAL	1	chr17_PATERNAL
DYNC1H1	1	chr14	1	chr14_MATERNAL	1	chr14_PATERNAL
CDH13	1	chr16	1	chr16_MATERNAL	1	chr16_PATERNAL
MED12	1	chrX	1	chrX_MATERNAL	0	None
C11orf86	1	chr11	1	chr11_MATERNAL	1	chr11_PATERNAL
DR1	1	chr1	1	chr1_MATERNAL	1	chr1_PATERNAL
EPS8L3	1	chr1	1	chr1_MATERNAL	1	chr1_PATERNAL
AP1G1	1	chr16	1	chr16_MATERNAL	1	chr16_PATERNAL
TMEM8B	1	chr9	1	chr9_MATERNAL	1	chr9_PATERNAL
CYP2D6	1	chr22	1	chr22_MATERNAL	1	chr22_PATERNAL
OR2A2	1	chr7	1	chr7_MATERNAL	1	chr7_PATERNAL
DEFB130B	1	chr8	1	chr8_MATERNAL	1	chr8_PATERNAL
SULT1C4	1	chr2	1	chr2_MATERNAL	1	chr2_PATERNAL
KRTCAP2	1	chr1	1	chr1_MATERNAL	1	chr1_PATERNAL
MDH1	1	chr2	1	chr2_MATERNAL	1	chr2_PATERNAL
CDK5	1	chr7	1	chr7_MATERNAL	1	chr7_PATERNAL
LOC124902601	1	chr11	1	chr11_MATERNAL	1	chr11_PATERNAL
PITPNM2	1	chr12	1	chr12_MATERNAL	1	chr12_PATERNAL
SLC6A1	1	chr3	1	chr3_MATERNAL	1	chr3_PATERNAL
LOC112268145	1	chr15	1	chr15_MATERNAL	1	chr15_PATERNAL
FARS2	1	chr6	1	chr6_MATERNAL	1	chr6_PATERNAL
H2AX	1	chr11	1	chr11_MATERNAL	1	chr11_PATERNAL
TDRKH	1	chr1	1	chr1_MATERNAL	1	chr1_PATERNAL
ELOVL7	1	chr5	1	chr5_MATERNAL	1	chr5_PATERNAL
UBE2R2	1	chr9	1	chr9_MATERNAL	1	chr9_PATERNAL
KLF15	1	chr3	1	chr3_MATERNAL	1	chr3_PATERNAL
XPO5	1	chr6	1	chr6_MATERNAL	1	chr6_PATERNAL
CDKL2	1	chr4	1	chr4_MATERNAL	1	chr4_PATERNAL
MRGPRX3	1	chr11	1	chr11_MATERNAL	1	chr11_PATERNAL
FAM50A	1	chrX	1	chrX_MATERNAL	0	None
AMY1B	1	chr1	1	chr1_MATERNAL	1	chr1_PATERNAL
EGR3	1	chr8	1	chr8_MATERNAL	1	chr8_PATERNAL
MON1A	1	chr3	1	chr3_MATERNAL	1	chr3_PATERNAL
HASPIN	1	chr17	1	chr17_MATERNAL	1	chr17_PATERNAL
LOC102723750	1	chr15	1	chr15_MATERNAL	1	chr15_PATERNAL
PJA2	1	chr5	1	chr5_MATERNAL	1	chr5_PATERNAL
SCGB1D4	1	chr11	1	chr11_MATERNAL	1	chr11_PATERNAL
WDR13	1	chrX	1	chrX_MATERNAL	0	None
SOBP	1	chr6	1	chr6_MATERNAL	1	chr6_PATERNAL
CLVS1	1	chr8	1	chr8_MATERNAL	1	chr8_PATERNAL
LOC124902616	1	chr11	1	chr11_MATERNAL	1	chr11_PATERNAL
PTN	1	chr7	1	chr7_MATERNAL	1	chr7_PATERNAL
ZDHHC11	1	chr5	1	chr5_MATERNAL	1	chr5_PATERNAL
POMGNT1	1	chr1	1	chr1_MATERNAL	1	chr1_PATERNAL
DYNLRB2	1	chr16	1	chr16_MATERNAL	1	chr16_PATERNAL
LOC645202	1	chr15	1	chr15_MATERNAL	1	chr15_PATERNAL
TBX5	1	chr12	1	chr12_MATERNAL	1	chr12_PATERNAL
EMID1	1	chr22	1	chr22_MATERNAL	1	chr22_PATERNAL
BBOX1	1	chr11	1	chr11_MATERNAL	1	chr11_PATERNAL
LOC124904790	1	chr19	1	chr19_MATERNAL	1	chr19_PATERNAL
NARF	1	chr17	1	chr17_MATERNAL	1	chr17_PATERNAL
ZNF43	1	chr19	1	chr19_MATERNAL	1	chr19_PATERNAL
ALKBH7	1	chr19	1	chr19_MATERNAL	1	chr19_PATERNAL
LOC105375434	1	chr7	1	chr7_MATERNAL	1	chr7_PATERNAL
LTB	1	chr6	1	chr6_MATERNAL	1	chr6_PATERNAL
ARHGEF15	1	chr17	1	chr17_MATERNAL	1	chr17_PATERNAL
RAE1	1	chr20	1	chr20_MATERNAL	1	chr20_PATERNAL
HSD17B8	1	chr6	1	chr6_MATERNAL	1	chr6_PATERNAL
PAX7	1	chr1	1	chr1_MATERNAL	1	chr1_PATERNAL
CTAGE6	1	chr7	1	chr7_MATERNAL	1	chr7_PATERNAL
KTI12	1	chr1	1	chr1_MATERNAL	1	chr1_PATERNAL
PAAF1	1	chr11	1	chr11_MATERNAL	1	chr11_PATERNAL
TSNARE1	1	chr8	1	chr8_MATERNAL	1	chr8_PATERNAL
LPCAT1	1	chr5	1	chr5_MATERNAL	1	chr5_PATERNAL
DNASE1L2	1	chr16	1	chr16_MATERNAL	1	chr16_PATERNAL
PIP4K2A	1	chr10	1	chr10_MATERNAL	1	chr10_PATERNAL
SKIL	1	chr3	1	chr3_MATERNAL	1	chr3_PATERNAL
CASP8	1	chr2	1	chr2_MATERNAL	1	chr2_PATERNAL
ZNF616	1	chr19	1	chr19_MATERNAL	1	chr19_PATERNAL
AP3S2	1	chr15	1	chr15_MATERNAL	1	chr15_PATERNAL
ATXN3	1	chr14	1	chr14_MATERNAL	1	chr14_PATERNAL
ANKRD2	1	chr10	1	chr10_MATERNAL	1	chr10_PATERNAL
GFRAL	1	chr6	1	chr6_MATERNAL	1	chr6_PATERNAL
RAB12	1	chr18	1	chr18_MATERNAL	1	chr18_PATERNAL
TXNIP	1	chr1	1	chr1_MATERNAL	1	chr1_PATERNAL
DCAF7	1	chr17	1	chr17_MATERNAL	1	chr17_PATERNAL
PLCB1	1	chr20	1	chr20_MATERNAL	1	chr20_PATERNAL
MRPL9	1	chr1	1	chr1_MATERNAL	1	chr1_PATERNAL
PPM1L	1	chr3	1	chr3_MATERNAL	1	chr3_PATERNAL
TMEM203	1	chr9	1	chr9_MATERNAL	1	chr9_PATERNAL
SLA	1	chr8	1	chr8_MATERNAL	1	chr8_PATERNAL
DCLK1	1	chr13	1	chr13_MATERNAL	1	chr13_PATERNAL
CHRNA9	1	chr4	1	chr4_MATERNAL	1	chr4_PATERNAL
AMPH	1	chr7	1	chr7_MATERNAL	1	chr7_PATERNAL
GFM1	1	chr3	1	chr3_MATERNAL	1	chr3_PATERNAL
EDDM3B	1	chr14	1	chr14_MATERNAL	1	chr14_PATERNAL
DEFB110	1	chr6	1	chr6_MATERNAL	1	chr6_PATERNAL
RHOA	1	chr3	1	chr3_MATERNAL	1	chr3_PATERNAL
SLC38A9	1	chr5	1	chr5_MATERNAL	1	chr5_PATERNAL
FAM90A17	1	chr8	1	chr8_MATERNAL	1	chr8_PATERNAL
TEKT4	1	chr2	1	chr2_MATERNAL	1	chr2_PATERNAL
LMO4	1	chr1	1	chr1_MATERNAL	1	chr1_PATERNAL
DNAJC5B	1	chr8	1	chr8_MATERNAL	1	chr8_PATERNAL
ZNF274	1	chr19	1	chr19_MATERNAL	1	chr19_PATERNAL
KCNJ6	1	chr21	1	chr21_MATERNAL	1	chr21_PATERNAL
BTBD9	1	chr6	1	chr6_MATERNAL	1	chr6_PATERNAL
IL31RA	1	chr5	1	chr5_MATERNAL	1	chr5_PATERNAL
MCCC1	1	chr3	1	chr3_MATERNAL	1	chr3_PATERNAL
FFAR3	1	chr19	1	chr19_MATERNAL	1	chr19_PATERNAL
C3orf70	1	chr3	1	chr3_MATERNAL	1	chr3_PATERNAL
APBB1	1	chr11	1	chr11_MATERNAL	1	chr11_PATERNAL
NPIPA1	1	chr16	2	chr16_MATERNAL,chr16_MATERNAL	1	chr16_PATERNAL
CKB	1	chr14	1	chr14_MATERNAL	1	chr14_PATERNAL
S100A13	1	chr1	1	chr1_MATERNAL	1	chr1_PATERNAL
LOC124902605	1	chr11	1	chr11_MATERNAL	1	chr11_PATERNAL
PRSS37	1	chr7	1	chr7_MATERNAL	1	chr7_PATERNAL
NFRKB	1	chr11	1	chr11_MATERNAL	1	chr11_PATERNAL
LOC124906280	1	chr3	1	chr3_MATERNAL	1	chr3_PATERNAL
DEFB109B	1	chr8	1	chr8_MATERNAL	1	chr8_PATERNAL
TSPY2	2	chrY,chrY	0	None	1	chrY_PATERNAL
C1R	1	chr12	1	chr12_MATERNAL	1	chr12_PATERNAL
OR52J3	1	chr11	1	chr11_MATERNAL	1	chr11_PATERNAL
RNF7	1	chr3	1	chr3_MATERNAL	1	chr3_PATERNAL
CHCHD3	1	chr7	1	chr7_MATERNAL	1	chr7_PATERNAL
PTH1R	1	chr3	1	chr3_MATERNAL	1	chr3_PATERNAL
ESYT1	1	chr12	1	chr12_MATERNAL	1	chr12_PATERNAL
RNF181	1	chr2	1	chr2_MATERNAL	1	chr2_PATERNAL
KRTAP8-1	1	chr21	1	chr21_MATERNAL	1	chr21_PATERNAL
N4BP2L1	1	chr13	1	chr13_MATERNAL	1	chr13_PATERNAL
NMD3	1	chr3	1	chr3_MATERNAL	1	chr3_PATERNAL
PAGE3	1	chrX	1	chrX_MATERNAL	0	None
TREM1	1	chr6	1	chr6_MATERNAL	1	chr6_PATERNAL
CYB5A	1	chr18	1	chr18_MATERNAL	1	chr18_PATERNAL
CEMP1	1	chr16	1	chr16_MATERNAL	1	chr16_PATERNAL
KDM4B	1	chr19	1	chr19_MATERNAL	1	chr19_PATERNAL
FAM241A	1	chr4	1	chr4_MATERNAL	1	chr4_PATERNAL
BRK1	1	chr3	1	chr3_MATERNAL	1	chr3_PATERNAL
P2RY13	1	chr3	1	chr3_MATERNAL	1	chr3_PATERNAL
SPTB	1	chr14	1	chr14_MATERNAL	1	chr14_PATERNAL
C3orf52	1	chr3	1	chr3_MATERNAL	1	chr3_PATERNAL
PCDH7	1	chr4	1	chr4_MATERNAL	1	chr4_PATERNAL
GNB3	1	chr12	1	chr12_MATERNAL	1	chr12_PATERNAL
METTL7B	1	chr12	1	chr12_MATERNAL	1	chr12_PATERNAL
RASGEF1A	1	chr10	1	chr10_MATERNAL	1	chr10_PATERNAL
PRICKLE1	1	chr12	1	chr12_MATERNAL	1	chr12_PATERNAL
GCNA	1	chrX	1	chrX_MATERNAL	0	None
PIGZ	1	chr3	1	chr3_MATERNAL	1	chr3_PATERNAL
EVPLL	1	chr17	1	chr17_MATERNAL	1	chr17_PATERNAL
ENTR1	1	chr9	1	chr9_MATERNAL	1	chr9_PATERNAL
SCCPDH	1	chr1	1	chr1_MATERNAL	1	chr1_PATERNAL
ZBTB48	1	chr1	1	chr1_MATERNAL	1	chr1_PATERNAL
PFKFB3	1	chr10	1	chr10_MATERNAL	1	chr10_PATERNAL
RIPOR1	1	chr16	1	chr16_MATERNAL	1	chr16_PATERNAL
ZNF787	1	chr19	1	chr19_MATERNAL	1	chr19_PATERNAL
QSOX2	1	chr9	1	chr9_MATERNAL	1	chr9_PATERNAL
GNG7	1	chr19	1	chr19_MATERNAL	1	chr19_PATERNAL
TAS2R3	1	chr7	1	chr7_MATERNAL	1	chr7_PATERNAL
PARM1	1	chr4	1	chr4_MATERNAL	1	chr4_PATERNAL
GPR119	1	chrX	1	chrX_MATERNAL	0	None
GALE	1	chr1	1	chr1_MATERNAL	1	chr1_PATERNAL
PLK2	1	chr5	1	chr5_MATERNAL	1	chr5_PATERNAL
C2orf50	1	chr2	1	chr2_MATERNAL	1	chr2_PATERNAL
IFNA8	1	chr9	1	chr9_MATERNAL	1	chr9_PATERNAL
RHOBTB2	1	chr8	1	chr8_MATERNAL	1	chr8_PATERNAL
HPS5	1	chr11	1	chr11_MATERNAL	1	chr11_PATERNAL
TRIM64B	1	chr11	1	chr11_MATERNAL	1	chr11_PATERNAL
GJA3	1	chr13	1	chr13_MATERNAL	1	chr13_PATERNAL
MYB	1	chr6	1	chr6_MATERNAL	1	chr6_PATERNAL
C16orf90	1	chr16	1	chr16_MATERNAL	1	chr16_PATERNAL
DYNC1LI2	1	chr16	1	chr16_MATERNAL	1	chr16_PATERNAL
RCN2	1	chr15	1	chr15_MATERNAL	1	chr15_PATERNAL
SNAI2	1	chr8	1	chr8_MATERNAL	1	chr8_PATERNAL
OTUD3	1	chr1	1	chr1_MATERNAL	1	chr1_PATERNAL
P4HA1	1	chr10	1	chr10_MATERNAL	1	chr10_PATERNAL
NECTIN3	1	chr3	1	chr3_MATERNAL	1	chr3_PATERNAL
ACY3	1	chr11	1	chr11_MATERNAL	1	chr11_PATERNAL
TPTE	2	chr13,chr21	2	chr21_MATERNAL,chr13_MATERNAL	2	chr21_PATERNAL,chr13_PATERNAL
SAYSD1	1	chr6	1	chr6_MATERNAL	1	chr6_PATERNAL
FH	1	chr1	1	chr1_MATERNAL	1	chr1_PATERNAL
PPP2R2D	1	chr10	1	chr10_MATERNAL	1	chr10_PATERNAL
C8G	1	chr9	1	chr9_MATERNAL	1	chr9_PATERNAL
TLCD3A	1	chr17	1	chr17_MATERNAL	1	chr17_PATERNAL
LRRD1	1	chr7	1	chr7_MATERNAL	1	chr7_PATERNAL
UGT8	1	chr4	1	chr4_MATERNAL	1	chr4_PATERNAL
TUBB8B	1	chr18	1	chr18_MATERNAL	1	chr18_PATERNAL
WDR64	1	chr1	1	chr1_MATERNAL	1	chr1_PATERNAL
PLRG1	1	chr4	1	chr4_MATERNAL	1	chr4_PATERNAL
PIK3R2	1	chr19	1	chr19_MATERNAL	1	chr19_PATERNAL
NWD2	1	chr4	1	chr4_MATERNAL	1	chr4_PATERNAL
CD19	1	chr16	1	chr16_MATERNAL	1	chr16_PATERNAL
NAGS	1	chr17	1	chr17_MATERNAL	1	chr17_PATERNAL
TC2N	1	chr14	1	chr14_MATERNAL	1	chr14_PATERNAL
MAPRE2	1	chr18	1	chr18_MATERNAL	1	chr18_PATERNAL
UBAP1L	1	chr15	1	chr15_MATERNAL	1	chr15_PATERNAL
FAM3C	1	chr7	1	chr7_MATERNAL	1	chr7_PATERNAL
COMMD7	1	chr20	1	chr20_MATERNAL	1	chr20_PATERNAL
NCBP2	1	chr3	1	chr3_MATERNAL	1	chr3_PATERNAL
CSRNP3	1	chr2	1	chr2_MATERNAL	1	chr2_PATERNAL
IGSF8	1	chr1	1	chr1_MATERNAL	1	chr1_PATERNAL
CLDN25	1	chr11	1	chr11_MATERNAL	1	chr11_PATERNAL
SNAI3	1	chr16	1	chr16_MATERNAL	1	chr16_PATERNAL
NOG	1	chr17	1	chr17_MATERNAL	1	chr17_PATERNAL
PLAT	1	chr8	1	chr8_MATERNAL	1	chr8_PATERNAL
MRGPRX2	1	chr11	1	chr11_MATERNAL	1	chr11_PATERNAL
LOC105378148	1	chr6	1	chr6_MATERNAL	1	chr6_PATERNAL
ZNF528	1	chr19	1	chr19_MATERNAL	1	chr19_PATERNAL
SZRD1	1	chr1	1	chr1_MATERNAL	1	chr1_PATERNAL
NUDT19	1	chr19	1	chr19_MATERNAL	1	chr19_PATERNAL
MXD3	1	chr5	1	chr5_MATERNAL	1	chr5_PATERNAL
POLK	1	chr5	1	chr5_MATERNAL	1	chr5_PATERNAL
FAM98B	1	chr15	1	chr15_MATERNAL	1	chr15_PATERNAL
ATP8B1	1	chr18	1	chr18_MATERNAL	1	chr18_PATERNAL
TMEM52	1	chr1	1	chr1_MATERNAL	1	chr1_PATERNAL
XKR6	1	chr8	1	chr8_MATERNAL	1	chr8_PATERNAL
AVIL	1	chr12	1	chr12_MATERNAL	1	chr12_PATERNAL
FBLN5	1	chr14	1	chr14_MATERNAL	1	chr14_PATERNAL
PTPRJ	1	chr11	1	chr11_MATERNAL	1	chr11_PATERNAL
CARMIL3	1	chr14	1	chr14_MATERNAL	1	chr14_PATERNAL
NCR1	1	chr19	1	chr19_MATERNAL	1	chr19_PATERNAL
OR4C12	1	chr11	1	chr11_MATERNAL	1	chr11_PATERNAL
BASP1	1	chr5	1	chr5_MATERNAL	1	chr5_PATERNAL
CASTOR2	1	chr7	1	chr7_MATERNAL	1	chr7_PATERNAL
KLK1	1	chr19	1	chr19_MATERNAL	1	chr19_PATERNAL
TYROBP	1	chr19	1	chr19_MATERNAL	1	chr19_PATERNAL
ANTXR1	1	chr2	1	chr2_MATERNAL	1	chr2_PATERNAL
TMC1	1	chr9	1	chr9_MATERNAL	1	chr9_PATERNAL
PYDC5	1	chr1	1	chr1_MATERNAL	1	chr1_PATERNAL
UBLCP1	1	chr5	1	chr5_MATERNAL	1	chr5_PATERNAL
CCNC	1	chr6	1	chr6_MATERNAL	1	chr6_PATERNAL
CSTB	1	chr21	1	chr21_MATERNAL	1	chr21_PATERNAL
TRIM68	1	chr11	1	chr11_MATERNAL	1	chr11_PATERNAL
GGT1	1	chr22	1	chr22_MATERNAL	1	chr22_PATERNAL
PFKFB2	1	chr1	1	chr1_MATERNAL	1	chr1_PATERNAL
GNA11	1	chr19	1	chr19_MATERNAL	1	chr19_PATERNAL
PRIMA1	1	chr14	1	chr14_MATERNAL	1	chr14_PATERNAL
KRBOX1	1	chr3	1	chr3_MATERNAL	1	chr3_PATERNAL
PPP1CC	1	chr12	1	chr12_MATERNAL	1	chr12_PATERNAL
KIF21A	1	chr12	1	chr12_MATERNAL	1	chr12_PATERNAL
CLEC6A	1	chr12	1	chr12_MATERNAL	1	chr12_PATERNAL
SDR16C5	1	chr8	1	chr8_MATERNAL	1	chr8_PATERNAL
KLK11	1	chr19	1	chr19_MATERNAL	1	chr19_PATERNAL
ID4	1	chr6	1	chr6_MATERNAL	1	chr6_PATERNAL
TACC2	1	chr10	1	chr10_MATERNAL	1	chr10_PATERNAL
ZNF814	1	chr19	1	chr19_MATERNAL	1	chr19_PATERNAL
LDAH	1	chr2	1	chr2_MATERNAL	1	chr2_PATERNAL
SMAGP	1	chr12	1	chr12_MATERNAL	1	chr12_PATERNAL
TAFA3	1	chr1	1	chr1_MATERNAL	1	chr1_PATERNAL
HMGXB3	1	chr5	1	chr5_MATERNAL	1	chr5_PATERNAL
ACE2	1	chrX	1	chrX_MATERNAL	0	None
SSR2	1	chr1	1	chr1_MATERNAL	1	chr1_PATERNAL
FAT4	1	chr4	1	chr4_MATERNAL	1	chr4_PATERNAL
PRPS1L1	1	chr7	1	chr7_MATERNAL	1	chr7_PATERNAL
HAPLN3	1	chr15	1	chr15_MATERNAL	1	chr15_PATERNAL
LOC105372704	1	chr20	1	chr20_MATERNAL	1	chr20_PATERNAL
SLC7A7	1	chr14	1	chr14_MATERNAL	1	chr14_PATERNAL
SARM1	1	chr17	1	chr17_MATERNAL	1	chr17_PATERNAL
CRK	1	chr17	1	chr17_MATERNAL	1	chr17_PATERNAL
TXNDC9	1	chr2	1	chr2_MATERNAL	1	chr2_PATERNAL
SMPD3	1	chr16	1	chr16_MATERNAL	1	chr16_PATERNAL
KLB	1	chr4	1	chr4_MATERNAL	1	chr4_PATERNAL
PNPLA5	1	chr22	1	chr22_MATERNAL	1	chr22_PATERNAL
DHX29	1	chr5	1	chr5_MATERNAL	1	chr5_PATERNAL
KLHL28	1	chr14	1	chr14_MATERNAL	1	chr14_PATERNAL
KLHL34	1	chrX	1	chrX_MATERNAL	0	None
BRSK1	1	chr19	1	chr19_MATERNAL	1	chr19_PATERNAL
EPB41	1	chr1	1	chr1_MATERNAL	1	chr1_PATERNAL
UCMA	1	chr10	1	chr10_MATERNAL	1	chr10_PATERNAL
GPSM3	1	chr6	1	chr6_MATERNAL	1	chr6_PATERNAL
CUL2	1	chr10	1	chr10_MATERNAL	1	chr10_PATERNAL
PCDHGB4	1	chr5	1	chr5_MATERNAL	1	chr5_PATERNAL
MAL	1	chr2	1	chr2_MATERNAL	1	chr2_PATERNAL
TEX15	1	chr8	1	chr8_MATERNAL	1	chr8_PATERNAL
AKR1C3	1	chr10	1	chr10_MATERNAL	1	chr10_PATERNAL
LY9	1	chr1	1	chr1_MATERNAL	1	chr1_PATERNAL
COIL	1	chr17	1	chr17_MATERNAL	1	chr17_PATERNAL
KPRP	1	chr1	1	chr1_MATERNAL	1	chr1_PATERNAL
USP4	1	chr3	1	chr3_MATERNAL	1	chr3_PATERNAL
FKBP10	1	chr17	1	chr17_MATERNAL	1	chr17_PATERNAL
STAU1	1	chr20	1	chr20_MATERNAL	1	chr20_PATERNAL
LOC112268170	1	chr16	1	chr16_MATERNAL	1	chr16_PATERNAL
AHRR	1	chr5	1	chr5_MATERNAL	1	chr5_PATERNAL
GPATCH3	1	chr1	1	chr1_MATERNAL	1	chr1_PATERNAL
IL33	1	chr9	1	chr9_MATERNAL	1	chr9_PATERNAL
PRR13	1	chr12	1	chr12_MATERNAL	1	chr12_PATERNAL
OR4K1	1	chr14	2	chr14_MATERNAL,chr14_MATERNAL	2	chr14_PATERNAL,chr14_PATERNAL
C1orf159	1	chr1	1	chr1_MATERNAL	1	chr1_PATERNAL
KRTAP27-1	1	chr21	1	chr21_MATERNAL	1	chr21_PATERNAL
TUBB1	1	chr20	1	chr20_MATERNAL	1	chr20_PATERNAL
LRRC49	1	chr15	1	chr15_MATERNAL	1	chr15_PATERNAL
TCAF1	1	chr7	1	chr7_MATERNAL	1	chr7_PATERNAL
CBX1	1	chr17	1	chr17_MATERNAL	1	chr17_PATERNAL
TIGD3	1	chr11	1	chr11_MATERNAL	1	chr11_PATERNAL
TMEM59	1	chr1	1	chr1_MATERNAL	1	chr1_PATERNAL
MAP3K9	1	chr14	1	chr14_MATERNAL	1	chr14_PATERNAL
PKD2	1	chr4	1	chr4_MATERNAL	1	chr4_PATERNAL
ZNF567	1	chr19	1	chr19_MATERNAL	1	chr19_PATERNAL
SAMD4A	1	chr14	1	chr14_MATERNAL	1	chr14_PATERNAL
MED13L	1	chr12	1	chr12_MATERNAL	1	chr12_PATERNAL
CDC42SE1	1	chr1	1	chr1_MATERNAL	1	chr1_PATERNAL
LRTOMT	1	chr11	1	chr11_MATERNAL	1	chr11_PATERNAL
ACAA1	1	chr3	1	chr3_MATERNAL	1	chr3_PATERNAL
THSD7B	1	chr2	1	chr2_MATERNAL	1	chr2_PATERNAL
CLC	1	chr19	1	chr19_MATERNAL	1	chr19_PATERNAL
DCAF10	1	chr9	1	chr9_MATERNAL	1	chr9_PATERNAL
SAMD5	1	chr6	1	chr6_MATERNAL	1	chr6_PATERNAL
SH3GLB1	1	chr1	1	chr1_MATERNAL	1	chr1_PATERNAL
ZKSCAN2	1	chr16	1	chr16_MATERNAL	1	chr16_PATERNAL
OAZ3	1	chr1	1	chr1_MATERNAL	1	chr1_PATERNAL
LOC102724052	1	chr16	1	chr16_MATERNAL	0	None
DDAH1	1	chr1	1	chr1_MATERNAL	1	chr1_PATERNAL
RHCG	1	chr15	1	chr15_MATERNAL	1	chr15_PATERNAL
MAGEB17	1	chrX	1	chrX_MATERNAL	0	None
SPACDR	1	chr7	1	chr7_MATERNAL	1	chr7_PATERNAL
HEATR4	1	chr14	1	chr14_MATERNAL	1	chr14_PATERNAL
CCDC159	1	chr19	1	chr19_MATERNAL	1	chr19_PATERNAL
TXNRD2	1	chr22	1	chr22_MATERNAL	1	chr22_PATERNAL
C20orf141	1	chr20	1	chr20_MATERNAL	1	chr20_PATERNAL
VPS18	1	chr15	1	chr15_MATERNAL	1	chr15_PATERNAL
TCEA1	1	chr8	1	chr8_MATERNAL	1	chr8_PATERNAL
FAM189A2	1	chr9	1	chr9_MATERNAL	1	chr9_PATERNAL
LRRFIP2	1	chr3	1	chr3_MATERNAL	1	chr3_PATERNAL
SEZ6	1	chr17	1	chr17_MATERNAL	1	chr17_PATERNAL
GOLGA8H	1	chr15	1	chr15_MATERNAL	2	chr15_PATERNAL,chr15_PATERNAL
TRMT1	1	chr19	1	chr19_MATERNAL	1	chr19_PATERNAL
TOX	1	chr8	1	chr8_MATERNAL	1	chr8_PATERNAL
NEFH	1	chr22	1	chr22_MATERNAL	1	chr22_PATERNAL
NUMBL	1	chr19	1	chr19_MATERNAL	1	chr19_PATERNAL
LOC124904958	1	chr20	1	chr20_MATERNAL	1	chr20_PATERNAL
SNCG	1	chr10	1	chr10_MATERNAL	1	chr10_PATERNAL
ATG4D	1	chr19	1	chr19_MATERNAL	1	chr19_PATERNAL
CIAO3	1	chr16	1	chr16_MATERNAL	1	chr16_PATERNAL
ZNF589	1	chr3	1	chr3_MATERNAL	1	chr3_PATERNAL
DDX11	1	chr12	1	chr12_MATERNAL	1	chr12_PATERNAL
FMN2	1	chr1	1	chr1_MATERNAL	1	chr1_PATERNAL
MICU1	1	chr10	1	chr10_MATERNAL	1	chr10_PATERNAL
NCDN	1	chr1	1	chr1_MATERNAL	1	chr1_PATERNAL
ATP6V1B2	1	chr8	1	chr8_MATERNAL	1	chr8_PATERNAL
CEACAM1	1	chr19	1	chr19_MATERNAL	1	chr19_PATERNAL
UMODL1	1	chr21	1	chr21_MATERNAL	1	chr21_PATERNAL
WNT2	1	chr7	1	chr7_MATERNAL	1	chr7_PATERNAL
MDFIC	1	chr7	1	chr7_MATERNAL	1	chr7_PATERNAL
SRSF11	1	chr1	1	chr1_MATERNAL	1	chr1_PATERNAL
KCNJ3	1	chr2	1	chr2_MATERNAL	1	chr2_PATERNAL
FAM90A26	1	chr8	0	None	1	chr8_PATERNAL
PXDNL	1	chr8	1	chr8_MATERNAL	1	chr8_PATERNAL
SGCD	1	chr5	1	chr5_MATERNAL	1	chr5_PATERNAL
EBNA1BP2	1	chr1	1	chr1_MATERNAL	1	chr1_PATERNAL
PLEKHM2	1	chr1	1	chr1_MATERNAL	1	chr1_PATERNAL
ZNF468	1	chr19	1	chr19_MATERNAL	1	chr19_PATERNAL
FTMT	1	chr5	1	chr5_MATERNAL	1	chr5_PATERNAL
THOC6	1	chr16	1	chr16_MATERNAL	1	chr16_PATERNAL
ZFP14	1	chr19	1	chr19_MATERNAL	1	chr19_PATERNAL
MYL2	1	chr12	1	chr12_MATERNAL	1	chr12_PATERNAL
ZNF12	1	chr7	1	chr7_MATERNAL	1	chr7_PATERNAL
KLF3	1	chr4	1	chr4_MATERNAL	1	chr4_PATERNAL
SMARCB1	1	chr22	1	chr22_MATERNAL	1	chr22_PATERNAL
PRSS53	1	chr16	1	chr16_MATERNAL	1	chr16_PATERNAL
SLC20A2	1	chr8	1	chr8_MATERNAL	1	chr8_PATERNAL
POTEJ	1	chr2	1	chr2_MATERNAL	1	chr2_PATERNAL
SOWAHB	1	chr4	1	chr4_MATERNAL	1	chr4_PATERNAL
FAM171B	1	chr2	1	chr2_MATERNAL	1	chr2_PATERNAL
AK8	1	chr9	1	chr9_MATERNAL	1	chr9_PATERNAL
SLC35F3	1	chr1	1	chr1_MATERNAL	1	chr1_PATERNAL
LEO1	1	chr15	1	chr15_MATERNAL	1	chr15_PATERNAL
NDUFA13	1	chr19	1	chr19_MATERNAL	1	chr19_PATERNAL
PFDN5	1	chr12	1	chr12_MATERNAL	1	chr12_PATERNAL
RXRB	1	chr6	1	chr6_MATERNAL	1	chr6_PATERNAL
LOC124901649	1	chr7	1	chr7_MATERNAL	1	chr7_PATERNAL
SCTR	1	chr2	1	chr2_MATERNAL	1	chr2_PATERNAL
APLNR	1	chr11	1	chr11_MATERNAL	1	chr11_PATERNAL
ERCC1	1	chr19	1	chr19_MATERNAL	1	chr19_PATERNAL
FAM149B1	1	chr10	1	chr10_MATERNAL	1	chr10_PATERNAL
FBXW8	1	chr12	1	chr12_MATERNAL	1	chr12_PATERNAL
RPS13	1	chr11	1	chr11_MATERNAL	1	chr11_PATERNAL
STBD1	1	chr4	1	chr4_MATERNAL	1	chr4_PATERNAL
ASB1	1	chr2	1	chr2_MATERNAL	1	chr2_PATERNAL
NNMT	1	chr11	1	chr11_MATERNAL	1	chr11_PATERNAL
ZNF202	1	chr11	1	chr11_MATERNAL	1	chr11_PATERNAL
LOC124904094	1	chr17	1	chr17_MATERNAL	1	chr17_PATERNAL
OR51B2	1	chr11	1	chr11_MATERNAL	1	chr11_PATERNAL
SYP	1	chrX	1	chrX_MATERNAL	0	None
APOF	1	chr12	1	chr12_MATERNAL	1	chr12_PATERNAL
ACAP3	1	chr1	1	chr1_MATERNAL	1	chr1_PATERNAL
AMELY	1	chrY	0	None	1	chrY_PATERNAL
SNX2	1	chr5	1	chr5_MATERNAL	1	chr5_PATERNAL
GSPT2	1	chrX	1	chrX_MATERNAL	0	None
LOC124902053	1	chr8	1	chr8_MATERNAL	1	chr8_PATERNAL
THAP11	1	chr16	1	chr16_MATERNAL	1	chr16_PATERNAL
GPR32	1	chr19	1	chr19_MATERNAL	1	chr19_PATERNAL
ZBTB40	1	chr1	1	chr1_MATERNAL	1	chr1_PATERNAL
MISP3	1	chr19	1	chr19_MATERNAL	1	chr19_PATERNAL
MZT1	1	chr13	1	chr13_MATERNAL	1	chr13_PATERNAL
TTC23L	1	chr5	1	chr5_MATERNAL	1	chr5_PATERNAL
NNT	1	chr5	1	chr5_MATERNAL	1	chr5_PATERNAL
DHH	1	chr12	1	chr12_MATERNAL	1	chr12_PATERNAL
HPS3	1	chr3	1	chr3_MATERNAL	1	chr3_PATERNAL
TRIM72	1	chr16	1	chr16_MATERNAL	1	chr16_PATERNAL
IL7	1	chr8	1	chr8_MATERNAL	1	chr8_PATERNAL
CAP1	1	chr1	1	chr1_MATERNAL	1	chr1_PATERNAL
IQCA1L	1	chr7	1	chr7_MATERNAL	1	chr7_PATERNAL
PNKD	1	chr2	1	chr2_MATERNAL	1	chr2_PATERNAL
CERT1	1	chr5	1	chr5_MATERNAL	1	chr5_PATERNAL
FANCD2	1	chr3	1	chr3_MATERNAL	1	chr3_PATERNAL
ALDH4A1	1	chr1	1	chr1_MATERNAL	1	chr1_PATERNAL
UBE2G2	1	chr21	1	chr21_MATERNAL	1	chr21_PATERNAL
SHB	1	chr9	1	chr9_MATERNAL	1	chr9_PATERNAL
GAGE2A	1	chrX	8	chrX_MATERNAL,chrX_MATERNAL,chrX_MATERNAL,chrX_MATERNAL,chrX_MATERNAL,chrX_MATERNAL,chrX_MATERNAL,chrX_MATERNAL	0	None
KRT79	1	chr12	1	chr12_MATERNAL	1	chr12_PATERNAL
DCAF17	1	chr2	1	chr2_MATERNAL	1	chr2_PATERNAL
REPIN1	1	chr7	1	chr7_MATERNAL	1	chr7_PATERNAL
BRIX1	1	chr5	1	chr5_MATERNAL	1	chr5_PATERNAL
ZAR1L	1	chr13	1	chr13_MATERNAL	1	chr13_PATERNAL
CASP3	1	chr4	1	chr4_MATERNAL	1	chr4_PATERNAL
PAMR1	1	chr11	1	chr11_MATERNAL	1	chr11_PATERNAL
OR8B4	1	chr11	1	chr11_MATERNAL	1	chr11_PATERNAL
ZKSCAN1	1	chr7	1	chr7_MATERNAL	1	chr7_PATERNAL
BEND5	1	chr1	1	chr1_MATERNAL	1	chr1_PATERNAL
CTSK	1	chr1	1	chr1_MATERNAL	1	chr1_PATERNAL
FAM166C	1	chr2	1	chr2_MATERNAL	1	chr2_PATERNAL
OR10K1	1	chr1	1	chr1_MATERNAL	1	chr1_PATERNAL
WHAMM	1	chr15	1	chr15_MATERNAL	1	chr15_PATERNAL
ASRGL1	1	chr11	1	chr11_MATERNAL	1	chr11_PATERNAL
TOM1L1	1	chr17	1	chr17_MATERNAL	1	chr17_PATERNAL
ZNF763	1	chr19	1	chr19_MATERNAL	1	chr19_PATERNAL
FOXI2	1	chr10	1	chr10_MATERNAL	1	chr10_PATERNAL
CCDC181	1	chr1	1	chr1_MATERNAL	1	chr1_PATERNAL
ZGPAT	1	chr20	1	chr20_MATERNAL	1	chr20_PATERNAL
SLC35D1	1	chr1	1	chr1_MATERNAL	1	chr1_PATERNAL
SYF2	1	chr1	1	chr1_MATERNAL	1	chr1_PATERNAL
SYT12	1	chr11	1	chr11_MATERNAL	1	chr11_PATERNAL
MZT2A	1	chr2	1	chr2_MATERNAL	1	chr2_PATERNAL
SLC39A7	1	chr6	1	chr6_MATERNAL	1	chr6_PATERNAL
C15orf39	1	chr15	1	chr15_MATERNAL	1	chr15_PATERNAL
TRAPPC1	1	chr17	1	chr17_MATERNAL	1	chr17_PATERNAL
LRGUK	1	chr7	1	chr7_MATERNAL	1	chr7_PATERNAL
TFAM	1	chr10	1	chr10_MATERNAL	1	chr10_PATERNAL
BBC3	1	chr19	1	chr19_MATERNAL	1	chr19_PATERNAL
NUDT4B	1	chr1	1	chr1_MATERNAL	1	chr1_PATERNAL
TRPV5	1	chr7	1	chr7_MATERNAL	1	chr7_PATERNAL
TENM2	1	chr5	1	chr5_MATERNAL	1	chr5_PATERNAL
PITX2	1	chr4	1	chr4_MATERNAL	1	chr4_PATERNAL
ISL1	1	chr5	1	chr5_MATERNAL	1	chr5_PATERNAL
NSD2	1	chr4	1	chr4_MATERNAL	1	chr4_PATERNAL
FOXD4L6	1	chr9	1	chr9_MATERNAL	1	chr9_PATERNAL
SLC4A1	1	chr17	1	chr17_MATERNAL	1	chr17_PATERNAL
TSR3	1	chr16	1	chr16_MATERNAL	1	chr16_PATERNAL
MPHOSPH10	1	chr2	1	chr2_MATERNAL	1	chr2_PATERNAL
NDUFB4	1	chr3	1	chr3_MATERNAL	1	chr3_PATERNAL
WWP1	1	chr8	1	chr8_MATERNAL	1	chr8_PATERNAL
SMIM24	1	chr19	1	chr19_MATERNAL	1	chr19_PATERNAL
MTG2	1	chr20	1	chr20_MATERNAL	1	chr20_PATERNAL
FHAD1	1	chr1	1	chr1_MATERNAL	1	chr1_PATERNAL
FMO4	1	chr1	1	chr1_MATERNAL	1	chr1_PATERNAL
C1QL2	1	chr2	1	chr2_MATERNAL	1	chr2_PATERNAL
SCN1B	1	chr19	1	chr19_MATERNAL	1	chr19_PATERNAL
AIMP1	1	chr4	1	chr4_MATERNAL	1	chr4_PATERNAL
OR4A5	1	chr11	1	chr11_MATERNAL	1	chr11_PATERNAL
MC3R	1	chr20	1	chr20_MATERNAL	1	chr20_PATERNAL
IRF9	1	chr14	1	chr14_MATERNAL	1	chr14_PATERNAL
AASDHPPT	1	chr11	1	chr11_MATERNAL	1	chr11_PATERNAL
GGTA1	1	chr9	1	chr9_MATERNAL	1	chr9_PATERNAL
CCL2	1	chr17	1	chr17_MATERNAL	1	chr17_PATERNAL
VMO1	1	chr17	1	chr17_MATERNAL	1	chr17_PATERNAL
PPP4R4	1	chr14	1	chr14_MATERNAL	1	chr14_PATERNAL
SPATS2L	1	chr2	1	chr2_MATERNAL	1	chr2_PATERNAL
ADI1	1	chr2	1	chr2_MATERNAL	1	chr2_PATERNAL
DCAF4L2	1	chr8	1	chr8_MATERNAL	1	chr8_PATERNAL
CRYGB	1	chr2	1	chr2_MATERNAL	1	chr2_PATERNAL
NDUFA2	1	chr5	1	chr5_MATERNAL	1	chr5_PATERNAL
ARHGAP6	1	chrX	1	chrX_MATERNAL	0	None
FRG2B	1	chr10	1	chr10_MATERNAL	1	chr10_PATERNAL
PLXNA1	1	chr3	1	chr3_MATERNAL	1	chr3_PATERNAL
ZNF223	1	chr19	1	chr19_MATERNAL	1	chr19_PATERNAL
NUP50	1	chr22	1	chr22_MATERNAL	1	chr22_PATERNAL
SGSM1	1	chr22	1	chr22_MATERNAL	1	chr22_PATERNAL
MIXL1	1	chr1	1	chr1_MATERNAL	1	chr1_PATERNAL
MEMO1	1	chr2	1	chr2_MATERNAL	1	chr2_PATERNAL
CTAGE9	1	chr6	1	chr6_MATERNAL	1	chr6_PATERNAL
DDX23	1	chr12	1	chr12_MATERNAL	1	chr12_PATERNAL
CCL19	1	chr9	1	chr9_MATERNAL	1	chr9_PATERNAL
KMT2E	1	chr7	1	chr7_MATERNAL	1	chr7_PATERNAL
RARRES2	1	chr7	1	chr7_MATERNAL	1	chr7_PATERNAL
NMRAL1	1	chr16	1	chr16_MATERNAL	1	chr16_PATERNAL
PRKX	1	chrX	1	chrX_MATERNAL	0	None
LOC101060341	1	chr7	1	chr7_MATERNAL	1	chr7_PATERNAL
KIF21B	1	chr1	1	chr1_MATERNAL	1	chr1_PATERNAL
BHLHA15	1	chr7	1	chr7_MATERNAL	1	chr7_PATERNAL
NUTM2A	1	chr10	1	chr10_MATERNAL	1	chr10_PATERNAL
SLC23A1	1	chr5	1	chr5_MATERNAL	1	chr5_PATERNAL
STYX	1	chr14	1	chr14_MATERNAL	1	chr14_PATERNAL
LRP6	1	chr12	1	chr12_MATERNAL	1	chr12_PATERNAL
TP53BP2	1	chr1	1	chr1_MATERNAL	1	chr1_PATERNAL
CBR3	1	chr21	1	chr21_MATERNAL	1	chr21_PATERNAL
C11orf58	1	chr11	1	chr11_MATERNAL	1	chr11_PATERNAL
MTERF1	1	chr7	1	chr7_MATERNAL	1	chr7_PATERNAL
UBE2H	1	chr7	1	chr7_MATERNAL	1	chr7_PATERNAL
DNAL4	1	chr22	1	chr22_MATERNAL	1	chr22_PATERNAL
ATP5F1D	1	chr19	1	chr19_MATERNAL	1	chr19_PATERNAL
ARMH1	1	chr1	1	chr1_MATERNAL	1	chr1_PATERNAL
ARPC4-TTLL3	1	chr3	1	chr3_MATERNAL	1	chr3_PATERNAL
FOXL3	1	chr7	1	chr7_MATERNAL	1	chr7_PATERNAL
SRRT	1	chr7	1	chr7_MATERNAL	1	chr7_PATERNAL
LHFPL1	1	chrX	1	chrX_MATERNAL	0	None
TELO2	1	chr16	1	chr16_MATERNAL	1	chr16_PATERNAL
APOBEC3B	1	chr22	1	chr22_MATERNAL	1	chr22_PATERNAL
ACTR10	1	chr14	1	chr14_MATERNAL	1	chr14_PATERNAL
DNTT	1	chr10	1	chr10_MATERNAL	1	chr10_PATERNAL
SLC24A1	1	chr15	1	chr15_MATERNAL	1	chr15_PATERNAL
RSL1D1	1	chr16	1	chr16_MATERNAL	1	chr16_PATERNAL
RRP12	1	chr10	1	chr10_MATERNAL	1	chr10_PATERNAL
SON	1	chr21	1	chr21_MATERNAL	1	chr21_PATERNAL
RNF212B	1	chr14	1	chr14_MATERNAL	1	chr14_PATERNAL
NT5C1B-RDH14	1	chr2	1	chr2_MATERNAL	1	chr2_PATERNAL
ZBTB22	1	chr6	1	chr6_MATERNAL	1	chr6_PATERNAL
SLC15A2	1	chr3	1	chr3_MATERNAL	1	chr3_PATERNAL
NPIPB9	1	chr16	1	chr16_MATERNAL	1	chr16_PATERNAL
SPHK2	1	chr19	1	chr19_MATERNAL	1	chr19_PATERNAL
CORIN	1	chr4	1	chr4_MATERNAL	1	chr4_PATERNAL
TMEM79	1	chr1	1	chr1_MATERNAL	1	chr1_PATERNAL
MRGBP	1	chr20	1	chr20_MATERNAL	1	chr20_PATERNAL
CDYL	1	chr6	1	chr6_MATERNAL	1	chr6_PATERNAL
RNASE7	1	chr14	1	chr14_MATERNAL	1	chr14_PATERNAL
PLXND1	1	chr3	1	chr3_MATERNAL	1	chr3_PATERNAL
CTSG	1	chr14	1	chr14_MATERNAL	1	chr14_PATERNAL
IVD	1	chr15	1	chr15_MATERNAL	1	chr15_PATERNAL
MT1B	1	chr16	1	chr16_MATERNAL	1	chr16_PATERNAL
TRMT6	1	chr20	1	chr20_MATERNAL	1	chr20_PATERNAL
GRHPR	1	chr9	1	chr9_MATERNAL	1	chr9_PATERNAL
ZMYM4	1	chr1	1	chr1_MATERNAL	1	chr1_PATERNAL
KLC4	1	chr6	1	chr6_MATERNAL	1	chr6_PATERNAL
CD3D	1	chr11	1	chr11_MATERNAL	1	chr11_PATERNAL
PDE4A	1	chr19	1	chr19_MATERNAL	1	chr19_PATERNAL
SNAPC3	1	chr9	1	chr9_MATERNAL	1	chr9_PATERNAL
C10orf88	1	chr10	1	chr10_MATERNAL	1	chr10_PATERNAL
CCL24	1	chr7	1	chr7_MATERNAL	1	chr7_PATERNAL
ARMS2	1	chr10	1	chr10_MATERNAL	1	chr10_PATERNAL
LHX9	1	chr1	1	chr1_MATERNAL	1	chr1_PATERNAL
GARRE1	1	chr19	1	chr19_MATERNAL	1	chr19_PATERNAL
LIPK	1	chr10	1	chr10_MATERNAL	1	chr10_PATERNAL
KRT18	1	chr12	1	chr12_MATERNAL	1	chr12_PATERNAL
OSBPL9	1	chr1	1	chr1_MATERNAL	1	chr1_PATERNAL
CNDP2	1	chr18	1	chr18_MATERNAL	1	chr18_PATERNAL
HDC	1	chr15	1	chr15_MATERNAL	1	chr15_PATERNAL
SLC7A5	1	chr16	1	chr16_MATERNAL	1	chr16_PATERNAL
GIT1	1	chr17	1	chr17_MATERNAL	1	chr17_PATERNAL
NAP1L3	1	chrX	1	chrX_MATERNAL	0	None
BTBD10	1	chr11	1	chr11_MATERNAL	1	chr11_PATERNAL
RPL17	1	chr18	1	chr18_MATERNAL	1	chr18_PATERNAL
PDXP	1	chr22	1	chr22_MATERNAL	1	chr22_PATERNAL
TP53TG3F	1	chr16	1	chr16_MATERNAL	1	chr16_PATERNAL
INHBA	1	chr7	1	chr7_MATERNAL	1	chr7_PATERNAL
DES	1	chr2	1	chr2_MATERNAL	1	chr2_PATERNAL
SSX1	1	chrX	1	chrX_MATERNAL	0	None
MYCBPAP	1	chr17	1	chr17_MATERNAL	1	chr17_PATERNAL
UPK3A	1	chr22	1	chr22_MATERNAL	1	chr22_PATERNAL
BRD2	1	chr6	1	chr6_MATERNAL	1	chr6_PATERNAL
ZNF345	1	chr19	1	chr19_MATERNAL	1	chr19_PATERNAL
NHLRC4	1	chr16	1	chr16_MATERNAL	1	chr16_PATERNAL
SCFD1	1	chr14	1	chr14_MATERNAL	1	chr14_PATERNAL
BLCAP	1	chr20	1	chr20_MATERNAL	1	chr20_PATERNAL
HSF1	1	chr8	1	chr8_MATERNAL	1	chr8_PATERNAL
TMEM179	1	chr14	1	chr14_MATERNAL	1	chr14_PATERNAL
SDCBP	1	chr8	1	chr8_MATERNAL	1	chr8_PATERNAL
CCDC70	1	chr13	1	chr13_MATERNAL	1	chr13_PATERNAL
DIPK2A	1	chr3	1	chr3_MATERNAL	1	chr3_PATERNAL
CCDC92	1	chr12	1	chr12_MATERNAL	1	chr12_PATERNAL
SELP	1	chr1	1	chr1_MATERNAL	1	chr1_PATERNAL
AP2A2	1	chr11	1	chr11_MATERNAL	1	chr11_PATERNAL
BBS1	1	chr11	1	chr11_MATERNAL	1	chr11_PATERNAL
SWT1	1	chr1	1	chr1_MATERNAL	1	chr1_PATERNAL
FAM156A	1	chrX	1	chrX_MATERNAL	0	None
UVRAG	1	chr11	1	chr11_MATERNAL	1	chr11_PATERNAL
RUNDC3B	1	chr7	1	chr7_MATERNAL	1	chr7_PATERNAL
FAM98A	1	chr2	1	chr2_MATERNAL	1	chr2_PATERNAL
OR8K5	1	chr11	1	chr11_MATERNAL	1	chr11_PATERNAL
NOTCH1	1	chr9	1	chr9_MATERNAL	1	chr9_PATERNAL
HEXB	1	chr5	1	chr5_MATERNAL	1	chr5_PATERNAL
NUB1	1	chr7	1	chr7_MATERNAL	1	chr7_PATERNAL
PHYHD1	1	chr9	1	chr9_MATERNAL	1	chr9_PATERNAL
FAM111B	1	chr11	1	chr11_MATERNAL	1	chr11_PATERNAL
MARVELD3	1	chr16	1	chr16_MATERNAL	1	chr16_PATERNAL
CDC14A	1	chr1	1	chr1_MATERNAL	1	chr1_PATERNAL
PLD1	1	chr3	1	chr3_MATERNAL	1	chr3_PATERNAL
DPEP3	1	chr16	1	chr16_MATERNAL	1	chr16_PATERNAL
RAPGEF4	1	chr2	1	chr2_MATERNAL	1	chr2_PATERNAL
PKM	1	chr15	1	chr15_MATERNAL	1	chr15_PATERNAL
PHF20L1	1	chr8	1	chr8_MATERNAL	1	chr8_PATERNAL
LOC118142757	1	chr6	1	chr6_MATERNAL	1	chr6_PATERNAL
OR4F15	1	chr15	1	chr15_MATERNAL	1	chr15_PATERNAL
CCDC18	1	chr1	1	chr1_MATERNAL	1	chr1_PATERNAL
ERBIN	1	chr5	1	chr5_MATERNAL	1	chr5_PATERNAL
RALB	1	chr2	1	chr2_MATERNAL	1	chr2_PATERNAL
EPHB6	1	chr7	1	chr7_MATERNAL	1	chr7_PATERNAL
TMEM244	1	chr6	1	chr6_MATERNAL	1	chr6_PATERNAL
LEFTY2	1	chr1	1	chr1_MATERNAL	1	chr1_PATERNAL
LARS1	1	chr5	1	chr5_MATERNAL	1	chr5_PATERNAL
FAM131C	1	chr1	1	chr1_MATERNAL	1	chr1_PATERNAL
FAM90A7	1	chr8	1	chr8_MATERNAL	1	chr8_PATERNAL
ABL2	1	chr1	1	chr1_MATERNAL	1	chr1_PATERNAL
PSG4	1	chr19	1	chr19_MATERNAL	1	chr19_PATERNAL
PAGE2	1	chrX	1	chrX_MATERNAL	0	None
DEFB103B	2	chr8,chr8	1	chr8_MATERNAL	2	chr8_PATERNAL,chr8_PATERNAL
BTBD18	1	chr11	1	chr11_MATERNAL	1	chr11_PATERNAL
P2RY12	1	chr3	1	chr3_MATERNAL	1	chr3_PATERNAL
RASSF1	1	chr3	1	chr3_MATERNAL	1	chr3_PATERNAL
GAL3ST3	1	chr11	1	chr11_MATERNAL	1	chr11_PATERNAL
EFCAB3	1	chr17	1	chr17_MATERNAL	1	chr17_PATERNAL
GSDMA	1	chr17	1	chr17_MATERNAL	1	chr17_PATERNAL
PLXDC2	1	chr10	1	chr10_MATERNAL	1	chr10_PATERNAL
RBM22	1	chr5	1	chr5_MATERNAL	1	chr5_PATERNAL
C1QC	1	chr1	1	chr1_MATERNAL	1	chr1_PATERNAL
PNLDC1	1	chr6	1	chr6_MATERNAL	1	chr6_PATERNAL
MCRIP1	1	chr17	1	chr17_MATERNAL	1	chr17_PATERNAL
SKIV2L	1	chr6	1	chr6_MATERNAL	1	chr6_PATERNAL
RBPMS	1	chr8	1	chr8_MATERNAL	1	chr8_PATERNAL
CPB1	1	chr3	1	chr3_MATERNAL	1	chr3_PATERNAL
HAL	1	chr12	1	chr12_MATERNAL	1	chr12_PATERNAL
CERS1	1	chr19	1	chr19_MATERNAL	1	chr19_PATERNAL
TLR6	1	chr4	1	chr4_MATERNAL	1	chr4_PATERNAL
OR14K1	1	chr1	1	chr1_MATERNAL	1	chr1_PATERNAL
CASP9	1	chr1	1	chr1_MATERNAL	1	chr1_PATERNAL
TRAPPC14	1	chr7	1	chr7_MATERNAL	1	chr7_PATERNAL
TSSK3	1	chr1	1	chr1_MATERNAL	1	chr1_PATERNAL
SUMF1	1	chr3	1	chr3_MATERNAL	1	chr3_PATERNAL
MTARC2	1	chr1	1	chr1_MATERNAL	1	chr1_PATERNAL
PGA5	1	chr11	1	chr11_MATERNAL	1	chr11_PATERNAL
VPS39	1	chr15	1	chr15_MATERNAL	1	chr15_PATERNAL
HHIP	1	chr4	1	chr4_MATERNAL	1	chr4_PATERNAL
SMYD1	1	chr2	1	chr2_MATERNAL	1	chr2_PATERNAL
WFDC8	1	chr20	1	chr20_MATERNAL	1	chr20_PATERNAL
PTGIR	1	chr19	1	chr19_MATERNAL	1	chr19_PATERNAL
SLC39A2	1	chr14	1	chr14_MATERNAL	1	chr14_PATERNAL
CREB1	1	chr2	1	chr2_MATERNAL	1	chr2_PATERNAL
YWHAH	1	chr22	1	chr22_MATERNAL	1	chr22_PATERNAL
SCO2	1	chr22	1	chr22_MATERNAL	1	chr22_PATERNAL
EDDM13	1	chr19	1	chr19_MATERNAL	1	chr19_PATERNAL
SEC14L5	1	chr16	1	chr16_MATERNAL	1	chr16_PATERNAL
LDB1	1	chr10	1	chr10_MATERNAL	1	chr10_PATERNAL
IFNK	1	chr9	1	chr9_MATERNAL	1	chr9_PATERNAL
ITPR3	1	chr6	1	chr6_MATERNAL	1	chr6_PATERNAL
REEP6	1	chr19	1	chr19_MATERNAL	1	chr19_PATERNAL
FGF17	1	chr8	1	chr8_MATERNAL	1	chr8_PATERNAL
CCDC40	1	chr17	1	chr17_MATERNAL	1	chr17_PATERNAL
PRDX6	1	chr1	1	chr1_MATERNAL	1	chr1_PATERNAL
KIN	1	chr10	1	chr10_MATERNAL	1	chr10_PATERNAL
STIMATE	1	chr3	1	chr3_MATERNAL	1	chr3_PATERNAL
STAC3	1	chr12	1	chr12_MATERNAL	1	chr12_PATERNAL
C9orf152	1	chr9	1	chr9_MATERNAL	1	chr9_PATERNAL
IL4I1	1	chr19	1	chr19_MATERNAL	1	chr19_PATERNAL
CEBPA	1	chr19	1	chr19_MATERNAL	1	chr19_PATERNAL
EIF2B2	1	chr14	1	chr14_MATERNAL	1	chr14_PATERNAL
SNCAIP	1	chr5	1	chr5_MATERNAL	1	chr5_PATERNAL
LOC124902942	1	chr12	1	chr12_MATERNAL	1	chr12_PATERNAL
UNC93B1	1	chr11	1	chr11_MATERNAL	1	chr11_PATERNAL
PLA2G4C	1	chr19	1	chr19_MATERNAL	1	chr19_PATERNAL
OR10AG1	1	chr11	1	chr11_MATERNAL	1	chr11_PATERNAL
KAT14	1	chr20	1	chr20_MATERNAL	1	chr20_PATERNAL
C3orf85	1	chr3	1	chr3_MATERNAL	1	chr3_PATERNAL
RHEBL1	1	chr12	1	chr12_MATERNAL	1	chr12_PATERNAL
SANBR	1	chr2	1	chr2_MATERNAL	1	chr2_PATERNAL
LOC124904770	1	chr19	1	chr19_MATERNAL	1	chr19_PATERNAL
LEMD3	1	chr12	1	chr12_MATERNAL	1	chr12_PATERNAL
SH3D21	1	chr1	1	chr1_MATERNAL	1	chr1_PATERNAL
KRT37	1	chr17	1	chr17_MATERNAL	1	chr17_PATERNAL
EHD2	1	chr19	1	chr19_MATERNAL	1	chr19_PATERNAL
NOCT	1	chr4	1	chr4_MATERNAL	1	chr4_PATERNAL
MPZL3	1	chr11	1	chr11_MATERNAL	1	chr11_PATERNAL
FAM205A	1	chr9	1	chr9_MATERNAL	1	chr9_PATERNAL
QPRT	1	chr16	1	chr16_MATERNAL	1	chr16_PATERNAL
AGBL2	1	chr11	1	chr11_MATERNAL	1	chr11_PATERNAL
LLGL1	1	chr17	1	chr17_MATERNAL	1	chr17_PATERNAL
GIPC3	1	chr19	1	chr19_MATERNAL	1	chr19_PATERNAL
COL9A1	1	chr6	1	chr6_MATERNAL	1	chr6_PATERNAL
LOC100421372	1	chr10	1	chr10_MATERNAL	1	chr10_PATERNAL
PUS10	1	chr2	1	chr2_MATERNAL	1	chr2_PATERNAL
BTAF1	1	chr10	1	chr10_MATERNAL	1	chr10_PATERNAL
CCNJ	1	chr10	1	chr10_MATERNAL	1	chr10_PATERNAL
CUZD1	1	chr10	1	chr10_MATERNAL	1	chr10_PATERNAL
LZTS1	1	chr8	1	chr8_MATERNAL	1	chr8_PATERNAL
LYPD6B	1	chr2	1	chr2_MATERNAL	1	chr2_PATERNAL
RAB5C	1	chr17	1	chr17_MATERNAL	1	chr17_PATERNAL
IRGQ	1	chr19	1	chr19_MATERNAL	1	chr19_PATERNAL
IL20	1	chr1	1	chr1_MATERNAL	1	chr1_PATERNAL
LOC112694756	1	chr16	1	chr16_MATERNAL	1	chr16_PATERNAL
MPV17L2	1	chr19	1	chr19_MATERNAL	1	chr19_PATERNAL
RPP40	1	chr6	1	chr6_MATERNAL	1	chr6_PATERNAL
GRID2	1	chr4	1	chr4_MATERNAL	1	chr4_PATERNAL
UBASH3B	1	chr11	1	chr11_MATERNAL	1	chr11_PATERNAL
TLX1	1	chr10	1	chr10_MATERNAL	1	chr10_PATERNAL
TUBE1	1	chr6	1	chr6_MATERNAL	1	chr6_PATERNAL
C1D	1	chr2	1	chr2_MATERNAL	1	chr2_PATERNAL
ZC3H15	1	chr2	1	chr2_MATERNAL	1	chr2_PATERNAL
KIAA1210	1	chrX	1	chrX_MATERNAL	0	None
TMEM196	1	chr7	1	chr7_MATERNAL	1	chr7_PATERNAL
OR52E2	1	chr11	1	chr11_MATERNAL	1	chr11_PATERNAL
AKIRIN2	1	chr6	1	chr6_MATERNAL	1	chr6_PATERNAL
ARL13B	1	chr3	1	chr3_MATERNAL	1	chr3_PATERNAL
ZNF555	1	chr19	1	chr19_MATERNAL	1	chr19_PATERNAL
GSE1	1	chr16	1	chr16_MATERNAL	1	chr16_PATERNAL
TYRP1	1	chr9	1	chr9_MATERNAL	1	chr9_PATERNAL
PAX9	1	chr14	1	chr14_MATERNAL	1	chr14_PATERNAL
UBE2W	1	chr8	1	chr8_MATERNAL	1	chr8_PATERNAL
CST3	1	chr20	1	chr20_MATERNAL	1	chr20_PATERNAL
LOC101929627	3	chr8,chr8,chr8	3	chr8_MATERNAL,chr8_MATERNAL,chr8_MATERNAL	1	chr8_PATERNAL
KIT	1	chr4	1	chr4_MATERNAL	1	chr4_PATERNAL
ANKRD55	1	chr5	1	chr5_MATERNAL	1	chr5_PATERNAL
F11	1	chr4	1	chr4_MATERNAL	1	chr4_PATERNAL
RPL36A-HNRNPH2	1	chrX	1	chrX_MATERNAL	0	None
MAB21L2	1	chr4	1	chr4_MATERNAL	1	chr4_PATERNAL
FAM110B	1	chr8	1	chr8_MATERNAL	1	chr8_PATERNAL
OR1B1	1	chr9	1	chr9_MATERNAL	1	chr9_PATERNAL
EIF5A	1	chr17	1	chr17_MATERNAL	1	chr17_PATERNAL
CMIP	1	chr16	1	chr16_MATERNAL	1	chr16_PATERNAL
H4C11	1	chr6	1	chr6_MATERNAL	1	chr6_PATERNAL
DDAH2	1	chr6	1	chr6_MATERNAL	1	chr6_PATERNAL
NOSTRIN	1	chr2	1	chr2_MATERNAL	1	chr2_PATERNAL
EFNA5	1	chr5	1	chr5_MATERNAL	1	chr5_PATERNAL
INTS1	1	chr7	1	chr7_MATERNAL	1	chr7_PATERNAL
PPP1R3G	1	chr6	1	chr6_MATERNAL	1	chr6_PATERNAL
MICOS10	1	chr1	1	chr1_MATERNAL	1	chr1_PATERNAL
RSPH1	1	chr21	1	chr21_MATERNAL	1	chr21_PATERNAL
AK4	1	chr1	1	chr1_MATERNAL	1	chr1_PATERNAL
CTSC	1	chr11	1	chr11_MATERNAL	1	chr11_PATERNAL
CDAN1	1	chr15	1	chr15_MATERNAL	1	chr15_PATERNAL
MDM2	1	chr12	1	chr12_MATERNAL	1	chr12_PATERNAL
MYLIP	1	chr6	1	chr6_MATERNAL	1	chr6_PATERNAL
LMBR1	1	chr7	1	chr7_MATERNAL	1	chr7_PATERNAL
RUNDC1	1	chr17	1	chr17_MATERNAL	1	chr17_PATERNAL
PLCZ1	1	chr12	1	chr12_MATERNAL	1	chr12_PATERNAL
HTR1D	1	chr1	1	chr1_MATERNAL	1	chr1_PATERNAL
LPAR6	1	chr13	1	chr13_MATERNAL	1	chr13_PATERNAL
PHACTR4	1	chr1	1	chr1_MATERNAL	1	chr1_PATERNAL
TNP1	1	chr2	1	chr2_MATERNAL	1	chr2_PATERNAL
PEDS1-UBE2V1	1	chr20	1	chr20_MATERNAL	1	chr20_PATERNAL
SMIM43	1	chr4	1	chr4_MATERNAL	1	chr4_PATERNAL
SLC17A6	1	chr11	1	chr11_MATERNAL	1	chr11_PATERNAL
ANKRD11	1	chr16	1	chr16_MATERNAL	1	chr16_PATERNAL
AQP5	1	chr12	1	chr12_MATERNAL	1	chr12_PATERNAL
TERF2	1	chr16	1	chr16_MATERNAL	1	chr16_PATERNAL
C3orf49	1	chr3	1	chr3_MATERNAL	1	chr3_PATERNAL
MIGA1	1	chr1	1	chr1_MATERNAL	1	chr1_PATERNAL
RGN	1	chrX	1	chrX_MATERNAL	0	None
LYPD4	1	chr19	1	chr19_MATERNAL	1	chr19_PATERNAL
NXF1	1	chr11	1	chr11_MATERNAL	1	chr11_PATERNAL
SCAMP2	1	chr15	1	chr15_MATERNAL	1	chr15_PATERNAL
TIMMDC1	1	chr3	1	chr3_MATERNAL	1	chr3_PATERNAL
SLC15A5	1	chr12	1	chr12_MATERNAL	1	chr12_PATERNAL
ROPN1B	1	chr3	1	chr3_MATERNAL	1	chr3_PATERNAL
REG4	1	chr1	1	chr1_MATERNAL	1	chr1_PATERNAL
UGT2A2	1	chr4	1	chr4_MATERNAL	1	chr4_PATERNAL
NEK1	1	chr4	1	chr4_MATERNAL	1	chr4_PATERNAL
CDH7	1	chr18	1	chr18_MATERNAL	1	chr18_PATERNAL
LOC124900855	1	chr4	1	chr4_MATERNAL	1	chr4_PATERNAL
WARS1	1	chr14	1	chr14_MATERNAL	1	chr14_PATERNAL
SDCBP2	1	chr20	1	chr20_MATERNAL	1	chr20_PATERNAL
NPEPPS	1	chr17	1	chr17_MATERNAL	1	chr17_PATERNAL
STMN4	1	chr8	1	chr8_MATERNAL	1	chr8_PATERNAL
NALF2	1	chrX	1	chrX_MATERNAL	0	None
CTSZ	1	chr20	1	chr20_MATERNAL	1	chr20_PATERNAL
KBTBD4	1	chr11	1	chr11_MATERNAL	1	chr11_PATERNAL
FGF9	1	chr13	1	chr13_MATERNAL	1	chr13_PATERNAL
PUS7L	1	chr12	1	chr12_MATERNAL	1	chr12_PATERNAL
IDH3B	1	chr20	1	chr20_MATERNAL	1	chr20_PATERNAL
KICS2	1	chr12	1	chr12_MATERNAL	1	chr12_PATERNAL
CCDC96	1	chr4	1	chr4_MATERNAL	1	chr4_PATERNAL
AP2M1	1	chr3	1	chr3_MATERNAL	1	chr3_PATERNAL
HNRNPH1	1	chr5	1	chr5_MATERNAL	1	chr5_PATERNAL
VSIG1	1	chrX	1	chrX_MATERNAL	0	None
TRIM46	1	chr1	1	chr1_MATERNAL	1	chr1_PATERNAL
TSN	1	chr2	1	chr2_MATERNAL	1	chr2_PATERNAL
LOC112268260	1	chr1	2	chr1_MATERNAL,chr8_MATERNAL	1	chr1_PATERNAL
ZNF570	1	chr19	1	chr19_MATERNAL	1	chr19_PATERNAL
ZNF326	1	chr1	1	chr1_MATERNAL	1	chr1_PATERNAL
DNAJC21	1	chr5	1	chr5_MATERNAL	1	chr5_PATERNAL
ZNF285	1	chr19	1	chr19_MATERNAL	1	chr19_PATERNAL
ZNF599	1	chr19	1	chr19_MATERNAL	1	chr19_PATERNAL
KIF2C	1	chr1	1	chr1_MATERNAL	1	chr1_PATERNAL
SLC25A11	1	chr17	1	chr17_MATERNAL	1	chr17_PATERNAL
APLP2	1	chr11	1	chr11_MATERNAL	1	chr11_PATERNAL
CLDN2	1	chrX	1	chrX_MATERNAL	0	None
MPZL2	1	chr11	1	chr11_MATERNAL	1	chr11_PATERNAL
PILRB	1	chr7	1	chr7_MATERNAL	1	chr7_PATERNAL
PSAP	1	chr10	1	chr10_MATERNAL	1	chr10_PATERNAL
ITGB3	1	chr17	1	chr17_MATERNAL	1	chr17_PATERNAL
QSOX1	1	chr1	1	chr1_MATERNAL	1	chr1_PATERNAL
MED14	1	chrX	1	chrX_MATERNAL	0	None
GUCD1	1	chr22	1	chr22_MATERNAL	1	chr22_PATERNAL
SLC25A47	1	chr14	1	chr14_MATERNAL	1	chr14_PATERNAL
KRTAP21-2	1	chr21	1	chr21_MATERNAL	1	chr21_PATERNAL
ZFYVE28	1	chr4	1	chr4_MATERNAL	1	chr4_PATERNAL
TMEM232	1	chr5	1	chr5_MATERNAL	1	chr5_PATERNAL
ATG2A	1	chr11	1	chr11_MATERNAL	1	chr11_PATERNAL
GDF3	1	chr12	1	chr12_MATERNAL	1	chr12_PATERNAL
VTI1A	1	chr10	1	chr10_MATERNAL	1	chr10_PATERNAL
SHC2	1	chr19	1	chr19_MATERNAL	1	chr19_PATERNAL
NAV2	1	chr11	1	chr11_MATERNAL	1	chr11_PATERNAL
RPL23A	1	chr17	1	chr17_MATERNAL	1	chr17_PATERNAL
ZC3H6	1	chr2	1	chr2_MATERNAL	1	chr2_PATERNAL
OR4K2	1	chr14	2	chr14_MATERNAL,chr14_MATERNAL	2	chr14_PATERNAL,chr14_PATERNAL
TEX29	1	chr13	1	chr13_MATERNAL	1	chr13_PATERNAL
SGCG	1	chr13	1	chr13_MATERNAL	1	chr13_PATERNAL
USP34	1	chr2	1	chr2_MATERNAL	1	chr2_PATERNAL
MESD	1	chr15	1	chr15_MATERNAL	1	chr15_PATERNAL
RNF146	1	chr6	1	chr6_MATERNAL	1	chr6_PATERNAL
ISYNA1	1	chr19	1	chr19_MATERNAL	1	chr19_PATERNAL
ARHGEF26	1	chr3	1	chr3_MATERNAL	1	chr3_PATERNAL
PLOD1	1	chr1	1	chr1_MATERNAL	1	chr1_PATERNAL
ITGA4	1	chr2	1	chr2_MATERNAL	1	chr2_PATERNAL
TLCD2	1	chr17	1	chr17_MATERNAL	1	chr17_PATERNAL
PDZK1	1	chr1	1	chr1_MATERNAL	1	chr1_PATERNAL
GBP6	1	chr1	1	chr1_MATERNAL	1	chr1_PATERNAL
FNBP1	1	chr9	1	chr9_MATERNAL	1	chr9_PATERNAL
OR2M3	1	chr1	1	chr1_MATERNAL	1	chr1_PATERNAL
CALR3	1	chr19	1	chr19_MATERNAL	1	chr19_PATERNAL
LIN9	1	chr1	1	chr1_MATERNAL	1	chr1_PATERNAL
FEM1C	1	chr5	1	chr5_MATERNAL	1	chr5_PATERNAL
SLC26A1	1	chr4	1	chr4_MATERNAL	1	chr4_PATERNAL
RIMS2	1	chr8	1	chr8_MATERNAL	1	chr8_PATERNAL
IFITM3	1	chr11	1	chr11_MATERNAL	1	chr11_PATERNAL
PHAF1	1	chr16	1	chr16_MATERNAL	1	chr16_PATERNAL
NGRN	1	chr15	1	chr15_MATERNAL	1	chr15_PATERNAL
TTC23	1	chr15	1	chr15_MATERNAL	1	chr15_PATERNAL
TAGAP	1	chr6	1	chr6_MATERNAL	1	chr6_PATERNAL
PRPF8	1	chr17	1	chr17_MATERNAL	1	chr17_PATERNAL
TBCD	1	chr17	1	chr17_MATERNAL	1	chr17_PATERNAL
MBNL3	1	chrX	1	chrX_MATERNAL	0	None
BPIFA1	1	chr20	1	chr20_MATERNAL	1	chr20_PATERNAL
LSM7	1	chr19	1	chr19_MATERNAL	1	chr19_PATERNAL
DACH1	1	chr13	1	chr13_MATERNAL	1	chr13_PATERNAL
LOC124902693	1	chr11	1	chr11_MATERNAL	1	chr11_PATERNAL
AASS	1	chr7	1	chr7_MATERNAL	1	chr7_PATERNAL
RFC5	1	chr12	1	chr12_MATERNAL	1	chr12_PATERNAL
ELAVL1	1	chr19	1	chr19_MATERNAL	1	chr19_PATERNAL
LOC124903441	1	chr15	1	chr15_MATERNAL	1	chr15_PATERNAL
BNIP1	1	chr5	1	chr5_MATERNAL	1	chr5_PATERNAL
PRG3	1	chr11	1	chr11_MATERNAL	1	chr11_PATERNAL
KCNMB1	1	chr5	1	chr5_MATERNAL	1	chr5_PATERNAL
ZNF263	1	chr16	1	chr16_MATERNAL	1	chr16_PATERNAL
HPDL	1	chr1	1	chr1_MATERNAL	1	chr1_PATERNAL
RHOT1	1	chr17	1	chr17_MATERNAL	1	chr17_PATERNAL
CENPE	1	chr4	1	chr4_MATERNAL	1	chr4_PATERNAL
MAGEA2	1	chrX	1	chrX_MATERNAL	0	None
LDLR	1	chr19	1	chr19_MATERNAL	1	chr19_PATERNAL
FGF11	1	chr17	1	chr17_MATERNAL	1	chr17_PATERNAL
TMEM216	1	chr11	1	chr11_MATERNAL	1	chr11_PATERNAL
ZDHHC2	1	chr8	1	chr8_MATERNAL	1	chr8_PATERNAL
MOSPD3	1	chr7	1	chr7_MATERNAL	1	chr7_PATERNAL
PAF1	1	chr19	1	chr19_MATERNAL	1	chr19_PATERNAL
TMEM132D	1	chr12	1	chr12_MATERNAL	1	chr12_PATERNAL
SMC5	1	chr9	1	chr9_MATERNAL	1	chr9_PATERNAL
PLG	1	chr6	1	chr6_MATERNAL	1	chr6_PATERNAL
NCAPG2	1	chr7	1	chr7_MATERNAL	1	chr7_PATERNAL
BUD31	1	chr7	1	chr7_MATERNAL	1	chr7_PATERNAL
FZD3	1	chr8	1	chr8_MATERNAL	1	chr8_PATERNAL
VGLL2	1	chr6	1	chr6_MATERNAL	1	chr6_PATERNAL
RPS27L	1	chr15	1	chr15_MATERNAL	1	chr15_PATERNAL
SMPDL3B	1	chr1	1	chr1_MATERNAL	1	chr1_PATERNAL
SCN5A	1	chr3	1	chr3_MATERNAL	1	chr3_PATERNAL
OR7E24	1	chr19	1	chr19_MATERNAL	1	chr19_PATERNAL
LYPD8	1	chr1	1	chr1_MATERNAL	1	chr1_PATERNAL
MAFB	1	chr20	1	chr20_MATERNAL	1	chr20_PATERNAL
KCNG2	1	chr18	1	chr18_MATERNAL	1	chr18_PATERNAL
PPP3CA	1	chr4	1	chr4_MATERNAL	1	chr4_PATERNAL
DLX4	1	chr17	1	chr17_MATERNAL	1	chr17_PATERNAL
GC	1	chr4	1	chr4_MATERNAL	1	chr4_PATERNAL
CSNK1A1L	1	chr13	1	chr13_MATERNAL	1	chr13_PATERNAL
NDUFAF8	1	chr17	1	chr17_MATERNAL	1	chr17_PATERNAL
MAGEA11	1	chrX	1	chrX_MATERNAL	0	None
DNAH1	1	chr3	1	chr3_MATERNAL	1	chr3_PATERNAL
IFTAP	1	chr11	1	chr11_MATERNAL	1	chr11_PATERNAL
ZNF275	1	chrX	1	chrX_MATERNAL	0	None
PPM1J	1	chr1	1	chr1_MATERNAL	1	chr1_PATERNAL
MOG	1	chr6	1	chr6_MATERNAL	1	chr6_PATERNAL
RIMKLB	1	chr12	1	chr12_MATERNAL	1	chr12_PATERNAL
ZNF830	1	chr17	1	chr17_MATERNAL	1	chr17_PATERNAL
ENO2	1	chr12	1	chr12_MATERNAL	1	chr12_PATERNAL
TAF1D	1	chr11	1	chr11_MATERNAL	1	chr11_PATERNAL
PDCD1	1	chr2	1	chr2_MATERNAL	1	chr2_PATERNAL
CDC42BPA	1	chr1	1	chr1_MATERNAL	1	chr1_PATERNAL
ARPC4	1	chr3	1	chr3_MATERNAL	1	chr3_PATERNAL
RPRD1A	1	chr18	1	chr18_MATERNAL	1	chr18_PATERNAL
SLC2A10	1	chr20	1	chr20_MATERNAL	1	chr20_PATERNAL
AP1S1	1	chr7	1	chr7_MATERNAL	1	chr7_PATERNAL
RAB33B	1	chr4	1	chr4_MATERNAL	1	chr4_PATERNAL
SLCO2A1	1	chr3	1	chr3_MATERNAL	1	chr3_PATERNAL
DDT	1	chr22	1	chr22_MATERNAL	1	chr22_PATERNAL
ZNF7	1	chr8	1	chr8_MATERNAL	1	chr8_PATERNAL
GAS8	1	chr16	1	chr16_MATERNAL	1	chr16_PATERNAL
USP42	1	chr7	1	chr7_MATERNAL	1	chr7_PATERNAL
KXD1	1	chr19	1	chr19_MATERNAL	1	chr19_PATERNAL
OR10X1	1	chr1	1	chr1_MATERNAL	1	chr1_PATERNAL
CHRDL1	1	chrX	1	chrX_MATERNAL	0	None
ECHDC2	1	chr1	1	chr1_MATERNAL	1	chr1_PATERNAL
ZXDA	1	chrX	1	chrX_MATERNAL	0	None
UBA7	1	chr3	1	chr3_MATERNAL	1	chr3_PATERNAL
C21orf91	1	chr21	1	chr21_MATERNAL	1	chr21_PATERNAL
TONSL	1	chr8	1	chr8_MATERNAL	1	chr8_PATERNAL
GRM3	1	chr7	1	chr7_MATERNAL	1	chr7_PATERNAL
PNPO	1	chr17	1	chr17_MATERNAL	1	chr17_PATERNAL
CYLC1	1	chrX	1	chrX_MATERNAL	0	None
XCL2	1	chr1	1	chr1_MATERNAL	1	chr1_PATERNAL
LOC124903450	1	chr15	1	chr15_MATERNAL	1	chr15_PATERNAL
IL36B	1	chr2	1	chr2_MATERNAL	1	chr2_PATERNAL
NEMF	1	chr14	1	chr14_MATERNAL	1	chr14_PATERNAL
OR52L1	1	chr11	1	chr11_MATERNAL	1	chr11_PATERNAL
TLE1	1	chr9	1	chr9_MATERNAL	1	chr9_PATERNAL
VCX3A	1	chrX	1	chrX_MATERNAL	0	None
ELP1	1	chr9	1	chr9_MATERNAL	1	chr9_PATERNAL
SLC7A14	1	chr3	1	chr3_MATERNAL	1	chr3_PATERNAL
SOX9	1	chr17	1	chr17_MATERNAL	1	chr17_PATERNAL
E2F7	1	chr12	1	chr12_MATERNAL	1	chr12_PATERNAL
SORBS1	1	chr10	1	chr10_MATERNAL	1	chr10_PATERNAL
RIPPLY1	1	chrX	1	chrX_MATERNAL	0	None
QARS1	1	chr3	1	chr3_MATERNAL	1	chr3_PATERNAL
SLC5A8	1	chr12	1	chr12_MATERNAL	1	chr12_PATERNAL
NFIB	1	chr9	1	chr9_MATERNAL	1	chr9_PATERNAL
APOLD1	1	chr12	1	chr12_MATERNAL	1	chr12_PATERNAL
ACAN	1	chr15	1	chr15_MATERNAL	1	chr15_PATERNAL
ZFP36L2	1	chr2	1	chr2_MATERNAL	1	chr2_PATERNAL
REC114	1	chr15	1	chr15_MATERNAL	1	chr15_PATERNAL
OCM2	1	chr7	1	chr7_MATERNAL	1	chr7_PATERNAL
PCCA	1	chr13	1	chr13_MATERNAL	1	chr13_PATERNAL
FBF1	1	chr17	1	chr17_MATERNAL	1	chr17_PATERNAL
SPATA31D3	1	chr9	1	chr9_MATERNAL	1	chr9_PATERNAL
SMARCD1	1	chr12	1	chr12_MATERNAL	1	chr12_PATERNAL
FCER2	1	chr19	1	chr19_MATERNAL	1	chr19_PATERNAL
WTIP	1	chr19	1	chr19_MATERNAL	1	chr19_PATERNAL
TMEM266	1	chr15	1	chr15_MATERNAL	1	chr15_PATERNAL
RALYL	1	chr8	1	chr8_MATERNAL	1	chr8_PATERNAL
USH2A	1	chr1	1	chr1_MATERNAL	1	chr1_PATERNAL
SUN3	1	chr7	1	chr7_MATERNAL	1	chr7_PATERNAL
ZNF469	1	chr16	1	chr16_MATERNAL	1	chr16_PATERNAL
OR4K13	1	chr14	1	chr14_MATERNAL	1	chr14_PATERNAL
OR13C3	1	chr9	1	chr9_MATERNAL	1	chr9_PATERNAL
CRNKL1	1	chr20	1	chr20_MATERNAL	1	chr20_PATERNAL
STEAP1B	1	chr7	1	chr7_MATERNAL	1	chr7_PATERNAL
EN2	1	chr7	1	chr7_MATERNAL	1	chr7_PATERNAL
FN3K	1	chr17	1	chr17_MATERNAL	1	chr17_PATERNAL
PSTPIP2	1	chr18	1	chr18_MATERNAL	1	chr18_PATERNAL
DZIP3	1	chr3	1	chr3_MATERNAL	1	chr3_PATERNAL
TRPS1	1	chr8	1	chr8_MATERNAL	1	chr8_PATERNAL
PHF21A	1	chr11	1	chr11_MATERNAL	1	chr11_PATERNAL
PLAU	1	chr10	1	chr10_MATERNAL	1	chr10_PATERNAL
ATF3	1	chr1	1	chr1_MATERNAL	1	chr1_PATERNAL
ZNF576	1	chr19	1	chr19_MATERNAL	1	chr19_PATERNAL
TMEM225	1	chr11	1	chr11_MATERNAL	1	chr11_PATERNAL
YKT6	1	chr7	1	chr7_MATERNAL	1	chr7_PATERNAL
NCKIPSD	1	chr3	1	chr3_MATERNAL	1	chr3_PATERNAL
PLPP1	1	chr5	1	chr5_MATERNAL	1	chr5_PATERNAL
LOC124902461	1	chr10	1	chr10_MATERNAL	1	chr10_PATERNAL
XXYLT1	1	chr3	1	chr3_MATERNAL	1	chr3_PATERNAL
NEK2	1	chr1	1	chr1_MATERNAL	1	chr1_PATERNAL
C20orf173	1	chr20	1	chr20_MATERNAL	1	chr20_PATERNAL
TMEM71	1	chr8	1	chr8_MATERNAL	1	chr8_PATERNAL
PMEL	1	chr12	1	chr12_MATERNAL	1	chr12_PATERNAL
PCBD2	1	chr5	1	chr5_MATERNAL	1	chr5_PATERNAL
SMG7	1	chr1	1	chr1_MATERNAL	1	chr1_PATERNAL
HMGCLL1	1	chr6	1	chr6_MATERNAL	1	chr6_PATERNAL
AQP12B	1	chr2	1	chr2_MATERNAL	1	chr2_PATERNAL
UBXN4	1	chr2	1	chr2_MATERNAL	1	chr2_PATERNAL
OR11H12	1	chr14	1	chr14_MATERNAL	1	chr14_PATERNAL
FIP1L1	1	chr4	1	chr4_MATERNAL	1	chr4_PATERNAL
GABPB2	1	chr1	1	chr1_MATERNAL	1	chr1_PATERNAL
LYVE1	1	chr11	1	chr11_MATERNAL	1	chr11_PATERNAL
CEP164	1	chr11	1	chr11_MATERNAL	1	chr11_PATERNAL
ST13	1	chr22	1	chr22_MATERNAL	1	chr22_PATERNAL
KLF17	1	chr1	1	chr1_MATERNAL	1	chr1_PATERNAL
PIK3CG	1	chr7	1	chr7_MATERNAL	1	chr7_PATERNAL
CLDN9	1	chr16	1	chr16_MATERNAL	1	chr16_PATERNAL
EXO5	1	chr1	1	chr1_MATERNAL	1	chr1_PATERNAL
MUCL1	1	chr12	1	chr12_MATERNAL	1	chr12_PATERNAL
AGO1	1	chr1	1	chr1_MATERNAL	1	chr1_PATERNAL
TARS1	1	chr5	1	chr5_MATERNAL	1	chr5_PATERNAL
C1orf94	1	chr1	1	chr1_MATERNAL	1	chr1_PATERNAL
OR2L5	1	chr1	1	chr1_MATERNAL	1	chr1_PATERNAL
OR5D18	1	chr11	1	chr11_MATERNAL	1	chr11_PATERNAL
C1QTNF8	1	chr16	1	chr16_MATERNAL	1	chr16_PATERNAL
CAAP1	1	chr9	1	chr9_MATERNAL	1	chr9_PATERNAL
AMN1	1	chr12	1	chr12_MATERNAL	1	chr12_PATERNAL
ITPRID2	1	chr2	1	chr2_MATERNAL	1	chr2_PATERNAL
LRRK2	1	chr12	1	chr12_MATERNAL	1	chr12_PATERNAL
RIMBP3B	1	chr22	1	chr22_MATERNAL	1	chr22_PATERNAL
RETREG1	1	chr5	1	chr5_MATERNAL	1	chr5_PATERNAL
DCTN5	1	chr16	1	chr16_MATERNAL	1	chr16_PATERNAL
ATP6V0D1	1	chr16	1	chr16_MATERNAL	1	chr16_PATERNAL
TRAF3	1	chr14	1	chr14_MATERNAL	1	chr14_PATERNAL
NOXO1	1	chr16	1	chr16_MATERNAL	1	chr16_PATERNAL
ARRDC3	1	chr5	1	chr5_MATERNAL	1	chr5_PATERNAL
KIR2DL3	1	chr19	1	chr19_MATERNAL	1	chr19_PATERNAL
IMP3	1	chr15	1	chr15_MATERNAL	1	chr15_PATERNAL
SPIRE1	1	chr18	1	chr18_MATERNAL	1	chr18_PATERNAL
MAP3K19	1	chr2	1	chr2_MATERNAL	1	chr2_PATERNAL
WDR3	1	chr1	1	chr1_MATERNAL	1	chr1_PATERNAL
PITPNB	1	chr22	1	chr22_MATERNAL	1	chr22_PATERNAL
MDFIC2	1	chr3	1	chr3_MATERNAL	1	chr3_PATERNAL
PFDN1	1	chr5	1	chr5_MATERNAL	1	chr5_PATERNAL
SLC35F6	1	chr2	1	chr2_MATERNAL	1	chr2_PATERNAL
EIF4E	1	chr4	1	chr4_MATERNAL	1	chr4_PATERNAL
ADGRA1	1	chr10	1	chr10_MATERNAL	1	chr10_PATERNAL
PAPPA2	1	chr1	1	chr1_MATERNAL	1	chr1_PATERNAL
C16orf95	1	chr16	1	chr16_MATERNAL	1	chr16_PATERNAL
PDE1B	1	chr12	1	chr12_MATERNAL	1	chr12_PATERNAL
PANX1	1	chr11	1	chr11_MATERNAL	1	chr11_PATERNAL
GPATCH1	1	chr19	1	chr19_MATERNAL	1	chr19_PATERNAL
RAD1	1	chr5	1	chr5_MATERNAL	1	chr5_PATERNAL
ALDH8A1	1	chr6	1	chr6_MATERNAL	1	chr6_PATERNAL
ADORA2B	1	chr17	1	chr17_MATERNAL	1	chr17_PATERNAL
FGG	1	chr4	1	chr4_MATERNAL	1	chr4_PATERNAL
RPUSD3	1	chr3	1	chr3_MATERNAL	1	chr3_PATERNAL
GNA15	1	chr19	1	chr19_MATERNAL	1	chr19_PATERNAL
PTGR3	1	chr18	1	chr18_MATERNAL	1	chr18_PATERNAL
TFB1M	1	chr6	1	chr6_MATERNAL	1	chr6_PATERNAL
AMOTL1	1	chr11	1	chr11_MATERNAL	1	chr11_PATERNAL
DEFB132	1	chr20	1	chr20_MATERNAL	1	chr20_PATERNAL
DAB2IP	1	chr9	1	chr9_MATERNAL	1	chr9_PATERNAL
ZNF541	1	chr19	1	chr19_MATERNAL	1	chr19_PATERNAL
MTFR2	1	chr6	1	chr6_MATERNAL	1	chr6_PATERNAL
RNF224	1	chr9	1	chr9_MATERNAL	1	chr9_PATERNAL
ASCL2	1	chr11	1	chr11_MATERNAL	1	chr11_PATERNAL
PPP1R3A	1	chr7	1	chr7_MATERNAL	1	chr7_PATERNAL
TUBA4B	1	chr2	1	chr2_MATERNAL	1	chr2_PATERNAL
FOLR3	1	chr11	1	chr11_MATERNAL	1	chr11_PATERNAL
AMPD1	1	chr1	1	chr1_MATERNAL	1	chr1_PATERNAL
CDH26	1	chr20	1	chr20_MATERNAL	1	chr20_PATERNAL
ZNF385B	1	chr2	1	chr2_MATERNAL	1	chr2_PATERNAL
C12orf29	1	chr12	1	chr12_MATERNAL	1	chr12_PATERNAL
SPATA25	1	chr20	1	chr20_MATERNAL	1	chr20_PATERNAL
GATA4	1	chr8	1	chr8_MATERNAL	1	chr8_PATERNAL
DCDC2	1	chr6	1	chr6_MATERNAL	1	chr6_PATERNAL
LOC124904532	1	chr1	1	chr1_MATERNAL	1	chr1_PATERNAL
RBMS1	1	chr2	1	chr2_MATERNAL	1	chr2_PATERNAL
GYS1	1	chr19	1	chr19_MATERNAL	1	chr19_PATERNAL
TUSC1	1	chr9	1	chr9_MATERNAL	1	chr9_PATERNAL
LSM12	1	chr17	1	chr17_MATERNAL	1	chr17_PATERNAL
WBP2	1	chr17	1	chr17_MATERNAL	1	chr17_PATERNAL
LIN37	1	chr19	1	chr19_MATERNAL	1	chr19_PATERNAL
NEUROD1	1	chr2	1	chr2_MATERNAL	1	chr2_PATERNAL
FAM9C	1	chrX	1	chrX_MATERNAL	0	None
SMPD2	1	chr6	1	chr6_MATERNAL	1	chr6_PATERNAL
EYA3	1	chr1	1	chr1_MATERNAL	1	chr1_PATERNAL
CLNS1A	1	chr11	1	chr11_MATERNAL	1	chr11_PATERNAL
TIMP1	1	chrX	1	chrX_MATERNAL	0	None
KRTAP15-1	1	chr21	1	chr21_MATERNAL	1	chr21_PATERNAL
PADI2	1	chr1	1	chr1_MATERNAL	1	chr1_PATERNAL
SNRNP40	1	chr1	1	chr1_MATERNAL	1	chr1_PATERNAL
PLAC8	1	chr4	1	chr4_MATERNAL	1	chr4_PATERNAL
IL20RA	1	chr6	1	chr6_MATERNAL	1	chr6_PATERNAL
GRIFIN	1	chr7	1	chr7_MATERNAL	1	chr7_PATERNAL
GPD2	1	chr2	1	chr2_MATERNAL	1	chr2_PATERNAL
CCDC197	1	chr14	1	chr14_MATERNAL	1	chr14_PATERNAL
CD320	1	chr19	1	chr19_MATERNAL	1	chr19_PATERNAL
CRYGD	1	chr2	1	chr2_MATERNAL	1	chr2_PATERNAL
MTM1	1	chrX	1	chrX_MATERNAL	0	None
MAP3K13	1	chr3	1	chr3_MATERNAL	1	chr3_PATERNAL
AGRN	1	chr1	1	chr1_MATERNAL	1	chr1_PATERNAL
PDPR	3	chr16,chr16,chr16	1	chr16_MATERNAL	2	chr16_PATERNAL,chr16_PATERNAL
PLCB3	1	chr11	1	chr11_MATERNAL	1	chr11_PATERNAL
NOL3	1	chr16	1	chr16_MATERNAL	1	chr16_PATERNAL
SLC13A3	1	chr20	1	chr20_MATERNAL	1	chr20_PATERNAL
OR8S1	1	chr12	1	chr12_MATERNAL	1	chr12_PATERNAL
ZNF184	1	chr6	1	chr6_MATERNAL	1	chr6_PATERNAL
GTF2F1	1	chr19	1	chr19_MATERNAL	1	chr19_PATERNAL
RASAL2	1	chr1	1	chr1_MATERNAL	1	chr1_PATERNAL
TIMM9	1	chr14	1	chr14_MATERNAL	1	chr14_PATERNAL
PTCRA	1	chr6	1	chr6_MATERNAL	1	chr6_PATERNAL
IRGM	1	chr5	1	chr5_MATERNAL	1	chr5_PATERNAL
TAF9B	1	chrX	1	chrX_MATERNAL	0	None
CDK7	1	chr5	1	chr5_MATERNAL	1	chr5_PATERNAL
GDF11	1	chr12	1	chr12_MATERNAL	1	chr12_PATERNAL
ZNF473	1	chr19	1	chr19_MATERNAL	1	chr19_PATERNAL
TASL	1	chrX	1	chrX_MATERNAL	0	None
CYP2R1	1	chr11	1	chr11_MATERNAL	1	chr11_PATERNAL
STAT5A	1	chr17	1	chr17_MATERNAL	1	chr17_PATERNAL
ATF7IP2	1	chr16	1	chr16_MATERNAL	1	chr16_PATERNAL
ACSS2	1	chr20	1	chr20_MATERNAL	1	chr20_PATERNAL
TNMD	1	chrX	1	chrX_MATERNAL	0	None
CCDC22	1	chrX	1	chrX_MATERNAL	0	None
PRR23D2	2	chr8,chr8	1	chr8_MATERNAL	1	chr8_PATERNAL
DACT3	1	chr19	1	chr19_MATERNAL	1	chr19_PATERNAL
ACSL3	1	chr2	1	chr2_MATERNAL	1	chr2_PATERNAL
SPTSSA	1	chr14	1	chr14_MATERNAL	1	chr14_PATERNAL
PLOD3	1	chr7	1	chr7_MATERNAL	1	chr7_PATERNAL
ANAPC1	1	chr2	1	chr2_MATERNAL	1	chr2_PATERNAL
GNG8	1	chr19	1	chr19_MATERNAL	1	chr19_PATERNAL
GGT6	1	chr17	1	chr17_MATERNAL	1	chr17_PATERNAL
CSMD3	1	chr8	1	chr8_MATERNAL	1	chr8_PATERNAL
IP6K2	1	chr3	1	chr3_MATERNAL	1	chr3_PATERNAL
LOC124906236	1	chr3	1	chr3_MATERNAL	1	chr3_PATERNAL
VSTM5	1	chr11	1	chr11_MATERNAL	1	chr11_PATERNAL
OR9Q1	1	chr11	1	chr11_MATERNAL	1	chr11_PATERNAL
TSR1	1	chr17	1	chr17_MATERNAL	1	chr17_PATERNAL
GLYAT	1	chr11	1	chr11_MATERNAL	1	chr11_PATERNAL
BMP2K	1	chr4	1	chr4_MATERNAL	1	chr4_PATERNAL
RAB21	1	chr12	1	chr12_MATERNAL	1	chr12_PATERNAL
SGK1	1	chr6	1	chr6_MATERNAL	1	chr6_PATERNAL
DMPK	1	chr19	1	chr19_MATERNAL	1	chr19_PATERNAL
MFAP3	1	chr5	1	chr5_MATERNAL	1	chr5_PATERNAL
IFITM1	1	chr11	1	chr11_MATERNAL	1	chr11_PATERNAL
DCAF12L2	1	chrX	1	chrX_MATERNAL	0	None
HSD11B2	1	chr16	1	chr16_MATERNAL	1	chr16_PATERNAL
IL17RE	1	chr3	1	chr3_MATERNAL	1	chr3_PATERNAL
SMIM7	1	chr19	1	chr19_MATERNAL	1	chr19_PATERNAL
MATN1	1	chr1	1	chr1_MATERNAL	1	chr1_PATERNAL
ZNF800	1	chr7	1	chr7_MATERNAL	1	chr7_PATERNAL
KRTAP5-9	1	chr11	1	chr11_MATERNAL	1	chr11_PATERNAL
ZNF517	1	chr8	1	chr8_MATERNAL	1	chr8_PATERNAL
ABHD12B	1	chr14	1	chr14_MATERNAL	1	chr14_PATERNAL
TUBA4A	1	chr2	1	chr2_MATERNAL	1	chr2_PATERNAL
FAM98C	1	chr19	1	chr19_MATERNAL	1	chr19_PATERNAL
TMX2	1	chr11	1	chr11_MATERNAL	1	chr11_PATERNAL
CLPP	1	chr19	1	chr19_MATERNAL	1	chr19_PATERNAL
C4orf47	1	chr4	1	chr4_MATERNAL	1	chr4_PATERNAL
NUDCD1	1	chr8	1	chr8_MATERNAL	1	chr8_PATERNAL
BUD13	1	chr11	1	chr11_MATERNAL	1	chr11_PATERNAL
PNMA1	1	chr14	1	chr14_MATERNAL	1	chr14_PATERNAL
GRXCR1	1	chr4	1	chr4_MATERNAL	1	chr4_PATERNAL
CLUAP1	1	chr16	1	chr16_MATERNAL	1	chr16_PATERNAL
MAGEB1	1	chrX	1	chrX_MATERNAL	0	None
UBE2L3	1	chr22	1	chr22_MATERNAL	1	chr22_PATERNAL
KIAA0100	1	chr17	1	chr17_MATERNAL	1	chr17_PATERNAL
ICAM3	1	chr19	1	chr19_MATERNAL	1	chr19_PATERNAL
TMEM176B	1	chr7	1	chr7_MATERNAL	1	chr7_PATERNAL
SSTR3	1	chr22	1	chr22_MATERNAL	1	chr22_PATERNAL
GAD2	1	chr10	1	chr10_MATERNAL	1	chr10_PATERNAL
OGN	1	chr9	1	chr9_MATERNAL	1	chr9_PATERNAL
RGS10	1	chr10	1	chr10_MATERNAL	1	chr10_PATERNAL
VARS2	1	chr6	1	chr6_MATERNAL	1	chr6_PATERNAL
ABI2	1	chr2	1	chr2_MATERNAL	1	chr2_PATERNAL
ATP6V1FNB	1	chr7	1	chr7_MATERNAL	1	chr7_PATERNAL
ZSCAN20	1	chr1	1	chr1_MATERNAL	1	chr1_PATERNAL
EIF4EBP2	1	chr10	1	chr10_MATERNAL	1	chr10_PATERNAL
IDUA	1	chr4	1	chr4_MATERNAL	1	chr4_PATERNAL
H3-3B	1	chr17	1	chr17_MATERNAL	1	chr17_PATERNAL
TM9SF2	1	chr13	1	chr13_MATERNAL	1	chr13_PATERNAL
C16orf87	1	chr16	1	chr16_MATERNAL	1	chr16_PATERNAL
GCM2	1	chr6	1	chr6_MATERNAL	1	chr6_PATERNAL
ANKRD50	1	chr4	1	chr4_MATERNAL	1	chr4_PATERNAL
OR6N2	1	chr1	1	chr1_MATERNAL	1	chr1_PATERNAL
LRFN2	1	chr6	1	chr6_MATERNAL	1	chr6_PATERNAL
PTPN21	1	chr14	1	chr14_MATERNAL	1	chr14_PATERNAL
HMGCL	1	chr1	1	chr1_MATERNAL	1	chr1_PATERNAL
ZSCAN18	1	chr19	1	chr19_MATERNAL	1	chr19_PATERNAL
MARCHF3	1	chr5	1	chr5_MATERNAL	1	chr5_PATERNAL
CDX2	1	chr13	1	chr13_MATERNAL	1	chr13_PATERNAL
BPIFB3	1	chr20	1	chr20_MATERNAL	1	chr20_PATERNAL
AGMAT	1	chr1	1	chr1_MATERNAL	1	chr1_PATERNAL
CHMP1B	1	chr18	1	chr18_MATERNAL	1	chr18_PATERNAL
GPD1L	1	chr3	1	chr3_MATERNAL	1	chr3_PATERNAL
NUP210	1	chr3	1	chr3_MATERNAL	1	chr3_PATERNAL
RIOK2	1	chr5	1	chr5_MATERNAL	1	chr5_PATERNAL
CLBA1	1	chr14	1	chr14_MATERNAL	1	chr14_PATERNAL
POLR2D	1	chr2	1	chr2_MATERNAL	1	chr2_PATERNAL
ZBTB11	1	chr3	1	chr3_MATERNAL	1	chr3_PATERNAL
CDON	1	chr11	1	chr11_MATERNAL	1	chr11_PATERNAL
PCDHGB5	1	chr5	1	chr5_MATERNAL	1	chr5_PATERNAL
LOC102723971	1	chr9	1	chr9_MATERNAL	1	chr9_PATERNAL
LHPP	1	chr10	1	chr10_MATERNAL	1	chr10_PATERNAL
MAPK1IP1L	1	chr14	1	chr14_MATERNAL	1	chr14_PATERNAL
SCUBE1	1	chr22	1	chr22_MATERNAL	1	chr22_PATERNAL
TRERF1	1	chr6	1	chr6_MATERNAL	1	chr6_PATERNAL
LOC124901872	1	chr8	1	chr8_MATERNAL	1	chr8_PATERNAL
ZSCAN30	1	chr18	1	chr18_MATERNAL	1	chr18_PATERNAL
STAP2	1	chr19	1	chr19_MATERNAL	1	chr19_PATERNAL
WAPL	1	chr10	1	chr10_MATERNAL	1	chr10_PATERNAL
TAF1B	1	chr2	1	chr2_MATERNAL	1	chr2_PATERNAL
FAM83A	1	chr8	1	chr8_MATERNAL	1	chr8_PATERNAL
HBA2	1	chr16	1	chr16_MATERNAL	1	chr16_PATERNAL
MRPS14	1	chr1	1	chr1_MATERNAL	1	chr1_PATERNAL
PGAM1	1	chr10	1	chr10_MATERNAL	1	chr10_PATERNAL
AFG1L	1	chr6	1	chr6_MATERNAL	1	chr6_PATERNAL
PUS3	1	chr11	1	chr11_MATERNAL	1	chr11_PATERNAL
AMDHD1	1	chr12	1	chr12_MATERNAL	1	chr12_PATERNAL
MAGEA9B	1	chrX	1	chrX_MATERNAL	0	None
RAD23B	1	chr9	1	chr9_MATERNAL	1	chr9_PATERNAL
LRCH4	1	chr7	1	chr7_MATERNAL	1	chr7_PATERNAL
FAM166A	1	chr9	1	chr9_MATERNAL	1	chr9_PATERNAL
GBX2	1	chr2	1	chr2_MATERNAL	1	chr2_PATERNAL
MRPL20	1	chr1	1	chr1_MATERNAL	1	chr1_PATERNAL
RNASEL	1	chr1	1	chr1_MATERNAL	1	chr1_PATERNAL
C8orf74	1	chr8	1	chr8_MATERNAL	1	chr8_PATERNAL
ACTG1	1	chr17	1	chr17_MATERNAL	1	chr17_PATERNAL
GLUD2	1	chrX	1	chrX_MATERNAL	0	None
CTSD	1	chr11	1	chr11_MATERNAL	1	chr11_PATERNAL
LOC107987371	4	chr13,chr14,chr15,chr21	4	chr14_MATERNAL,chr21_MATERNAL,chr13_MATERNAL,chr15_MATERNAL	4	chr21_PATERNAL,chr13_PATERNAL,chr14_PATERNAL,chr15_PATERNAL
ANAPC13	1	chr3	1	chr3_MATERNAL	1	chr3_PATERNAL
LOC124907900	1	chr2	1	chr2_MATERNAL	1	chr2_PATERNAL
BARHL2	1	chr1	1	chr1_MATERNAL	1	chr1_PATERNAL
ZFC3H1	1	chr12	1	chr12_MATERNAL	1	chr12_PATERNAL
EXOC3L4	1	chr14	1	chr14_MATERNAL	1	chr14_PATERNAL
GDAP1L1	1	chr20	1	chr20_MATERNAL	1	chr20_PATERNAL
ACTRT2	1	chr1	1	chr1_MATERNAL	1	chr1_PATERNAL
HMG20B	1	chr19	1	chr19_MATERNAL	1	chr19_PATERNAL
PSENEN	1	chr19	1	chr19_MATERNAL	1	chr19_PATERNAL
PAXX	1	chr9	1	chr9_MATERNAL	1	chr9_PATERNAL
ARMC3	1	chr10	1	chr10_MATERNAL	1	chr10_PATERNAL
GJB7	1	chr6	1	chr6_MATERNAL	1	chr6_PATERNAL
C10orf105	1	chr10	1	chr10_MATERNAL	1	chr10_PATERNAL
PUM1	1	chr1	1	chr1_MATERNAL	1	chr1_PATERNAL
PRDX4	1	chrX	1	chrX_MATERNAL	0	None
TMEM200A	1	chr6	1	chr6_MATERNAL	1	chr6_PATERNAL
ZFHX3	1	chr16	1	chr16_MATERNAL	1	chr16_PATERNAL
CST1	1	chr20	1	chr20_MATERNAL	1	chr20_PATERNAL
KASH5	1	chr19	1	chr19_MATERNAL	1	chr19_PATERNAL
CDK5RAP2	1	chr9	1	chr9_MATERNAL	1	chr9_PATERNAL
DFFA	1	chr1	1	chr1_MATERNAL	1	chr1_PATERNAL
TDRD3	1	chr13	1	chr13_MATERNAL	1	chr13_PATERNAL
SPIN3	1	chrX	1	chrX_MATERNAL	0	None
CD55	1	chr1	1	chr1_MATERNAL	1	chr1_PATERNAL
MIER2	1	chr19	1	chr19_MATERNAL	1	chr19_PATERNAL
ALG3	1	chr3	1	chr3_MATERNAL	1	chr3_PATERNAL
TAF11L10	1	chr5	1	chr5_MATERNAL	1	chr5_PATERNAL
ZIM3	1	chr19	1	chr19_MATERNAL	1	chr19_PATERNAL
AXDND1	1	chr1	1	chr1_MATERNAL	1	chr1_PATERNAL
ARHGAP36	1	chrX	1	chrX_MATERNAL	0	None
SMCHD1	1	chr18	1	chr18_MATERNAL	1	chr18_PATERNAL
MYRFL	1	chr12	1	chr12_MATERNAL	1	chr12_PATERNAL
SYAP1	1	chrX	1	chrX_MATERNAL	0	None
BCHE	1	chr3	1	chr3_MATERNAL	1	chr3_PATERNAL
OR52I2	1	chr11	1	chr11_MATERNAL	1	chr11_PATERNAL
TRIM67	1	chr1	1	chr1_MATERNAL	1	chr1_PATERNAL
H2AC12	1	chr6	1	chr6_MATERNAL	1	chr6_PATERNAL
PSMA1	1	chr11	1	chr11_MATERNAL	1	chr11_PATERNAL
SNRNP25	1	chr16	1	chr16_MATERNAL	1	chr16_PATERNAL
FIGNL2	1	chr12	1	chr12_MATERNAL	1	chr12_PATERNAL
UQCC3	1	chr11	1	chr11_MATERNAL	1	chr11_PATERNAL
FLG	1	chr1	1	chr1_MATERNAL	1	chr1_PATERNAL
WDR19	1	chr4	1	chr4_MATERNAL	1	chr4_PATERNAL
ASNSD1	1	chr2	1	chr2_MATERNAL	1	chr2_PATERNAL
TFF1	1	chr21	1	chr21_MATERNAL	1	chr21_PATERNAL
IL36G	1	chr2	1	chr2_MATERNAL	1	chr2_PATERNAL
HNRNPCL2	1	chr1	1	chr1_MATERNAL	1	chr1_PATERNAL
TMEM45A	1	chr3	1	chr3_MATERNAL	1	chr3_PATERNAL
TMEM60	1	chr7	1	chr7_MATERNAL	1	chr7_PATERNAL
MALT1	1	chr18	1	chr18_MATERNAL	1	chr18_PATERNAL
C19orf12	1	chr19	1	chr19_MATERNAL	1	chr19_PATERNAL
UBXN8	1	chr8	1	chr8_MATERNAL	1	chr8_PATERNAL
NTN1	1	chr17	1	chr17_MATERNAL	1	chr17_PATERNAL
RBM25	1	chr14	1	chr14_MATERNAL	1	chr14_PATERNAL
TMC3	1	chr15	1	chr15_MATERNAL	1	chr15_PATERNAL
PGF	1	chr14	1	chr14_MATERNAL	1	chr14_PATERNAL
RPRM	1	chr2	1	chr2_MATERNAL	1	chr2_PATERNAL
PRDM14	1	chr8	1	chr8_MATERNAL	1	chr8_PATERNAL
GTF3C6	1	chr6	1	chr6_MATERNAL	1	chr6_PATERNAL
MAPKAP1	1	chr9	1	chr9_MATERNAL	1	chr9_PATERNAL
ABHD2	1	chr15	1	chr15_MATERNAL	1	chr15_PATERNAL
SH3GLB2	1	chr9	1	chr9_MATERNAL	1	chr9_PATERNAL
PFDN4	1	chr20	1	chr20_MATERNAL	1	chr20_PATERNAL
INSM1	1	chr20	1	chr20_MATERNAL	1	chr20_PATERNAL
HOXD12	1	chr2	1	chr2_MATERNAL	1	chr2_PATERNAL
NLRP7	1	chr19	1	chr19_MATERNAL	1	chr19_PATERNAL
ATP1B1	1	chr1	1	chr1_MATERNAL	1	chr1_PATERNAL
LPAR3	1	chr1	1	chr1_MATERNAL	1	chr1_PATERNAL
KIR2DL4	1	chr19	2	chr19_MATERNAL,chr19_MATERNAL	1	chr19_PATERNAL
NPIPB15	3	chr16,chr16,chr16	1	chr16_MATERNAL	2	chr16_PATERNAL,chr16_PATERNAL
EIF4EBP1	1	chr8	1	chr8_MATERNAL	1	chr8_PATERNAL
LOC124905938	3	chr2,chr2,chr2	1	chr2_MATERNAL	3	chr2_PATERNAL,chr2_PATERNAL,chr2_PATERNAL
AFM	1	chr4	1	chr4_MATERNAL	1	chr4_PATERNAL
MGAT5B	1	chr17	1	chr17_MATERNAL	1	chr17_PATERNAL
GADD45G	1	chr9	1	chr9_MATERNAL	1	chr9_PATERNAL
MCM7	1	chr7	1	chr7_MATERNAL	1	chr7_PATERNAL
ATP8A2	1	chr13	1	chr13_MATERNAL	1	chr13_PATERNAL
LEPROT	1	chr1	1	chr1_MATERNAL	1	chr1_PATERNAL
SKP1	1	chr5	1	chr5_MATERNAL	1	chr5_PATERNAL
OR2G2	1	chr1	1	chr1_MATERNAL	1	chr1_PATERNAL
RGCC	1	chr13	1	chr13_MATERNAL	1	chr13_PATERNAL
RPS19	1	chr19	1	chr19_MATERNAL	1	chr19_PATERNAL
ITK	1	chr5	1	chr5_MATERNAL	1	chr5_PATERNAL
CDK8	1	chr13	1	chr13_MATERNAL	1	chr13_PATERNAL
INO80B	1	chr2	1	chr2_MATERNAL	1	chr2_PATERNAL
ARHGAP4	1	chrX	1	chrX_MATERNAL	0	None
CRTC2	1	chr1	1	chr1_MATERNAL	1	chr1_PATERNAL
PLVAP	1	chr19	1	chr19_MATERNAL	1	chr19_PATERNAL
B3GNTL1	1	chr17	1	chr17_MATERNAL	1	chr17_PATERNAL
SLITRK3	1	chr3	1	chr3_MATERNAL	1	chr3_PATERNAL
NOL8	1	chr9	1	chr9_MATERNAL	1	chr9_PATERNAL
TWF1	1	chr12	1	chr12_MATERNAL	1	chr12_PATERNAL
NRAP	1	chr10	1	chr10_MATERNAL	1	chr10_PATERNAL
SSR3	1	chr3	1	chr3_MATERNAL	1	chr3_PATERNAL
TTC33	1	chr5	1	chr5_MATERNAL	1	chr5_PATERNAL
TLCD1	1	chr17	1	chr17_MATERNAL	1	chr17_PATERNAL
GUCY1A2	1	chr11	1	chr11_MATERNAL	1	chr11_PATERNAL
COL16A1	1	chr1	1	chr1_MATERNAL	1	chr1_PATERNAL
DPY19L1	1	chr7	1	chr7_MATERNAL	1	chr7_PATERNAL
ARL5A	1	chr2	1	chr2_MATERNAL	1	chr2_PATERNAL
CLU	1	chr8	1	chr8_MATERNAL	1	chr8_PATERNAL
GTF3C3	1	chr2	1	chr2_MATERNAL	1	chr2_PATERNAL
FAM83D	1	chr20	1	chr20_MATERNAL	1	chr20_PATERNAL
TLNRD1	1	chr15	1	chr15_MATERNAL	1	chr15_PATERNAL
SMARCD2	1	chr17	1	chr17_MATERNAL	1	chr17_PATERNAL
DAO	1	chr12	1	chr12_MATERNAL	1	chr12_PATERNAL
ENTPD2	1	chr9	1	chr9_MATERNAL	1	chr9_PATERNAL
ZNF416	1	chr19	1	chr19_MATERNAL	1	chr19_PATERNAL
LMNB1	1	chr5	1	chr5_MATERNAL	1	chr5_PATERNAL
REEP5	1	chr5	1	chr5_MATERNAL	1	chr5_PATERNAL
DDIAS	1	chr11	1	chr11_MATERNAL	1	chr11_PATERNAL
REM2	1	chr14	1	chr14_MATERNAL	1	chr14_PATERNAL
RIC8A	1	chr11	1	chr11_MATERNAL	1	chr11_PATERNAL
VSIG10L2	1	chr11	1	chr11_MATERNAL	1	chr11_PATERNAL
ZNF512	1	chr2	1	chr2_MATERNAL	1	chr2_PATERNAL
LRRC37A2	1	chr17	1	chr17_MATERNAL	0	None
MS4A2	1	chr11	1	chr11_MATERNAL	1	chr11_PATERNAL
MMP16	1	chr8	1	chr8_MATERNAL	1	chr8_PATERNAL
PKN1	1	chr19	1	chr19_MATERNAL	1	chr19_PATERNAL
SFT2D2	1	chr1	1	chr1_MATERNAL	1	chr1_PATERNAL
RPL37	1	chr5	1	chr5_MATERNAL	1	chr5_PATERNAL
ARHGEF12	1	chr11	1	chr11_MATERNAL	1	chr11_PATERNAL
SLC37A2	1	chr11	1	chr11_MATERNAL	1	chr11_PATERNAL
SERPINI1	1	chr3	1	chr3_MATERNAL	1	chr3_PATERNAL
TMEM9B	1	chr11	1	chr11_MATERNAL	1	chr11_PATERNAL
UBE2L5	1	chr13	1	chr13_MATERNAL	1	chr13_PATERNAL
PSTPIP1	1	chr15	1	chr15_MATERNAL	1	chr15_PATERNAL
RFXANK	1	chr19	1	chr19_MATERNAL	1	chr19_PATERNAL
ERICH6B	1	chr13	1	chr13_MATERNAL	1	chr13_PATERNAL
SCUBE3	1	chr6	1	chr6_MATERNAL	1	chr6_PATERNAL
CLTCL1	1	chr22	1	chr22_MATERNAL	1	chr22_PATERNAL
TBCC	1	chr6	1	chr6_MATERNAL	1	chr6_PATERNAL
RBM18	1	chr9	1	chr9_MATERNAL	1	chr9_PATERNAL
CTSH	1	chr15	1	chr15_MATERNAL	1	chr15_PATERNAL
CACNG6	1	chr19	1	chr19_MATERNAL	1	chr19_PATERNAL
EFHB	1	chr3	1	chr3_MATERNAL	1	chr3_PATERNAL
DRD5	1	chr4	1	chr4_MATERNAL	1	chr4_PATERNAL
PLPPR4	1	chr1	1	chr1_MATERNAL	1	chr1_PATERNAL
MAGEB18	1	chrX	1	chrX_MATERNAL	0	None
FADS2	1	chr11	1	chr11_MATERNAL	1	chr11_PATERNAL
LIN28B	1	chr6	1	chr6_MATERNAL	1	chr6_PATERNAL
NKD1	1	chr16	1	chr16_MATERNAL	1	chr16_PATERNAL
CDKN2B	1	chr9	1	chr9_MATERNAL	1	chr9_PATERNAL
DENND1C	1	chr19	1	chr19_MATERNAL	1	chr19_PATERNAL
MOGS	1	chr2	1	chr2_MATERNAL	1	chr2_PATERNAL
CLDN4	1	chr7	1	chr7_MATERNAL	1	chr7_PATERNAL
EBF2	1	chr8	1	chr8_MATERNAL	1	chr8_PATERNAL
OFD1	1	chrX	1	chrX_MATERNAL	0	None
SCAMP5	1	chr15	1	chr15_MATERNAL	1	chr15_PATERNAL
SH3BGRL	1	chrX	1	chrX_MATERNAL	0	None
SMAD6	1	chr15	1	chr15_MATERNAL	1	chr15_PATERNAL
LOC107984365	1	chr11	1	chr11_MATERNAL	1	chr11_PATERNAL
POLR2G	1	chr11	1	chr11_MATERNAL	1	chr11_PATERNAL
ZCCHC18	1	chrX	1	chrX_MATERNAL	0	None
HIRIP3	1	chr16	1	chr16_MATERNAL	1	chr16_PATERNAL
ACVR1	1	chr2	1	chr2_MATERNAL	1	chr2_PATERNAL
SUPV3L1	1	chr10	1	chr10_MATERNAL	1	chr10_PATERNAL
TCP11L1	1	chr11	1	chr11_MATERNAL	1	chr11_PATERNAL
JPH1	1	chr8	1	chr8_MATERNAL	1	chr8_PATERNAL
VILL	1	chr3	1	chr3_MATERNAL	1	chr3_PATERNAL
CCL13	1	chr17	1	chr17_MATERNAL	1	chr17_PATERNAL
PPP1R3F	1	chrX	1	chrX_MATERNAL	0	None
PRR20A	1	chr13	1	chr13_MATERNAL	1	chr13_PATERNAL
SNRPD2	1	chr19	1	chr19_MATERNAL	1	chr19_PATERNAL
CHRNB2	1	chr1	1	chr1_MATERNAL	1	chr1_PATERNAL
SLC29A1	1	chr6	1	chr6_MATERNAL	1	chr6_PATERNAL
GTF2IRD1	1	chr7	1	chr7_MATERNAL	1	chr7_PATERNAL
WDR18	1	chr19	1	chr19_MATERNAL	1	chr19_PATERNAL
ZNF395	1	chr8	1	chr8_MATERNAL	1	chr8_PATERNAL
PXDN	1	chr2	1	chr2_MATERNAL	1	chr2_PATERNAL
MYT1L	1	chr2	1	chr2_MATERNAL	1	chr2_PATERNAL
ABCA13	1	chr7	1	chr7_MATERNAL	1	chr7_PATERNAL
SSBP4	1	chr19	1	chr19_MATERNAL	1	chr19_PATERNAL
APLN	1	chrX	1	chrX_MATERNAL	0	None
ABCA4	1	chr1	1	chr1_MATERNAL	1	chr1_PATERNAL
STK39	1	chr2	1	chr2_MATERNAL	1	chr2_PATERNAL
ZNF789	1	chr7	1	chr7_MATERNAL	1	chr7_PATERNAL
SDK2	1	chr17	1	chr17_MATERNAL	1	chr17_PATERNAL
UBTF	1	chr17	1	chr17_MATERNAL	1	chr17_PATERNAL
CCNI	1	chr4	1	chr4_MATERNAL	1	chr4_PATERNAL
GOPC	1	chr6	1	chr6_MATERNAL	1	chr6_PATERNAL
SLC30A4	1	chr15	1	chr15_MATERNAL	1	chr15_PATERNAL
BATF2	1	chr11	1	chr11_MATERNAL	1	chr11_PATERNAL
ACTC1	1	chr15	1	chr15_MATERNAL	1	chr15_PATERNAL
MAST4	1	chr5	1	chr5_MATERNAL	1	chr5_PATERNAL
ESYT2	1	chr7	1	chr7_MATERNAL	1	chr7_PATERNAL
LOC124903248	1	chr13	1	chr13_MATERNAL	1	chr13_PATERNAL
IL9	1	chr5	1	chr5_MATERNAL	1	chr5_PATERNAL
STYXL1	1	chr7	1	chr7_MATERNAL	1	chr7_PATERNAL
IP6K1	1	chr3	1	chr3_MATERNAL	1	chr3_PATERNAL
SH3RF3	1	chr2	1	chr2_MATERNAL	1	chr2_PATERNAL
BRF1	1	chr14	1	chr14_MATERNAL	1	chr14_PATERNAL
LOC124902528	1	chr10	1	chr10_MATERNAL	1	chr10_PATERNAL
FGF13	1	chrX	1	chrX_MATERNAL	0	None
CEP97	1	chr3	1	chr3_MATERNAL	1	chr3_PATERNAL
BYSL	1	chr6	1	chr6_MATERNAL	1	chr6_PATERNAL
COMP	1	chr19	1	chr19_MATERNAL	1	chr19_PATERNAL
MORC1	1	chr3	1	chr3_MATERNAL	1	chr3_PATERNAL
RPUSD1	1	chr16	1	chr16_MATERNAL	1	chr16_PATERNAL
HFE	1	chr6	1	chr6_MATERNAL	1	chr6_PATERNAL
LOC124903401	1	chr14	1	chr14_MATERNAL	1	chr14_PATERNAL
TNR	1	chr1	1	chr1_MATERNAL	1	chr1_PATERNAL
LAMB3	1	chr1	1	chr1_MATERNAL	1	chr1_PATERNAL
SCN1A	1	chr2	1	chr2_MATERNAL	1	chr2_PATERNAL
ANKRD30BL	1	chr2	1	chr2_MATERNAL	1	chr2_PATERNAL
AHNAK	1	chr11	1	chr11_MATERNAL	1	chr11_PATERNAL
IVL	1	chr1	1	chr1_MATERNAL	1	chr1_PATERNAL
ANGPTL6	1	chr19	1	chr19_MATERNAL	1	chr19_PATERNAL
LOC105369787	1	chr12	1	chr12_MATERNAL	1	chr12_PATERNAL
ZNF780B	1	chr19	1	chr19_MATERNAL	1	chr19_PATERNAL
SART1	1	chr11	1	chr11_MATERNAL	1	chr11_PATERNAL
RGPD1	1	chr2	1	chr2_MATERNAL	1	chr2_PATERNAL
ASF1A	1	chr6	1	chr6_MATERNAL	1	chr6_PATERNAL
GMPPB	1	chr3	1	chr3_MATERNAL	1	chr3_PATERNAL
KRTAP4-9	1	chr17	1	chr17_MATERNAL	1	chr17_PATERNAL
CIRBP	1	chr19	1	chr19_MATERNAL	1	chr19_PATERNAL
GYPB	1	chr4	1	chr4_MATERNAL	1	chr4_PATERNAL
TMCO3	1	chr13	1	chr13_MATERNAL	1	chr13_PATERNAL
MYOC	1	chr1	1	chr1_MATERNAL	1	chr1_PATERNAL
DLX6	1	chr7	1	chr7_MATERNAL	1	chr7_PATERNAL
FAM227B	1	chr15	1	chr15_MATERNAL	1	chr15_PATERNAL
UBA6	1	chr4	1	chr4_MATERNAL	1	chr4_PATERNAL
KRT19	1	chr17	1	chr17_MATERNAL	1	chr17_PATERNAL
NUP58	1	chr13	1	chr13_MATERNAL	1	chr13_PATERNAL
JADE1	1	chr4	1	chr4_MATERNAL	1	chr4_PATERNAL
CSNK1A1	1	chr5	1	chr5_MATERNAL	1	chr5_PATERNAL
SENP1	1	chr12	1	chr12_MATERNAL	1	chr12_PATERNAL
ZBTB43	1	chr9	1	chr9_MATERNAL	1	chr9_PATERNAL
ZC3H14	1	chr14	1	chr14_MATERNAL	1	chr14_PATERNAL
WWOX	1	chr16	1	chr16_MATERNAL	1	chr16_PATERNAL
ATMIN	1	chr16	1	chr16_MATERNAL	1	chr16_PATERNAL
NHEJ1	1	chr2	1	chr2_MATERNAL	1	chr2_PATERNAL
PELI3	1	chr11	1	chr11_MATERNAL	1	chr11_PATERNAL
LAMA3	1	chr18	1	chr18_MATERNAL	1	chr18_PATERNAL
TRPM2	1	chr21	1	chr21_MATERNAL	1	chr21_PATERNAL
CNTFR	1	chr9	1	chr9_MATERNAL	1	chr9_PATERNAL
TMEM89	1	chr3	1	chr3_MATERNAL	1	chr3_PATERNAL
CACNA1C	1	chr12	1	chr12_MATERNAL	1	chr12_PATERNAL
GPC4	1	chrX	1	chrX_MATERNAL	0	None
HMGCS2	1	chr1	1	chr1_MATERNAL	1	chr1_PATERNAL
DLG2	1	chr11	1	chr11_MATERNAL	1	chr11_PATERNAL
DDX5	1	chr17	1	chr17_MATERNAL	1	chr17_PATERNAL
FAM237A	1	chr2	1	chr2_MATERNAL	1	chr2_PATERNAL
ADM2	1	chr22	1	chr22_MATERNAL	1	chr22_PATERNAL
JADE3	1	chrX	1	chrX_MATERNAL	0	None
PSD	1	chr10	1	chr10_MATERNAL	1	chr10_PATERNAL
SPANXN5	1	chrX	1	chrX_MATERNAL	0	None
C1orf105	1	chr1	1	chr1_MATERNAL	1	chr1_PATERNAL
RBM14-RBM4	1	chr11	1	chr11_MATERNAL	1	chr11_PATERNAL
NBN	1	chr8	1	chr8_MATERNAL	1	chr8_PATERNAL
OR2AG1	1	chr11	1	chr11_MATERNAL	1	chr11_PATERNAL
ZXDB	1	chrX	1	chrX_MATERNAL	0	None
VWC2L	1	chr2	1	chr2_MATERNAL	1	chr2_PATERNAL
ETF1	1	chr5	1	chr5_MATERNAL	1	chr5_PATERNAL
IL17RA	1	chr22	1	chr22_MATERNAL	1	chr22_PATERNAL
LOC102724250	1	chr1	0	None	1	chr1_PATERNAL
ZNF227	1	chr19	1	chr19_MATERNAL	1	chr19_PATERNAL
SHPK	1	chr17	1	chr17_MATERNAL	1	chr17_PATERNAL
HLA-B	1	chr6	1	chr6_MATERNAL	1	chr6_PATERNAL
MYH2	1	chr17	1	chr17_MATERNAL	1	chr17_PATERNAL
NANOGNB	1	chr12	1	chr12_MATERNAL	1	chr12_PATERNAL
TRMT2A	1	chr22	1	chr22_MATERNAL	1	chr22_PATERNAL
ZNF692	1	chr1	1	chr1_MATERNAL	1	chr1_PATERNAL
GINM1	1	chr6	1	chr6_MATERNAL	1	chr6_PATERNAL
GOLGA8J	1	chr15	1	chr15_MATERNAL	1	chr15_PATERNAL
EPC1	1	chr10	1	chr10_MATERNAL	1	chr10_PATERNAL
ZBTB42	1	chr14	1	chr14_MATERNAL	1	chr14_PATERNAL
SLCO1B3	1	chr12	1	chr12_MATERNAL	1	chr12_PATERNAL
MCTP2	1	chr15	1	chr15_MATERNAL	1	chr15_PATERNAL
CPNE6	1	chr14	1	chr14_MATERNAL	1	chr14_PATERNAL
FBXW9	1	chr19	1	chr19_MATERNAL	1	chr19_PATERNAL
TUBB6	1	chr18	1	chr18_MATERNAL	1	chr18_PATERNAL
LOC124901868	1	chr8	1	chr8_MATERNAL	1	chr8_PATERNAL
RASEF	1	chr9	1	chr9_MATERNAL	1	chr9_PATERNAL
SPATA16	1	chr3	1	chr3_MATERNAL	1	chr3_PATERNAL
TNFRSF1A	1	chr12	1	chr12_MATERNAL	1	chr12_PATERNAL
RNF208	1	chr9	1	chr9_MATERNAL	1	chr9_PATERNAL
RNF19B	1	chr1	1	chr1_MATERNAL	1	chr1_PATERNAL
TAS2R8	1	chr12	1	chr12_MATERNAL	1	chr12_PATERNAL
STMN1	1	chr1	1	chr1_MATERNAL	1	chr1_PATERNAL
KRTAP20-4	1	chr21	1	chr21_MATERNAL	1	chr21_PATERNAL
ANAPC7	1	chr12	1	chr12_MATERNAL	1	chr12_PATERNAL
ANKLE2	1	chr12	1	chr12_MATERNAL	1	chr12_PATERNAL
C17orf67	1	chr17	1	chr17_MATERNAL	1	chr17_PATERNAL
OR8H1	1	chr11	1	chr11_MATERNAL	1	chr11_PATERNAL
RIT1	1	chr1	1	chr1_MATERNAL	1	chr1_PATERNAL
CGN	1	chr1	1	chr1_MATERNAL	1	chr1_PATERNAL
CNOT4	1	chr7	1	chr7_MATERNAL	1	chr7_PATERNAL
C16orf72	1	chr16	1	chr16_MATERNAL	1	chr16_PATERNAL
ODF3L1	1	chr15	1	chr15_MATERNAL	1	chr15_PATERNAL
CFL2	1	chr14	1	chr14_MATERNAL	1	chr14_PATERNAL
LOC124902530	1	chr10	1	chr10_MATERNAL	1	chr10_PATERNAL
DIDO1	1	chr20	1	chr20_MATERNAL	1	chr20_PATERNAL
STRBP	1	chr9	1	chr9_MATERNAL	1	chr9_PATERNAL
FKBP3	1	chr14	1	chr14_MATERNAL	1	chr14_PATERNAL
UCN	1	chr2	1	chr2_MATERNAL	1	chr2_PATERNAL
H4C6	1	chr6	1	chr6_MATERNAL	1	chr6_PATERNAL
KLRC2	0	None	1	chr12_MATERNAL	2	chr12_PATERNAL,chr12_PATERNAL
RNF213	1	chr17	1	chr17_MATERNAL	1	chr17_PATERNAL
ENDOV	1	chr17	1	chr17_MATERNAL	1	chr17_PATERNAL
CISD2	1	chr4	1	chr4_MATERNAL	1	chr4_PATERNAL
TUBB8	1	chr10	1	chr10_MATERNAL	1	chr10_PATERNAL
B3GNT8	1	chr19	1	chr19_MATERNAL	1	chr19_PATERNAL
DNAI7	1	chr12	1	chr12_MATERNAL	1	chr12_PATERNAL
RNASE2	1	chr14	1	chr14_MATERNAL	1	chr14_PATERNAL
RAB15	1	chr14	1	chr14_MATERNAL	1	chr14_PATERNAL
JUNB	1	chr19	1	chr19_MATERNAL	1	chr19_PATERNAL
ERVW-1	1	chr7	1	chr7_MATERNAL	1	chr7_PATERNAL
AADACL4	1	chr1	1	chr1_MATERNAL	1	chr1_PATERNAL
ATG13	1	chr11	1	chr11_MATERNAL	1	chr11_PATERNAL
HSPA1A	1	chr6	1	chr6_MATERNAL	1	chr6_PATERNAL
MUS81	1	chr11	1	chr11_MATERNAL	1	chr11_PATERNAL
SEC13	1	chr3	1	chr3_MATERNAL	1	chr3_PATERNAL
DCST2	1	chr1	1	chr1_MATERNAL	1	chr1_PATERNAL
C11orf80	1	chr11	1	chr11_MATERNAL	1	chr11_PATERNAL
MAPRE3	1	chr2	1	chr2_MATERNAL	1	chr2_PATERNAL
ACYP2	1	chr2	1	chr2_MATERNAL	1	chr2_PATERNAL
NEPRO	1	chr3	1	chr3_MATERNAL	1	chr3_PATERNAL
PPRC1	1	chr10	1	chr10_MATERNAL	1	chr10_PATERNAL
SENP6	1	chr6	1	chr6_MATERNAL	1	chr6_PATERNAL
PCDHA13	1	chr5	1	chr5_MATERNAL	1	chr5_PATERNAL
ZNF331	1	chr19	1	chr19_MATERNAL	1	chr19_PATERNAL
HDGFL2	1	chr19	1	chr19_MATERNAL	1	chr19_PATERNAL
GABARAPL2	1	chr16	1	chr16_MATERNAL	1	chr16_PATERNAL
GGCT	1	chr7	1	chr7_MATERNAL	1	chr7_PATERNAL
LY86	1	chr6	1	chr6_MATERNAL	1	chr6_PATERNAL
ABHD16A	1	chr6	1	chr6_MATERNAL	1	chr6_PATERNAL
AOAH	1	chr7	1	chr7_MATERNAL	1	chr7_PATERNAL
BLOC1S2	1	chr10	1	chr10_MATERNAL	1	chr10_PATERNAL
C4orf51	1	chr4	1	chr4_MATERNAL	1	chr4_PATERNAL
CYP1A1	1	chr15	1	chr15_MATERNAL	1	chr15_PATERNAL
NBPF10	1	chr1	1	chr1_MATERNAL	1	chr1_PATERNAL
PKN2	1	chr1	1	chr1_MATERNAL	1	chr1_PATERNAL
SLC45A1	1	chr1	1	chr1_MATERNAL	1	chr1_PATERNAL
IGFLR1	1	chr19	1	chr19_MATERNAL	1	chr19_PATERNAL
UGT1A9	1	chr2	1	chr2_MATERNAL	1	chr2_PATERNAL
LOC124901651	3	chr7,chr7,chr7	2	chr7_MATERNAL,chr7_MATERNAL	1	chr7_PATERNAL
OR9G9	0	None	1	chr11_MATERNAL	1	chr11_PATERNAL
KCNG1	1	chr20	1	chr20_MATERNAL	1	chr20_PATERNAL
ZNF835	1	chr19	1	chr19_MATERNAL	1	chr19_PATERNAL
RCVRN	1	chr17	1	chr17_MATERNAL	1	chr17_PATERNAL
ECRG4	1	chr2	1	chr2_MATERNAL	1	chr2_PATERNAL
DOCK5	1	chr8	1	chr8_MATERNAL	1	chr8_PATERNAL
SLC38A6	1	chr14	1	chr14_MATERNAL	1	chr14_PATERNAL
PPP2R1B	1	chr11	1	chr11_MATERNAL	1	chr11_PATERNAL
ITGA2B	1	chr17	1	chr17_MATERNAL	1	chr17_PATERNAL
JTB	1	chr1	1	chr1_MATERNAL	1	chr1_PATERNAL
TAX1BP3	1	chr17	1	chr17_MATERNAL	1	chr17_PATERNAL
NACC2	1	chr9	1	chr9_MATERNAL	1	chr9_PATERNAL
TAB2	1	chr6	1	chr6_MATERNAL	1	chr6_PATERNAL
NCSTN	1	chr1	1	chr1_MATERNAL	1	chr1_PATERNAL
RNF138	1	chr18	1	chr18_MATERNAL	1	chr18_PATERNAL
NTHL1	1	chr16	1	chr16_MATERNAL	1	chr16_PATERNAL
MYMX	1	chr6	1	chr6_MATERNAL	1	chr6_PATERNAL
PSMG1	1	chr21	1	chr21_MATERNAL	1	chr21_PATERNAL
CANX	1	chr5	1	chr5_MATERNAL	1	chr5_PATERNAL
RNF166	1	chr16	1	chr16_MATERNAL	1	chr16_PATERNAL
ATG10	1	chr5	1	chr5_MATERNAL	1	chr5_PATERNAL
UQCRHL	1	chr1	1	chr1_MATERNAL	1	chr1_PATERNAL
LOC124902420	1	chr10	1	chr10_MATERNAL	1	chr10_PATERNAL
RGP1	1	chr9	1	chr9_MATERNAL	1	chr9_PATERNAL
LOC729966	1	chr19	1	chr19_MATERNAL	1	chr19_PATERNAL
IDNK	1	chr9	1	chr9_MATERNAL	1	chr9_PATERNAL
FAM210B	1	chr20	1	chr20_MATERNAL	1	chr20_PATERNAL
VSNL1	1	chr2	1	chr2_MATERNAL	1	chr2_PATERNAL
H2BC1	1	chr6	1	chr6_MATERNAL	1	chr6_PATERNAL
CMBL	1	chr5	1	chr5_MATERNAL	1	chr5_PATERNAL
UPF1	1	chr19	1	chr19_MATERNAL	1	chr19_PATERNAL
NKX2-3	1	chr10	1	chr10_MATERNAL	1	chr10_PATERNAL
MAP7D2	1	chrX	1	chrX_MATERNAL	0	None
CABP5	1	chr19	1	chr19_MATERNAL	1	chr19_PATERNAL
RCN1	1	chr11	1	chr11_MATERNAL	1	chr11_PATERNAL
FMN1	1	chr15	1	chr15_MATERNAL	1	chr15_PATERNAL
PURB	1	chr7	1	chr7_MATERNAL	1	chr7_PATERNAL
DCLK3	1	chr3	1	chr3_MATERNAL	1	chr3_PATERNAL
PLPP3	1	chr1	1	chr1_MATERNAL	1	chr1_PATERNAL
C19orf25	1	chr19	1	chr19_MATERNAL	1	chr19_PATERNAL
ZNF141	1	chr4	1	chr4_MATERNAL	1	chr4_PATERNAL
OR2A12	1	chr7	1	chr7_MATERNAL	1	chr7_PATERNAL
IFI35	1	chr17	1	chr17_MATERNAL	1	chr17_PATERNAL
RS1	1	chrX	1	chrX_MATERNAL	0	None
SLC37A3	1	chr7	1	chr7_MATERNAL	1	chr7_PATERNAL
INPP5D	1	chr2	1	chr2_MATERNAL	1	chr2_PATERNAL
SNRNP48	1	chr6	1	chr6_MATERNAL	1	chr6_PATERNAL
ADO	1	chr10	1	chr10_MATERNAL	1	chr10_PATERNAL
TM2D1	1	chr1	1	chr1_MATERNAL	1	chr1_PATERNAL
ITGB5	1	chr3	1	chr3_MATERNAL	1	chr3_PATERNAL
MYDGF	1	chr19	1	chr19_MATERNAL	1	chr19_PATERNAL
BSN	1	chr3	1	chr3_MATERNAL	1	chr3_PATERNAL
CABS1	1	chr4	1	chr4_MATERNAL	1	chr4_PATERNAL
TASOR2	1	chr10	1	chr10_MATERNAL	1	chr10_PATERNAL
RSAD1	1	chr17	1	chr17_MATERNAL	1	chr17_PATERNAL
TSPAN31	1	chr12	1	chr12_MATERNAL	1	chr12_PATERNAL
EIF5AL1	1	chr10	1	chr10_MATERNAL	1	chr10_PATERNAL
RTBDN	1	chr19	1	chr19_MATERNAL	1	chr19_PATERNAL
TBC1D10A	1	chr22	1	chr22_MATERNAL	1	chr22_PATERNAL
KANK1	1	chr9	1	chr9_MATERNAL	1	chr9_PATERNAL
FUT10	1	chr8	1	chr8_MATERNAL	1	chr8_PATERNAL
MYH3	1	chr17	1	chr17_MATERNAL	1	chr17_PATERNAL
ZSWIM7	1	chr17	1	chr17_MATERNAL	1	chr17_PATERNAL
TBC1D7	1	chr6	1	chr6_MATERNAL	1	chr6_PATERNAL
MED24	1	chr17	1	chr17_MATERNAL	1	chr17_PATERNAL
DGKA	1	chr12	1	chr12_MATERNAL	1	chr12_PATERNAL
TMEM140	1	chr7	1	chr7_MATERNAL	1	chr7_PATERNAL
DAPK3	1	chr19	1	chr19_MATERNAL	1	chr19_PATERNAL
AP3B1	1	chr5	1	chr5_MATERNAL	1	chr5_PATERNAL
LOC124900389	1	chr17	1	chr17_MATERNAL	1	chr17_PATERNAL
OR1L3	1	chr9	1	chr9_MATERNAL	1	chr9_PATERNAL
GNRH2	1	chr20	1	chr20_MATERNAL	1	chr20_PATERNAL
NT5E	1	chr6	1	chr6_MATERNAL	1	chr6_PATERNAL
SYNM	1	chr15	1	chr15_MATERNAL	1	chr15_PATERNAL
DPP9	1	chr19	1	chr19_MATERNAL	1	chr19_PATERNAL
NPHP4	1	chr1	1	chr1_MATERNAL	1	chr1_PATERNAL
SCN11A	1	chr3	1	chr3_MATERNAL	1	chr3_PATERNAL
ADM	1	chr11	1	chr11_MATERNAL	1	chr11_PATERNAL
KAT7	1	chr17	1	chr17_MATERNAL	1	chr17_PATERNAL
ARSD	1	chrX	1	chrX_MATERNAL	0	None
PTPRC	1	chr1	1	chr1_MATERNAL	1	chr1_PATERNAL
TRIB2	1	chr2	1	chr2_MATERNAL	1	chr2_PATERNAL
CEP85L	1	chr6	1	chr6_MATERNAL	1	chr6_PATERNAL
SULT1A1	1	chr16	1	chr16_MATERNAL	2	chr16_PATERNAL,chr16_PATERNAL
TIE1	1	chr1	1	chr1_MATERNAL	1	chr1_PATERNAL
TEX10	1	chr9	1	chr9_MATERNAL	1	chr9_PATERNAL
MRFAP1L1	1	chr4	1	chr4_MATERNAL	1	chr4_PATERNAL
TAF8	1	chr6	1	chr6_MATERNAL	1	chr6_PATERNAL
EFCAB6	1	chr22	1	chr22_MATERNAL	1	chr22_PATERNAL
SIRT4	1	chr12	1	chr12_MATERNAL	1	chr12_PATERNAL
RPL22L1	1	chr3	1	chr3_MATERNAL	1	chr3_PATERNAL
NBPF26	1	chr1	1	chr1_MATERNAL	1	chr1_PATERNAL
KANSL3	1	chr2	1	chr2_MATERNAL	1	chr2_PATERNAL
NFAT5	1	chr16	1	chr16_MATERNAL	1	chr16_PATERNAL
GARIN5A	1	chr19	1	chr19_MATERNAL	1	chr19_PATERNAL
MACIR	1	chr5	1	chr5_MATERNAL	1	chr5_PATERNAL
CDK18	1	chr1	1	chr1_MATERNAL	1	chr1_PATERNAL
PDE8B	1	chr5	1	chr5_MATERNAL	1	chr5_PATERNAL
TICRR	1	chr15	1	chr15_MATERNAL	1	chr15_PATERNAL
LRRC14	1	chr8	1	chr8_MATERNAL	1	chr8_PATERNAL
SHISAL1	1	chr22	1	chr22_MATERNAL	1	chr22_PATERNAL
POLR2J	1	chr7	1	chr7_MATERNAL	1	chr7_PATERNAL
MIDN	1	chr19	1	chr19_MATERNAL	1	chr19_PATERNAL
ABLIM2	1	chr4	1	chr4_MATERNAL	1	chr4_PATERNAL
EMX2	1	chr10	1	chr10_MATERNAL	1	chr10_PATERNAL
C17orf98	1	chr17	1	chr17_MATERNAL	1	chr17_PATERNAL
TOB2	1	chr22	1	chr22_MATERNAL	1	chr22_PATERNAL
SPIB	1	chr19	1	chr19_MATERNAL	1	chr19_PATERNAL
OR52E8	1	chr11	1	chr11_MATERNAL	1	chr11_PATERNAL
KIF14	1	chr1	1	chr1_MATERNAL	1	chr1_PATERNAL
LOC124905230	1	chrX	1	chrX_MATERNAL	0	None
RNF113A	1	chrX	1	chrX_MATERNAL	0	None
EIF1AD	1	chr11	1	chr11_MATERNAL	1	chr11_PATERNAL
GALNT7	1	chr4	1	chr4_MATERNAL	1	chr4_PATERNAL
ZNF573	1	chr19	1	chr19_MATERNAL	1	chr19_PATERNAL
METTL21C	1	chr13	1	chr13_MATERNAL	1	chr13_PATERNAL
NANOS1	1	chr10	1	chr10_MATERNAL	1	chr10_PATERNAL
CEACAM6	1	chr19	1	chr19_MATERNAL	1	chr19_PATERNAL
DDX50	1	chr10	1	chr10_MATERNAL	1	chr10_PATERNAL
GSDME	1	chr7	1	chr7_MATERNAL	1	chr7_PATERNAL
PBRM1	1	chr3	1	chr3_MATERNAL	1	chr3_PATERNAL
PRKG1	1	chr10	1	chr10_MATERNAL	1	chr10_PATERNAL
CD68	1	chr17	1	chr17_MATERNAL	1	chr17_PATERNAL
BCAS4	1	chr20	1	chr20_MATERNAL	1	chr20_PATERNAL
RBBP9	1	chr20	1	chr20_MATERNAL	1	chr20_PATERNAL
FAM3B	1	chr21	1	chr21_MATERNAL	1	chr21_PATERNAL
TBX1	1	chr22	1	chr22_MATERNAL	1	chr22_PATERNAL
PPIF	1	chr10	1	chr10_MATERNAL	1	chr10_PATERNAL
SYK	1	chr9	1	chr9_MATERNAL	1	chr9_PATERNAL
ZBTB24	1	chr6	1	chr6_MATERNAL	1	chr6_PATERNAL
USP22	1	chr17	1	chr17_MATERNAL	1	chr17_PATERNAL
RFC1	1	chr4	1	chr4_MATERNAL	1	chr4_PATERNAL
LOC124903544	4	chr15,chr15,chrY,chrY	1	chr15_MATERNAL	1	chr15_PATERNAL
POFUT2	1	chr21	1	chr21_MATERNAL	1	chr21_PATERNAL
CHMP4B	1	chr20	1	chr20_MATERNAL	1	chr20_PATERNAL
CARD14	1	chr17	1	chr17_MATERNAL	1	chr17_PATERNAL
TAS2R1	1	chr5	1	chr5_MATERNAL	1	chr5_PATERNAL
WNT5B	1	chr12	1	chr12_MATERNAL	1	chr12_PATERNAL
ECT2	1	chr3	1	chr3_MATERNAL	1	chr3_PATERNAL
NOP2	1	chr12	1	chr12_MATERNAL	1	chr12_PATERNAL
MRPS28	1	chr8	1	chr8_MATERNAL	1	chr8_PATERNAL
SESTD1	1	chr2	1	chr2_MATERNAL	1	chr2_PATERNAL
TBC1D13	1	chr9	1	chr9_MATERNAL	1	chr9_PATERNAL
SULT4A1	1	chr22	1	chr22_MATERNAL	1	chr22_PATERNAL
USP17L30	1	chr4	9	chr4_MATERNAL,chr4_MATERNAL,chr4_MATERNAL,chr4_MATERNAL,chr4_MATERNAL,chr4_MATERNAL,chr4_MATERNAL,chr4_MATERNAL,chr4_MATERNAL	7	chr4_PATERNAL,chr4_PATERNAL,chr4_PATERNAL,chr4_PATERNAL,chr4_PATERNAL,chr4_PATERNAL,chr4_PATERNAL
LOC122526780	1	chr17	1	chr17_MATERNAL	1	chr17_PATERNAL
GYG2	1	chrX	1	chrX_MATERNAL	0	None
ABCC8	1	chr11	1	chr11_MATERNAL	1	chr11_PATERNAL
PARP14	1	chr3	1	chr3_MATERNAL	1	chr3_PATERNAL
MINDY4	1	chr7	1	chr7_MATERNAL	1	chr7_PATERNAL
TET2	1	chr4	1	chr4_MATERNAL	1	chr4_PATERNAL
CES4A	1	chr16	1	chr16_MATERNAL	1	chr16_PATERNAL
PTPN7	1	chr1	1	chr1_MATERNAL	1	chr1_PATERNAL
XRCC4	1	chr5	1	chr5_MATERNAL	1	chr5_PATERNAL
CHMP2A	1	chr19	1	chr19_MATERNAL	1	chr19_PATERNAL
CYFIP1	1	chr15	1	chr15_MATERNAL	1	chr15_PATERNAL
MORN3	1	chr12	1	chr12_MATERNAL	1	chr12_PATERNAL
CDK2AP2	1	chr11	1	chr11_MATERNAL	1	chr11_PATERNAL
RPS17	1	chr15	1	chr15_MATERNAL	1	chr15_PATERNAL
ERN2	1	chr16	1	chr16_MATERNAL	1	chr16_PATERNAL
FOXR1	1	chr11	1	chr11_MATERNAL	1	chr11_PATERNAL
SLC26A4	1	chr7	1	chr7_MATERNAL	1	chr7_PATERNAL
WDPCP	1	chr2	1	chr2_MATERNAL	1	chr2_PATERNAL
SMIM20	1	chr4	1	chr4_MATERNAL	1	chr4_PATERNAL
ADAM28	1	chr8	1	chr8_MATERNAL	1	chr8_PATERNAL
PABPC1	1	chr8	1	chr8_MATERNAL	1	chr8_PATERNAL
GPR173	1	chrX	1	chrX_MATERNAL	0	None
FNIP2	1	chr4	1	chr4_MATERNAL	1	chr4_PATERNAL
COL5A1	1	chr9	1	chr9_MATERNAL	1	chr9_PATERNAL
NUDT14	1	chr14	1	chr14_MATERNAL	1	chr14_PATERNAL
FLAD1	1	chr1	1	chr1_MATERNAL	1	chr1_PATERNAL
ZFYVE1	1	chr14	1	chr14_MATERNAL	1	chr14_PATERNAL
CDK6	1	chr7	1	chr7_MATERNAL	1	chr7_PATERNAL
TIGD5	1	chr8	1	chr8_MATERNAL	1	chr8_PATERNAL
LOC124904607	1	chr19	1	chr19_MATERNAL	1	chr19_PATERNAL
CD101	1	chr1	1	chr1_MATERNAL	1	chr1_PATERNAL
KCNE5	1	chrX	1	chrX_MATERNAL	0	None
TOP2B	1	chr3	1	chr3_MATERNAL	1	chr3_PATERNAL
RBM33	1	chr7	1	chr7_MATERNAL	1	chr7_PATERNAL
TBC1D12	1	chr10	1	chr10_MATERNAL	1	chr10_PATERNAL
IDS	1	chrX	1	chrX_MATERNAL	0	None
TMCO6	1	chr5	1	chr5_MATERNAL	1	chr5_PATERNAL
LIMD2	1	chr17	1	chr17_MATERNAL	1	chr17_PATERNAL
DSN1	1	chr20	1	chr20_MATERNAL	1	chr20_PATERNAL
H1-0	1	chr22	1	chr22_MATERNAL	1	chr22_PATERNAL
NPSR1	1	chr7	1	chr7_MATERNAL	1	chr7_PATERNAL
ADGRE2	1	chr19	1	chr19_MATERNAL	1	chr19_PATERNAL
CLCNKA	1	chr1	1	chr1_MATERNAL	1	chr1_PATERNAL
DUSP18	1	chr22	1	chr22_MATERNAL	1	chr22_PATERNAL
RMDN3	1	chr15	1	chr15_MATERNAL	1	chr15_PATERNAL
LIN54	1	chr4	1	chr4_MATERNAL	1	chr4_PATERNAL
NT5M	1	chr17	1	chr17_MATERNAL	1	chr17_PATERNAL
GTF2E2	1	chr8	1	chr8_MATERNAL	1	chr8_PATERNAL
IL37	1	chr2	1	chr2_MATERNAL	1	chr2_PATERNAL
POLG2	1	chr17	1	chr17_MATERNAL	1	chr17_PATERNAL
GGCX	1	chr2	1	chr2_MATERNAL	1	chr2_PATERNAL
RIC3	1	chr11	1	chr11_MATERNAL	1	chr11_PATERNAL
IGSF1	1	chrX	1	chrX_MATERNAL	0	None
SEBOX	1	chr17	1	chr17_MATERNAL	1	chr17_PATERNAL
OR4C3	1	chr11	1	chr11_MATERNAL	1	chr11_PATERNAL
PTK2B	1	chr8	1	chr8_MATERNAL	1	chr8_PATERNAL
DIRAS1	1	chr19	1	chr19_MATERNAL	1	chr19_PATERNAL
HECW2	1	chr2	1	chr2_MATERNAL	1	chr2_PATERNAL
SPDYE1	1	chr7	1	chr7_MATERNAL	1	chr7_PATERNAL
CXorf49B	1	chrX	1	chrX_MATERNAL	0	None
RPEL1	1	chr10	1	chr10_MATERNAL	1	chr10_PATERNAL
EIF3H	1	chr8	1	chr8_MATERNAL	1	chr8_PATERNAL
CRABP1	1	chr15	1	chr15_MATERNAL	1	chr15_PATERNAL
TBCE	1	chr1	1	chr1_MATERNAL	1	chr1_PATERNAL
OTOR	1	chr20	1	chr20_MATERNAL	1	chr20_PATERNAL
STPG1	1	chr1	1	chr1_MATERNAL	1	chr1_PATERNAL
GPRC6A	1	chr6	1	chr6_MATERNAL	1	chr6_PATERNAL
PCDHGA5	1	chr5	1	chr5_MATERNAL	1	chr5_PATERNAL
APOC4	1	chr19	1	chr19_MATERNAL	1	chr19_PATERNAL
AHSP	1	chr16	1	chr16_MATERNAL	1	chr16_PATERNAL
CYRIB	1	chr8	1	chr8_MATERNAL	1	chr8_PATERNAL
TMIGD2	1	chr19	1	chr19_MATERNAL	1	chr19_PATERNAL
SBNO1	1	chr12	1	chr12_MATERNAL	1	chr12_PATERNAL
LOC124901712	3	chr7,chr7,chr7	3	chr7_MATERNAL,chr7_MATERNAL,chr7_MATERNAL	2	chr7_PATERNAL,chr7_PATERNAL
POMP	1	chr13	1	chr13_MATERNAL	1	chr13_PATERNAL
MARCHF7	1	chr2	1	chr2_MATERNAL	1	chr2_PATERNAL
MYBBP1A	1	chr17	1	chr17_MATERNAL	1	chr17_PATERNAL
SCGB1D2	1	chr11	1	chr11_MATERNAL	1	chr11_PATERNAL
CT83	1	chrX	1	chrX_MATERNAL	0	None
VHL	1	chr3	1	chr3_MATERNAL	1	chr3_PATERNAL
PHYHIP	1	chr8	1	chr8_MATERNAL	1	chr8_PATERNAL
SETBP1	1	chr18	1	chr18_MATERNAL	1	chr18_PATERNAL
FMC1-LUC7L2	1	chr7	1	chr7_MATERNAL	1	chr7_PATERNAL
LRRC27	1	chr10	1	chr10_MATERNAL	1	chr10_PATERNAL
MRPL12	1	chr17	1	chr17_MATERNAL	1	chr17_PATERNAL
PPP1R14A	1	chr19	1	chr19_MATERNAL	1	chr19_PATERNAL
UBQLNL	1	chr11	1	chr11_MATERNAL	1	chr11_PATERNAL
THEMIS	1	chr6	1	chr6_MATERNAL	1	chr6_PATERNAL
ZBTB45	1	chr19	1	chr19_MATERNAL	1	chr19_PATERNAL
PLAAT4	1	chr11	1	chr11_MATERNAL	1	chr11_PATERNAL
CNTN3	1	chr3	1	chr3_MATERNAL	1	chr3_PATERNAL
NUTF2	1	chr16	1	chr16_MATERNAL	1	chr16_PATERNAL
SPACA9	1	chr9	1	chr9_MATERNAL	1	chr9_PATERNAL
OR7C2	1	chr19	1	chr19_MATERNAL	1	chr19_PATERNAL
GPR75	1	chr2	1	chr2_MATERNAL	1	chr2_PATERNAL
FOXE3	1	chr1	1	chr1_MATERNAL	1	chr1_PATERNAL
NME1-NME2	1	chr17	1	chr17_MATERNAL	1	chr17_PATERNAL
PTGR2	1	chr14	1	chr14_MATERNAL	1	chr14_PATERNAL
KIF23	1	chr15	1	chr15_MATERNAL	1	chr15_PATERNAL
NR5A1	1	chr9	1	chr9_MATERNAL	1	chr9_PATERNAL
P4HB	1	chr17	1	chr17_MATERNAL	1	chr17_PATERNAL
SERPINH1	1	chr11	1	chr11_MATERNAL	1	chr11_PATERNAL
DYRK1A	1	chr21	1	chr21_MATERNAL	1	chr21_PATERNAL
FMC1	1	chr7	1	chr7_MATERNAL	1	chr7_PATERNAL
LOC124904588	1	chr1	1	chr1_MATERNAL	1	chr1_PATERNAL
WDR54	1	chr2	1	chr2_MATERNAL	1	chr2_PATERNAL
SCGB2B2	1	chr19	1	chr19_MATERNAL	1	chr19_PATERNAL
ZNF737	1	chr19	1	chr19_MATERNAL	1	chr19_PATERNAL
NSA2	1	chr5	1	chr5_MATERNAL	1	chr5_PATERNAL
SCGB1D1	1	chr11	1	chr11_MATERNAL	1	chr11_PATERNAL
HS3ST4	1	chr16	1	chr16_MATERNAL	1	chr16_PATERNAL
PPIAL4D	1	chr1	1	chr1_MATERNAL	1	chr1_PATERNAL
AFTPH	1	chr2	1	chr2_MATERNAL	1	chr2_PATERNAL
IGBP1P2	1	chr17	1	chr17_MATERNAL	1	chr17_PATERNAL
DIP2B	1	chr12	1	chr12_MATERNAL	1	chr12_PATERNAL
CAV3	1	chr3	1	chr3_MATERNAL	1	chr3_PATERNAL
NGF	1	chr1	1	chr1_MATERNAL	1	chr1_PATERNAL
WASHC4	1	chr12	1	chr12_MATERNAL	1	chr12_PATERNAL
ENDOU	1	chr12	1	chr12_MATERNAL	1	chr12_PATERNAL
CSF2RA	2	chrX,chrY	1	chrX_MATERNAL	1	chrY_PATERNAL
DCBLD1	1	chr6	1	chr6_MATERNAL	1	chr6_PATERNAL
LALBA	1	chr12	1	chr12_MATERNAL	1	chr12_PATERNAL
PTGFRN	1	chr1	1	chr1_MATERNAL	1	chr1_PATERNAL
NIPAL4	1	chr5	1	chr5_MATERNAL	1	chr5_PATERNAL
PRF1	1	chr10	1	chr10_MATERNAL	1	chr10_PATERNAL
SMYD3	1	chr1	1	chr1_MATERNAL	1	chr1_PATERNAL
GOLPH3	1	chr5	1	chr5_MATERNAL	1	chr5_PATERNAL
DNAJC11	1	chr1	1	chr1_MATERNAL	1	chr1_PATERNAL
ZNF329	1	chr19	1	chr19_MATERNAL	1	chr19_PATERNAL
GPC6	1	chr13	1	chr13_MATERNAL	1	chr13_PATERNAL
RAB11A	1	chr15	1	chr15_MATERNAL	1	chr15_PATERNAL
OR2F1	1	chr7	1	chr7_MATERNAL	1	chr7_PATERNAL
RCBTB1	1	chr13	1	chr13_MATERNAL	1	chr13_PATERNAL
PGP	1	chr16	1	chr16_MATERNAL	1	chr16_PATERNAL
ANKRD34A	1	chr1	1	chr1_MATERNAL	1	chr1_PATERNAL
ATG9A	1	chr2	1	chr2_MATERNAL	1	chr2_PATERNAL
POP7	1	chr7	1	chr7_MATERNAL	1	chr7_PATERNAL
PLGLB1	1	chr2	1	chr2_MATERNAL	1	chr2_PATERNAL
POMT1	1	chr9	1	chr9_MATERNAL	1	chr9_PATERNAL
MTMR8	1	chrX	1	chrX_MATERNAL	0	None
HCAR2	1	chr12	1	chr12_MATERNAL	1	chr12_PATERNAL
TRMT13	1	chr1	1	chr1_MATERNAL	1	chr1_PATERNAL
THOP1	1	chr19	1	chr19_MATERNAL	1	chr19_PATERNAL
ZNF33B	1	chr10	1	chr10_MATERNAL	1	chr10_PATERNAL
TNFSF13B	1	chr13	1	chr13_MATERNAL	1	chr13_PATERNAL
LOC122455339	1	chr8	1	chr8_MATERNAL	1	chr8_PATERNAL
MGAT5	1	chr2	1	chr2_MATERNAL	1	chr2_PATERNAL
NFATC2IP	1	chr16	1	chr16_MATERNAL	1	chr16_PATERNAL
UBR7	1	chr14	1	chr14_MATERNAL	1	chr14_PATERNAL
MLH1	1	chr3	1	chr3_MATERNAL	1	chr3_PATERNAL
SCD5	1	chr4	1	chr4_MATERNAL	1	chr4_PATERNAL
SKAP2	1	chr7	1	chr7_MATERNAL	1	chr7_PATERNAL
GPR61	1	chr1	1	chr1_MATERNAL	1	chr1_PATERNAL
NAB1	1	chr2	1	chr2_MATERNAL	1	chr2_PATERNAL
KDM4A	1	chr1	1	chr1_MATERNAL	1	chr1_PATERNAL
FGFR2	1	chr10	1	chr10_MATERNAL	1	chr10_PATERNAL
ACIN1	1	chr14	1	chr14_MATERNAL	1	chr14_PATERNAL
SAMD4B	1	chr19	1	chr19_MATERNAL	1	chr19_PATERNAL
FBXO15	1	chr18	1	chr18_MATERNAL	1	chr18_PATERNAL
RASL10A	1	chr22	1	chr22_MATERNAL	1	chr22_PATERNAL
RFX6	1	chr6	1	chr6_MATERNAL	1	chr6_PATERNAL
PPP1R21	1	chr2	1	chr2_MATERNAL	1	chr2_PATERNAL
ZBTB9	1	chr6	1	chr6_MATERNAL	1	chr6_PATERNAL
ATOH8	1	chr2	1	chr2_MATERNAL	1	chr2_PATERNAL
RTCB	1	chr22	1	chr22_MATERNAL	1	chr22_PATERNAL
CFAP97D1	1	chr17	1	chr17_MATERNAL	1	chr17_PATERNAL
PGBD1	1	chr6	1	chr6_MATERNAL	1	chr6_PATERNAL
PRDM13	1	chr6	1	chr6_MATERNAL	1	chr6_PATERNAL
SEMA4F	1	chr2	1	chr2_MATERNAL	1	chr2_PATERNAL
OR10H3	1	chr19	1	chr19_MATERNAL	1	chr19_PATERNAL
SLC1A6	1	chr19	1	chr19_MATERNAL	1	chr19_PATERNAL
RALGAPB	1	chr20	1	chr20_MATERNAL	1	chr20_PATERNAL
TMEM132E	1	chr17	1	chr17_MATERNAL	1	chr17_PATERNAL
ATL1	1	chr14	1	chr14_MATERNAL	1	chr14_PATERNAL
CLCNKB	1	chr1	1	chr1_MATERNAL	1	chr1_PATERNAL
UCN2	1	chr3	1	chr3_MATERNAL	1	chr3_PATERNAL
RNF24	1	chr20	1	chr20_MATERNAL	1	chr20_PATERNAL
DRICH1	1	chr22	1	chr22_MATERNAL	1	chr22_PATERNAL
ERICH1	1	chr8	1	chr8_MATERNAL	1	chr8_PATERNAL
DNASE2B	1	chr1	1	chr1_MATERNAL	1	chr1_PATERNAL
LRRC8D	1	chr1	1	chr1_MATERNAL	1	chr1_PATERNAL
TRAK2	1	chr2	1	chr2_MATERNAL	1	chr2_PATERNAL
SLC35A5	1	chr3	1	chr3_MATERNAL	1	chr3_PATERNAL
SCRN2	1	chr17	1	chr17_MATERNAL	1	chr17_PATERNAL
SPATA19	1	chr11	1	chr11_MATERNAL	1	chr11_PATERNAL
ZSCAN26	1	chr6	1	chr6_MATERNAL	1	chr6_PATERNAL
DAND5	1	chr19	1	chr19_MATERNAL	1	chr19_PATERNAL
PNRC2	1	chr1	1	chr1_MATERNAL	1	chr1_PATERNAL
SPATA33	1	chr16	1	chr16_MATERNAL	1	chr16_PATERNAL
TMEM35B	1	chr1	1	chr1_MATERNAL	1	chr1_PATERNAL
LOC124901418	1	chr6	1	chr6_MATERNAL	1	chr6_PATERNAL
MTA2	1	chr11	1	chr11_MATERNAL	1	chr11_PATERNAL
RCOR1	1	chr14	1	chr14_MATERNAL	1	chr14_PATERNAL
ORC5	1	chr7	1	chr7_MATERNAL	1	chr7_PATERNAL
TMEM59L	1	chr19	1	chr19_MATERNAL	1	chr19_PATERNAL
TRAPPC4	1	chr11	1	chr11_MATERNAL	1	chr11_PATERNAL
JRK	1	chr8	1	chr8_MATERNAL	1	chr8_PATERNAL
ZNF722	1	chr7	1	chr7_MATERNAL	1	chr7_PATERNAL
C9orf57	1	chr9	1	chr9_MATERNAL	1	chr9_PATERNAL
TMEM249	1	chr8	1	chr8_MATERNAL	1	chr8_PATERNAL
CGB8	1	chr19	1	chr19_MATERNAL	1	chr19_PATERNAL
CD164	1	chr6	1	chr6_MATERNAL	1	chr6_PATERNAL
CT47A2	1	chrX	3	chrX_MATERNAL,chrX_MATERNAL,chrX_MATERNAL	0	None
C11orf52	1	chr11	1	chr11_MATERNAL	1	chr11_PATERNAL
FAM189A1	1	chr15	1	chr15_MATERNAL	1	chr15_PATERNAL
ANKRD45	1	chr1	1	chr1_MATERNAL	1	chr1_PATERNAL
KIF9	1	chr3	1	chr3_MATERNAL	1	chr3_PATERNAL
ATP9B	1	chr18	1	chr18_MATERNAL	1	chr18_PATERNAL
MRPL11	1	chr11	1	chr11_MATERNAL	1	chr11_PATERNAL
TSPYL5	1	chr8	1	chr8_MATERNAL	1	chr8_PATERNAL
LNX2	1	chr13	1	chr13_MATERNAL	1	chr13_PATERNAL
TMEM256	1	chr17	1	chr17_MATERNAL	1	chr17_PATERNAL
CDH23	1	chr10	1	chr10_MATERNAL	1	chr10_PATERNAL
NABP2	1	chr12	1	chr12_MATERNAL	1	chr12_PATERNAL
SUGP1	1	chr19	1	chr19_MATERNAL	1	chr19_PATERNAL
PLPBP	1	chr8	1	chr8_MATERNAL	1	chr8_PATERNAL
KLK9	1	chr19	1	chr19_MATERNAL	1	chr19_PATERNAL
MAFA	1	chr8	1	chr8_MATERNAL	1	chr8_PATERNAL
RBP3	1	chr10	1	chr10_MATERNAL	1	chr10_PATERNAL
RUSC1	1	chr1	1	chr1_MATERNAL	1	chr1_PATERNAL
THNSL2	1	chr2	1	chr2_MATERNAL	1	chr2_PATERNAL
CDHR4	1	chr3	1	chr3_MATERNAL	1	chr3_PATERNAL
GOLGA6L1	2	chr15,chr15	1	chr15_MATERNAL	1	chr15_PATERNAL
CD99	2	chrX,chrY	1	chrX_MATERNAL	1	chrY_PATERNAL
B3GALT2	1	chr1	1	chr1_MATERNAL	1	chr1_PATERNAL
COPE	1	chr19	1	chr19_MATERNAL	1	chr19_PATERNAL
NEUROD4	1	chr12	1	chr12_MATERNAL	1	chr12_PATERNAL
HORMAD1	1	chr1	1	chr1_MATERNAL	1	chr1_PATERNAL
ANO2	1	chr12	1	chr12_MATERNAL	1	chr12_PATERNAL
ANKZF1	1	chr2	1	chr2_MATERNAL	1	chr2_PATERNAL
TRIM36	1	chr5	1	chr5_MATERNAL	1	chr5_PATERNAL
LDHA	1	chr11	1	chr11_MATERNAL	1	chr11_PATERNAL
PTRHD1	1	chr2	1	chr2_MATERNAL	1	chr2_PATERNAL
DNAAF10	1	chr2	1	chr2_MATERNAL	1	chr2_PATERNAL
CLPS	1	chr6	2	chr6_MATERNAL,chr6_MATERNAL	1	chr6_PATERNAL
CENPM	1	chr22	1	chr22_MATERNAL	1	chr22_PATERNAL
TLL1	1	chr4	1	chr4_MATERNAL	1	chr4_PATERNAL
HSFX2	1	chrX	1	chrX_MATERNAL	0	None
COPB1	1	chr11	1	chr11_MATERNAL	1	chr11_PATERNAL
B4GALT4	1	chr3	1	chr3_MATERNAL	1	chr3_PATERNAL
NAXD	1	chr13	1	chr13_MATERNAL	1	chr13_PATERNAL
KRTAP9-9	1	chr17	1	chr17_MATERNAL	1	chr17_PATERNAL
SLC7A3	1	chrX	1	chrX_MATERNAL	0	None
CAPN6	1	chrX	1	chrX_MATERNAL	0	None
DENND10	1	chr10	1	chr10_MATERNAL	1	chr10_PATERNAL
KLF16	1	chr19	1	chr19_MATERNAL	1	chr19_PATERNAL
PTCD1	1	chr7	1	chr7_MATERNAL	1	chr7_PATERNAL
STMND1	1	chr6	1	chr6_MATERNAL	1	chr6_PATERNAL
TSPAN10	1	chr17	1	chr17_MATERNAL	1	chr17_PATERNAL
GARIN1A	1	chr7	1	chr7_MATERNAL	1	chr7_PATERNAL
PEX13	1	chr2	1	chr2_MATERNAL	1	chr2_PATERNAL
CMPK1	1	chr1	1	chr1_MATERNAL	1	chr1_PATERNAL
PRTG	1	chr15	1	chr15_MATERNAL	1	chr15_PATERNAL
ZNF439	1	chr19	1	chr19_MATERNAL	1	chr19_PATERNAL
PPEF2	1	chr4	1	chr4_MATERNAL	1	chr4_PATERNAL
CYBB	1	chrX	1	chrX_MATERNAL	0	None
MASTL	1	chr10	1	chr10_MATERNAL	1	chr10_PATERNAL
CCDC122	1	chr13	1	chr13_MATERNAL	1	chr13_PATERNAL
SUFU	1	chr10	1	chr10_MATERNAL	1	chr10_PATERNAL
HOXD4	1	chr2	1	chr2_MATERNAL	1	chr2_PATERNAL
ZNF699	1	chr19	1	chr19_MATERNAL	1	chr19_PATERNAL
NCKAP5L	1	chr12	1	chr12_MATERNAL	1	chr12_PATERNAL
LOC124900276	1	chr9	1	chr9_MATERNAL	1	chr9_PATERNAL
SEPTIN9	1	chr17	1	chr17_MATERNAL	1	chr17_PATERNAL
PIGS	1	chr17	1	chr17_MATERNAL	1	chr17_PATERNAL
ABCG1	1	chr21	1	chr21_MATERNAL	1	chr21_PATERNAL
REEP2	1	chr5	1	chr5_MATERNAL	1	chr5_PATERNAL
CPA2	1	chr7	1	chr7_MATERNAL	1	chr7_PATERNAL
STAR	1	chr8	1	chr8_MATERNAL	1	chr8_PATERNAL
DNAJC5	1	chr20	1	chr20_MATERNAL	1	chr20_PATERNAL
LOC124903233	1	chr13	1	chr13_MATERNAL	1	chr13_PATERNAL
PIFO	1	chr1	1	chr1_MATERNAL	1	chr1_PATERNAL
HESX1	1	chr3	1	chr3_MATERNAL	1	chr3_PATERNAL
HTR2C	1	chrX	1	chrX_MATERNAL	0	None
NAPEPLD	1	chr7	1	chr7_MATERNAL	1	chr7_PATERNAL
CFAP44	1	chr3	1	chr3_MATERNAL	1	chr3_PATERNAL
DYNLT4	1	chr1	1	chr1_MATERNAL	1	chr1_PATERNAL
ANKDD1A	1	chr15	1	chr15_MATERNAL	1	chr15_PATERNAL
D2HGDH	1	chr2	1	chr2_MATERNAL	1	chr2_PATERNAL
TVP23C	1	chr17	1	chr17_MATERNAL	1	chr17_PATERNAL
GDPD3	1	chr16	1	chr16_MATERNAL	1	chr16_PATERNAL
EML6	1	chr2	1	chr2_MATERNAL	1	chr2_PATERNAL
LRRC55	1	chr11	1	chr11_MATERNAL	1	chr11_PATERNAL
TNFRSF19	1	chr13	1	chr13_MATERNAL	1	chr13_PATERNAL
RNF149	1	chr2	1	chr2_MATERNAL	1	chr2_PATERNAL
SVOP	1	chr12	1	chr12_MATERNAL	1	chr12_PATERNAL
ZNF613	1	chr19	1	chr19_MATERNAL	1	chr19_PATERNAL
DAGLA	1	chr11	1	chr11_MATERNAL	1	chr11_PATERNAL
NOD2	1	chr16	1	chr16_MATERNAL	1	chr16_PATERNAL
NKX2-8	1	chr14	1	chr14_MATERNAL	1	chr14_PATERNAL
SVEP1	1	chr9	1	chr9_MATERNAL	1	chr9_PATERNAL
RUNX3	1	chr1	1	chr1_MATERNAL	1	chr1_PATERNAL
MICOS13	1	chr19	1	chr19_MATERNAL	1	chr19_PATERNAL
UFC1	1	chr1	1	chr1_MATERNAL	1	chr1_PATERNAL
MYO5C	1	chr15	1	chr15_MATERNAL	1	chr15_PATERNAL
NUDT8	1	chr11	1	chr11_MATERNAL	1	chr11_PATERNAL
INPP5A	1	chr10	1	chr10_MATERNAL	1	chr10_PATERNAL
CPHXL	1	chr16	1	chr16_MATERNAL	1	chr16_PATERNAL
KIF20B	1	chr10	1	chr10_MATERNAL	1	chr10_PATERNAL
SLFN14	1	chr17	1	chr17_MATERNAL	1	chr17_PATERNAL
FOXC1	1	chr6	1	chr6_MATERNAL	1	chr6_PATERNAL
OR2C3	1	chr1	1	chr1_MATERNAL	1	chr1_PATERNAL
PYURF	1	chr4	1	chr4_MATERNAL	1	chr4_PATERNAL
JRKL	1	chr11	1	chr11_MATERNAL	1	chr11_PATERNAL
WDFY3	1	chr4	1	chr4_MATERNAL	1	chr4_PATERNAL
EDNRB	1	chr13	1	chr13_MATERNAL	1	chr13_PATERNAL
C5orf22	1	chr5	1	chr5_MATERNAL	1	chr5_PATERNAL
FANCE	1	chr6	1	chr6_MATERNAL	1	chr6_PATERNAL
POLR2B	1	chr4	1	chr4_MATERNAL	1	chr4_PATERNAL
EIF3I	1	chr1	1	chr1_MATERNAL	1	chr1_PATERNAL
CCN5	1	chr20	1	chr20_MATERNAL	1	chr20_PATERNAL
JAZF1	1	chr7	1	chr7_MATERNAL	1	chr7_PATERNAL
HOXC9	1	chr12	1	chr12_MATERNAL	1	chr12_PATERNAL
TMBIM1	1	chr2	1	chr2_MATERNAL	1	chr2_PATERNAL
TUBA3E	1	chr2	1	chr2_MATERNAL	1	chr2_PATERNAL
MXD4	1	chr4	1	chr4_MATERNAL	1	chr4_PATERNAL
COL19A1	1	chr6	1	chr6_MATERNAL	1	chr6_PATERNAL
LAMC2	1	chr1	1	chr1_MATERNAL	1	chr1_PATERNAL
CREM	1	chr10	1	chr10_MATERNAL	1	chr10_PATERNAL
CCDC87	1	chr11	1	chr11_MATERNAL	1	chr11_PATERNAL
PRAMEF5	1	chr1	1	chr1_MATERNAL	1	chr1_PATERNAL
ARPC2	1	chr2	1	chr2_MATERNAL	1	chr2_PATERNAL
DERL1	1	chr8	1	chr8_MATERNAL	1	chr8_PATERNAL
RIF1	1	chr2	1	chr2_MATERNAL	1	chr2_PATERNAL
SLC43A3	1	chr11	1	chr11_MATERNAL	1	chr11_PATERNAL
KRT33B	1	chr17	1	chr17_MATERNAL	1	chr17_PATERNAL
NUP35	1	chr2	1	chr2_MATERNAL	1	chr2_PATERNAL
AGO4	1	chr1	1	chr1_MATERNAL	1	chr1_PATERNAL
JCAD	1	chr10	1	chr10_MATERNAL	1	chr10_PATERNAL
RAB38	1	chr11	1	chr11_MATERNAL	1	chr11_PATERNAL
EDARADD	1	chr1	1	chr1_MATERNAL	1	chr1_PATERNAL
LY6E	1	chr8	1	chr8_MATERNAL	1	chr8_PATERNAL
NPC2	1	chr14	1	chr14_MATERNAL	1	chr14_PATERNAL
GAS7	1	chr17	1	chr17_MATERNAL	1	chr17_PATERNAL
STAT1	1	chr2	1	chr2_MATERNAL	1	chr2_PATERNAL
ZNF33A	1	chr10	1	chr10_MATERNAL	1	chr10_PATERNAL
MTA3	1	chr2	1	chr2_MATERNAL	1	chr2_PATERNAL
RO60	1	chr1	1	chr1_MATERNAL	1	chr1_PATERNAL
TMEM141	1	chr9	1	chr9_MATERNAL	1	chr9_PATERNAL
NTAQ1	1	chr8	1	chr8_MATERNAL	1	chr8_PATERNAL
C9orf43	1	chr9	1	chr9_MATERNAL	1	chr9_PATERNAL
MT1H	1	chr16	1	chr16_MATERNAL	1	chr16_PATERNAL
PRELID1	1	chr5	1	chr5_MATERNAL	1	chr5_PATERNAL
KLHL10	1	chr17	1	chr17_MATERNAL	1	chr17_PATERNAL
CHRNG	1	chr2	1	chr2_MATERNAL	1	chr2_PATERNAL
H4C14	1	chr1	1	chr1_MATERNAL	1	chr1_PATERNAL
FZD6	1	chr8	1	chr8_MATERNAL	1	chr8_PATERNAL
METTL25B	1	chr1	1	chr1_MATERNAL	1	chr1_PATERNAL
CTNND1	1	chr11	1	chr11_MATERNAL	1	chr11_PATERNAL
MACROH2A1	1	chr5	1	chr5_MATERNAL	1	chr5_PATERNAL
SLA2	1	chr20	1	chr20_MATERNAL	1	chr20_PATERNAL
DDIT4L	1	chr4	1	chr4_MATERNAL	1	chr4_PATERNAL
ACAD8	1	chr11	1	chr11_MATERNAL	1	chr11_PATERNAL
FRMPD2	1	chr10	1	chr10_MATERNAL	1	chr10_PATERNAL
PZP	1	chr12	1	chr12_MATERNAL	1	chr12_PATERNAL
HACE1	1	chr6	1	chr6_MATERNAL	1	chr6_PATERNAL
MAPK11	1	chr22	1	chr22_MATERNAL	1	chr22_PATERNAL
SPACA6	1	chr19	1	chr19_MATERNAL	1	chr19_PATERNAL
OR13G1	1	chr1	1	chr1_MATERNAL	1	chr1_PATERNAL
ITGA8	1	chr10	1	chr10_MATERNAL	1	chr10_PATERNAL
OR13C9	1	chr9	1	chr9_MATERNAL	1	chr9_PATERNAL
ARMC1	1	chr8	1	chr8_MATERNAL	1	chr8_PATERNAL
ZGRF1	1	chr4	1	chr4_MATERNAL	1	chr4_PATERNAL
RIPOR2	1	chr6	1	chr6_MATERNAL	1	chr6_PATERNAL
ZNHIT3	1	chr17	1	chr17_MATERNAL	1	chr17_PATERNAL
TBC1D3B	1	chr17	1	chr17_MATERNAL	1	chr17_PATERNAL
ARL17A	1	chr17	1	chr17_MATERNAL	1	chr17_PATERNAL
LRRIQ3	1	chr1	1	chr1_MATERNAL	1	chr1_PATERNAL
SUPT20H	1	chr13	1	chr13_MATERNAL	1	chr13_PATERNAL
CDH10	1	chr5	1	chr5_MATERNAL	1	chr5_PATERNAL
ZNF843	1	chr16	1	chr16_MATERNAL	1	chr16_PATERNAL
CYP2B6	1	chr19	1	chr19_MATERNAL	1	chr19_PATERNAL
SDR9C7	1	chr12	1	chr12_MATERNAL	1	chr12_PATERNAL
KRT1	1	chr12	1	chr12_MATERNAL	1	chr12_PATERNAL
RPP38	1	chr10	1	chr10_MATERNAL	1	chr10_PATERNAL
FAM135A	1	chr6	1	chr6_MATERNAL	1	chr6_PATERNAL
CCR4	1	chr3	1	chr3_MATERNAL	1	chr3_PATERNAL
H4C9	1	chr6	1	chr6_MATERNAL	1	chr6_PATERNAL
HOMER1	1	chr5	1	chr5_MATERNAL	1	chr5_PATERNAL
CCDC102A	1	chr16	1	chr16_MATERNAL	1	chr16_PATERNAL
KCNJ14	1	chr19	1	chr19_MATERNAL	1	chr19_PATERNAL
PRRT1B	1	chr9	1	chr9_MATERNAL	1	chr9_PATERNAL
LOC124904399	6	chr1,chr1,chr2,chr2,chr2,chr13	5	chr1_MATERNAL,chr1_MATERNAL,chr1_MATERNAL,chr2_MATERNAL,chr13_MATERNAL	5	chr1_PATERNAL,chr13_PATERNAL,chr2_PATERNAL,chr2_PATERNAL,chr2_PATERNAL
RNF207	1	chr1	1	chr1_MATERNAL	1	chr1_PATERNAL
AKR7A2	1	chr1	1	chr1_MATERNAL	1	chr1_PATERNAL
FAM181B	1	chr11	1	chr11_MATERNAL	1	chr11_PATERNAL
DUSP10	1	chr1	1	chr1_MATERNAL	1	chr1_PATERNAL
SLC25A22	1	chr11	1	chr11_MATERNAL	1	chr11_PATERNAL
TMEM38B	1	chr9	1	chr9_MATERNAL	1	chr9_PATERNAL
PARK7	1	chr1	1	chr1_MATERNAL	1	chr1_PATERNAL
CACNG8	1	chr19	1	chr19_MATERNAL	1	chr19_PATERNAL
CD44	1	chr11	1	chr11_MATERNAL	1	chr11_PATERNAL
HSPA12B	1	chr20	1	chr20_MATERNAL	1	chr20_PATERNAL
SPOPL	1	chr2	1	chr2_MATERNAL	1	chr2_PATERNAL
SPART	1	chr13	1	chr13_MATERNAL	1	chr13_PATERNAL
CCDC148	1	chr2	1	chr2_MATERNAL	1	chr2_PATERNAL
MEIKIN	1	chr5	1	chr5_MATERNAL	1	chr5_PATERNAL
CAPN13	1	chr2	1	chr2_MATERNAL	1	chr2_PATERNAL
ABHD1	1	chr2	1	chr2_MATERNAL	1	chr2_PATERNAL
TOR4A	1	chr9	1	chr9_MATERNAL	1	chr9_PATERNAL
PMPCA	1	chr9	1	chr9_MATERNAL	1	chr9_PATERNAL
NCK1	1	chr3	1	chr3_MATERNAL	1	chr3_PATERNAL
SUPT6H	1	chr17	1	chr17_MATERNAL	1	chr17_PATERNAL
CCDC183	1	chr9	1	chr9_MATERNAL	1	chr9_PATERNAL
NIBAN1	1	chr1	1	chr1_MATERNAL	1	chr1_PATERNAL
NT5C3B	1	chr17	1	chr17_MATERNAL	1	chr17_PATERNAL
ZNF627	1	chr19	1	chr19_MATERNAL	1	chr19_PATERNAL
TUBA1A	1	chr12	1	chr12_MATERNAL	1	chr12_PATERNAL
PDPK1	1	chr16	1	chr16_MATERNAL	1	chr16_PATERNAL
PANO1	1	chr11	1	chr11_MATERNAL	1	chr11_PATERNAL
MRPL34	1	chr19	1	chr19_MATERNAL	1	chr19_PATERNAL
HRH4	1	chr18	1	chr18_MATERNAL	1	chr18_PATERNAL
ADRM1	1	chr20	1	chr20_MATERNAL	1	chr20_PATERNAL
GZMH	1	chr14	1	chr14_MATERNAL	1	chr14_PATERNAL
NBEAL1	1	chr2	1	chr2_MATERNAL	1	chr2_PATERNAL
CTBP1	1	chr4	1	chr4_MATERNAL	1	chr4_PATERNAL
C8orf44-SGK3	1	chr8	1	chr8_MATERNAL	1	chr8_PATERNAL
KIAA2013	1	chr1	1	chr1_MATERNAL	1	chr1_PATERNAL
CACNG3	1	chr16	1	chr16_MATERNAL	1	chr16_PATERNAL
SYCN	1	chr19	1	chr19_MATERNAL	1	chr19_PATERNAL
SMIM28	1	chr6	1	chr6_MATERNAL	1	chr6_PATERNAL
ATR	1	chr3	1	chr3_MATERNAL	1	chr3_PATERNAL
WFDC6	1	chr20	1	chr20_MATERNAL	1	chr20_PATERNAL
SPECC1	1	chr17	1	chr17_MATERNAL	1	chr17_PATERNAL
ZFP82	1	chr19	1	chr19_MATERNAL	1	chr19_PATERNAL
RNASE13	1	chr14	1	chr14_MATERNAL	1	chr14_PATERNAL
OR10P1	1	chr12	1	chr12_MATERNAL	1	chr12_PATERNAL
TMEM170A	1	chr16	1	chr16_MATERNAL	1	chr16_PATERNAL
BPIFB2	1	chr20	1	chr20_MATERNAL	1	chr20_PATERNAL
AFF3	1	chr2	1	chr2_MATERNAL	1	chr2_PATERNAL
GGT7	1	chr20	1	chr20_MATERNAL	1	chr20_PATERNAL
RNF180	1	chr5	1	chr5_MATERNAL	1	chr5_PATERNAL
GLRA1	1	chr5	1	chr5_MATERNAL	1	chr5_PATERNAL
SUPT3H	1	chr6	1	chr6_MATERNAL	1	chr6_PATERNAL
CRYM	1	chr16	1	chr16_MATERNAL	1	chr16_PATERNAL
RAET1E	1	chr6	1	chr6_MATERNAL	1	chr6_PATERNAL
MAP2K5	1	chr15	1	chr15_MATERNAL	1	chr15_PATERNAL
MMD2	1	chr7	1	chr7_MATERNAL	1	chr7_PATERNAL
APTX	1	chr9	1	chr9_MATERNAL	1	chr9_PATERNAL
CSRP1	1	chr1	1	chr1_MATERNAL	1	chr1_PATERNAL
SSBP1	1	chr7	1	chr7_MATERNAL	1	chr7_PATERNAL
PAX1	1	chr20	1	chr20_MATERNAL	1	chr20_PATERNAL
EPN3	1	chr17	1	chr17_MATERNAL	1	chr17_PATERNAL
KRT4	1	chr12	1	chr12_MATERNAL	1	chr12_PATERNAL
TMEM72	1	chr10	1	chr10_MATERNAL	1	chr10_PATERNAL
ASS1	1	chr9	1	chr9_MATERNAL	1	chr9_PATERNAL
BCL2A1	1	chr15	1	chr15_MATERNAL	1	chr15_PATERNAL
GIMAP7	1	chr7	1	chr7_MATERNAL	1	chr7_PATERNAL
PLEKHA5	1	chr12	1	chr12_MATERNAL	1	chr12_PATERNAL
KPNA4	1	chr3	1	chr3_MATERNAL	1	chr3_PATERNAL
KSR2	1	chr12	1	chr12_MATERNAL	1	chr12_PATERNAL
RPA4	1	chrX	1	chrX_MATERNAL	0	None
FPGT-TNNI3K	1	chr1	1	chr1_MATERNAL	1	chr1_PATERNAL
CYP3A43	1	chr7	1	chr7_MATERNAL	1	chr7_PATERNAL
KCNJ1	1	chr11	1	chr11_MATERNAL	1	chr11_PATERNAL
SEPTIN11	1	chr4	1	chr4_MATERNAL	1	chr4_PATERNAL
C19orf44	1	chr19	1	chr19_MATERNAL	1	chr19_PATERNAL
HR	1	chr8	1	chr8_MATERNAL	1	chr8_PATERNAL
GRXCR2	1	chr5	1	chr5_MATERNAL	1	chr5_PATERNAL
MANEAL	1	chr1	1	chr1_MATERNAL	1	chr1_PATERNAL
POU4F3	1	chr5	1	chr5_MATERNAL	1	chr5_PATERNAL
DOK2	1	chr8	1	chr8_MATERNAL	1	chr8_PATERNAL
SLC22A1	1	chr6	1	chr6_MATERNAL	1	chr6_PATERNAL
ASPRV1	1	chr2	1	chr2_MATERNAL	1	chr2_PATERNAL
KIR3DL2	1	chr19	1	chr19_MATERNAL	1	chr19_PATERNAL
SYCE1L	1	chr16	1	chr16_MATERNAL	1	chr16_PATERNAL
LZTS3	1	chr20	1	chr20_MATERNAL	1	chr20_PATERNAL
CDK11B	1	chr1	1	chr1_MATERNAL	1	chr1_PATERNAL
ZSCAN2	1	chr15	1	chr15_MATERNAL	1	chr15_PATERNAL
SPIN1	1	chr9	1	chr9_MATERNAL	1	chr9_PATERNAL
GPR35	1	chr2	1	chr2_MATERNAL	1	chr2_PATERNAL
PRRC2B	1	chr9	1	chr9_MATERNAL	1	chr9_PATERNAL
ARHGEF38	1	chr4	1	chr4_MATERNAL	1	chr4_PATERNAL
TEKT2	1	chr1	1	chr1_MATERNAL	1	chr1_PATERNAL
CCNJL	1	chr5	1	chr5_MATERNAL	1	chr5_PATERNAL
ALDH5A1	1	chr6	1	chr6_MATERNAL	1	chr6_PATERNAL
ZZEF1	1	chr17	1	chr17_MATERNAL	1	chr17_PATERNAL
CEND1	1	chr11	1	chr11_MATERNAL	1	chr11_PATERNAL
APBB2	1	chr4	1	chr4_MATERNAL	1	chr4_PATERNAL
PLPP2	1	chr19	1	chr19_MATERNAL	1	chr19_PATERNAL
DOCK9	1	chr13	1	chr13_MATERNAL	1	chr13_PATERNAL
EIF3L	1	chr22	1	chr22_MATERNAL	1	chr22_PATERNAL
H3C3	1	chr6	1	chr6_MATERNAL	1	chr6_PATERNAL
SMDT1	1	chr22	1	chr22_MATERNAL	1	chr22_PATERNAL
MCRIP2	1	chr16	1	chr16_MATERNAL	1	chr16_PATERNAL
BTRC	1	chr10	1	chr10_MATERNAL	1	chr10_PATERNAL
MCRS1	1	chr12	1	chr12_MATERNAL	1	chr12_PATERNAL
LILRB1	1	chr19	1	chr19_MATERNAL	1	chr19_PATERNAL
OR2AT4	1	chr11	1	chr11_MATERNAL	1	chr11_PATERNAL
PHLDB2	1	chr3	1	chr3_MATERNAL	1	chr3_PATERNAL
PAGE5	1	chrX	1	chrX_MATERNAL	0	None
HES6	1	chr2	1	chr2_MATERNAL	1	chr2_PATERNAL
NUTM2D	1	chr10	1	chr10_MATERNAL	1	chr10_PATERNAL
ZNF652	1	chr17	1	chr17_MATERNAL	1	chr17_PATERNAL
GPR143	1	chrX	1	chrX_MATERNAL	0	None
ELOVL5	1	chr6	1	chr6_MATERNAL	1	chr6_PATERNAL
FBXO4	1	chr5	1	chr5_MATERNAL	1	chr5_PATERNAL
VGF	1	chr7	1	chr7_MATERNAL	1	chr7_PATERNAL
DYNLL2	1	chr17	1	chr17_MATERNAL	1	chr17_PATERNAL
TNF	1	chr6	1	chr6_MATERNAL	1	chr6_PATERNAL
SNURF	1	chr15	1	chr15_MATERNAL	1	chr15_PATERNAL
TRAM1L1	1	chr4	1	chr4_MATERNAL	1	chr4_PATERNAL
FAIM2	1	chr12	1	chr12_MATERNAL	1	chr12_PATERNAL
TTC22	1	chr1	1	chr1_MATERNAL	1	chr1_PATERNAL
MNT	1	chr17	1	chr17_MATERNAL	1	chr17_PATERNAL
GDF15	1	chr19	1	chr19_MATERNAL	1	chr19_PATERNAL
CRBN	1	chr3	1	chr3_MATERNAL	1	chr3_PATERNAL
ATP5MC3	1	chr2	1	chr2_MATERNAL	1	chr2_PATERNAL
GLMP	1	chr1	1	chr1_MATERNAL	1	chr1_PATERNAL
MARCHF5	1	chr10	1	chr10_MATERNAL	1	chr10_PATERNAL
ZDHHC11B	0	None	1	chr5_MATERNAL	1	chr5_PATERNAL
TRDN	1	chr6	1	chr6_MATERNAL	1	chr6_PATERNAL
ETV4	1	chr17	1	chr17_MATERNAL	1	chr17_PATERNAL
DCAF4L1	1	chr4	1	chr4_MATERNAL	1	chr4_PATERNAL
ZNF319	1	chr16	1	chr16_MATERNAL	1	chr16_PATERNAL
GABRG2	1	chr5	1	chr5_MATERNAL	1	chr5_PATERNAL
TMEM181	1	chr6	1	chr6_MATERNAL	1	chr6_PATERNAL
MIPOL1	1	chr14	1	chr14_MATERNAL	1	chr14_PATERNAL
ADM5	1	chr19	1	chr19_MATERNAL	1	chr19_PATERNAL
REPS2	1	chrX	1	chrX_MATERNAL	0	None
PLA2G2A	1	chr1	1	chr1_MATERNAL	1	chr1_PATERNAL
TLR4	1	chr9	1	chr9_MATERNAL	1	chr9_PATERNAL
ACBD6	1	chr1	1	chr1_MATERNAL	1	chr1_PATERNAL
POP1	1	chr8	1	chr8_MATERNAL	1	chr8_PATERNAL
CELF6	1	chr15	1	chr15_MATERNAL	1	chr15_PATERNAL
PTTG1IP2	1	chr7	1	chr7_MATERNAL	1	chr7_PATERNAL
AVP	1	chr20	1	chr20_MATERNAL	1	chr20_PATERNAL
KTN1	1	chr14	1	chr14_MATERNAL	1	chr14_PATERNAL
COL5A2	1	chr2	1	chr2_MATERNAL	1	chr2_PATERNAL
CHD2	1	chr15	1	chr15_MATERNAL	1	chr15_PATERNAL
OR10Z1	1	chr1	1	chr1_MATERNAL	1	chr1_PATERNAL
KRTAP10-9	1	chr21	1	chr21_MATERNAL	1	chr21_PATERNAL
SLC19A1	1	chr21	1	chr21_MATERNAL	1	chr21_PATERNAL
GIGYF1	1	chr7	1	chr7_MATERNAL	1	chr7_PATERNAL
CPT2	1	chr1	1	chr1_MATERNAL	1	chr1_PATERNAL
CYB561D1	1	chr1	1	chr1_MATERNAL	1	chr1_PATERNAL
LAMP2	1	chrX	1	chrX_MATERNAL	0	None
ZNF831	1	chr20	1	chr20_MATERNAL	1	chr20_PATERNAL
PTPRCAP	1	chr11	1	chr11_MATERNAL	1	chr11_PATERNAL
POU2F1	1	chr1	1	chr1_MATERNAL	1	chr1_PATERNAL
LOC124905153	1	chr22	0	None	1	chr22_PATERNAL
THAP1	1	chr8	1	chr8_MATERNAL	1	chr8_PATERNAL
GHDC	1	chr17	1	chr17_MATERNAL	1	chr17_PATERNAL
PGM1	1	chr1	1	chr1_MATERNAL	1	chr1_PATERNAL
INMT	1	chr7	1	chr7_MATERNAL	1	chr7_PATERNAL
OR6C3	1	chr12	1	chr12_MATERNAL	1	chr12_PATERNAL
BPY2	1	chrY	0	None	1	chrY_PATERNAL
IDH2	1	chr15	1	chr15_MATERNAL	1	chr15_PATERNAL
SLC8B1	1	chr12	1	chr12_MATERNAL	1	chr12_PATERNAL
H2AC8	1	chr6	1	chr6_MATERNAL	1	chr6_PATERNAL
PIGG	1	chr4	1	chr4_MATERNAL	1	chr4_PATERNAL
COLGALT2	1	chr1	1	chr1_MATERNAL	1	chr1_PATERNAL
SLC17A4	1	chr6	1	chr6_MATERNAL	1	chr6_PATERNAL
PYGM	1	chr11	1	chr11_MATERNAL	1	chr11_PATERNAL
ATP5MGL	1	chr22	1	chr22_MATERNAL	1	chr22_PATERNAL
CCDC127	1	chr5	1	chr5_MATERNAL	1	chr5_PATERNAL
TTC6	1	chr14	1	chr14_MATERNAL	1	chr14_PATERNAL
GORASP1	1	chr3	1	chr3_MATERNAL	1	chr3_PATERNAL
WDR33	1	chr2	1	chr2_MATERNAL	1	chr2_PATERNAL
MUSK	1	chr9	1	chr9_MATERNAL	1	chr9_PATERNAL
POP5	1	chr12	1	chr12_MATERNAL	1	chr12_PATERNAL
DNAJC2	1	chr7	1	chr7_MATERNAL	1	chr7_PATERNAL
LOC122455342	1	chr17	1	chr17_MATERNAL	1	chr17_PATERNAL
CCM2	1	chr7	1	chr7_MATERNAL	1	chr7_PATERNAL
CIDEA	1	chr18	1	chr18_MATERNAL	1	chr18_PATERNAL
CADPS	1	chr3	1	chr3_MATERNAL	1	chr3_PATERNAL
RHBDF1	1	chr16	1	chr16_MATERNAL	1	chr16_PATERNAL
LCN2	1	chr9	1	chr9_MATERNAL	1	chr9_PATERNAL
BMPR1A	1	chr10	1	chr10_MATERNAL	1	chr10_PATERNAL
KISS1	1	chr1	1	chr1_MATERNAL	1	chr1_PATERNAL
SHMT2	1	chr12	1	chr12_MATERNAL	1	chr12_PATERNAL
CACYBP	1	chr1	1	chr1_MATERNAL	1	chr1_PATERNAL
TM4SF5	1	chr17	1	chr17_MATERNAL	1	chr17_PATERNAL
RAMAC	1	chr15	1	chr15_MATERNAL	1	chr15_PATERNAL
KMO	1	chr1	1	chr1_MATERNAL	1	chr1_PATERNAL
CALHM1	1	chr10	1	chr10_MATERNAL	1	chr10_PATERNAL
TASP1	1	chr20	1	chr20_MATERNAL	1	chr20_PATERNAL
POLN	1	chr4	1	chr4_MATERNAL	1	chr4_PATERNAL
TEX38	1	chr1	1	chr1_MATERNAL	1	chr1_PATERNAL
PSMB7	1	chr9	1	chr9_MATERNAL	1	chr9_PATERNAL
ULK1	1	chr12	1	chr12_MATERNAL	1	chr12_PATERNAL
MTDH	1	chr8	1	chr8_MATERNAL	1	chr8_PATERNAL
GFUS	1	chr8	1	chr8_MATERNAL	1	chr8_PATERNAL
VTI1B	1	chr14	1	chr14_MATERNAL	1	chr14_PATERNAL
LRRC61	1	chr7	1	chr7_MATERNAL	1	chr7_PATERNAL
PNPLA1	1	chr6	1	chr6_MATERNAL	1	chr6_PATERNAL
PDE6C	1	chr10	1	chr10_MATERNAL	1	chr10_PATERNAL
NUDT16	1	chr3	1	chr3_MATERNAL	1	chr3_PATERNAL
ZNF683	1	chr1	1	chr1_MATERNAL	1	chr1_PATERNAL
PROK2	1	chr3	1	chr3_MATERNAL	1	chr3_PATERNAL
CEACAM19	1	chr19	1	chr19_MATERNAL	1	chr19_PATERNAL
SNRNP200	1	chr2	1	chr2_MATERNAL	1	chr2_PATERNAL
DCAF12	1	chr9	1	chr9_MATERNAL	1	chr9_PATERNAL
EXOSC6	1	chr16	1	chr16_MATERNAL	1	chr16_PATERNAL
FASN	1	chr17	1	chr17_MATERNAL	1	chr17_PATERNAL
POLA1	1	chrX	1	chrX_MATERNAL	0	None
SLC52A3	1	chr20	1	chr20_MATERNAL	1	chr20_PATERNAL
DRC1	1	chr2	1	chr2_MATERNAL	1	chr2_PATERNAL
SMAD4	1	chr18	1	chr18_MATERNAL	1	chr18_PATERNAL
ARMT1	1	chr6	1	chr6_MATERNAL	1	chr6_PATERNAL
NAP1L1	1	chr12	1	chr12_MATERNAL	1	chr12_PATERNAL
CYLD	1	chr16	1	chr16_MATERNAL	1	chr16_PATERNAL
SRGAP1	1	chr12	1	chr12_MATERNAL	1	chr12_PATERNAL
GAGE12F	1	chrX	2	chrX_MATERNAL,chrX_MATERNAL	0	None
CHRNA1	1	chr2	1	chr2_MATERNAL	1	chr2_PATERNAL
ASB8	1	chr12	1	chr12_MATERNAL	1	chr12_PATERNAL
ZFP62	1	chr5	1	chr5_MATERNAL	1	chr5_PATERNAL
NUP62	1	chr19	1	chr19_MATERNAL	1	chr19_PATERNAL
OR4N2	1	chr14	2	chr14_MATERNAL,chr14_MATERNAL	2	chr14_PATERNAL,chr14_PATERNAL
SCO1	1	chr17	1	chr17_MATERNAL	1	chr17_PATERNAL
IDH3G	1	chrX	1	chrX_MATERNAL	0	None
PTPRU	1	chr1	1	chr1_MATERNAL	1	chr1_PATERNAL
BNIP3L	1	chr8	1	chr8_MATERNAL	1	chr8_PATERNAL
JMJD6	1	chr17	1	chr17_MATERNAL	1	chr17_PATERNAL
ZNF625	1	chr19	1	chr19_MATERNAL	1	chr19_PATERNAL
RHAG	1	chr6	1	chr6_MATERNAL	1	chr6_PATERNAL
XRCC2	1	chr7	1	chr7_MATERNAL	1	chr7_PATERNAL
CITED1	1	chrX	1	chrX_MATERNAL	0	None
ARHGEF2	1	chr1	1	chr1_MATERNAL	1	chr1_PATERNAL
SQLE	1	chr8	1	chr8_MATERNAL	1	chr8_PATERNAL
KIF3A	1	chr5	1	chr5_MATERNAL	1	chr5_PATERNAL
ZDBF2	1	chr2	1	chr2_MATERNAL	1	chr2_PATERNAL
KRTAP9-6	0	None	1	chr17_MATERNAL	0	None
TPRG1L	1	chr1	1	chr1_MATERNAL	1	chr1_PATERNAL
DBP	1	chr19	1	chr19_MATERNAL	1	chr19_PATERNAL
CTXND1	1	chr15	1	chr15_MATERNAL	1	chr15_PATERNAL
LOC124904200	1	chr1	1	chr1_MATERNAL	1	chr1_PATERNAL
ADAM11	1	chr17	1	chr17_MATERNAL	1	chr17_PATERNAL
CYP21A2	1	chr6	1	chr6_MATERNAL	1	chr6_PATERNAL
CASC3	1	chr17	1	chr17_MATERNAL	1	chr17_PATERNAL
RAD18	1	chr3	1	chr3_MATERNAL	1	chr3_PATERNAL
PARP11	1	chr12	1	chr12_MATERNAL	1	chr12_PATERNAL
COQ6	1	chr14	1	chr14_MATERNAL	1	chr14_PATERNAL
CYP4A22	1	chr1	1	chr1_MATERNAL	1	chr1_PATERNAL
UROD	1	chr1	1	chr1_MATERNAL	1	chr1_PATERNAL
APOH	1	chr17	1	chr17_MATERNAL	1	chr17_PATERNAL
PIK3CB	1	chr3	1	chr3_MATERNAL	1	chr3_PATERNAL
PPP1R15B	1	chr1	1	chr1_MATERNAL	1	chr1_PATERNAL
MTHFS	1	chr15	1	chr15_MATERNAL	1	chr15_PATERNAL
PON1	1	chr7	1	chr7_MATERNAL	1	chr7_PATERNAL
PPP2R3A	1	chr3	1	chr3_MATERNAL	1	chr3_PATERNAL
PTRH1	1	chr9	1	chr9_MATERNAL	1	chr9_PATERNAL
USP39	1	chr2	1	chr2_MATERNAL	1	chr2_PATERNAL
ZNF579	1	chr19	1	chr19_MATERNAL	1	chr19_PATERNAL
KLHL9	1	chr9	1	chr9_MATERNAL	1	chr9_PATERNAL
ALKBH3	1	chr11	1	chr11_MATERNAL	1	chr11_PATERNAL
KCNH2	1	chr7	1	chr7_MATERNAL	1	chr7_PATERNAL
UTP18	1	chr17	1	chr17_MATERNAL	1	chr17_PATERNAL
H2BC10	1	chr6	1	chr6_MATERNAL	1	chr6_PATERNAL
FER1L6	1	chr8	1	chr8_MATERNAL	1	chr8_PATERNAL
SS18L1	1	chr20	1	chr20_MATERNAL	1	chr20_PATERNAL
ATP23	1	chr12	1	chr12_MATERNAL	1	chr12_PATERNAL
FGB	1	chr4	1	chr4_MATERNAL	1	chr4_PATERNAL
GALNT6	1	chr12	1	chr12_MATERNAL	1	chr12_PATERNAL
PSME3	1	chr17	1	chr17_MATERNAL	1	chr17_PATERNAL
SLC26A2	1	chr5	1	chr5_MATERNAL	1	chr5_PATERNAL
SLC6A15	1	chr12	1	chr12_MATERNAL	1	chr12_PATERNAL
BARX2	1	chr11	1	chr11_MATERNAL	1	chr11_PATERNAL
SCNN1A	1	chr12	1	chr12_MATERNAL	1	chr12_PATERNAL
NAA30	1	chr14	1	chr14_MATERNAL	1	chr14_PATERNAL
KRT6A	1	chr12	1	chr12_MATERNAL	1	chr12_PATERNAL
ABCB5	1	chr7	1	chr7_MATERNAL	1	chr7_PATERNAL
NRSN1	1	chr6	1	chr6_MATERNAL	1	chr6_PATERNAL
C8A	1	chr1	1	chr1_MATERNAL	1	chr1_PATERNAL
SFTPD	1	chr10	1	chr10_MATERNAL	1	chr10_PATERNAL
CALCOCO2	1	chr17	1	chr17_MATERNAL	1	chr17_PATERNAL
KCTD1	1	chr18	1	chr18_MATERNAL	1	chr18_PATERNAL
MMP24OS	1	chr20	1	chr20_MATERNAL	1	chr20_PATERNAL
ACY1	1	chr3	1	chr3_MATERNAL	1	chr3_PATERNAL
DHX36	1	chr3	1	chr3_MATERNAL	1	chr3_PATERNAL
ITSN1	1	chr21	1	chr21_MATERNAL	1	chr21_PATERNAL
TGFBI	1	chr5	1	chr5_MATERNAL	1	chr5_PATERNAL
BGN	1	chrX	1	chrX_MATERNAL	0	None
APOL2	1	chr22	1	chr22_MATERNAL	1	chr22_PATERNAL
ATG16L1	1	chr2	1	chr2_MATERNAL	1	chr2_PATERNAL
CPLX4	1	chr18	1	chr18_MATERNAL	1	chr18_PATERNAL
SLC9A2	1	chr2	1	chr2_MATERNAL	1	chr2_PATERNAL
CCDC83	1	chr11	1	chr11_MATERNAL	1	chr11_PATERNAL
ABT1	1	chr6	1	chr6_MATERNAL	1	chr6_PATERNAL
DUSP13	1	chr10	1	chr10_MATERNAL	1	chr10_PATERNAL
SIRT3	1	chr11	1	chr11_MATERNAL	1	chr11_PATERNAL
IFITM10	1	chr11	1	chr11_MATERNAL	1	chr11_PATERNAL
CFD	1	chr19	1	chr19_MATERNAL	1	chr19_PATERNAL
BPIFA3	1	chr20	1	chr20_MATERNAL	1	chr20_PATERNAL
SLAMF6	1	chr1	1	chr1_MATERNAL	1	chr1_PATERNAL
FTSJ1	1	chrX	1	chrX_MATERNAL	0	None
TSGA13	1	chr7	1	chr7_MATERNAL	1	chr7_PATERNAL
PGAM5	1	chr12	1	chr12_MATERNAL	1	chr12_PATERNAL
NAMPT	1	chr7	1	chr7_MATERNAL	1	chr7_PATERNAL
TTK	1	chr6	1	chr6_MATERNAL	1	chr6_PATERNAL
SUCO	1	chr1	1	chr1_MATERNAL	1	chr1_PATERNAL
EFNA3	1	chr1	1	chr1_MATERNAL	1	chr1_PATERNAL
SLC30A1	1	chr1	1	chr1_MATERNAL	1	chr1_PATERNAL
MRGPRE	1	chr11	1	chr11_MATERNAL	1	chr11_PATERNAL
TSACC	1	chr1	1	chr1_MATERNAL	1	chr1_PATERNAL
MSANTD3-TMEFF1	1	chr9	1	chr9_MATERNAL	1	chr9_PATERNAL
TBRG4	1	chr7	1	chr7_MATERNAL	1	chr7_PATERNAL
TRPM1	1	chr15	1	chr15_MATERNAL	1	chr15_PATERNAL
SNTG1	1	chr8	1	chr8_MATERNAL	1	chr8_PATERNAL
HMX1	1	chr4	1	chr4_MATERNAL	1	chr4_PATERNAL
NRGN	1	chr11	1	chr11_MATERNAL	1	chr11_PATERNAL
NLRC5	1	chr16	1	chr16_MATERNAL	1	chr16_PATERNAL
OR10G2	1	chr14	0	None	1	chr14_PATERNAL
INPP5E	1	chr9	1	chr9_MATERNAL	1	chr9_PATERNAL
MAD1L1	1	chr7	1	chr7_MATERNAL	1	chr7_PATERNAL
SCAMP1	1	chr5	1	chr5_MATERNAL	1	chr5_PATERNAL
FAM174C	1	chr19	1	chr19_MATERNAL	1	chr19_PATERNAL
ULK3	1	chr15	1	chr15_MATERNAL	1	chr15_PATERNAL
HDAC8	1	chrX	1	chrX_MATERNAL	0	None
CCNG2	1	chr4	1	chr4_MATERNAL	1	chr4_PATERNAL
SCN4B	1	chr11	1	chr11_MATERNAL	1	chr11_PATERNAL
NCL	1	chr2	1	chr2_MATERNAL	1	chr2_PATERNAL
PIMREG	1	chr17	1	chr17_MATERNAL	1	chr17_PATERNAL
MSL3	1	chrX	1	chrX_MATERNAL	0	None
SCARB1	1	chr12	1	chr12_MATERNAL	1	chr12_PATERNAL
ZFYVE21	1	chr14	1	chr14_MATERNAL	1	chr14_PATERNAL
DEFB129	1	chr20	1	chr20_MATERNAL	1	chr20_PATERNAL
KLC3	1	chr19	1	chr19_MATERNAL	1	chr19_PATERNAL
CRYZ	1	chr1	1	chr1_MATERNAL	1	chr1_PATERNAL
SNU13	1	chr22	1	chr22_MATERNAL	1	chr22_PATERNAL
SH3PXD2B	1	chr5	1	chr5_MATERNAL	1	chr5_PATERNAL
TGFB3	1	chr14	1	chr14_MATERNAL	1	chr14_PATERNAL
SPDYE11	1	chr7	0	None	1	chr7_PATERNAL
CTNND2	1	chr5	1	chr5_MATERNAL	1	chr5_PATERNAL
OR56A5	1	chr11	1	chr11_MATERNAL	1	chr11_PATERNAL
NDUFS7	1	chr19	1	chr19_MATERNAL	1	chr19_PATERNAL
SERPINB1	1	chr6	1	chr6_MATERNAL	1	chr6_PATERNAL
AP3B2	1	chr15	1	chr15_MATERNAL	1	chr15_PATERNAL
EEF1G	1	chr11	1	chr11_MATERNAL	1	chr11_PATERNAL
ZBTB14	1	chr18	1	chr18_MATERNAL	1	chr18_PATERNAL
ANXA13	1	chr8	1	chr8_MATERNAL	1	chr8_PATERNAL
EIF4E2	1	chr2	1	chr2_MATERNAL	1	chr2_PATERNAL
MRGPRD	1	chr11	1	chr11_MATERNAL	1	chr11_PATERNAL
OAZ2	1	chr15	1	chr15_MATERNAL	1	chr15_PATERNAL
MLN	1	chr6	1	chr6_MATERNAL	1	chr6_PATERNAL
DCUN1D4	1	chr4	1	chr4_MATERNAL	1	chr4_PATERNAL
CPOX	1	chr3	1	chr3_MATERNAL	1	chr3_PATERNAL
LOC112577516	1	chr10	1	chr10_MATERNAL	1	chr10_PATERNAL
PLXNA2	1	chr1	1	chr1_MATERNAL	1	chr1_PATERNAL
ABCA5	1	chr17	1	chr17_MATERNAL	1	chr17_PATERNAL
MICALL2	1	chr7	1	chr7_MATERNAL	1	chr7_PATERNAL
OR5D3P	1	chr11	1	chr11_MATERNAL	1	chr11_PATERNAL
CCDC158	1	chr4	1	chr4_MATERNAL	1	chr4_PATERNAL
PDE6A	1	chr5	1	chr5_MATERNAL	1	chr5_PATERNAL
VPREB3	1	chr22	1	chr22_MATERNAL	1	chr22_PATERNAL
HHEX	1	chr10	1	chr10_MATERNAL	1	chr10_PATERNAL
APOC1	1	chr19	1	chr19_MATERNAL	1	chr19_PATERNAL
ZCCHC9	1	chr5	1	chr5_MATERNAL	1	chr5_PATERNAL
GABRA5	1	chr15	1	chr15_MATERNAL	1	chr15_PATERNAL
DSC2	1	chr18	1	chr18_MATERNAL	1	chr18_PATERNAL
ATXN2L	1	chr16	1	chr16_MATERNAL	1	chr16_PATERNAL
CST11	1	chr20	1	chr20_MATERNAL	1	chr20_PATERNAL
NAGLU	1	chr17	1	chr17_MATERNAL	1	chr17_PATERNAL
GNG4	1	chr1	1	chr1_MATERNAL	1	chr1_PATERNAL
JHY	1	chr11	1	chr11_MATERNAL	1	chr11_PATERNAL
ZNF18	1	chr17	1	chr17_MATERNAL	1	chr17_PATERNAL
ZNF600	1	chr19	1	chr19_MATERNAL	1	chr19_PATERNAL
TNFSF9	1	chr19	1	chr19_MATERNAL	1	chr19_PATERNAL
SDR39U1	1	chr14	1	chr14_MATERNAL	1	chr14_PATERNAL
UBE2D1	1	chr10	1	chr10_MATERNAL	1	chr10_PATERNAL
CERCAM	1	chr9	1	chr9_MATERNAL	1	chr9_PATERNAL
CHP1	1	chr15	1	chr15_MATERNAL	1	chr15_PATERNAL
SMUG1	1	chr12	1	chr12_MATERNAL	1	chr12_PATERNAL
ETV2	1	chr19	1	chr19_MATERNAL	1	chr19_PATERNAL
EIF4A3	1	chr17	1	chr17_MATERNAL	1	chr17_PATERNAL
LGALS8	1	chr1	1	chr1_MATERNAL	1	chr1_PATERNAL
FNTB	1	chr14	1	chr14_MATERNAL	1	chr14_PATERNAL
FAM162B	1	chr6	1	chr6_MATERNAL	1	chr6_PATERNAL
SSX4B	1	chrX	1	chrX_MATERNAL	0	None
ADRB2	1	chr5	1	chr5_MATERNAL	1	chr5_PATERNAL
RARS1	1	chr5	1	chr5_MATERNAL	1	chr5_PATERNAL
VMA21	1	chrX	1	chrX_MATERNAL	0	None
NEK7	1	chr1	1	chr1_MATERNAL	1	chr1_PATERNAL
IDH1	1	chr2	1	chr2_MATERNAL	1	chr2_PATERNAL
LOC124902107	1	chr9	1	chr9_MATERNAL	1	chr9_PATERNAL
NLRP6	1	chr11	1	chr11_MATERNAL	1	chr11_PATERNAL
MUC21	1	chr6	1	chr6_MATERNAL	1	chr6_PATERNAL
PUF60	1	chr8	1	chr8_MATERNAL	1	chr8_PATERNAL
TPM4	1	chr19	1	chr19_MATERNAL	1	chr19_PATERNAL
KIAA1586	1	chr6	1	chr6_MATERNAL	1	chr6_PATERNAL
HDAC7	1	chr12	1	chr12_MATERNAL	1	chr12_PATERNAL
TSPYL4	1	chr6	1	chr6_MATERNAL	1	chr6_PATERNAL
PLAA	1	chr9	1	chr9_MATERNAL	1	chr9_PATERNAL
EID3	1	chr12	1	chr12_MATERNAL	1	chr12_PATERNAL
OR52A5	1	chr11	1	chr11_MATERNAL	1	chr11_PATERNAL
GP6	1	chr19	1	chr19_MATERNAL	1	chr19_PATERNAL
ABCA9	1	chr17	1	chr17_MATERNAL	1	chr17_PATERNAL
CWF19L2	1	chr11	1	chr11_MATERNAL	1	chr11_PATERNAL
SETSIP	1	chr1	1	chr1_MATERNAL	1	chr1_PATERNAL
COG7	1	chr16	1	chr16_MATERNAL	1	chr16_PATERNAL
TENT5B	1	chr1	1	chr1_MATERNAL	1	chr1_PATERNAL
COL21A1	1	chr6	1	chr6_MATERNAL	1	chr6_PATERNAL
LRRC37A	1	chr17	0	None	1	chr17_PATERNAL
ATXN2	1	chr12	1	chr12_MATERNAL	1	chr12_PATERNAL
NUBP1	1	chr16	1	chr16_MATERNAL	1	chr16_PATERNAL
CENATAC	1	chr11	1	chr11_MATERNAL	1	chr11_PATERNAL
ATP13A1	1	chr19	1	chr19_MATERNAL	1	chr19_PATERNAL
ZNF552	1	chr19	1	chr19_MATERNAL	1	chr19_PATERNAL
RAB3IL1	1	chr11	1	chr11_MATERNAL	1	chr11_PATERNAL
LOC124904584	1	chr1	1	chr1_MATERNAL	1	chr1_PATERNAL
ZNF41	1	chrX	1	chrX_MATERNAL	0	None
CMTM1	1	chr16	1	chr16_MATERNAL	1	chr16_PATERNAL
HDAC9	1	chr7	1	chr7_MATERNAL	1	chr7_PATERNAL
C17orf113	1	chr17	1	chr17_MATERNAL	1	chr17_PATERNAL
RBBP6	1	chr16	1	chr16_MATERNAL	1	chr16_PATERNAL
PKP1	1	chr1	1	chr1_MATERNAL	1	chr1_PATERNAL
TAF1A	1	chr1	1	chr1_MATERNAL	1	chr1_PATERNAL
RNF130	1	chr5	1	chr5_MATERNAL	1	chr5_PATERNAL
SCYGR4	1	chr2	1	chr2_MATERNAL	1	chr2_PATERNAL
MS4A14	1	chr11	1	chr11_MATERNAL	1	chr11_PATERNAL
VPS8	1	chr3	1	chr3_MATERNAL	1	chr3_PATERNAL
BHMT	1	chr5	1	chr5_MATERNAL	1	chr5_PATERNAL
SUPT20HL1	1	chrX	1	chrX_MATERNAL	0	None
SLC8A3	1	chr14	1	chr14_MATERNAL	1	chr14_PATERNAL
PAK3	1	chrX	1	chrX_MATERNAL	0	None
ALB	1	chr4	1	chr4_MATERNAL	1	chr4_PATERNAL
KANSL1L	1	chr2	1	chr2_MATERNAL	1	chr2_PATERNAL
ZNF653	1	chr19	1	chr19_MATERNAL	1	chr19_PATERNAL
TIRAP	1	chr11	1	chr11_MATERNAL	1	chr11_PATERNAL
CCDC168	1	chr13	1	chr13_MATERNAL	1	chr13_PATERNAL
INSL4	1	chr9	1	chr9_MATERNAL	1	chr9_PATERNAL
NUP214	1	chr9	1	chr9_MATERNAL	1	chr9_PATERNAL
WBP4	1	chr13	1	chr13_MATERNAL	1	chr13_PATERNAL
LSAMP	1	chr3	1	chr3_MATERNAL	1	chr3_PATERNAL
BORCS8	1	chr19	1	chr19_MATERNAL	1	chr19_PATERNAL
LGALS9C	2	chr17,chr17	0	None	2	chr17_PATERNAL,chr17_PATERNAL
LOC124903680	1	chr16	1	chr16_MATERNAL	1	chr16_PATERNAL
SUCNR1	1	chr3	1	chr3_MATERNAL	1	chr3_PATERNAL
RCHY1	1	chr4	1	chr4_MATERNAL	1	chr4_PATERNAL
MYF5	1	chr12	1	chr12_MATERNAL	1	chr12_PATERNAL
MBD3L2B	1	chr19	1	chr19_MATERNAL	1	chr19_PATERNAL
STK4	1	chr20	1	chr20_MATERNAL	1	chr20_PATERNAL
CCDC201	1	chr7	1	chr7_MATERNAL	1	chr7_PATERNAL
OR14C36	1	chr1	1	chr1_MATERNAL	1	chr1_PATERNAL
PPP4C	1	chr16	1	chr16_MATERNAL	1	chr16_PATERNAL
COL25A1	1	chr4	1	chr4_MATERNAL	1	chr4_PATERNAL
ZC3H12D	1	chr6	1	chr6_MATERNAL	1	chr6_PATERNAL
GBP2	1	chr1	1	chr1_MATERNAL	1	chr1_PATERNAL
NCK2	1	chr2	1	chr2_MATERNAL	1	chr2_PATERNAL
ZCCHC17	1	chr1	1	chr1_MATERNAL	1	chr1_PATERNAL
SSX5	1	chrX	1	chrX_MATERNAL	0	None
PEX7	1	chr6	1	chr6_MATERNAL	1	chr6_PATERNAL
HOXD9	1	chr2	1	chr2_MATERNAL	1	chr2_PATERNAL
TMPRSS3	1	chr21	1	chr21_MATERNAL	1	chr21_PATERNAL
MRPL13	1	chr8	1	chr8_MATERNAL	1	chr8_PATERNAL
PLEKHA7	1	chr11	1	chr11_MATERNAL	1	chr11_PATERNAL
XG	1	chrX	1	chrX_MATERNAL	0	None
SNAPC4	1	chr9	1	chr9_MATERNAL	1	chr9_PATERNAL
RFPL1	1	chr22	1	chr22_MATERNAL	1	chr22_PATERNAL
IQCH	1	chr15	1	chr15_MATERNAL	1	chr15_PATERNAL
FAM102B	1	chr1	1	chr1_MATERNAL	1	chr1_PATERNAL
ABI1	1	chr10	1	chr10_MATERNAL	1	chr10_PATERNAL
SHOC2	1	chr10	1	chr10_MATERNAL	1	chr10_PATERNAL
BCAS2	1	chr1	1	chr1_MATERNAL	1	chr1_PATERNAL
RTL8B	1	chrX	1	chrX_MATERNAL	0	None
SPOCK3	1	chr4	1	chr4_MATERNAL	1	chr4_PATERNAL
RIIAD1	1	chr1	1	chr1_MATERNAL	1	chr1_PATERNAL
PTH	1	chr11	1	chr11_MATERNAL	1	chr11_PATERNAL
PTMS	1	chr12	1	chr12_MATERNAL	1	chr12_PATERNAL
IQCK	1	chr16	1	chr16_MATERNAL	1	chr16_PATERNAL
PBXIP1	1	chr1	1	chr1_MATERNAL	1	chr1_PATERNAL
AMN	1	chr14	1	chr14_MATERNAL	1	chr14_PATERNAL
IPO13	1	chr1	1	chr1_MATERNAL	1	chr1_PATERNAL
LOC124901415	1	chr6	1	chr6_MATERNAL	1	chr6_PATERNAL
UAP1L1	1	chr9	1	chr9_MATERNAL	1	chr9_PATERNAL
HMGN1	1	chr21	1	chr21_MATERNAL	1	chr21_PATERNAL
ZNF74	1	chr22	1	chr22_MATERNAL	1	chr22_PATERNAL
NFE2L3	1	chr7	1	chr7_MATERNAL	1	chr7_PATERNAL
MAPK8IP3	1	chr16	1	chr16_MATERNAL	1	chr16_PATERNAL
RFLNB	1	chr17	1	chr17_MATERNAL	1	chr17_PATERNAL
WIPF1	1	chr2	1	chr2_MATERNAL	1	chr2_PATERNAL
FTHL17	1	chrX	1	chrX_MATERNAL	0	None
HSD17B1	1	chr17	1	chr17_MATERNAL	1	chr17_PATERNAL
MPPE1	1	chr18	1	chr18_MATERNAL	1	chr18_PATERNAL
APOL6	1	chr22	1	chr22_MATERNAL	1	chr22_PATERNAL
OR52A1	1	chr11	1	chr11_MATERNAL	1	chr11_PATERNAL
IRX1	1	chr5	1	chr5_MATERNAL	1	chr5_PATERNAL
OGFOD3	1	chr17	1	chr17_MATERNAL	1	chr17_PATERNAL
SUMF2	1	chr7	1	chr7_MATERNAL	1	chr7_PATERNAL
SPATS1	1	chr6	1	chr6_MATERNAL	1	chr6_PATERNAL
CLEC4D	1	chr12	1	chr12_MATERNAL	1	chr12_PATERNAL
GPR19	1	chr12	1	chr12_MATERNAL	1	chr12_PATERNAL
POLD3	1	chr11	1	chr11_MATERNAL	1	chr11_PATERNAL
SCARF1	1	chr17	1	chr17_MATERNAL	1	chr17_PATERNAL
NDST2	1	chr10	1	chr10_MATERNAL	1	chr10_PATERNAL
FAAH	1	chr1	1	chr1_MATERNAL	1	chr1_PATERNAL
GRIA3	1	chrX	1	chrX_MATERNAL	0	None
TTC13	1	chr1	1	chr1_MATERNAL	1	chr1_PATERNAL
STON1-GTF2A1L	1	chr2	1	chr2_MATERNAL	1	chr2_PATERNAL
DOCK6	1	chr19	1	chr19_MATERNAL	1	chr19_PATERNAL
SCAMP3	1	chr1	1	chr1_MATERNAL	1	chr1_PATERNAL
ACSM1	1	chr16	1	chr16_MATERNAL	1	chr16_PATERNAL
EIF4A1	1	chr17	1	chr17_MATERNAL	1	chr17_PATERNAL
LRP3	1	chr19	1	chr19_MATERNAL	1	chr19_PATERNAL
PPIG	1	chr2	1	chr2_MATERNAL	1	chr2_PATERNAL
NMNAT3	1	chr3	1	chr3_MATERNAL	1	chr3_PATERNAL
UFSP2	1	chr4	1	chr4_MATERNAL	1	chr4_PATERNAL
SMARCA2	1	chr9	1	chr9_MATERNAL	1	chr9_PATERNAL
CCDC65	1	chr12	1	chr12_MATERNAL	1	chr12_PATERNAL
FGD3	1	chr9	1	chr9_MATERNAL	1	chr9_PATERNAL
STAG3	1	chr7	1	chr7_MATERNAL	1	chr7_PATERNAL
PPP2R2B	1	chr5	1	chr5_MATERNAL	1	chr5_PATERNAL
ASAH1	1	chr8	1	chr8_MATERNAL	1	chr8_PATERNAL
KCNIP3	1	chr2	1	chr2_MATERNAL	1	chr2_PATERNAL
TMEM125	1	chr1	1	chr1_MATERNAL	1	chr1_PATERNAL
PRODH2	1	chr19	1	chr19_MATERNAL	1	chr19_PATERNAL
RTN2	1	chr19	1	chr19_MATERNAL	1	chr19_PATERNAL
OR51C1P	1	chr11	1	chr11_MATERNAL	1	chr11_PATERNAL
NCALD	1	chr8	1	chr8_MATERNAL	1	chr8_PATERNAL
ANKHD1-EIF4EBP3	1	chr5	1	chr5_MATERNAL	1	chr5_PATERNAL
SRPX	1	chrX	1	chrX_MATERNAL	0	None
NYX	1	chrX	1	chrX_MATERNAL	0	None
MTSS1	1	chr8	1	chr8_MATERNAL	1	chr8_PATERNAL
PABIR1	1	chr9	1	chr9_MATERNAL	1	chr9_PATERNAL
TNP2	1	chr16	1	chr16_MATERNAL	1	chr16_PATERNAL
RRAGD	1	chr6	1	chr6_MATERNAL	1	chr6_PATERNAL
SAFB	1	chr19	1	chr19_MATERNAL	1	chr19_PATERNAL
EXOC2	1	chr6	1	chr6_MATERNAL	1	chr6_PATERNAL
C19orf47	1	chr19	1	chr19_MATERNAL	1	chr19_PATERNAL
ZFAND5	1	chr9	1	chr9_MATERNAL	1	chr9_PATERNAL
HMGB4	1	chr1	1	chr1_MATERNAL	1	chr1_PATERNAL
PSRC1	1	chr1	1	chr1_MATERNAL	1	chr1_PATERNAL
LCE1D	1	chr1	1	chr1_MATERNAL	1	chr1_PATERNAL
BVES	1	chr6	1	chr6_MATERNAL	1	chr6_PATERNAL
OR2H1	1	chr6	1	chr6_MATERNAL	1	chr6_PATERNAL
OR2A5	1	chr7	1	chr7_MATERNAL	1	chr7_PATERNAL
NCF2	1	chr1	1	chr1_MATERNAL	1	chr1_PATERNAL
KLC1	1	chr14	1	chr14_MATERNAL	1	chr14_PATERNAL
ANKRD9	1	chr14	1	chr14_MATERNAL	1	chr14_PATERNAL
APOA4	1	chr11	1	chr11_MATERNAL	1	chr11_PATERNAL
MTNR1B	1	chr11	1	chr11_MATERNAL	1	chr11_PATERNAL
TTC7A	1	chr2	1	chr2_MATERNAL	1	chr2_PATERNAL
COL10A1	1	chr6	1	chr6_MATERNAL	1	chr6_PATERNAL
AGPAT4	1	chr6	1	chr6_MATERNAL	1	chr6_PATERNAL
TCEAL3	1	chrX	1	chrX_MATERNAL	0	None
LAGE3	1	chrX	1	chrX_MATERNAL	0	None
SLC29A4	1	chr7	1	chr7_MATERNAL	1	chr7_PATERNAL
CTPS2	1	chrX	1	chrX_MATERNAL	0	None
CFAP53	1	chr18	1	chr18_MATERNAL	1	chr18_PATERNAL
NUP37	1	chr12	1	chr12_MATERNAL	1	chr12_PATERNAL
PCLAF	1	chr15	1	chr15_MATERNAL	1	chr15_PATERNAL
MCM6	1	chr2	1	chr2_MATERNAL	1	chr2_PATERNAL
C20orf203	1	chr20	1	chr20_MATERNAL	1	chr20_PATERNAL
LCE6A	1	chr1	1	chr1_MATERNAL	1	chr1_PATERNAL
COLQ	1	chr3	1	chr3_MATERNAL	1	chr3_PATERNAL
VWCE	1	chr11	1	chr11_MATERNAL	1	chr11_PATERNAL
CBLN1	1	chr16	1	chr16_MATERNAL	1	chr16_PATERNAL
DYNLT3	1	chrX	1	chrX_MATERNAL	0	None
APBB3	1	chr5	1	chr5_MATERNAL	1	chr5_PATERNAL
MTMR3	1	chr22	1	chr22_MATERNAL	1	chr22_PATERNAL
PI4KB	1	chr1	1	chr1_MATERNAL	1	chr1_PATERNAL
GALNT11	1	chr7	1	chr7_MATERNAL	1	chr7_PATERNAL
PLXNC1	1	chr12	1	chr12_MATERNAL	1	chr12_PATERNAL
RND2	1	chr17	1	chr17_MATERNAL	1	chr17_PATERNAL
BOLL	1	chr2	1	chr2_MATERNAL	1	chr2_PATERNAL
STX19	1	chr3	1	chr3_MATERNAL	1	chr3_PATERNAL
PLD4	1	chr14	1	chr14_MATERNAL	1	chr14_PATERNAL
TIMM44	1	chr19	1	chr19_MATERNAL	1	chr19_PATERNAL
MRPS36	1	chr5	1	chr5_MATERNAL	1	chr5_PATERNAL
VLDLR	1	chr9	1	chr9_MATERNAL	1	chr9_PATERNAL
SOAT1	1	chr1	1	chr1_MATERNAL	1	chr1_PATERNAL
P4HA2	1	chr5	1	chr5_MATERNAL	1	chr5_PATERNAL
C9orf153	1	chr9	1	chr9_MATERNAL	1	chr9_PATERNAL
NPAS4	1	chr11	1	chr11_MATERNAL	1	chr11_PATERNAL
ADGRE3	1	chr19	1	chr19_MATERNAL	1	chr19_PATERNAL
GRWD1	1	chr19	1	chr19_MATERNAL	1	chr19_PATERNAL
TTC4	1	chr1	1	chr1_MATERNAL	1	chr1_PATERNAL
CD52	1	chr1	1	chr1_MATERNAL	1	chr1_PATERNAL
PTPDC1	1	chr9	1	chr9_MATERNAL	1	chr9_PATERNAL
H4C12	1	chr6	1	chr6_MATERNAL	1	chr6_PATERNAL
DBT	1	chr1	1	chr1_MATERNAL	1	chr1_PATERNAL
RAB6B	1	chr3	1	chr3_MATERNAL	1	chr3_PATERNAL
MTAP	1	chr9	1	chr9_MATERNAL	1	chr9_PATERNAL
ASB7	1	chr15	1	chr15_MATERNAL	1	chr15_PATERNAL
PLIN1	1	chr15	1	chr15_MATERNAL	1	chr15_PATERNAL
COL9A3	1	chr20	1	chr20_MATERNAL	1	chr20_PATERNAL
LOC730098	1	chr9	1	chr9_MATERNAL	1	chr9_PATERNAL
FKBP7	1	chr2	1	chr2_MATERNAL	1	chr2_PATERNAL
SPTBN5	1	chr15	1	chr15_MATERNAL	1	chr15_PATERNAL
PIGF	1	chr2	1	chr2_MATERNAL	1	chr2_PATERNAL
BUB1B	1	chr15	1	chr15_MATERNAL	1	chr15_PATERNAL
KDM8	1	chr16	1	chr16_MATERNAL	1	chr16_PATERNAL
S100A4	1	chr1	1	chr1_MATERNAL	1	chr1_PATERNAL
GIP	1	chr17	1	chr17_MATERNAL	1	chr17_PATERNAL
FAM81A	1	chr15	1	chr15_MATERNAL	1	chr15_PATERNAL
KLHL24	1	chr3	1	chr3_MATERNAL	1	chr3_PATERNAL
CRYZL1	1	chr21	1	chr21_MATERNAL	1	chr21_PATERNAL
BTBD2	1	chr19	1	chr19_MATERNAL	1	chr19_PATERNAL
SLC25A43	1	chrX	1	chrX_MATERNAL	0	None
CCT8	1	chr21	1	chr21_MATERNAL	1	chr21_PATERNAL
CELF1	1	chr11	1	chr11_MATERNAL	1	chr11_PATERNAL
TOPBP1	1	chr3	1	chr3_MATERNAL	1	chr3_PATERNAL
SLC10A4	1	chr4	1	chr4_MATERNAL	1	chr4_PATERNAL
ARSG	1	chr17	1	chr17_MATERNAL	1	chr17_PATERNAL
PLCL1	1	chr2	1	chr2_MATERNAL	1	chr2_PATERNAL
CFHR2	1	chr1	1	chr1_MATERNAL	1	chr1_PATERNAL
WBP1L	1	chr10	1	chr10_MATERNAL	1	chr10_PATERNAL
MED26	1	chr19	1	chr19_MATERNAL	1	chr19_PATERNAL
C21orf58	1	chr21	1	chr21_MATERNAL	1	chr21_PATERNAL
POC1B	1	chr12	1	chr12_MATERNAL	1	chr12_PATERNAL
SCRG1	1	chr4	1	chr4_MATERNAL	1	chr4_PATERNAL
FBXO38	1	chr5	1	chr5_MATERNAL	1	chr5_PATERNAL
HRURF	1	chr8	1	chr8_MATERNAL	1	chr8_PATERNAL
YAE1	1	chr7	1	chr7_MATERNAL	1	chr7_PATERNAL
MOCS3	1	chr20	1	chr20_MATERNAL	1	chr20_PATERNAL
WDR75	1	chr2	1	chr2_MATERNAL	1	chr2_PATERNAL
CCNA2	1	chr4	1	chr4_MATERNAL	1	chr4_PATERNAL
MYO10	1	chr5	1	chr5_MATERNAL	1	chr5_PATERNAL
FANCB	1	chrX	1	chrX_MATERNAL	0	None
DDA1	1	chr19	1	chr19_MATERNAL	1	chr19_PATERNAL
FOXL2	1	chr3	1	chr3_MATERNAL	1	chr3_PATERNAL
POC5	1	chr5	1	chr5_MATERNAL	1	chr5_PATERNAL
SMIM10L2B	1	chrX	1	chrX_MATERNAL	0	None
SETDB1	1	chr1	1	chr1_MATERNAL	1	chr1_PATERNAL
MIER3	1	chr5	1	chr5_MATERNAL	1	chr5_PATERNAL
PAK1	1	chr11	1	chr11_MATERNAL	1	chr11_PATERNAL
YEATS4	1	chr12	1	chr12_MATERNAL	1	chr12_PATERNAL
USP28	1	chr11	1	chr11_MATERNAL	1	chr11_PATERNAL
LILRB4	1	chr19	1	chr19_MATERNAL	1	chr19_PATERNAL
INO80E	1	chr16	1	chr16_MATERNAL	1	chr16_PATERNAL
SFRP5	1	chr10	1	chr10_MATERNAL	1	chr10_PATERNAL
LOC124902928	1	chr12	1	chr12_MATERNAL	1	chr12_PATERNAL
POGLUT2	1	chr13	1	chr13_MATERNAL	1	chr13_PATERNAL
TRAIP	1	chr3	1	chr3_MATERNAL	1	chr3_PATERNAL
ANKRD65	1	chr1	1	chr1_MATERNAL	1	chr1_PATERNAL
SLC39A5	1	chr12	1	chr12_MATERNAL	1	chr12_PATERNAL
RASGEF1B	1	chr4	1	chr4_MATERNAL	1	chr4_PATERNAL
NOTCH2NLA	1	chr1	1	chr1_MATERNAL	1	chr1_PATERNAL
SUN5	1	chr20	1	chr20_MATERNAL	1	chr20_PATERNAL
FABP4	1	chr8	1	chr8_MATERNAL	1	chr8_PATERNAL
NMT1	1	chr17	1	chr17_MATERNAL	1	chr17_PATERNAL
MOCS2	1	chr5	1	chr5_MATERNAL	1	chr5_PATERNAL
USP10	1	chr16	1	chr16_MATERNAL	1	chr16_PATERNAL
P2RX7	1	chr12	1	chr12_MATERNAL	1	chr12_PATERNAL
NLRP2	1	chr19	1	chr19_MATERNAL	1	chr19_PATERNAL
NCAPG	1	chr4	1	chr4_MATERNAL	1	chr4_PATERNAL
CAND1	1	chr12	1	chr12_MATERNAL	1	chr12_PATERNAL
CLIP2	1	chr7	1	chr7_MATERNAL	1	chr7_PATERNAL
TEX264	1	chr3	1	chr3_MATERNAL	1	chr3_PATERNAL
SMC1B	1	chr22	1	chr22_MATERNAL	1	chr22_PATERNAL
IL17REL	1	chr22	1	chr22_MATERNAL	1	chr22_PATERNAL
TCP11X2	1	chrX	1	chrX_MATERNAL	0	None
TNFAIP2	1	chr14	1	chr14_MATERNAL	1	chr14_PATERNAL
GPER1	1	chr7	1	chr7_MATERNAL	1	chr7_PATERNAL
LOC124903229	1	chr13	1	chr13_MATERNAL	1	chr13_PATERNAL
AIM2	1	chr1	1	chr1_MATERNAL	1	chr1_PATERNAL
C1QTNF7	1	chr4	1	chr4_MATERNAL	1	chr4_PATERNAL
PCSK1N	1	chrX	1	chrX_MATERNAL	0	None
ZWILCH	1	chr15	1	chr15_MATERNAL	1	chr15_PATERNAL
WWC2	1	chr4	1	chr4_MATERNAL	1	chr4_PATERNAL
AGAP3	1	chr7	1	chr7_MATERNAL	1	chr7_PATERNAL
AQP8	1	chr16	1	chr16_MATERNAL	1	chr16_PATERNAL
FARP1	1	chr13	1	chr13_MATERNAL	1	chr13_PATERNAL
ANG	1	chr14	1	chr14_MATERNAL	1	chr14_PATERNAL
SNN	1	chr16	1	chr16_MATERNAL	1	chr16_PATERNAL
SHISA6	1	chr17	1	chr17_MATERNAL	1	chr17_PATERNAL
PRXL2B	1	chr1	1	chr1_MATERNAL	1	chr1_PATERNAL
ZNF311	1	chr6	1	chr6_MATERNAL	1	chr6_PATERNAL
COX19	1	chr7	1	chr7_MATERNAL	1	chr7_PATERNAL
VIM	1	chr10	1	chr10_MATERNAL	1	chr10_PATERNAL
KRT72	1	chr12	1	chr12_MATERNAL	1	chr12_PATERNAL
TSR2	1	chrX	1	chrX_MATERNAL	0	None
MAPK8IP1	1	chr11	1	chr11_MATERNAL	1	chr11_PATERNAL
SURF2	1	chr9	1	chr9_MATERNAL	1	chr9_PATERNAL
EIF5	1	chr14	1	chr14_MATERNAL	1	chr14_PATERNAL
SEC24A	1	chr5	1	chr5_MATERNAL	1	chr5_PATERNAL
GPR151	1	chr5	1	chr5_MATERNAL	1	chr5_PATERNAL
TSHB	1	chr1	1	chr1_MATERNAL	1	chr1_PATERNAL
KLK13	1	chr19	1	chr19_MATERNAL	1	chr19_PATERNAL
ZNF142	1	chr2	1	chr2_MATERNAL	1	chr2_PATERNAL
DNAH2	1	chr17	1	chr17_MATERNAL	1	chr17_PATERNAL
IDI1	1	chr10	1	chr10_MATERNAL	1	chr10_PATERNAL
AOC2	1	chr17	1	chr17_MATERNAL	1	chr17_PATERNAL
TCEANC	1	chrX	1	chrX_MATERNAL	0	None
EFNA2	1	chr19	1	chr19_MATERNAL	1	chr19_PATERNAL
KRTAP12-1	1	chr21	1	chr21_MATERNAL	1	chr21_PATERNAL
DHDH	1	chr19	1	chr19_MATERNAL	1	chr19_PATERNAL
TMEM205	1	chr19	1	chr19_MATERNAL	1	chr19_PATERNAL
NOVA1	1	chr14	1	chr14_MATERNAL	1	chr14_PATERNAL
ADCY3	1	chr2	1	chr2_MATERNAL	1	chr2_PATERNAL
ZNF160	1	chr19	1	chr19_MATERNAL	1	chr19_PATERNAL
THAP8	1	chr19	1	chr19_MATERNAL	1	chr19_PATERNAL
PTPRT	1	chr20	1	chr20_MATERNAL	1	chr20_PATERNAL
KCNAB1	1	chr3	1	chr3_MATERNAL	1	chr3_PATERNAL
POR	1	chr7	1	chr7_MATERNAL	1	chr7_PATERNAL
ZNF501	1	chr3	1	chr3_MATERNAL	1	chr3_PATERNAL
PSMD12	1	chr17	1	chr17_MATERNAL	1	chr17_PATERNAL
PTGIS	1	chr20	1	chr20_MATERNAL	1	chr20_PATERNAL
FGA	1	chr4	1	chr4_MATERNAL	1	chr4_PATERNAL
CCDC60	1	chr12	1	chr12_MATERNAL	1	chr12_PATERNAL
VWDE	1	chr7	1	chr7_MATERNAL	1	chr7_PATERNAL
TEX51	1	chr2	1	chr2_MATERNAL	1	chr2_PATERNAL
POLR1C	1	chr6	1	chr6_MATERNAL	1	chr6_PATERNAL
MMGT1	1	chrX	1	chrX_MATERNAL	0	None
TMIGD1	1	chr17	1	chr17_MATERNAL	1	chr17_PATERNAL
ZKSCAN8	1	chr6	1	chr6_MATERNAL	1	chr6_PATERNAL
SYT6	1	chr1	1	chr1_MATERNAL	1	chr1_PATERNAL
HGS	1	chr17	1	chr17_MATERNAL	1	chr17_PATERNAL
SAG	1	chr2	1	chr2_MATERNAL	1	chr2_PATERNAL
NUPR2	1	chr7	1	chr7_MATERNAL	1	chr7_PATERNAL
RECQL5	1	chr17	1	chr17_MATERNAL	1	chr17_PATERNAL
CHD6	1	chr20	1	chr20_MATERNAL	1	chr20_PATERNAL
SFTPC	1	chr8	1	chr8_MATERNAL	1	chr8_PATERNAL
ELP4	1	chr11	1	chr11_MATERNAL	1	chr11_PATERNAL
PRAF2	1	chrX	1	chrX_MATERNAL	0	None
CEP19	1	chr3	1	chr3_MATERNAL	1	chr3_PATERNAL
ATP6V1D	1	chr14	1	chr14_MATERNAL	1	chr14_PATERNAL
CTNNAL1	1	chr9	1	chr9_MATERNAL	1	chr9_PATERNAL
TCP10L	1	chr21	1	chr21_MATERNAL	1	chr21_PATERNAL
RAB11FIP2	1	chr10	1	chr10_MATERNAL	1	chr10_PATERNAL
A2ML1	1	chr12	1	chr12_MATERNAL	1	chr12_PATERNAL
SLX4	1	chr16	1	chr16_MATERNAL	1	chr16_PATERNAL
SH3BGR	1	chr21	1	chr21_MATERNAL	1	chr21_PATERNAL
FAM149A	1	chr4	1	chr4_MATERNAL	1	chr4_PATERNAL
DCUN1D5	1	chr11	1	chr11_MATERNAL	1	chr11_PATERNAL
GRHL2	1	chr8	1	chr8_MATERNAL	1	chr8_PATERNAL
MYZAP	1	chr15	1	chr15_MATERNAL	1	chr15_PATERNAL
C1orf21	1	chr1	1	chr1_MATERNAL	1	chr1_PATERNAL
CACNB3	1	chr12	1	chr12_MATERNAL	1	chr12_PATERNAL
ZNF83	1	chr19	1	chr19_MATERNAL	1	chr19_PATERNAL
LMX1B	1	chr9	1	chr9_MATERNAL	1	chr9_PATERNAL
OR2T5	1	chr1	1	chr1_MATERNAL	1	chr1_PATERNAL
SFN	1	chr1	1	chr1_MATERNAL	1	chr1_PATERNAL
RELA	1	chr11	1	chr11_MATERNAL	1	chr11_PATERNAL
PHF13	1	chr1	1	chr1_MATERNAL	1	chr1_PATERNAL
VSX1	1	chr20	1	chr20_MATERNAL	1	chr20_PATERNAL
CHRNA3	1	chr15	1	chr15_MATERNAL	1	chr15_PATERNAL
LSS	1	chr21	1	chr21_MATERNAL	1	chr21_PATERNAL
GPR139	1	chr16	1	chr16_MATERNAL	1	chr16_PATERNAL
ZNF398	1	chr7	1	chr7_MATERNAL	1	chr7_PATERNAL
GPR68	1	chr14	1	chr14_MATERNAL	1	chr14_PATERNAL
DDX4	1	chr5	1	chr5_MATERNAL	1	chr5_PATERNAL
MFSD2A	1	chr1	1	chr1_MATERNAL	1	chr1_PATERNAL
CCDC63	1	chr12	1	chr12_MATERNAL	1	chr12_PATERNAL
CCRL2	1	chr3	1	chr3_MATERNAL	1	chr3_PATERNAL
TAOK3	1	chr12	1	chr12_MATERNAL	1	chr12_PATERNAL
PRMT8	1	chr12	1	chr12_MATERNAL	1	chr12_PATERNAL
CCDC77	1	chr12	1	chr12_MATERNAL	1	chr12_PATERNAL
GJB5	1	chr1	1	chr1_MATERNAL	1	chr1_PATERNAL
PCSK7	1	chr11	1	chr11_MATERNAL	1	chr11_PATERNAL
CXorf58	1	chrX	1	chrX_MATERNAL	0	None
DUSP26	1	chr8	1	chr8_MATERNAL	1	chr8_PATERNAL
KRTAP9-3	1	chr17	1	chr17_MATERNAL	1	chr17_PATERNAL
IBTK	1	chr6	1	chr6_MATERNAL	1	chr6_PATERNAL
PPID	1	chr4	1	chr4_MATERNAL	1	chr4_PATERNAL
ANAPC5	1	chr12	1	chr12_MATERNAL	1	chr12_PATERNAL
NPY5R	1	chr4	1	chr4_MATERNAL	1	chr4_PATERNAL
LOC124906255	1	chr3	1	chr3_MATERNAL	1	chr3_PATERNAL
ANKRD23	1	chr2	1	chr2_MATERNAL	1	chr2_PATERNAL
CA10	1	chr17	1	chr17_MATERNAL	1	chr17_PATERNAL
F12	1	chr5	1	chr5_MATERNAL	1	chr5_PATERNAL
DPY19L2	1	chr12	1	chr12_MATERNAL	1	chr12_PATERNAL
MBD3L3	1	chr19	2	chr19_MATERNAL,chr19_MATERNAL	1	chr19_PATERNAL
KBTBD8	1	chr3	1	chr3_MATERNAL	1	chr3_PATERNAL
CYBRD1	1	chr2	1	chr2_MATERNAL	1	chr2_PATERNAL
CDHR5	1	chr11	1	chr11_MATERNAL	1	chr11_PATERNAL
ICA1	1	chr7	1	chr7_MATERNAL	1	chr7_PATERNAL
LOC124902806	1	chr11	1	chr11_MATERNAL	1	chr11_PATERNAL
PRSS2	1	chr7	1	chr7_MATERNAL	1	chr7_PATERNAL
DNAJB1	1	chr19	1	chr19_MATERNAL	1	chr19_PATERNAL
ATP1B3	1	chr3	1	chr3_MATERNAL	1	chr3_PATERNAL
LRTM2	1	chr12	1	chr12_MATERNAL	1	chr12_PATERNAL
AFAP1L1	1	chr5	1	chr5_MATERNAL	1	chr5_PATERNAL
CYYR1	1	chr21	1	chr21_MATERNAL	1	chr21_PATERNAL
SERF1A	1	chr5	1	chr5_MATERNAL	1	chr5_PATERNAL
MBOAT2	1	chr2	1	chr2_MATERNAL	1	chr2_PATERNAL
NXPE4	1	chr11	1	chr11_MATERNAL	1	chr11_PATERNAL
HMG20A	1	chr15	1	chr15_MATERNAL	1	chr15_PATERNAL
ALOX12B	1	chr17	1	chr17_MATERNAL	1	chr17_PATERNAL
FIZ1	1	chr19	1	chr19_MATERNAL	1	chr19_PATERNAL
CFAP298-TCP10L	1	chr21	1	chr21_MATERNAL	1	chr21_PATERNAL
HLA-DRA	1	chr6	1	chr6_MATERNAL	1	chr6_PATERNAL
NPIPB3	1	chr16	1	chr16_MATERNAL	1	chr16_PATERNAL
STARD6	1	chr18	1	chr18_MATERNAL	1	chr18_PATERNAL
MRPS35	1	chr12	1	chr12_MATERNAL	1	chr12_PATERNAL
SCFD2	1	chr4	1	chr4_MATERNAL	1	chr4_PATERNAL
HSPG2	1	chr1	1	chr1_MATERNAL	1	chr1_PATERNAL
ARPP21	1	chr3	1	chr3_MATERNAL	1	chr3_PATERNAL
GRIN2B	1	chr12	1	chr12_MATERNAL	1	chr12_PATERNAL
NFE2	1	chr12	1	chr12_MATERNAL	1	chr12_PATERNAL
SPEM1	1	chr17	1	chr17_MATERNAL	1	chr17_PATERNAL
UGGT1	1	chr2	1	chr2_MATERNAL	1	chr2_PATERNAL
NDUFS6	1	chr5	1	chr5_MATERNAL	1	chr5_PATERNAL
A1CF	1	chr10	1	chr10_MATERNAL	1	chr10_PATERNAL
GMCL1	1	chr2	1	chr2_MATERNAL	1	chr2_PATERNAL
SPDYE8	1	chr7	1	chr7_MATERNAL	1	chr7_PATERNAL
ANKAR	1	chr2	1	chr2_MATERNAL	1	chr2_PATERNAL
FAM200B	1	chr4	1	chr4_MATERNAL	1	chr4_PATERNAL
LOC124900192	1	chr5	1	chr5_MATERNAL	1	chr5_PATERNAL
SNX8	1	chr7	1	chr7_MATERNAL	1	chr7_PATERNAL
TAAR2	1	chr6	1	chr6_MATERNAL	1	chr6_PATERNAL
PLCH1	1	chr3	1	chr3_MATERNAL	1	chr3_PATERNAL
SLC15A3	1	chr11	1	chr11_MATERNAL	1	chr11_PATERNAL
RWDD2B	1	chr21	1	chr21_MATERNAL	1	chr21_PATERNAL
TAF11L4	1	chr5	1	chr5_MATERNAL	1	chr5_PATERNAL
NFASC	1	chr1	1	chr1_MATERNAL	1	chr1_PATERNAL
WDR89	1	chr14	1	chr14_MATERNAL	1	chr14_PATERNAL
ZSCAN9	1	chr6	1	chr6_MATERNAL	1	chr6_PATERNAL
CCDC73	1	chr11	1	chr11_MATERNAL	1	chr11_PATERNAL
GRAP2	1	chr22	1	chr22_MATERNAL	1	chr22_PATERNAL
LRIG3	1	chr12	1	chr12_MATERNAL	1	chr12_PATERNAL
SRPRA	1	chr11	1	chr11_MATERNAL	1	chr11_PATERNAL
ZSCAN4	1	chr19	1	chr19_MATERNAL	1	chr19_PATERNAL
VPS45	1	chr1	1	chr1_MATERNAL	1	chr1_PATERNAL
C1orf43	1	chr1	1	chr1_MATERNAL	1	chr1_PATERNAL
SPDL1	1	chr5	1	chr5_MATERNAL	1	chr5_PATERNAL
TMEM263	1	chr12	1	chr12_MATERNAL	1	chr12_PATERNAL
PFKL	1	chr21	1	chr21_MATERNAL	1	chr21_PATERNAL
HOXA1	1	chr7	1	chr7_MATERNAL	1	chr7_PATERNAL
HDAC3	1	chr5	1	chr5_MATERNAL	1	chr5_PATERNAL
GIGYF2	1	chr2	1	chr2_MATERNAL	1	chr2_PATERNAL
RPS15A	1	chr16	1	chr16_MATERNAL	1	chr16_PATERNAL
REEP3	1	chr10	1	chr10_MATERNAL	1	chr10_PATERNAL
HPS1	1	chr10	1	chr10_MATERNAL	1	chr10_PATERNAL
LOC124900417	1	chr1	1	chr1_MATERNAL	1	chr1_PATERNAL
ATP7A	1	chrX	1	chrX_MATERNAL	0	None
RSPH10B	1	chr7	1	chr7_MATERNAL	1	chr7_PATERNAL
TGFBR2	1	chr3	1	chr3_MATERNAL	1	chr3_PATERNAL
MFN1	1	chr3	1	chr3_MATERNAL	1	chr3_PATERNAL
CATSPERB	1	chr14	1	chr14_MATERNAL	1	chr14_PATERNAL
AUH	1	chr9	1	chr9_MATERNAL	1	chr9_PATERNAL
TRIM9	1	chr14	1	chr14_MATERNAL	1	chr14_PATERNAL
EDAR	1	chr2	1	chr2_MATERNAL	1	chr2_PATERNAL
CSDC2	1	chr22	1	chr22_MATERNAL	1	chr22_PATERNAL
MDFI	1	chr6	1	chr6_MATERNAL	1	chr6_PATERNAL
GHR	1	chr5	1	chr5_MATERNAL	1	chr5_PATERNAL
BTD	1	chr3	1	chr3_MATERNAL	1	chr3_PATERNAL
MBL2	1	chr10	1	chr10_MATERNAL	1	chr10_PATERNAL
HOXD10	1	chr2	1	chr2_MATERNAL	1	chr2_PATERNAL
FBXL12	1	chr19	1	chr19_MATERNAL	1	chr19_PATERNAL
CDC34	1	chr19	1	chr19_MATERNAL	1	chr19_PATERNAL
ZNF593	1	chr1	1	chr1_MATERNAL	1	chr1_PATERNAL
HARBI1	1	chr11	1	chr11_MATERNAL	1	chr11_PATERNAL
IL4R	1	chr16	1	chr16_MATERNAL	1	chr16_PATERNAL
FGD1	1	chrX	1	chrX_MATERNAL	0	None
CSNK1E	1	chr22	1	chr22_MATERNAL	1	chr22_PATERNAL
ECM2	1	chr9	1	chr9_MATERNAL	1	chr9_PATERNAL
ARL6IP4	1	chr12	1	chr12_MATERNAL	1	chr12_PATERNAL
NR1D2	1	chr3	1	chr3_MATERNAL	1	chr3_PATERNAL
BAZ1A	1	chr14	1	chr14_MATERNAL	1	chr14_PATERNAL
ANO7	1	chr2	1	chr2_MATERNAL	1	chr2_PATERNAL
SERPINB3	1	chr18	1	chr18_MATERNAL	1	chr18_PATERNAL
AUP1	1	chr2	1	chr2_MATERNAL	1	chr2_PATERNAL
SORBS2	1	chr4	1	chr4_MATERNAL	1	chr4_PATERNAL
DCAF5	1	chr14	1	chr14_MATERNAL	1	chr14_PATERNAL
SCAF8	1	chr6	1	chr6_MATERNAL	1	chr6_PATERNAL
MOAP1	1	chr14	1	chr14_MATERNAL	1	chr14_PATERNAL
GDF5	1	chr20	1	chr20_MATERNAL	1	chr20_PATERNAL
PRDM8	1	chr4	1	chr4_MATERNAL	1	chr4_PATERNAL
DUX4	1	chr4	1	chr4_MATERNAL	1	chr4_PATERNAL
PKD1L2	1	chr16	1	chr16_MATERNAL	1	chr16_PATERNAL
SARS2	1	chr19	1	chr19_MATERNAL	1	chr19_PATERNAL
NTN5	1	chr19	1	chr19_MATERNAL	1	chr19_PATERNAL
AFF2	1	chrX	1	chrX_MATERNAL	0	None
TRIM37	1	chr17	1	chr17_MATERNAL	1	chr17_PATERNAL
TNNI1	1	chr1	1	chr1_MATERNAL	1	chr1_PATERNAL
MRPL52	1	chr14	1	chr14_MATERNAL	1	chr14_PATERNAL
RELL1	1	chr4	1	chr4_MATERNAL	1	chr4_PATERNAL
OR1Q1	1	chr9	1	chr9_MATERNAL	1	chr9_PATERNAL
OIT3	1	chr10	1	chr10_MATERNAL	1	chr10_PATERNAL
KCNK3	1	chr2	1	chr2_MATERNAL	1	chr2_PATERNAL
SMC2	1	chr9	1	chr9_MATERNAL	1	chr9_PATERNAL
MILR1	1	chr17	1	chr17_MATERNAL	1	chr17_PATERNAL
CYB561A3	1	chr11	1	chr11_MATERNAL	1	chr11_PATERNAL
CIART	1	chr1	1	chr1_MATERNAL	1	chr1_PATERNAL
DUSP1	1	chr5	1	chr5_MATERNAL	1	chr5_PATERNAL
ILKAP	1	chr2	1	chr2_MATERNAL	1	chr2_PATERNAL
ELOC	1	chr8	1	chr8_MATERNAL	1	chr8_PATERNAL
GH2	1	chr17	1	chr17_MATERNAL	1	chr17_PATERNAL
ZBTB8A	1	chr1	1	chr1_MATERNAL	1	chr1_PATERNAL
USH1G	1	chr17	1	chr17_MATERNAL	1	chr17_PATERNAL
KCNQ4	1	chr1	1	chr1_MATERNAL	1	chr1_PATERNAL
CALCA	1	chr11	1	chr11_MATERNAL	1	chr11_PATERNAL
GRP	1	chr18	1	chr18_MATERNAL	1	chr18_PATERNAL
YIF1A	1	chr11	1	chr11_MATERNAL	1	chr11_PATERNAL
RFPL4A	1	chr19	1	chr19_MATERNAL	1	chr19_PATERNAL
LOC102724594	1	chr21	1	chr21_MATERNAL	1	chr21_PATERNAL
ZNF544	1	chr19	1	chr19_MATERNAL	1	chr19_PATERNAL
CHPF	1	chr2	1	chr2_MATERNAL	1	chr2_PATERNAL
MRPS16	1	chr10	1	chr10_MATERNAL	1	chr10_PATERNAL
LOC124903570	1	chr15	1	chr15_MATERNAL	1	chr15_PATERNAL
OBP2B	1	chr9	1	chr9_MATERNAL	1	chr9_PATERNAL
BDP1	1	chr5	1	chr5_MATERNAL	1	chr5_PATERNAL
FMNL3	1	chr12	1	chr12_MATERNAL	1	chr12_PATERNAL
APLP1	1	chr19	1	chr19_MATERNAL	1	chr19_PATERNAL
LOC124902807	1	chr11	1	chr11_MATERNAL	1	chr11_PATERNAL
TPD52L1	1	chr6	1	chr6_MATERNAL	1	chr6_PATERNAL
ACOD1	1	chr13	1	chr13_MATERNAL	1	chr13_PATERNAL
ASB3	1	chr2	1	chr2_MATERNAL	1	chr2_PATERNAL
ITGAX	1	chr16	1	chr16_MATERNAL	1	chr16_PATERNAL
NIM1K	1	chr5	1	chr5_MATERNAL	1	chr5_PATERNAL
GSTM4	1	chr1	1	chr1_MATERNAL	1	chr1_PATERNAL
C4orf45	1	chr4	1	chr4_MATERNAL	1	chr4_PATERNAL
NIT1	1	chr1	1	chr1_MATERNAL	1	chr1_PATERNAL
PARD3	1	chr10	1	chr10_MATERNAL	1	chr10_PATERNAL
BLNK	1	chr10	1	chr10_MATERNAL	1	chr10_PATERNAL
GRIK1	1	chr21	1	chr21_MATERNAL	1	chr21_PATERNAL
RASGRF1	1	chr15	1	chr15_MATERNAL	1	chr15_PATERNAL
MAP7	1	chr6	1	chr6_MATERNAL	1	chr6_PATERNAL
AGTR1	1	chr3	1	chr3_MATERNAL	1	chr3_PATERNAL
RETN	1	chr19	1	chr19_MATERNAL	1	chr19_PATERNAL
MINDY1	1	chr1	1	chr1_MATERNAL	1	chr1_PATERNAL
AFG3L2	1	chr18	1	chr18_MATERNAL	1	chr18_PATERNAL
WDR25	1	chr14	1	chr14_MATERNAL	1	chr14_PATERNAL
ZNF675	1	chr19	1	chr19_MATERNAL	1	chr19_PATERNAL
ENPP5	1	chr6	1	chr6_MATERNAL	1	chr6_PATERNAL
VPS50	1	chr7	1	chr7_MATERNAL	1	chr7_PATERNAL
TFDP2	1	chr3	1	chr3_MATERNAL	1	chr3_PATERNAL
OR8H3	1	chr11	1	chr11_MATERNAL	1	chr11_PATERNAL
PAXBP1	1	chr21	1	chr21_MATERNAL	1	chr21_PATERNAL
ZNF385C	1	chr17	1	chr17_MATERNAL	1	chr17_PATERNAL
NF2	1	chr22	1	chr22_MATERNAL	1	chr22_PATERNAL
ORC4	1	chr2	1	chr2_MATERNAL	1	chr2_PATERNAL
SACM1L	1	chr3	1	chr3_MATERNAL	1	chr3_PATERNAL
MTRF1L	1	chr6	1	chr6_MATERNAL	1	chr6_PATERNAL
AUNIP	1	chr1	1	chr1_MATERNAL	1	chr1_PATERNAL
PIAS4	1	chr19	1	chr19_MATERNAL	1	chr19_PATERNAL
SCML1	1	chrX	1	chrX_MATERNAL	0	None
ASIC5	1	chr4	1	chr4_MATERNAL	1	chr4_PATERNAL
ZNF284	1	chr19	1	chr19_MATERNAL	1	chr19_PATERNAL
TARS2	1	chr1	1	chr1_MATERNAL	1	chr1_PATERNAL
ZNF71	1	chr19	1	chr19_MATERNAL	1	chr19_PATERNAL
ZC2HC1B	1	chr6	1	chr6_MATERNAL	1	chr6_PATERNAL
TMEM14A	1	chr6	1	chr6_MATERNAL	1	chr6_PATERNAL
BACH2	1	chr6	1	chr6_MATERNAL	1	chr6_PATERNAL
SNCA	1	chr4	1	chr4_MATERNAL	1	chr4_PATERNAL
RINL	1	chr19	1	chr19_MATERNAL	1	chr19_PATERNAL
UIMC1	1	chr5	1	chr5_MATERNAL	1	chr5_PATERNAL
ART5	1	chr11	1	chr11_MATERNAL	1	chr11_PATERNAL
DLEC1	1	chr3	1	chr3_MATERNAL	1	chr3_PATERNAL
IFIT3	1	chr10	1	chr10_MATERNAL	1	chr10_PATERNAL
HES1	1	chr3	1	chr3_MATERNAL	1	chr3_PATERNAL
KCNC4	1	chr1	1	chr1_MATERNAL	1	chr1_PATERNAL
OGT	1	chrX	1	chrX_MATERNAL	0	None
MAGED1	1	chrX	1	chrX_MATERNAL	0	None
HIGD1C	1	chr12	1	chr12_MATERNAL	1	chr12_PATERNAL
ZNF234	1	chr19	1	chr19_MATERNAL	1	chr19_PATERNAL
ANKS4B	1	chr16	1	chr16_MATERNAL	1	chr16_PATERNAL
SNX10	1	chr7	1	chr7_MATERNAL	1	chr7_PATERNAL
MTRFR	1	chr12	1	chr12_MATERNAL	1	chr12_PATERNAL
ASL	1	chr7	1	chr7_MATERNAL	1	chr7_PATERNAL
HES2	1	chr1	1	chr1_MATERNAL	1	chr1_PATERNAL
CSNK1D	1	chr17	1	chr17_MATERNAL	1	chr17_PATERNAL
VIPAS39	1	chr14	1	chr14_MATERNAL	1	chr14_PATERNAL
GNPAT	1	chr1	1	chr1_MATERNAL	1	chr1_PATERNAL
CDH15	1	chr16	1	chr16_MATERNAL	1	chr16_PATERNAL
MLX	1	chr17	1	chr17_MATERNAL	1	chr17_PATERNAL
ZC3H11A	1	chr1	1	chr1_MATERNAL	1	chr1_PATERNAL
NDEL1	1	chr17	1	chr17_MATERNAL	1	chr17_PATERNAL
RHEX	1	chr1	1	chr1_MATERNAL	1	chr1_PATERNAL
H2BC12L	1	chr21	1	chr21_MATERNAL	1	chr21_PATERNAL
CD4	1	chr12	1	chr12_MATERNAL	1	chr12_PATERNAL
WIF1	1	chr12	1	chr12_MATERNAL	1	chr12_PATERNAL
PSG9	1	chr19	0	None	1	chr19_PATERNAL
TMUB2	1	chr17	1	chr17_MATERNAL	1	chr17_PATERNAL
GRIA1	1	chr5	1	chr5_MATERNAL	1	chr5_PATERNAL
COA1	1	chr7	1	chr7_MATERNAL	1	chr7_PATERNAL
GPRC5C	1	chr17	1	chr17_MATERNAL	1	chr17_PATERNAL
NRARP	1	chr9	1	chr9_MATERNAL	1	chr9_PATERNAL
HLA-DQA1	1	chr6	1	chr6_MATERNAL	1	chr6_PATERNAL
ZNF257	1	chr19	1	chr19_MATERNAL	1	chr19_PATERNAL
EPRS1	1	chr1	1	chr1_MATERNAL	1	chr1_PATERNAL
PCDH9	1	chr13	1	chr13_MATERNAL	1	chr13_PATERNAL
CLEC18B	3	chr16,chr16,chr16	1	chr16_MATERNAL	2	chr16_PATERNAL,chr16_PATERNAL
CPD	1	chr17	1	chr17_MATERNAL	1	chr17_PATERNAL
COX8A	1	chr11	1	chr11_MATERNAL	1	chr11_PATERNAL
SEMA3G	1	chr3	1	chr3_MATERNAL	1	chr3_PATERNAL
CCND2	1	chr12	1	chr12_MATERNAL	1	chr12_PATERNAL
CENPB	1	chr20	1	chr20_MATERNAL	1	chr20_PATERNAL
RIPPLY2-CYB5R4	1	chr6	1	chr6_MATERNAL	1	chr6_PATERNAL
OR10G4	1	chr11	1	chr11_MATERNAL	1	chr11_PATERNAL
TLR1	1	chr4	1	chr4_MATERNAL	1	chr4_PATERNAL
ZFP41	1	chr8	1	chr8_MATERNAL	1	chr8_PATERNAL
TEX52	1	chr12	1	chr12_MATERNAL	1	chr12_PATERNAL
TMEM161A	1	chr19	1	chr19_MATERNAL	1	chr19_PATERNAL
CNEP1R1	1	chr16	1	chr16_MATERNAL	1	chr16_PATERNAL
PSMD11	1	chr17	1	chr17_MATERNAL	1	chr17_PATERNAL
RACK1	1	chr5	1	chr5_MATERNAL	1	chr5_PATERNAL
KHNYN	1	chr14	1	chr14_MATERNAL	1	chr14_PATERNAL
FBXW10B	1	chr17	1	chr17_MATERNAL	1	chr17_PATERNAL
LOC124904930	1	chr20	1	chr20_MATERNAL	1	chr20_PATERNAL
TULP3	1	chr12	1	chr12_MATERNAL	1	chr12_PATERNAL
SLC38A7	1	chr16	1	chr16_MATERNAL	1	chr16_PATERNAL
ETV5	1	chr3	1	chr3_MATERNAL	1	chr3_PATERNAL
FBXO31	1	chr16	1	chr16_MATERNAL	1	chr16_PATERNAL
NMUR2	1	chr5	1	chr5_MATERNAL	1	chr5_PATERNAL
NAV1	1	chr1	1	chr1_MATERNAL	1	chr1_PATERNAL
VCPKMT	1	chr14	1	chr14_MATERNAL	1	chr14_PATERNAL
PDX1	1	chr13	1	chr13_MATERNAL	1	chr13_PATERNAL
DEFA6	1	chr8	1	chr8_MATERNAL	1	chr8_PATERNAL
ZNF449	1	chrX	1	chrX_MATERNAL	0	None
ZNF208	1	chr19	1	chr19_MATERNAL	1	chr19_PATERNAL
MYL12A	1	chr18	1	chr18_MATERNAL	1	chr18_PATERNAL
RHOG	1	chr11	1	chr11_MATERNAL	1	chr11_PATERNAL
LOC112268470	1	chr4	1	chr4_MATERNAL	1	chr4_PATERNAL
MFSD10	1	chr4	1	chr4_MATERNAL	1	chr4_PATERNAL
LOC124909494	1	chr3	1	chr3_MATERNAL	1	chr3_PATERNAL
LOC124901580	3	chr5,chr6,chr7	3	chr5_MATERNAL,chr7_MATERNAL,chr6_MATERNAL	2	chr5_PATERNAL,chr7_PATERNAL
EHD1	1	chr11	1	chr11_MATERNAL	1	chr11_PATERNAL
HEBP1	1	chr12	1	chr12_MATERNAL	1	chr12_PATERNAL
NID1	1	chr1	1	chr1_MATERNAL	1	chr1_PATERNAL
F10	1	chr13	1	chr13_MATERNAL	1	chr13_PATERNAL
PTPN22	1	chr1	1	chr1_MATERNAL	1	chr1_PATERNAL
FAM153A	1	chr5	1	chr5_MATERNAL	1	chr5_PATERNAL
TMEM81	1	chr1	1	chr1_MATERNAL	1	chr1_PATERNAL
SPRR2G	1	chr1	1	chr1_MATERNAL	1	chr1_PATERNAL
INSIG1	1	chr7	1	chr7_MATERNAL	1	chr7_PATERNAL
DOLK	1	chr9	1	chr9_MATERNAL	1	chr9_PATERNAL
LOC727838	1	chrX	1	chrX_MATERNAL	0	None
TALDO1	1	chr11	1	chr11_MATERNAL	1	chr11_PATERNAL
MTOR	1	chr1	1	chr1_MATERNAL	1	chr1_PATERNAL
KCNK16	1	chr6	1	chr6_MATERNAL	1	chr6_PATERNAL
CFAP74	1	chr1	1	chr1_MATERNAL	1	chr1_PATERNAL
ZNF678	1	chr1	1	chr1_MATERNAL	1	chr1_PATERNAL
TAF5L	1	chr1	1	chr1_MATERNAL	1	chr1_PATERNAL
PPFIA4	1	chr1	1	chr1_MATERNAL	1	chr1_PATERNAL
RWDD3	1	chr1	1	chr1_MATERNAL	1	chr1_PATERNAL
CCAR2	1	chr8	1	chr8_MATERNAL	1	chr8_PATERNAL
PHAX	1	chr5	1	chr5_MATERNAL	1	chr5_PATERNAL
CRB2	1	chr9	1	chr9_MATERNAL	1	chr9_PATERNAL
DCT	1	chr13	1	chr13_MATERNAL	1	chr13_PATERNAL
PSMD4	1	chr1	1	chr1_MATERNAL	1	chr1_PATERNAL
ISL2	1	chr15	1	chr15_MATERNAL	1	chr15_PATERNAL
DENND4C	1	chr9	1	chr9_MATERNAL	1	chr9_PATERNAL
TMPRSS11B	1	chr4	1	chr4_MATERNAL	1	chr4_PATERNAL
DNAJB4	1	chr1	1	chr1_MATERNAL	1	chr1_PATERNAL
SNX16	1	chr8	1	chr8_MATERNAL	1	chr8_PATERNAL
LOC124901818	1	chr7	1	chr7_MATERNAL	1	chr7_PATERNAL
P3R3URF-PIK3R3	1	chr1	1	chr1_MATERNAL	1	chr1_PATERNAL
FCHO1	1	chr19	1	chr19_MATERNAL	1	chr19_PATERNAL
TRPC3	1	chr4	1	chr4_MATERNAL	1	chr4_PATERNAL
RBIS	1	chr8	1	chr8_MATERNAL	1	chr8_PATERNAL
MED29	1	chr19	1	chr19_MATERNAL	1	chr19_PATERNAL
NOX4	1	chr11	1	chr11_MATERNAL	1	chr11_PATERNAL
PLPP5	1	chr8	1	chr8_MATERNAL	1	chr8_PATERNAL
SMIM32	1	chr5	1	chr5_MATERNAL	1	chr5_PATERNAL
HBB	1	chr11	1	chr11_MATERNAL	1	chr11_PATERNAL
CYP26C1	1	chr10	1	chr10_MATERNAL	1	chr10_PATERNAL
KLHL13	1	chrX	1	chrX_MATERNAL	0	None
CEP57L1	1	chr6	1	chr6_MATERNAL	1	chr6_PATERNAL
CBFA2T3	1	chr16	1	chr16_MATERNAL	1	chr16_PATERNAL
ADARB1	1	chr21	1	chr21_MATERNAL	1	chr21_PATERNAL
RPL24	1	chr3	1	chr3_MATERNAL	1	chr3_PATERNAL
CACNB1	1	chr17	1	chr17_MATERNAL	1	chr17_PATERNAL
GSTP1	1	chr11	1	chr11_MATERNAL	1	chr11_PATERNAL
BACE1	1	chr11	1	chr11_MATERNAL	1	chr11_PATERNAL
APLF	1	chr2	1	chr2_MATERNAL	1	chr2_PATERNAL
CALR	1	chr19	1	chr19_MATERNAL	1	chr19_PATERNAL
PER1	1	chr17	1	chr17_MATERNAL	1	chr17_PATERNAL
CHST7	1	chrX	1	chrX_MATERNAL	0	None
CES3	1	chr16	1	chr16_MATERNAL	1	chr16_PATERNAL
ABCA3	1	chr16	1	chr16_MATERNAL	1	chr16_PATERNAL
CNTNAP4	1	chr16	1	chr16_MATERNAL	1	chr16_PATERNAL
NIPAL2	1	chr8	1	chr8_MATERNAL	1	chr8_PATERNAL
RXRG	1	chr1	1	chr1_MATERNAL	1	chr1_PATERNAL
ANTKMT	1	chr16	1	chr16_MATERNAL	1	chr16_PATERNAL
BTN1A1	1	chr6	1	chr6_MATERNAL	1	chr6_PATERNAL
DCTN4	1	chr5	1	chr5_MATERNAL	1	chr5_PATERNAL
IL18R1	1	chr2	1	chr2_MATERNAL	1	chr2_PATERNAL
ZNF236	1	chr18	1	chr18_MATERNAL	1	chr18_PATERNAL
SLC39A4	1	chr8	1	chr8_MATERNAL	1	chr8_PATERNAL
APBB1IP	1	chr10	1	chr10_MATERNAL	1	chr10_PATERNAL
LOC124903217	1	chr13	1	chr13_MATERNAL	1	chr13_PATERNAL
MYO7A	1	chr11	1	chr11_MATERNAL	1	chr11_PATERNAL
ISG20	1	chr15	1	chr15_MATERNAL	1	chr15_PATERNAL
SLFN12	1	chr17	1	chr17_MATERNAL	1	chr17_PATERNAL
STRIT1	1	chr3	1	chr3_MATERNAL	1	chr3_PATERNAL
VPS37B	1	chr12	1	chr12_MATERNAL	1	chr12_PATERNAL
ECI2	1	chr6	1	chr6_MATERNAL	1	chr6_PATERNAL
CDC42EP2	1	chr11	1	chr11_MATERNAL	1	chr11_PATERNAL
AMZ1	1	chr7	1	chr7_MATERNAL	1	chr7_PATERNAL
PPP1R14D	1	chr15	1	chr15_MATERNAL	1	chr15_PATERNAL
EPCAM	1	chr2	1	chr2_MATERNAL	1	chr2_PATERNAL
TMEM233	1	chr12	1	chr12_MATERNAL	1	chr12_PATERNAL
CNIH1	1	chr14	1	chr14_MATERNAL	1	chr14_PATERNAL
MYEOV	1	chr11	1	chr11_MATERNAL	1	chr11_PATERNAL
CCDC124	1	chr19	1	chr19_MATERNAL	1	chr19_PATERNAL
FXYD5	1	chr19	1	chr19_MATERNAL	1	chr19_PATERNAL
RMI1	1	chr9	1	chr9_MATERNAL	1	chr9_PATERNAL
PAG1	1	chr8	1	chr8_MATERNAL	1	chr8_PATERNAL
OR52D1	1	chr11	1	chr11_MATERNAL	1	chr11_PATERNAL
DCLK2	1	chr4	1	chr4_MATERNAL	1	chr4_PATERNAL
GOLGA4	1	chr3	1	chr3_MATERNAL	1	chr3_PATERNAL
CAPN14	1	chr2	1	chr2_MATERNAL	1	chr2_PATERNAL
NFATC4	1	chr14	1	chr14_MATERNAL	1	chr14_PATERNAL
LOC124902436	1	chr10	1	chr10_MATERNAL	1	chr10_PATERNAL
LIG1	1	chr19	1	chr19_MATERNAL	1	chr19_PATERNAL
SEM1	1	chr7	1	chr7_MATERNAL	1	chr7_PATERNAL
ZSCAN5A	1	chr19	1	chr19_MATERNAL	1	chr19_PATERNAL
LOC107986860	1	chr7	1	chr7_MATERNAL	1	chr7_PATERNAL
CDKN1B	1	chr12	1	chr12_MATERNAL	1	chr12_PATERNAL
TOB1	1	chr17	1	chr17_MATERNAL	1	chr17_PATERNAL
RBMS3	1	chr3	1	chr3_MATERNAL	1	chr3_PATERNAL
TMEM80	1	chr11	1	chr11_MATERNAL	1	chr11_PATERNAL
CFAP97	1	chr4	1	chr4_MATERNAL	1	chr4_PATERNAL
SLC11A1	1	chr2	1	chr2_MATERNAL	1	chr2_PATERNAL
PCDHA7	1	chr5	1	chr5_MATERNAL	1	chr5_PATERNAL
PCSK5	1	chr9	1	chr9_MATERNAL	1	chr9_PATERNAL
GRB2	1	chr17	1	chr17_MATERNAL	1	chr17_PATERNAL
LBR	1	chr1	1	chr1_MATERNAL	1	chr1_PATERNAL
CAMP	1	chr3	1	chr3_MATERNAL	1	chr3_PATERNAL
PATL2	1	chr15	1	chr15_MATERNAL	1	chr15_PATERNAL
PRAMEF6	1	chr1	1	chr1_MATERNAL	1	chr1_PATERNAL
IGSF9B	1	chr11	1	chr11_MATERNAL	1	chr11_PATERNAL
TM9SF1	1	chr14	1	chr14_MATERNAL	1	chr14_PATERNAL
C3orf80	1	chr3	1	chr3_MATERNAL	1	chr3_PATERNAL
CYTIP	1	chr2	1	chr2_MATERNAL	1	chr2_PATERNAL
TBC1D3K	1	chr17	1	chr17_MATERNAL	2	chr17_PATERNAL,chr17_PATERNAL
EVI2B	1	chr17	1	chr17_MATERNAL	1	chr17_PATERNAL
HDDC3	1	chr15	1	chr15_MATERNAL	1	chr15_PATERNAL
KIF17	1	chr1	1	chr1_MATERNAL	1	chr1_PATERNAL
SUOX	1	chr12	1	chr12_MATERNAL	1	chr12_PATERNAL
FRMPD1	1	chr9	1	chr9_MATERNAL	1	chr9_PATERNAL
GLMN	1	chr1	1	chr1_MATERNAL	1	chr1_PATERNAL
SPEG	1	chr2	1	chr2_MATERNAL	1	chr2_PATERNAL
TTC12	1	chr11	1	chr11_MATERNAL	1	chr11_PATERNAL
TRIM77	1	chr11	1	chr11_MATERNAL	1	chr11_PATERNAL
OSBPL2	1	chr20	1	chr20_MATERNAL	1	chr20_PATERNAL
RABIF	1	chr1	1	chr1_MATERNAL	1	chr1_PATERNAL
MORN2	1	chr2	1	chr2_MATERNAL	1	chr2_PATERNAL
CBX8	1	chr17	1	chr17_MATERNAL	1	chr17_PATERNAL
SOX15	1	chr17	1	chr17_MATERNAL	1	chr17_PATERNAL
MARCHF9	1	chr12	1	chr12_MATERNAL	1	chr12_PATERNAL
KRTAP20-3	1	chr21	1	chr21_MATERNAL	1	chr21_PATERNAL
WNT7B	1	chr22	1	chr22_MATERNAL	1	chr22_PATERNAL
SQOR	1	chr15	1	chr15_MATERNAL	1	chr15_PATERNAL
FRAT2	1	chr10	1	chr10_MATERNAL	1	chr10_PATERNAL
CALML4	1	chr15	1	chr15_MATERNAL	1	chr15_PATERNAL
PRMT1	1	chr19	1	chr19_MATERNAL	1	chr19_PATERNAL
DDX54	1	chr12	1	chr12_MATERNAL	1	chr12_PATERNAL
SHBG	1	chr17	1	chr17_MATERNAL	1	chr17_PATERNAL
RNF34	1	chr12	1	chr12_MATERNAL	1	chr12_PATERNAL
PTPN4	1	chr2	1	chr2_MATERNAL	1	chr2_PATERNAL
ACSM2A	1	chr16	1	chr16_MATERNAL	1	chr16_PATERNAL
POU3F2	1	chr6	1	chr6_MATERNAL	1	chr6_PATERNAL
PRKAA2	1	chr1	1	chr1_MATERNAL	1	chr1_PATERNAL
NRSN2	1	chr20	1	chr20_MATERNAL	1	chr20_PATERNAL
UGGT2	1	chr13	1	chr13_MATERNAL	1	chr13_PATERNAL
BCO2	1	chr11	1	chr11_MATERNAL	1	chr11_PATERNAL
WDR62	1	chr19	1	chr19_MATERNAL	1	chr19_PATERNAL
UTS2B	1	chr3	1	chr3_MATERNAL	1	chr3_PATERNAL
C1orf210	1	chr1	1	chr1_MATERNAL	1	chr1_PATERNAL
ERP27	1	chr12	1	chr12_MATERNAL	1	chr12_PATERNAL
B4GALT2	1	chr1	1	chr1_MATERNAL	1	chr1_PATERNAL
SLC25A46	1	chr5	1	chr5_MATERNAL	1	chr5_PATERNAL
KRT23	1	chr17	1	chr17_MATERNAL	1	chr17_PATERNAL
ZC3H10	1	chr12	1	chr12_MATERNAL	1	chr12_PATERNAL
FCRLB	1	chr1	1	chr1_MATERNAL	1	chr1_PATERNAL
GPT2	1	chr16	1	chr16_MATERNAL	1	chr16_PATERNAL
OR5A1	1	chr11	1	chr11_MATERNAL	1	chr11_PATERNAL
LRIT3	1	chr4	1	chr4_MATERNAL	1	chr4_PATERNAL
CHST2	1	chr3	1	chr3_MATERNAL	1	chr3_PATERNAL
MELK	1	chr9	1	chr9_MATERNAL	1	chr9_PATERNAL
STAT2	1	chr12	1	chr12_MATERNAL	1	chr12_PATERNAL
ATAD3A	1	chr1	1	chr1_MATERNAL	1	chr1_PATERNAL
FGD2	1	chr6	1	chr6_MATERNAL	1	chr6_PATERNAL
PTGDR2	1	chr11	1	chr11_MATERNAL	1	chr11_PATERNAL
LY75	1	chr2	1	chr2_MATERNAL	1	chr2_PATERNAL
RSPO4	1	chr20	1	chr20_MATERNAL	1	chr20_PATERNAL
SUSD2	1	chr22	1	chr22_MATERNAL	1	chr22_PATERNAL
TIMM8B	1	chr11	1	chr11_MATERNAL	1	chr11_PATERNAL
YWHAZ	1	chr8	1	chr8_MATERNAL	1	chr8_PATERNAL
DUS4L-BCAP29	1	chr7	1	chr7_MATERNAL	1	chr7_PATERNAL
ACTL6B	1	chr7	1	chr7_MATERNAL	1	chr7_PATERNAL
SLAMF9	1	chr1	1	chr1_MATERNAL	1	chr1_PATERNAL
RIPOR3	1	chr20	1	chr20_MATERNAL	1	chr20_PATERNAL
MAPK14	1	chr6	1	chr6_MATERNAL	1	chr6_PATERNAL
MMP17	1	chr12	1	chr12_MATERNAL	1	chr12_PATERNAL
DGKG	1	chr3	1	chr3_MATERNAL	1	chr3_PATERNAL
MICA	1	chr6	1	chr6_MATERNAL	1	chr6_PATERNAL
GSTA3	1	chr6	1	chr6_MATERNAL	1	chr6_PATERNAL
ZFR2	1	chr19	1	chr19_MATERNAL	1	chr19_PATERNAL
UBE2E2	1	chr3	1	chr3_MATERNAL	1	chr3_PATERNAL
DDX39B	1	chr6	1	chr6_MATERNAL	1	chr6_PATERNAL
CAB39	1	chr2	1	chr2_MATERNAL	1	chr2_PATERNAL
PF4V1	1	chr4	1	chr4_MATERNAL	1	chr4_PATERNAL
TGFB1I1	1	chr16	1	chr16_MATERNAL	1	chr16_PATERNAL
UQCRFS1	1	chr19	1	chr19_MATERNAL	1	chr19_PATERNAL
CCDC54	1	chr3	1	chr3_MATERNAL	1	chr3_PATERNAL
ITGB6	1	chr2	1	chr2_MATERNAL	1	chr2_PATERNAL
RAB3B	1	chr1	1	chr1_MATERNAL	1	chr1_PATERNAL
TMEM186	1	chr16	1	chr16_MATERNAL	1	chr16_PATERNAL
CCR3	1	chr3	1	chr3_MATERNAL	1	chr3_PATERNAL
KLHL17	1	chr1	1	chr1_MATERNAL	1	chr1_PATERNAL
SELENOW	1	chr19	1	chr19_MATERNAL	1	chr19_PATERNAL
TFE3	1	chrX	1	chrX_MATERNAL	0	None
GSTA1	1	chr6	1	chr6_MATERNAL	1	chr6_PATERNAL
NMS	1	chr2	1	chr2_MATERNAL	1	chr2_PATERNAL
EID2B	1	chr19	1	chr19_MATERNAL	1	chr19_PATERNAL
SLC44A3	1	chr1	1	chr1_MATERNAL	1	chr1_PATERNAL
PGLYRP3	1	chr1	1	chr1_MATERNAL	1	chr1_PATERNAL
TLE7	1	chr16	1	chr16_MATERNAL	1	chr16_PATERNAL
OSGEPL1	1	chr2	1	chr2_MATERNAL	1	chr2_PATERNAL
PRY2	1	chrY	0	None	1	chrY_PATERNAL
ALDH1A2	1	chr15	1	chr15_MATERNAL	1	chr15_PATERNAL
EPHA10	1	chr1	1	chr1_MATERNAL	1	chr1_PATERNAL
IGIP	1	chr5	1	chr5_MATERNAL	1	chr5_PATERNAL
NPTXR	1	chr22	1	chr22_MATERNAL	1	chr22_PATERNAL
CIC	1	chr19	1	chr19_MATERNAL	1	chr19_PATERNAL
NRN1L	1	chr16	1	chr16_MATERNAL	1	chr16_PATERNAL
UPK3BL1	1	chr7	4	chr7_MATERNAL,chr7_MATERNAL,chr7_MATERNAL,chr7_MATERNAL	2	chr7_PATERNAL,chr7_PATERNAL
ZNF229	1	chr19	1	chr19_MATERNAL	1	chr19_PATERNAL
PPP2CB	1	chr8	1	chr8_MATERNAL	1	chr8_PATERNAL
ACE	1	chr17	1	chr17_MATERNAL	1	chr17_PATERNAL
RIOK3	1	chr18	1	chr18_MATERNAL	1	chr18_PATERNAL
IFNLR1	1	chr1	1	chr1_MATERNAL	1	chr1_PATERNAL
MAPK7	1	chr17	1	chr17_MATERNAL	1	chr17_PATERNAL
TMIE	1	chr3	1	chr3_MATERNAL	1	chr3_PATERNAL
ZC3HAV1	1	chr7	1	chr7_MATERNAL	1	chr7_PATERNAL
NAA20	1	chr20	1	chr20_MATERNAL	1	chr20_PATERNAL
CARMIL2	1	chr16	1	chr16_MATERNAL	1	chr16_PATERNAL
DNAAF9	1	chr20	1	chr20_MATERNAL	1	chr20_PATERNAL
FAM236B	1	chrX	1	chrX_MATERNAL	0	None
NCBP2L	1	chrX	1	chrX_MATERNAL	0	None
TSPAN3	1	chr15	1	chr15_MATERNAL	1	chr15_PATERNAL
LOC124900476	1	chr22	1	chr22_MATERNAL	1	chr22_PATERNAL
EPN1	1	chr19	1	chr19_MATERNAL	1	chr19_PATERNAL
CXXC5	1	chr5	1	chr5_MATERNAL	1	chr5_PATERNAL
MYH13	1	chr17	1	chr17_MATERNAL	1	chr17_PATERNAL
ANO10	1	chr3	1	chr3_MATERNAL	1	chr3_PATERNAL
PDZRN3	1	chr3	1	chr3_MATERNAL	1	chr3_PATERNAL
AMBRA1	1	chr11	1	chr11_MATERNAL	1	chr11_PATERNAL
DNASE2	1	chr19	1	chr19_MATERNAL	1	chr19_PATERNAL
THBS4	1	chr5	1	chr5_MATERNAL	1	chr5_PATERNAL
SARS1	1	chr1	1	chr1_MATERNAL	1	chr1_PATERNAL
CELF3	1	chr1	1	chr1_MATERNAL	1	chr1_PATERNAL
TIPRL	1	chr1	1	chr1_MATERNAL	1	chr1_PATERNAL
TANGO6	1	chr16	1	chr16_MATERNAL	1	chr16_PATERNAL
PPP6C	1	chr9	1	chr9_MATERNAL	1	chr9_PATERNAL
MYOM3	1	chr1	1	chr1_MATERNAL	1	chr1_PATERNAL
CTDNEP1	1	chr17	1	chr17_MATERNAL	1	chr17_PATERNAL
KLF18	1	chr1	1	chr1_MATERNAL	1	chr1_PATERNAL
DNAJC12	1	chr10	1	chr10_MATERNAL	1	chr10_PATERNAL
GPSM1	1	chr9	1	chr9_MATERNAL	1	chr9_PATERNAL
NSDHL	1	chrX	1	chrX_MATERNAL	0	None
GPR87	1	chr3	1	chr3_MATERNAL	1	chr3_PATERNAL
HSPE1-MOB4	1	chr2	1	chr2_MATERNAL	1	chr2_PATERNAL
PEX11A	1	chr15	1	chr15_MATERNAL	1	chr15_PATERNAL
ECHDC3	1	chr10	1	chr10_MATERNAL	1	chr10_PATERNAL
RTL5	1	chrX	1	chrX_MATERNAL	0	None
CEP295	1	chr11	1	chr11_MATERNAL	1	chr11_PATERNAL
DOCK8	1	chr9	1	chr9_MATERNAL	1	chr9_PATERNAL
R3HCC1	1	chr8	1	chr8_MATERNAL	1	chr8_PATERNAL
OR11A1	1	chr6	1	chr6_MATERNAL	1	chr6_PATERNAL
GSN	1	chr9	1	chr9_MATERNAL	1	chr9_PATERNAL
ETS1	1	chr11	1	chr11_MATERNAL	1	chr11_PATERNAL
GIMAP8	1	chr7	1	chr7_MATERNAL	1	chr7_PATERNAL
UBQLN4	1	chr1	1	chr1_MATERNAL	1	chr1_PATERNAL
RABGEF1	1	chr7	1	chr7_MATERNAL	1	chr7_PATERNAL
KRTAP4-12	1	chr17	1	chr17_MATERNAL	1	chr17_PATERNAL
STK10	1	chr5	1	chr5_MATERNAL	1	chr5_PATERNAL
ELOVL4	1	chr6	1	chr6_MATERNAL	1	chr6_PATERNAL
MASP2	1	chr1	1	chr1_MATERNAL	1	chr1_PATERNAL
SIAE	1	chr11	1	chr11_MATERNAL	1	chr11_PATERNAL
KLC2	1	chr11	1	chr11_MATERNAL	1	chr11_PATERNAL
LIPT1	1	chr2	1	chr2_MATERNAL	1	chr2_PATERNAL
WSCD2	1	chr12	1	chr12_MATERNAL	1	chr12_PATERNAL
INF2	1	chr14	1	chr14_MATERNAL	1	chr14_PATERNAL
OR4C16	1	chr11	1	chr11_MATERNAL	1	chr11_PATERNAL
RECQL	1	chr12	1	chr12_MATERNAL	1	chr12_PATERNAL
MBD2	1	chr18	1	chr18_MATERNAL	1	chr18_PATERNAL
NFXL1	1	chr4	1	chr4_MATERNAL	1	chr4_PATERNAL
HTR3D	1	chr3	1	chr3_MATERNAL	1	chr3_PATERNAL
UBE2O	1	chr17	1	chr17_MATERNAL	1	chr17_PATERNAL
WDCP	1	chr2	1	chr2_MATERNAL	1	chr2_PATERNAL
TGS1	1	chr8	1	chr8_MATERNAL	1	chr8_PATERNAL
TPTE2	1	chr13	1	chr13_MATERNAL	1	chr13_PATERNAL
FUT2	1	chr19	1	chr19_MATERNAL	1	chr19_PATERNAL
DHX57	1	chr2	1	chr2_MATERNAL	1	chr2_PATERNAL
LOC124905300	2	chrX,chrY	0	None	1	chrY_PATERNAL
NME3	1	chr16	1	chr16_MATERNAL	1	chr16_PATERNAL
H2AC6	1	chr6	1	chr6_MATERNAL	1	chr6_PATERNAL
STAG2	1	chrX	1	chrX_MATERNAL	0	None
NPHS1	1	chr19	1	chr19_MATERNAL	1	chr19_PATERNAL
SBK1	1	chr16	1	chr16_MATERNAL	1	chr16_PATERNAL
OR1E1	1	chr17	1	chr17_MATERNAL	1	chr17_PATERNAL
MAJIN	1	chr11	1	chr11_MATERNAL	1	chr11_PATERNAL
PGAP6	1	chr16	1	chr16_MATERNAL	1	chr16_PATERNAL
PPP1R1B	1	chr17	1	chr17_MATERNAL	1	chr17_PATERNAL
CLRN2	1	chr4	1	chr4_MATERNAL	1	chr4_PATERNAL
E2F4	1	chr16	1	chr16_MATERNAL	1	chr16_PATERNAL
PDLIM4	1	chr5	1	chr5_MATERNAL	1	chr5_PATERNAL
LPCAT2	1	chr16	1	chr16_MATERNAL	1	chr16_PATERNAL
OR9G1	1	chr11	1	chr11_MATERNAL	1	chr11_PATERNAL
GMFG	1	chr19	1	chr19_MATERNAL	1	chr19_PATERNAL
SCEL	1	chr13	1	chr13_MATERNAL	1	chr13_PATERNAL
XAGE5	1	chrX	1	chrX_MATERNAL	0	None
OR12D3	1	chr6	1	chr6_MATERNAL	1	chr6_PATERNAL
GPD1	1	chr12	1	chr12_MATERNAL	1	chr12_PATERNAL
MAB21L4	1	chr2	1	chr2_MATERNAL	1	chr2_PATERNAL
FOXD4L4	2	chr9,chr9	2	chr9_MATERNAL,chr9_MATERNAL	1	chr9_PATERNAL
SSBP2	1	chr5	1	chr5_MATERNAL	1	chr5_PATERNAL
EEF1B2	1	chr2	1	chr2_MATERNAL	1	chr2_PATERNAL
TP53I13	1	chr17	1	chr17_MATERNAL	1	chr17_PATERNAL
CUL7	1	chr6	1	chr6_MATERNAL	1	chr6_PATERNAL
RPL3	1	chr22	1	chr22_MATERNAL	1	chr22_PATERNAL
RFLNA	1	chr12	1	chr12_MATERNAL	1	chr12_PATERNAL
NUTM2F	1	chr9	1	chr9_MATERNAL	1	chr9_PATERNAL
TMEM106C	1	chr12	1	chr12_MATERNAL	1	chr12_PATERNAL
C5orf15	1	chr5	1	chr5_MATERNAL	1	chr5_PATERNAL
CDC45	1	chr22	1	chr22_MATERNAL	1	chr22_PATERNAL
CWC27	1	chr5	1	chr5_MATERNAL	1	chr5_PATERNAL
NSD3	1	chr8	1	chr8_MATERNAL	1	chr8_PATERNAL
PATE1	1	chr11	1	chr11_MATERNAL	1	chr11_PATERNAL
XKR9	1	chr8	1	chr8_MATERNAL	1	chr8_PATERNAL
CST5	1	chr20	1	chr20_MATERNAL	1	chr20_PATERNAL
LOC124901104	1	chr5	1	chr5_MATERNAL	1	chr5_PATERNAL
SLC6A11	1	chr3	1	chr3_MATERNAL	1	chr3_PATERNAL
SLC17A7	1	chr19	1	chr19_MATERNAL	1	chr19_PATERNAL
KCTD2	1	chr17	1	chr17_MATERNAL	1	chr17_PATERNAL
LIMK1	1	chr7	1	chr7_MATERNAL	1	chr7_PATERNAL
DPY30	1	chr2	1	chr2_MATERNAL	1	chr2_PATERNAL
AMH	1	chr19	1	chr19_MATERNAL	1	chr19_PATERNAL
EBF3	1	chr10	1	chr10_MATERNAL	1	chr10_PATERNAL
SERPINI2	1	chr3	1	chr3_MATERNAL	1	chr3_PATERNAL
GJA8	1	chr1	1	chr1_MATERNAL	1	chr1_PATERNAL
TCTN1	1	chr12	1	chr12_MATERNAL	1	chr12_PATERNAL
MBD5	1	chr2	1	chr2_MATERNAL	1	chr2_PATERNAL
LGI1	1	chr10	1	chr10_MATERNAL	1	chr10_PATERNAL
SPECC1L	1	chr22	1	chr22_MATERNAL	1	chr22_PATERNAL
SETD4	1	chr21	1	chr21_MATERNAL	1	chr21_PATERNAL
RTEL1	1	chr20	1	chr20_MATERNAL	1	chr20_PATERNAL
PWWP4	1	chrX	1	chrX_MATERNAL	0	None
POLDIP2	1	chr17	1	chr17_MATERNAL	1	chr17_PATERNAL
MITD1	1	chr2	1	chr2_MATERNAL	1	chr2_PATERNAL
ZNF438	1	chr10	1	chr10_MATERNAL	1	chr10_PATERNAL
MS4A6A	1	chr11	1	chr11_MATERNAL	1	chr11_PATERNAL
THSD7A	1	chr7	1	chr7_MATERNAL	1	chr7_PATERNAL
MAGOH	1	chr1	1	chr1_MATERNAL	1	chr1_PATERNAL
SEPTIN10	1	chr2	1	chr2_MATERNAL	1	chr2_PATERNAL
PRUNE1	1	chr1	1	chr1_MATERNAL	1	chr1_PATERNAL
LRRN4	1	chr20	1	chr20_MATERNAL	1	chr20_PATERNAL
PHF5A	1	chr22	1	chr22_MATERNAL	1	chr22_PATERNAL
SYN2	1	chr3	1	chr3_MATERNAL	1	chr3_PATERNAL
TRPV2	1	chr17	1	chr17_MATERNAL	1	chr17_PATERNAL
CABLES2	1	chr20	1	chr20_MATERNAL	1	chr20_PATERNAL
TMEM192	1	chr4	1	chr4_MATERNAL	1	chr4_PATERNAL
MGMT	1	chr10	1	chr10_MATERNAL	1	chr10_PATERNAL
OLFM1	1	chr9	1	chr9_MATERNAL	1	chr9_PATERNAL
CRTC3	1	chr15	1	chr15_MATERNAL	1	chr15_PATERNAL
ADGRL4	1	chr1	1	chr1_MATERNAL	1	chr1_PATERNAL
CERS4	1	chr19	1	chr19_MATERNAL	1	chr19_PATERNAL
BANF2	1	chr20	1	chr20_MATERNAL	1	chr20_PATERNAL
LOX	1	chr5	1	chr5_MATERNAL	1	chr5_PATERNAL
SMIM42	1	chr1	1	chr1_MATERNAL	1	chr1_PATERNAL
KCNA1	1	chr12	1	chr12_MATERNAL	1	chr12_PATERNAL
FAM246A	1	chr22	2	chr22_MATERNAL,chr22_MATERNAL	1	chr22_PATERNAL
ZFP57	1	chr6	1	chr6_MATERNAL	1	chr6_PATERNAL
FAM47B	1	chrX	1	chrX_MATERNAL	0	None
FOXK1	1	chr7	1	chr7_MATERNAL	1	chr7_PATERNAL
FDXR	1	chr17	1	chr17_MATERNAL	1	chr17_PATERNAL
KRTAP12-3	1	chr21	1	chr21_MATERNAL	1	chr21_PATERNAL
TRAPPC11	1	chr4	1	chr4_MATERNAL	1	chr4_PATERNAL
ARF1	1	chr1	1	chr1_MATERNAL	1	chr1_PATERNAL
CLEC4A	1	chr12	1	chr12_MATERNAL	1	chr12_PATERNAL
RBMS2	1	chr12	1	chr12_MATERNAL	1	chr12_PATERNAL
LOC124900164	1	chr4	1	chr4_MATERNAL	1	chr4_PATERNAL
IFNAR2	1	chr21	1	chr21_MATERNAL	1	chr21_PATERNAL
ULK2	1	chr17	1	chr17_MATERNAL	1	chr17_PATERNAL
CCDC190	1	chr1	1	chr1_MATERNAL	1	chr1_PATERNAL
CCR2	1	chr3	1	chr3_MATERNAL	1	chr3_PATERNAL
GMFB	1	chr14	1	chr14_MATERNAL	1	chr14_PATERNAL
RNF38	1	chr9	1	chr9_MATERNAL	1	chr9_PATERNAL
CD93	1	chr20	1	chr20_MATERNAL	1	chr20_PATERNAL
POTEM	1	chr14	2	chr14_MATERNAL,chr14_MATERNAL	2	chr14_PATERNAL,chr14_PATERNAL
IL4	1	chr5	1	chr5_MATERNAL	1	chr5_PATERNAL
EXD1	1	chr15	1	chr15_MATERNAL	1	chr15_PATERNAL
ELF2	1	chr4	1	chr4_MATERNAL	1	chr4_PATERNAL
FXN	1	chr9	1	chr9_MATERNAL	1	chr9_PATERNAL
CNTNAP1	1	chr17	1	chr17_MATERNAL	1	chr17_PATERNAL
CPN1	1	chr10	1	chr10_MATERNAL	1	chr10_PATERNAL
CALN1	1	chr7	1	chr7_MATERNAL	1	chr7_PATERNAL
LOC124904077	1	chr17	1	chr17_MATERNAL	1	chr17_PATERNAL
CARNS1	1	chr11	1	chr11_MATERNAL	1	chr11_PATERNAL
FBXO7	1	chr22	1	chr22_MATERNAL	1	chr22_PATERNAL
IFT52	1	chr20	1	chr20_MATERNAL	1	chr20_PATERNAL
EXOC6	1	chr10	1	chr10_MATERNAL	1	chr10_PATERNAL
FAM177A1	1	chr14	1	chr14_MATERNAL	1	chr14_PATERNAL
SC5D	1	chr11	1	chr11_MATERNAL	1	chr11_PATERNAL
SBK3	1	chr19	1	chr19_MATERNAL	1	chr19_PATERNAL
ZSWIM9	1	chr19	1	chr19_MATERNAL	1	chr19_PATERNAL
ELMOD3	1	chr2	1	chr2_MATERNAL	1	chr2_PATERNAL
MED30	1	chr8	1	chr8_MATERNAL	1	chr8_PATERNAL
LOC101929937	1	chr20	1	chr20_MATERNAL	1	chr20_PATERNAL
WDR31	1	chr9	1	chr9_MATERNAL	1	chr9_PATERNAL
DAPK2	1	chr15	1	chr15_MATERNAL	1	chr15_PATERNAL
CCDC142	1	chr2	1	chr2_MATERNAL	1	chr2_PATERNAL
STX8	1	chr17	1	chr17_MATERNAL	1	chr17_PATERNAL
OR5K4	1	chr3	1	chr3_MATERNAL	1	chr3_PATERNAL
PIGC	1	chr1	1	chr1_MATERNAL	1	chr1_PATERNAL
LOC124907854	2	chr2,chr2	2	chr2_MATERNAL,chr2_MATERNAL	2	chr2_PATERNAL,chr2_PATERNAL
ZHX1	1	chr8	1	chr8_MATERNAL	1	chr8_PATERNAL
PIWIL1	1	chr12	1	chr12_MATERNAL	1	chr12_PATERNAL
FKBP5	1	chr6	1	chr6_MATERNAL	1	chr6_PATERNAL
FNDC3B	1	chr3	1	chr3_MATERNAL	1	chr3_PATERNAL
DHTKD1	1	chr10	1	chr10_MATERNAL	1	chr10_PATERNAL
MAD2L1	1	chr4	1	chr4_MATERNAL	1	chr4_PATERNAL
PHC1	1	chr12	1	chr12_MATERNAL	1	chr12_PATERNAL
HAX1	1	chr1	1	chr1_MATERNAL	1	chr1_PATERNAL
ODF2L	1	chr1	1	chr1_MATERNAL	1	chr1_PATERNAL
PLBD1	1	chr12	1	chr12_MATERNAL	1	chr12_PATERNAL
LDB3	1	chr10	1	chr10_MATERNAL	1	chr10_PATERNAL
OR10A2	1	chr11	1	chr11_MATERNAL	1	chr11_PATERNAL
NRXN3	1	chr14	1	chr14_MATERNAL	1	chr14_PATERNAL
ARHGEF28	1	chr5	1	chr5_MATERNAL	1	chr5_PATERNAL
FOXN4	1	chr12	1	chr12_MATERNAL	1	chr12_PATERNAL
TMEM176A	1	chr7	1	chr7_MATERNAL	1	chr7_PATERNAL
MLEC	1	chr12	1	chr12_MATERNAL	1	chr12_PATERNAL
SLC25A32	1	chr8	1	chr8_MATERNAL	1	chr8_PATERNAL
TRIM56	1	chr7	1	chr7_MATERNAL	1	chr7_PATERNAL
SMR3B	1	chr4	1	chr4_MATERNAL	1	chr4_PATERNAL
CNN2	1	chr19	1	chr19_MATERNAL	1	chr19_PATERNAL
RSPH3	1	chr6	1	chr6_MATERNAL	1	chr6_PATERNAL
ERVV-2	1	chr19	1	chr19_MATERNAL	1	chr19_PATERNAL
DIP2C	1	chr10	1	chr10_MATERNAL	1	chr10_PATERNAL
FBXO11	1	chr2	1	chr2_MATERNAL	1	chr2_PATERNAL
NDUFA10	1	chr2	1	chr2_MATERNAL	1	chr2_PATERNAL
LIF	1	chr22	1	chr22_MATERNAL	1	chr22_PATERNAL
PCNX3	1	chr11	1	chr11_MATERNAL	1	chr11_PATERNAL
OBSL1	1	chr2	1	chr2_MATERNAL	1	chr2_PATERNAL
SF3B1	1	chr2	1	chr2_MATERNAL	1	chr2_PATERNAL
PREP	1	chr6	1	chr6_MATERNAL	1	chr6_PATERNAL
ZNF766	1	chr19	1	chr19_MATERNAL	1	chr19_PATERNAL
RAB41	1	chrX	1	chrX_MATERNAL	0	None
PCDHGA8	1	chr5	1	chr5_MATERNAL	1	chr5_PATERNAL
SLC39A6	1	chr18	1	chr18_MATERNAL	1	chr18_PATERNAL
LRRTM1	1	chr2	1	chr2_MATERNAL	1	chr2_PATERNAL
PRIM2	1	chr6	1	chr6_MATERNAL	1	chr6_PATERNAL
PALM2AKAP2	1	chr9	1	chr9_MATERNAL	1	chr9_PATERNAL
IL17RC	1	chr3	1	chr3_MATERNAL	1	chr3_PATERNAL
RAC3	1	chr17	1	chr17_MATERNAL	1	chr17_PATERNAL
NR2F1	1	chr5	1	chr5_MATERNAL	1	chr5_PATERNAL
PTGS2	1	chr1	1	chr1_MATERNAL	1	chr1_PATERNAL
INTS13	1	chr12	1	chr12_MATERNAL	1	chr12_PATERNAL
DUS4L	1	chr7	1	chr7_MATERNAL	1	chr7_PATERNAL
KCNJ11	1	chr11	1	chr11_MATERNAL	1	chr11_PATERNAL
C3orf33	1	chr3	1	chr3_MATERNAL	1	chr3_PATERNAL
CHAC1	1	chr15	1	chr15_MATERNAL	1	chr15_PATERNAL
RHNO1	1	chr12	1	chr12_MATERNAL	1	chr12_PATERNAL
ITPRIPL1	1	chr2	1	chr2_MATERNAL	1	chr2_PATERNAL
ADAM12	1	chr10	1	chr10_MATERNAL	1	chr10_PATERNAL
HDGFL3	1	chr15	1	chr15_MATERNAL	1	chr15_PATERNAL
TBC1D3I	1	chr17	1	chr17_MATERNAL	1	chr17_PATERNAL
FREM1	1	chr9	1	chr9_MATERNAL	1	chr9_PATERNAL
CRIP1	1	chr14	1	chr14_MATERNAL	1	chr14_PATERNAL
HNRNPK	1	chr9	1	chr9_MATERNAL	1	chr9_PATERNAL
MARCO	1	chr2	1	chr2_MATERNAL	1	chr2_PATERNAL
OR4A16	1	chr11	1	chr11_MATERNAL	1	chr11_PATERNAL
VSTM2L	1	chr20	1	chr20_MATERNAL	1	chr20_PATERNAL
NPRL2	1	chr3	1	chr3_MATERNAL	1	chr3_PATERNAL
TMA16	1	chr4	1	chr4_MATERNAL	1	chr4_PATERNAL
KIF1C	1	chr17	1	chr17_MATERNAL	1	chr17_PATERNAL
RAPH1	1	chr2	1	chr2_MATERNAL	1	chr2_PATERNAL
TMEM207	1	chr3	1	chr3_MATERNAL	1	chr3_PATERNAL
SDHA	1	chr5	1	chr5_MATERNAL	1	chr5_PATERNAL
CSN2	1	chr4	1	chr4_MATERNAL	1	chr4_PATERNAL
TMPO	1	chr12	1	chr12_MATERNAL	1	chr12_PATERNAL
ELOVL1	1	chr1	1	chr1_MATERNAL	1	chr1_PATERNAL
B4GALNT4	1	chr11	1	chr11_MATERNAL	1	chr11_PATERNAL
ACTR3	1	chr2	1	chr2_MATERNAL	1	chr2_PATERNAL
ZNF260	1	chr19	1	chr19_MATERNAL	1	chr19_PATERNAL
KIAA1755	1	chr20	1	chr20_MATERNAL	1	chr20_PATERNAL
APAF1	1	chr12	1	chr12_MATERNAL	1	chr12_PATERNAL
LST1	1	chr6	1	chr6_MATERNAL	1	chr6_PATERNAL
CALB1	1	chr8	1	chr8_MATERNAL	1	chr8_PATERNAL
VPREB1	1	chr22	1	chr22_MATERNAL	1	chr22_PATERNAL
STH	1	chr17	1	chr17_MATERNAL	1	chr17_PATERNAL
TSPAN1	1	chr1	1	chr1_MATERNAL	1	chr1_PATERNAL
DDX21	1	chr10	1	chr10_MATERNAL	1	chr10_PATERNAL
FIGN	1	chr2	1	chr2_MATERNAL	1	chr2_PATERNAL
AGFG2	1	chr7	1	chr7_MATERNAL	1	chr7_PATERNAL
VDAC2	1	chr10	1	chr10_MATERNAL	1	chr10_PATERNAL
SCN7A	1	chr2	1	chr2_MATERNAL	1	chr2_PATERNAL
TRIM21	1	chr11	1	chr11_MATERNAL	1	chr11_PATERNAL
DFFB	1	chr1	1	chr1_MATERNAL	1	chr1_PATERNAL
SLC16A11	1	chr17	1	chr17_MATERNAL	1	chr17_PATERNAL
UTP4	1	chr16	1	chr16_MATERNAL	1	chr16_PATERNAL
RAI2	1	chrX	1	chrX_MATERNAL	0	None
TNNI3	1	chr19	1	chr19_MATERNAL	1	chr19_PATERNAL
DDX55	1	chr12	1	chr12_MATERNAL	1	chr12_PATERNAL
ZBTB8OS	1	chr1	1	chr1_MATERNAL	1	chr1_PATERNAL
TIMM23	1	chr10	1	chr10_MATERNAL	1	chr10_PATERNAL
VCX2	1	chrX	1	chrX_MATERNAL	0	None
AAMP	1	chr2	1	chr2_MATERNAL	1	chr2_PATERNAL
CCDC50	1	chr3	1	chr3_MATERNAL	1	chr3_PATERNAL
TMEM259	1	chr19	1	chr19_MATERNAL	1	chr19_PATERNAL
ITSN2	1	chr2	1	chr2_MATERNAL	1	chr2_PATERNAL
OAF	1	chr11	1	chr11_MATERNAL	1	chr11_PATERNAL
LARS2	1	chr3	1	chr3_MATERNAL	1	chr3_PATERNAL
TLDC2	1	chr20	1	chr20_MATERNAL	1	chr20_PATERNAL
FARP2	1	chr2	1	chr2_MATERNAL	1	chr2_PATERNAL
CHD9	1	chr16	1	chr16_MATERNAL	1	chr16_PATERNAL
F9	1	chrX	1	chrX_MATERNAL	0	None
FAM8A1	1	chr6	1	chr6_MATERNAL	1	chr6_PATERNAL
AHI1	1	chr6	1	chr6_MATERNAL	1	chr6_PATERNAL
CYP2A6	1	chr19	1	chr19_MATERNAL	1	chr19_PATERNAL
CDKN2A	1	chr9	1	chr9_MATERNAL	1	chr9_PATERNAL
DNPH1	1	chr6	1	chr6_MATERNAL	1	chr6_PATERNAL
ATRIP	1	chr3	1	chr3_MATERNAL	1	chr3_PATERNAL
NOL9	1	chr1	1	chr1_MATERNAL	1	chr1_PATERNAL
PRPSAP2	1	chr17	1	chr17_MATERNAL	1	chr17_PATERNAL
SPANXN4	1	chrX	1	chrX_MATERNAL	0	None
FAM72A	1	chr1	1	chr1_MATERNAL	1	chr1_PATERNAL
ZMYM3	1	chrX	1	chrX_MATERNAL	0	None
UBE2Q1	1	chr1	1	chr1_MATERNAL	1	chr1_PATERNAL
BTNL2	1	chr6	1	chr6_MATERNAL	1	chr6_PATERNAL
LOC124907776	1	chr2	1	chr2_MATERNAL	1	chr2_PATERNAL
MAGED4B	1	chrX	1	chrX_MATERNAL	0	None
PIGM	1	chr1	1	chr1_MATERNAL	1	chr1_PATERNAL
CPB2	1	chr13	1	chr13_MATERNAL	1	chr13_PATERNAL
SLC16A3	1	chr17	1	chr17_MATERNAL	1	chr17_PATERNAL
PCTP	1	chr17	1	chr17_MATERNAL	1	chr17_PATERNAL
CCDC15	1	chr11	1	chr11_MATERNAL	1	chr11_PATERNAL
MMP9	1	chr20	1	chr20_MATERNAL	1	chr20_PATERNAL
CABP7	1	chr22	1	chr22_MATERNAL	1	chr22_PATERNAL
FBL	1	chr19	1	chr19_MATERNAL	1	chr19_PATERNAL
ITGA6	1	chr2	1	chr2_MATERNAL	1	chr2_PATERNAL
CFL1	1	chr11	1	chr11_MATERNAL	1	chr11_PATERNAL
ATP2B1	1	chr12	1	chr12_MATERNAL	1	chr12_PATERNAL
ZNF101	1	chr19	1	chr19_MATERNAL	1	chr19_PATERNAL
LDAF1	1	chr16	1	chr16_MATERNAL	1	chr16_PATERNAL
TEN1	1	chr17	1	chr17_MATERNAL	1	chr17_PATERNAL
ASGR2	1	chr17	1	chr17_MATERNAL	1	chr17_PATERNAL
GLG1	1	chr16	1	chr16_MATERNAL	1	chr16_PATERNAL
WDR5B	1	chr3	1	chr3_MATERNAL	1	chr3_PATERNAL
ZNF195	1	chr11	1	chr11_MATERNAL	1	chr11_PATERNAL
ZNF207	1	chr17	1	chr17_MATERNAL	1	chr17_PATERNAL
TREM2	1	chr6	1	chr6_MATERNAL	1	chr6_PATERNAL
PDAP1	1	chr7	1	chr7_MATERNAL	1	chr7_PATERNAL
TMEM135	1	chr11	1	chr11_MATERNAL	1	chr11_PATERNAL
PPOX	1	chr1	1	chr1_MATERNAL	1	chr1_PATERNAL
CYP2A13	1	chr19	1	chr19_MATERNAL	1	chr19_PATERNAL
MINK1	1	chr17	1	chr17_MATERNAL	1	chr17_PATERNAL
DTL	1	chr1	1	chr1_MATERNAL	1	chr1_PATERNAL
XPNPEP1	1	chr10	1	chr10_MATERNAL	1	chr10_PATERNAL
ITGA11	1	chr15	1	chr15_MATERNAL	1	chr15_PATERNAL
KCNS2	1	chr8	1	chr8_MATERNAL	1	chr8_PATERNAL
MEIOSIN	1	chr19	1	chr19_MATERNAL	1	chr19_PATERNAL
PEX1	1	chr7	1	chr7_MATERNAL	1	chr7_PATERNAL
MEIS1	1	chr2	1	chr2_MATERNAL	1	chr2_PATERNAL
SDF2L1	1	chr22	1	chr22_MATERNAL	1	chr22_PATERNAL
KDM3A	1	chr2	1	chr2_MATERNAL	1	chr2_PATERNAL
HAUS1	1	chr18	1	chr18_MATERNAL	1	chr18_PATERNAL
UMAD1	1	chr7	1	chr7_MATERNAL	1	chr7_PATERNAL
EFHC2	1	chrX	1	chrX_MATERNAL	0	None
STXBP1	1	chr9	1	chr9_MATERNAL	1	chr9_PATERNAL
SIM2	1	chr21	1	chr21_MATERNAL	1	chr21_PATERNAL
ZNF169	1	chr9	1	chr9_MATERNAL	1	chr9_PATERNAL
STX1B	1	chr16	1	chr16_MATERNAL	1	chr16_PATERNAL
USP31	1	chr16	1	chr16_MATERNAL	1	chr16_PATERNAL
EVA1A	1	chr2	1	chr2_MATERNAL	1	chr2_PATERNAL
TFPI	1	chr2	1	chr2_MATERNAL	1	chr2_PATERNAL
NXT1	1	chr20	1	chr20_MATERNAL	1	chr20_PATERNAL
SWI5	1	chr9	1	chr9_MATERNAL	1	chr9_PATERNAL
ODF3	1	chr11	1	chr11_MATERNAL	1	chr11_PATERNAL
POLR2M	1	chr15	1	chr15_MATERNAL	1	chr15_PATERNAL
TPR	1	chr1	1	chr1_MATERNAL	1	chr1_PATERNAL
FAM234B	1	chr12	1	chr12_MATERNAL	1	chr12_PATERNAL
PTBP3	1	chr9	1	chr9_MATERNAL	1	chr9_PATERNAL
LBP	1	chr20	1	chr20_MATERNAL	1	chr20_PATERNAL
CA12	1	chr15	1	chr15_MATERNAL	1	chr15_PATERNAL
TCEAL4	1	chrX	1	chrX_MATERNAL	0	None
TLE6	1	chr19	1	chr19_MATERNAL	1	chr19_PATERNAL
NBPF6	1	chr1	1	chr1_MATERNAL	1	chr1_PATERNAL
ZNF330	1	chr4	1	chr4_MATERNAL	1	chr4_PATERNAL
MRPL39	1	chr21	1	chr21_MATERNAL	1	chr21_PATERNAL
PTPRA	1	chr20	1	chr20_MATERNAL	1	chr20_PATERNAL
SCAND1	1	chr20	1	chr20_MATERNAL	1	chr20_PATERNAL
OR5L2	1	chr11	1	chr11_MATERNAL	1	chr11_PATERNAL
EIF2B5	1	chr3	1	chr3_MATERNAL	1	chr3_PATERNAL
ABLIM3	1	chr5	1	chr5_MATERNAL	1	chr5_PATERNAL
MSRB2	1	chr10	1	chr10_MATERNAL	1	chr10_PATERNAL
NAA35	1	chr9	1	chr9_MATERNAL	1	chr9_PATERNAL
STAT6	1	chr12	1	chr12_MATERNAL	1	chr12_PATERNAL
PRR23D1	1	chr8	1	chr8_MATERNAL	2	chr8_PATERNAL,chr8_PATERNAL
SCAMP4	1	chr19	1	chr19_MATERNAL	1	chr19_PATERNAL
POMGNT2	1	chr3	1	chr3_MATERNAL	1	chr3_PATERNAL
TMEM139	1	chr7	1	chr7_MATERNAL	1	chr7_PATERNAL
RBM11	1	chr21	1	chr21_MATERNAL	1	chr21_PATERNAL
YWHAE	1	chr17	1	chr17_MATERNAL	1	chr17_PATERNAL
GJD4	1	chr10	1	chr10_MATERNAL	1	chr10_PATERNAL
USF2	1	chr19	1	chr19_MATERNAL	1	chr19_PATERNAL
ARFGEF2	1	chr20	1	chr20_MATERNAL	1	chr20_PATERNAL
TDRD7	1	chr9	1	chr9_MATERNAL	1	chr9_PATERNAL
MS4A12	1	chr11	1	chr11_MATERNAL	1	chr11_PATERNAL
GLP2R	1	chr17	1	chr17_MATERNAL	1	chr17_PATERNAL
TNPO1	1	chr5	1	chr5_MATERNAL	1	chr5_PATERNAL
MOGAT2	1	chr11	1	chr11_MATERNAL	1	chr11_PATERNAL
ANTXRL	1	chr10	1	chr10_MATERNAL	1	chr10_PATERNAL
SFXN2	1	chr10	1	chr10_MATERNAL	1	chr10_PATERNAL
ADPRHL1	1	chr13	1	chr13_MATERNAL	1	chr13_PATERNAL
FCRL2	1	chr1	1	chr1_MATERNAL	1	chr1_PATERNAL
FGFBP2	1	chr4	1	chr4_MATERNAL	1	chr4_PATERNAL
LOC124909474	1	chr3	1	chr3_MATERNAL	1	chr3_PATERNAL
DNAI3	1	chr1	1	chr1_MATERNAL	1	chr1_PATERNAL
SLC48A1	1	chr12	1	chr12_MATERNAL	1	chr12_PATERNAL
RAPSN	1	chr11	1	chr11_MATERNAL	1	chr11_PATERNAL
BHLHE40	1	chr3	1	chr3_MATERNAL	1	chr3_PATERNAL
KLHL20	1	chr1	1	chr1_MATERNAL	1	chr1_PATERNAL
OR10H4	1	chr19	1	chr19_MATERNAL	1	chr19_PATERNAL
H2AC7	1	chr6	1	chr6_MATERNAL	1	chr6_PATERNAL
SPC24	1	chr19	1	chr19_MATERNAL	1	chr19_PATERNAL
IGLON5	1	chr19	1	chr19_MATERNAL	1	chr19_PATERNAL
ANKRD39	1	chr2	1	chr2_MATERNAL	1	chr2_PATERNAL
MARK4	1	chr19	1	chr19_MATERNAL	1	chr19_PATERNAL
SECISBP2	1	chr9	1	chr9_MATERNAL	1	chr9_PATERNAL
INO80D	1	chr2	1	chr2_MATERNAL	1	chr2_PATERNAL
MB	1	chr22	1	chr22_MATERNAL	1	chr22_PATERNAL
CCDC110	1	chr4	1	chr4_MATERNAL	1	chr4_PATERNAL
GLT8D2	1	chr12	1	chr12_MATERNAL	1	chr12_PATERNAL
CYP11B1	1	chr8	1	chr8_MATERNAL	1	chr8_PATERNAL
PAOX	1	chr10	1	chr10_MATERNAL	1	chr10_PATERNAL
ABHD18	1	chr4	1	chr4_MATERNAL	1	chr4_PATERNAL
PRSS22	1	chr16	1	chr16_MATERNAL	1	chr16_PATERNAL
GALT	1	chr9	1	chr9_MATERNAL	1	chr9_PATERNAL
CCDC136	1	chr7	1	chr7_MATERNAL	1	chr7_PATERNAL
CLEC11A	1	chr19	1	chr19_MATERNAL	1	chr19_PATERNAL
RPL35A	1	chr3	1	chr3_MATERNAL	1	chr3_PATERNAL
OTOS	1	chr2	1	chr2_MATERNAL	1	chr2_PATERNAL
JUN	1	chr1	1	chr1_MATERNAL	1	chr1_PATERNAL
POM121L2	1	chr6	1	chr6_MATERNAL	1	chr6_PATERNAL
BAZ2A	1	chr12	1	chr12_MATERNAL	1	chr12_PATERNAL
ZNF214	1	chr11	1	chr11_MATERNAL	1	chr11_PATERNAL
UNK	1	chr17	1	chr17_MATERNAL	1	chr17_PATERNAL
MAU2	1	chr19	1	chr19_MATERNAL	1	chr19_PATERNAL
OR9K2	1	chr12	1	chr12_MATERNAL	1	chr12_PATERNAL
SH3RF2	1	chr5	1	chr5_MATERNAL	1	chr5_PATERNAL
C9orf64	1	chr9	1	chr9_MATERNAL	1	chr9_PATERNAL
MAPK8IP2	1	chr22	1	chr22_MATERNAL	1	chr22_PATERNAL
ST8SIA6	1	chr10	1	chr10_MATERNAL	1	chr10_PATERNAL
RDH5	1	chr12	1	chr12_MATERNAL	1	chr12_PATERNAL
MBD3L4	1	chr19	1	chr19_MATERNAL	1	chr19_PATERNAL
MRPL45	1	chr17	1	chr17_MATERNAL	1	chr17_PATERNAL
OR2V1	1	chr5	1	chr5_MATERNAL	1	chr5_PATERNAL
LOC124905977	1	chr2	1	chr2_MATERNAL	1	chr2_PATERNAL
KRTAP5-11	1	chr11	1	chr11_MATERNAL	1	chr11_PATERNAL
H2AC11	1	chr6	1	chr6_MATERNAL	1	chr6_PATERNAL
PRDX3	1	chr10	1	chr10_MATERNAL	1	chr10_PATERNAL
NRBP1	1	chr2	1	chr2_MATERNAL	1	chr2_PATERNAL
TPD52-MRPS28	1	chr8	1	chr8_MATERNAL	1	chr8_PATERNAL
CUTC	1	chr10	1	chr10_MATERNAL	1	chr10_PATERNAL
TNXB	1	chr6	1	chr6_MATERNAL	1	chr6_PATERNAL
DST	1	chr6	1	chr6_MATERNAL	1	chr6_PATERNAL
ARSJ	1	chr4	1	chr4_MATERNAL	1	chr4_PATERNAL
LCE3C	1	chr1	1	chr1_MATERNAL	0	None
EIF1B	1	chr3	1	chr3_MATERNAL	1	chr3_PATERNAL
MAGOHB	1	chr12	1	chr12_MATERNAL	1	chr12_PATERNAL
ALG9	1	chr11	1	chr11_MATERNAL	1	chr11_PATERNAL
NSUN5	1	chr7	1	chr7_MATERNAL	1	chr7_PATERNAL
WDR45B	1	chr17	1	chr17_MATERNAL	1	chr17_PATERNAL
ZNF705D	1	chr8	1	chr8_MATERNAL	1	chr8_PATERNAL
LY96	1	chr8	1	chr8_MATERNAL	1	chr8_PATERNAL
MORN4	1	chr10	1	chr10_MATERNAL	1	chr10_PATERNAL
DNAJC27	1	chr2	1	chr2_MATERNAL	1	chr2_PATERNAL
CCNL2	1	chr1	1	chr1_MATERNAL	1	chr1_PATERNAL
ETS2	1	chr21	1	chr21_MATERNAL	1	chr21_PATERNAL
FIGLA	1	chr2	1	chr2_MATERNAL	1	chr2_PATERNAL
RAD54B	1	chr8	1	chr8_MATERNAL	1	chr8_PATERNAL
KRT26	1	chr17	1	chr17_MATERNAL	1	chr17_PATERNAL
BID	1	chr22	1	chr22_MATERNAL	1	chr22_PATERNAL
TAAR1	1	chr6	1	chr6_MATERNAL	1	chr6_PATERNAL
TENM1	1	chrX	1	chrX_MATERNAL	0	None
MAP4K5	1	chr14	1	chr14_MATERNAL	1	chr14_PATERNAL
E2F6	1	chr2	1	chr2_MATERNAL	1	chr2_PATERNAL
MRM2	1	chr7	1	chr7_MATERNAL	1	chr7_PATERNAL
PIWIL4	1	chr11	1	chr11_MATERNAL	1	chr11_PATERNAL
OR2B6	1	chr6	1	chr6_MATERNAL	1	chr6_PATERNAL
PCDHA10	1	chr5	1	chr5_MATERNAL	1	chr5_PATERNAL
ABHD6	1	chr3	1	chr3_MATERNAL	1	chr3_PATERNAL
ATP5PO	1	chr21	1	chr21_MATERNAL	1	chr21_PATERNAL
SATB1	1	chr3	1	chr3_MATERNAL	1	chr3_PATERNAL
GRSF1	1	chr4	1	chr4_MATERNAL	1	chr4_PATERNAL
FAM20A	1	chr17	1	chr17_MATERNAL	1	chr17_PATERNAL
GPHN	1	chr14	1	chr14_MATERNAL	1	chr14_PATERNAL
PROB1	1	chr5	1	chr5_MATERNAL	1	chr5_PATERNAL
LOC122455338	1	chr1	1	chr1_MATERNAL	1	chr1_PATERNAL
PON3	1	chr7	1	chr7_MATERNAL	1	chr7_PATERNAL
ARL14EP	1	chr11	1	chr11_MATERNAL	1	chr11_PATERNAL
SPSB2	1	chr12	1	chr12_MATERNAL	1	chr12_PATERNAL
ST8SIA4	1	chr5	1	chr5_MATERNAL	1	chr5_PATERNAL
GNG5	1	chr1	1	chr1_MATERNAL	1	chr1_PATERNAL
KLHL3	1	chr5	1	chr5_MATERNAL	1	chr5_PATERNAL
TARM1	1	chr19	1	chr19_MATERNAL	1	chr19_PATERNAL
TTLL4	1	chr2	1	chr2_MATERNAL	1	chr2_PATERNAL
PHF14	1	chr7	1	chr7_MATERNAL	1	chr7_PATERNAL
ZNF551	1	chr19	1	chr19_MATERNAL	1	chr19_PATERNAL
PALLD	1	chr4	1	chr4_MATERNAL	1	chr4_PATERNAL
PRRT1	1	chr6	1	chr6_MATERNAL	1	chr6_PATERNAL
PPP4R3A	1	chr14	1	chr14_MATERNAL	1	chr14_PATERNAL
UST	1	chr6	1	chr6_MATERNAL	1	chr6_PATERNAL
PDCD1LG2	1	chr9	1	chr9_MATERNAL	1	chr9_PATERNAL
CDH1	1	chr16	1	chr16_MATERNAL	1	chr16_PATERNAL
VASH2	1	chr1	1	chr1_MATERNAL	1	chr1_PATERNAL
CKAP5	1	chr11	1	chr11_MATERNAL	1	chr11_PATERNAL
TBL2	1	chr7	1	chr7_MATERNAL	1	chr7_PATERNAL
KRTAP10-5	1	chr21	1	chr21_MATERNAL	1	chr21_PATERNAL
OSTM1	1	chr6	1	chr6_MATERNAL	1	chr6_PATERNAL
KATNAL1	1	chr13	1	chr13_MATERNAL	1	chr13_PATERNAL
USP33	1	chr1	1	chr1_MATERNAL	1	chr1_PATERNAL
OR11L1	1	chr1	1	chr1_MATERNAL	1	chr1_PATERNAL
SFT2D3	1	chr2	1	chr2_MATERNAL	1	chr2_PATERNAL
ANOS1	1	chrX	1	chrX_MATERNAL	0	None
ATP2B4	1	chr1	1	chr1_MATERNAL	1	chr1_PATERNAL
ZNF582	1	chr19	1	chr19_MATERNAL	1	chr19_PATERNAL
LHCGR	1	chr2	1	chr2_MATERNAL	1	chr2_PATERNAL
LOC105372073	1	chr18	1	chr18_MATERNAL	1	chr18_PATERNAL
SEPTIN8	1	chr5	1	chr5_MATERNAL	1	chr5_PATERNAL
TFAP2A	1	chr6	1	chr6_MATERNAL	1	chr6_PATERNAL
CRKL	1	chr22	1	chr22_MATERNAL	1	chr22_PATERNAL
PPIA	1	chr7	1	chr7_MATERNAL	1	chr7_PATERNAL
CHMP1A	1	chr16	1	chr16_MATERNAL	1	chr16_PATERNAL
VRK3	1	chr19	1	chr19_MATERNAL	1	chr19_PATERNAL
CDHR3	1	chr7	1	chr7_MATERNAL	1	chr7_PATERNAL
TSC22D1	1	chr13	1	chr13_MATERNAL	1	chr13_PATERNAL
DENND11	1	chr7	1	chr7_MATERNAL	1	chr7_PATERNAL
FBXO32	1	chr8	1	chr8_MATERNAL	1	chr8_PATERNAL
NABP1	1	chr2	1	chr2_MATERNAL	1	chr2_PATERNAL
ZC3H13	1	chr13	1	chr13_MATERNAL	1	chr13_PATERNAL
CTBS	1	chr1	1	chr1_MATERNAL	1	chr1_PATERNAL
NOD1	1	chr7	1	chr7_MATERNAL	1	chr7_PATERNAL
GMEB2	1	chr20	1	chr20_MATERNAL	1	chr20_PATERNAL
GPR55	1	chr2	1	chr2_MATERNAL	1	chr2_PATERNAL
DPPA4	1	chr3	1	chr3_MATERNAL	1	chr3_PATERNAL
ARR3	1	chrX	1	chrX_MATERNAL	0	None
ZNF14	1	chr19	1	chr19_MATERNAL	1	chr19_PATERNAL
PIGU	1	chr20	1	chr20_MATERNAL	1	chr20_PATERNAL
PDRG1	1	chr20	1	chr20_MATERNAL	1	chr20_PATERNAL
TYW1B	1	chr7	1	chr7_MATERNAL	1	chr7_PATERNAL
LPO	1	chr17	1	chr17_MATERNAL	1	chr17_PATERNAL
GHRH	1	chr20	1	chr20_MATERNAL	1	chr20_PATERNAL
LOC124909461	1	chr3	1	chr3_MATERNAL	1	chr3_PATERNAL
PLXNB3	1	chrX	1	chrX_MATERNAL	0	None
DCAF4	1	chr14	1	chr14_MATERNAL	1	chr14_PATERNAL
CXCR5	1	chr11	1	chr11_MATERNAL	1	chr11_PATERNAL
VKORC1L1	1	chr7	1	chr7_MATERNAL	1	chr7_PATERNAL
PGAP4	1	chr9	1	chr9_MATERNAL	1	chr9_PATERNAL
STING1	1	chr5	1	chr5_MATERNAL	1	chr5_PATERNAL
LOC102724428	1	chr21	1	chr21_MATERNAL	1	chr21_PATERNAL
IL23A	1	chr12	1	chr12_MATERNAL	1	chr12_PATERNAL
ADCY6	1	chr12	1	chr12_MATERNAL	1	chr12_PATERNAL
PABPN1L	1	chr16	1	chr16_MATERNAL	1	chr16_PATERNAL
NSMCE3	1	chr15	1	chr15_MATERNAL	1	chr15_PATERNAL
IFNA6	1	chr9	1	chr9_MATERNAL	1	chr9_PATERNAL
ZC4H2	1	chrX	1	chrX_MATERNAL	0	None
DEAF1	1	chr11	1	chr11_MATERNAL	1	chr11_PATERNAL
DNAJC17	1	chr15	1	chr15_MATERNAL	1	chr15_PATERNAL
SFRP1	1	chr8	1	chr8_MATERNAL	1	chr8_PATERNAL
CCDC137	1	chr17	1	chr17_MATERNAL	1	chr17_PATERNAL
LOC124901483	1	chr6	1	chr6_MATERNAL	1	chr6_PATERNAL
GOLGA6L7	1	chr15	1	chr15_MATERNAL	1	chr15_PATERNAL
MICB	1	chr6	1	chr6_MATERNAL	1	chr6_PATERNAL
ZNF17	1	chr19	1	chr19_MATERNAL	1	chr19_PATERNAL
ANKRD35	1	chr1	1	chr1_MATERNAL	1	chr1_PATERNAL
DCTN2	1	chr12	1	chr12_MATERNAL	1	chr12_PATERNAL
GAGE1	1	chrX	1	chrX_MATERNAL	0	None
CAMSAP1	1	chr9	1	chr9_MATERNAL	1	chr9_PATERNAL
RAB7A	1	chr3	1	chr3_MATERNAL	1	chr3_PATERNAL
MSRA	1	chr8	1	chr8_MATERNAL	1	chr8_PATERNAL
VAMP8	1	chr2	1	chr2_MATERNAL	1	chr2_PATERNAL
TMEFF1	1	chr9	1	chr9_MATERNAL	1	chr9_PATERNAL
PLD6	1	chr17	1	chr17_MATERNAL	1	chr17_PATERNAL
POLR1G	1	chr19	1	chr19_MATERNAL	1	chr19_PATERNAL
TK1	1	chr17	1	chr17_MATERNAL	1	chr17_PATERNAL
TMSB15A	1	chrX	1	chrX_MATERNAL	0	None
STARD7	1	chr2	1	chr2_MATERNAL	1	chr2_PATERNAL
STARD4	1	chr5	1	chr5_MATERNAL	1	chr5_PATERNAL
TAS2R41	1	chr7	1	chr7_MATERNAL	1	chr7_PATERNAL
UBE2A	1	chrX	1	chrX_MATERNAL	0	None
CDK10	1	chr16	1	chr16_MATERNAL	1	chr16_PATERNAL
GIPC1	1	chr19	1	chr19_MATERNAL	1	chr19_PATERNAL
GOLGA6D	1	chr15	1	chr15_MATERNAL	1	chr15_PATERNAL
ZNF860	1	chr3	1	chr3_MATERNAL	1	chr3_PATERNAL
CEACAM4	1	chr19	1	chr19_MATERNAL	1	chr19_PATERNAL
PARP16	1	chr15	1	chr15_MATERNAL	1	chr15_PATERNAL
AOX1	1	chr2	1	chr2_MATERNAL	1	chr2_PATERNAL
NUP107	1	chr12	1	chr12_MATERNAL	1	chr12_PATERNAL
CFAP36	1	chr2	1	chr2_MATERNAL	1	chr2_PATERNAL
RABAC1	1	chr19	1	chr19_MATERNAL	1	chr19_PATERNAL
AFDN	1	chr6	1	chr6_MATERNAL	1	chr6_PATERNAL
FGF7	1	chr15	1	chr15_MATERNAL	1	chr15_PATERNAL
HSPB6	1	chr19	1	chr19_MATERNAL	1	chr19_PATERNAL
LOC107986768	1	chr7	1	chr7_MATERNAL	1	chr7_PATERNAL
SLC15A4	1	chr12	1	chr12_MATERNAL	1	chr12_PATERNAL
TRIM25	1	chr17	1	chr17_MATERNAL	1	chr17_PATERNAL
GNLY	1	chr2	1	chr2_MATERNAL	1	chr2_PATERNAL
LOC105373102	1	chrY	0	None	1	chrY_PATERNAL
OXCT2	1	chr1	1	chr1_MATERNAL	1	chr1_PATERNAL
RASD1	1	chr17	1	chr17_MATERNAL	1	chr17_PATERNAL
RAB25	1	chr1	1	chr1_MATERNAL	1	chr1_PATERNAL
KRTAP7-1	1	chr21	1	chr21_MATERNAL	1	chr21_PATERNAL
SERPINB2	1	chr18	1	chr18_MATERNAL	1	chr18_PATERNAL
IGSF22	1	chr11	1	chr11_MATERNAL	1	chr11_PATERNAL
THADA	1	chr2	1	chr2_MATERNAL	1	chr2_PATERNAL
MKRN1	1	chr7	1	chr7_MATERNAL	1	chr7_PATERNAL
CCDC121	1	chr2	1	chr2_MATERNAL	1	chr2_PATERNAL
ATP5F1C	1	chr10	1	chr10_MATERNAL	1	chr10_PATERNAL
SASS6	1	chr1	1	chr1_MATERNAL	1	chr1_PATERNAL
ZNF512B	1	chr20	1	chr20_MATERNAL	1	chr20_PATERNAL
SLN	1	chr11	1	chr11_MATERNAL	1	chr11_PATERNAL
NAGK	1	chr2	1	chr2_MATERNAL	1	chr2_PATERNAL
MYEF2	1	chr15	1	chr15_MATERNAL	1	chr15_PATERNAL
CXorf66	1	chrX	1	chrX_MATERNAL	0	None
SPRED3	1	chr19	1	chr19_MATERNAL	1	chr19_PATERNAL
ZNF235	1	chr19	1	chr19_MATERNAL	1	chr19_PATERNAL
TNFRSF4	1	chr1	1	chr1_MATERNAL	1	chr1_PATERNAL
TSTD3	1	chr6	1	chr6_MATERNAL	1	chr6_PATERNAL
RBM38	1	chr20	1	chr20_MATERNAL	1	chr20_PATERNAL
ADTRP	1	chr6	1	chr6_MATERNAL	1	chr6_PATERNAL
MCF2L2	1	chr3	1	chr3_MATERNAL	1	chr3_PATERNAL
BABAM2	1	chr2	1	chr2_MATERNAL	1	chr2_PATERNAL
GLYATL1	1	chr11	1	chr11_MATERNAL	1	chr11_PATERNAL
ORM1	1	chr9	2	chr9_MATERNAL,chr9_MATERNAL	2	chr9_PATERNAL,chr9_PATERNAL
UPRT	1	chrX	1	chrX_MATERNAL	0	None
PAPPA	1	chr9	1	chr9_MATERNAL	1	chr9_PATERNAL
PTGDS	1	chr9	1	chr9_MATERNAL	1	chr9_PATERNAL
SOX2	1	chr3	1	chr3_MATERNAL	1	chr3_PATERNAL
NMUR1	1	chr2	1	chr2_MATERNAL	1	chr2_PATERNAL
IPO11	1	chr5	1	chr5_MATERNAL	1	chr5_PATERNAL
CCDC69	1	chr5	1	chr5_MATERNAL	1	chr5_PATERNAL
ARHGEF17	1	chr11	1	chr11_MATERNAL	1	chr11_PATERNAL
LURAP1L	1	chr9	1	chr9_MATERNAL	1	chr9_PATERNAL
CACNA2D2	1	chr3	1	chr3_MATERNAL	1	chr3_PATERNAL
TRIM71	1	chr3	1	chr3_MATERNAL	1	chr3_PATERNAL
MEF2B	1	chr19	1	chr19_MATERNAL	1	chr19_PATERNAL
PCDHAC1	1	chr5	1	chr5_MATERNAL	1	chr5_PATERNAL
GNG2	1	chr14	1	chr14_MATERNAL	1	chr14_PATERNAL
SYT11	1	chr1	1	chr1_MATERNAL	1	chr1_PATERNAL
C1orf226	1	chr1	1	chr1_MATERNAL	1	chr1_PATERNAL
PLCXD1	2	chrX,chrY	1	chrX_MATERNAL	1	chrY_PATERNAL
OR2J1	1	chr6	1	chr6_MATERNAL	1	chr6_PATERNAL
OIP5	1	chr15	1	chr15_MATERNAL	1	chr15_PATERNAL
PRH2	1	chr12	1	chr12_MATERNAL	1	chr12_PATERNAL
CCDC157	1	chr22	1	chr22_MATERNAL	1	chr22_PATERNAL
FRMD7	1	chrX	1	chrX_MATERNAL	0	None
TCP11L2	1	chr12	1	chr12_MATERNAL	1	chr12_PATERNAL
TNFAIP3	1	chr6	1	chr6_MATERNAL	1	chr6_PATERNAL
GK5	1	chr3	1	chr3_MATERNAL	1	chr3_PATERNAL
TECPR1	1	chr7	1	chr7_MATERNAL	1	chr7_PATERNAL
GAS2	1	chr11	1	chr11_MATERNAL	1	chr11_PATERNAL
HOXC4	1	chr12	1	chr12_MATERNAL	1	chr12_PATERNAL
ROCK1	1	chr18	1	chr18_MATERNAL	1	chr18_PATERNAL
OSTF1	1	chr9	1	chr9_MATERNAL	1	chr9_PATERNAL
FRMD6	1	chr14	1	chr14_MATERNAL	1	chr14_PATERNAL
FAM3A	1	chrX	1	chrX_MATERNAL	0	None
H3Y2	1	chr5	1	chr5_MATERNAL	1	chr5_PATERNAL
SSC4D	1	chr7	1	chr7_MATERNAL	1	chr7_PATERNAL
RHEB	1	chr7	1	chr7_MATERNAL	1	chr7_PATERNAL
SLC2A14	1	chr12	1	chr12_MATERNAL	1	chr12_PATERNAL
LOC400499	1	chr16	1	chr16_MATERNAL	1	chr16_PATERNAL
ABL1	1	chr9	1	chr9_MATERNAL	1	chr9_PATERNAL
UMPS	1	chr3	1	chr3_MATERNAL	1	chr3_PATERNAL
NLRP11	1	chr19	1	chr19_MATERNAL	1	chr19_PATERNAL
HECTD3	1	chr1	1	chr1_MATERNAL	1	chr1_PATERNAL
ASXL2	1	chr2	1	chr2_MATERNAL	1	chr2_PATERNAL
CD2	1	chr1	1	chr1_MATERNAL	1	chr1_PATERNAL
TNIP1	1	chr5	1	chr5_MATERNAL	1	chr5_PATERNAL
APOBR	1	chr16	1	chr16_MATERNAL	1	chr16_PATERNAL
SOWAHC	1	chr2	1	chr2_MATERNAL	1	chr2_PATERNAL
LTB4R	1	chr14	1	chr14_MATERNAL	1	chr14_PATERNAL
LILRB5	1	chr19	1	chr19_MATERNAL	1	chr19_PATERNAL
WDR26	1	chr1	1	chr1_MATERNAL	1	chr1_PATERNAL
CSNK2A3	1	chr11	1	chr11_MATERNAL	1	chr11_PATERNAL
SLC10A1	1	chr14	1	chr14_MATERNAL	1	chr14_PATERNAL
ZNF507	1	chr19	1	chr19_MATERNAL	1	chr19_PATERNAL
RARB	1	chr3	1	chr3_MATERNAL	1	chr3_PATERNAL
LHX1	1	chr17	1	chr17_MATERNAL	1	chr17_PATERNAL
SMIM18	1	chr8	1	chr8_MATERNAL	1	chr8_PATERNAL
CTR9	1	chr11	1	chr11_MATERNAL	1	chr11_PATERNAL
SYCP2	1	chr20	1	chr20_MATERNAL	1	chr20_PATERNAL
FBLN2	1	chr3	1	chr3_MATERNAL	1	chr3_PATERNAL
LRRC17	1	chr7	1	chr7_MATERNAL	1	chr7_PATERNAL
IQCB1	1	chr3	1	chr3_MATERNAL	1	chr3_PATERNAL
SLC44A4	1	chr6	1	chr6_MATERNAL	1	chr6_PATERNAL
INTS14	1	chr15	1	chr15_MATERNAL	1	chr15_PATERNAL
H3C12	1	chr6	1	chr6_MATERNAL	1	chr6_PATERNAL
LOC114841035	1	chr11	1	chr11_MATERNAL	1	chr11_PATERNAL
SLC22A9	1	chr11	1	chr11_MATERNAL	1	chr11_PATERNAL
HMGB3	1	chrX	1	chrX_MATERNAL	0	None
SPRED1	1	chr15	1	chr15_MATERNAL	1	chr15_PATERNAL
RTCA	1	chr1	1	chr1_MATERNAL	1	chr1_PATERNAL
NLE1	1	chr17	1	chr17_MATERNAL	1	chr17_PATERNAL
CHST10	1	chr2	1	chr2_MATERNAL	1	chr2_PATERNAL
PTCHD1	1	chrX	1	chrX_MATERNAL	0	None
DCPS	1	chr11	1	chr11_MATERNAL	1	chr11_PATERNAL
GPR82	1	chrX	1	chrX_MATERNAL	0	None
SELENBP1	1	chr1	1	chr1_MATERNAL	1	chr1_PATERNAL
ADH1A	1	chr4	1	chr4_MATERNAL	1	chr4_PATERNAL
RBM48	1	chr7	1	chr7_MATERNAL	1	chr7_PATERNAL
APOD	1	chr3	1	chr3_MATERNAL	1	chr3_PATERNAL
THSD1	1	chr13	1	chr13_MATERNAL	1	chr13_PATERNAL
SNX31	1	chr8	1	chr8_MATERNAL	1	chr8_PATERNAL
GOLGA5	1	chr14	1	chr14_MATERNAL	1	chr14_PATERNAL
FOXP3	1	chrX	1	chrX_MATERNAL	0	None
TMEM164	1	chrX	1	chrX_MATERNAL	0	None
SGMS1	1	chr10	1	chr10_MATERNAL	1	chr10_PATERNAL
EBLN1	1	chr10	1	chr10_MATERNAL	1	chr10_PATERNAL
CSF1R	1	chr5	1	chr5_MATERNAL	1	chr5_PATERNAL
BEX4	1	chrX	1	chrX_MATERNAL	0	None
SYT7	1	chr11	1	chr11_MATERNAL	1	chr11_PATERNAL
CEP250	1	chr20	1	chr20_MATERNAL	1	chr20_PATERNAL
TSPAN14	1	chr10	1	chr10_MATERNAL	1	chr10_PATERNAL
KPNA1	1	chr3	1	chr3_MATERNAL	1	chr3_PATERNAL
SULT1B1	1	chr4	1	chr4_MATERNAL	1	chr4_PATERNAL
ZNF721	1	chr4	1	chr4_MATERNAL	1	chr4_PATERNAL
GSPT1	1	chr16	1	chr16_MATERNAL	1	chr16_PATERNAL
WDR91	1	chr7	1	chr7_MATERNAL	1	chr7_PATERNAL
NXF3	1	chrX	1	chrX_MATERNAL	0	None
LRFN4	1	chr11	1	chr11_MATERNAL	1	chr11_PATERNAL
SERPINE3	1	chr13	1	chr13_MATERNAL	1	chr13_PATERNAL
C4orf3	1	chr4	1	chr4_MATERNAL	1	chr4_PATERNAL
OTUD7B	1	chr1	1	chr1_MATERNAL	1	chr1_PATERNAL
OSBPL11	1	chr3	1	chr3_MATERNAL	1	chr3_PATERNAL
LRRC14B	1	chr5	1	chr5_MATERNAL	1	chr5_PATERNAL
CD22	1	chr19	1	chr19_MATERNAL	1	chr19_PATERNAL
OR8G5	1	chr11	1	chr11_MATERNAL	1	chr11_PATERNAL
PDGFC	1	chr4	1	chr4_MATERNAL	1	chr4_PATERNAL
LOC124901693	1	chr7	1	chr7_MATERNAL	1	chr7_PATERNAL
SCYGR1	1	chr2	1	chr2_MATERNAL	1	chr2_PATERNAL
RBM20	1	chr10	1	chr10_MATERNAL	1	chr10_PATERNAL
UTP14A	1	chrX	1	chrX_MATERNAL	0	None
KIAA1191	1	chr5	1	chr5_MATERNAL	1	chr5_PATERNAL
ATP5ME	1	chr4	1	chr4_MATERNAL	1	chr4_PATERNAL
ABCE1	1	chr4	1	chr4_MATERNAL	1	chr4_PATERNAL
OR2C1	1	chr16	1	chr16_MATERNAL	1	chr16_PATERNAL
SPDYE21	1	chr7	1	chr7_MATERNAL	1	chr7_PATERNAL
OR5K3	1	chr3	1	chr3_MATERNAL	1	chr3_PATERNAL
SRPX2	1	chrX	1	chrX_MATERNAL	0	None
GALNT1	1	chr18	1	chr18_MATERNAL	1	chr18_PATERNAL
CEBPZ	1	chr2	1	chr2_MATERNAL	1	chr2_PATERNAL
ROM1	1	chr11	1	chr11_MATERNAL	1	chr11_PATERNAL
HIF1AN	1	chr10	1	chr10_MATERNAL	1	chr10_PATERNAL
UTS2R	1	chr17	1	chr17_MATERNAL	1	chr17_PATERNAL
OOSP2	1	chr11	1	chr11_MATERNAL	1	chr11_PATERNAL
CLEC17A	1	chr19	1	chr19_MATERNAL	1	chr19_PATERNAL
PIP4P1	1	chr14	1	chr14_MATERNAL	1	chr14_PATERNAL
DNAI2	1	chr17	1	chr17_MATERNAL	1	chr17_PATERNAL
ST8SIA5	1	chr18	1	chr18_MATERNAL	1	chr18_PATERNAL
ARFRP1	1	chr20	1	chr20_MATERNAL	1	chr20_PATERNAL
AKNA	1	chr9	1	chr9_MATERNAL	1	chr9_PATERNAL
SCART1	1	chr10	1	chr10_MATERNAL	1	chr10_PATERNAL
SEC22A	1	chr3	1	chr3_MATERNAL	1	chr3_PATERNAL
MCM4	1	chr8	1	chr8_MATERNAL	1	chr8_PATERNAL
PRR35	1	chr16	1	chr16_MATERNAL	1	chr16_PATERNAL
FAM86B1	1	chr8	0	None	1	chr8_PATERNAL
PXMP2	1	chr12	1	chr12_MATERNAL	1	chr12_PATERNAL
DAZAP2	1	chr12	1	chr12_MATERNAL	1	chr12_PATERNAL
FKBP9	1	chr7	1	chr7_MATERNAL	1	chr7_PATERNAL
ZNF671	1	chr19	1	chr19_MATERNAL	1	chr19_PATERNAL
PYROXD2	1	chr10	1	chr10_MATERNAL	1	chr10_PATERNAL
ZNF467	1	chr7	1	chr7_MATERNAL	1	chr7_PATERNAL
FRMD5	1	chr15	1	chr15_MATERNAL	1	chr15_PATERNAL
MCM10	1	chr10	1	chr10_MATERNAL	1	chr10_PATERNAL
RETREG2	1	chr2	1	chr2_MATERNAL	1	chr2_PATERNAL
RAPGEF2	1	chr4	1	chr4_MATERNAL	1	chr4_PATERNAL
TMEM100	1	chr17	1	chr17_MATERNAL	1	chr17_PATERNAL
GCLM	1	chr1	1	chr1_MATERNAL	1	chr1_PATERNAL
CDK20	1	chr9	1	chr9_MATERNAL	1	chr9_PATERNAL
NOXA1	1	chr9	1	chr9_MATERNAL	1	chr9_PATERNAL
PLCD4	1	chr2	1	chr2_MATERNAL	1	chr2_PATERNAL
MRPL49	1	chr11	1	chr11_MATERNAL	1	chr11_PATERNAL
SERPINE1	1	chr7	1	chr7_MATERNAL	1	chr7_PATERNAL
GDAP1	1	chr8	1	chr8_MATERNAL	1	chr8_PATERNAL
DHCR7	1	chr11	1	chr11_MATERNAL	1	chr11_PATERNAL
PANK1	1	chr10	1	chr10_MATERNAL	1	chr10_PATERNAL
TGFBR1	1	chr9	1	chr9_MATERNAL	1	chr9_PATERNAL
RASSF6	1	chr4	1	chr4_MATERNAL	1	chr4_PATERNAL
POLR3E	1	chr16	1	chr16_MATERNAL	1	chr16_PATERNAL
AIMP2	1	chr7	1	chr7_MATERNAL	1	chr7_PATERNAL
ADRA2B	1	chr2	1	chr2_MATERNAL	1	chr2_PATERNAL
THEMIS2	1	chr1	1	chr1_MATERNAL	1	chr1_PATERNAL
CD96	1	chr3	1	chr3_MATERNAL	1	chr3_PATERNAL
GRIA2	1	chr4	1	chr4_MATERNAL	1	chr4_PATERNAL
TAS2R46	1	chr12	1	chr12_MATERNAL	1	chr12_PATERNAL
GABRA2	1	chr4	1	chr4_MATERNAL	1	chr4_PATERNAL
ACTL8	1	chr1	1	chr1_MATERNAL	1	chr1_PATERNAL
LRRC19	1	chr9	1	chr9_MATERNAL	1	chr9_PATERNAL
MICOS10-NBL1	1	chr1	1	chr1_MATERNAL	1	chr1_PATERNAL
INSC	1	chr11	1	chr11_MATERNAL	1	chr11_PATERNAL
TYSND1	1	chr10	1	chr10_MATERNAL	1	chr10_PATERNAL
SLC18B1	1	chr6	1	chr6_MATERNAL	1	chr6_PATERNAL
DIRAS3	1	chr1	1	chr1_MATERNAL	1	chr1_PATERNAL
C17orf50	1	chr17	1	chr17_MATERNAL	1	chr17_PATERNAL
HYPK	1	chr15	1	chr15_MATERNAL	1	chr15_PATERNAL
LOC124902325	1	chr9	1	chr9_MATERNAL	1	chr9_PATERNAL
ALS2CL	1	chr3	1	chr3_MATERNAL	1	chr3_PATERNAL
SLC2A12	1	chr6	1	chr6_MATERNAL	1	chr6_PATERNAL
EME2	1	chr16	1	chr16_MATERNAL	1	chr16_PATERNAL
GNAQ	1	chr9	1	chr9_MATERNAL	1	chr9_PATERNAL
ANKRD18A	1	chr9	1	chr9_MATERNAL	1	chr9_PATERNAL
ZNF433	1	chr19	1	chr19_MATERNAL	1	chr19_PATERNAL
NHLRC1	1	chr6	1	chr6_MATERNAL	1	chr6_PATERNAL
FAM83F	1	chr22	1	chr22_MATERNAL	1	chr22_PATERNAL
CLTB	1	chr5	1	chr5_MATERNAL	1	chr5_PATERNAL
RWDD1	1	chr6	1	chr6_MATERNAL	1	chr6_PATERNAL
REELD1	1	chr4	1	chr4_MATERNAL	1	chr4_PATERNAL
LOC124905320	3	chr1,chr2,chr2	2	chr1_MATERNAL,chr2_MATERNAL	3	chr1_PATERNAL,chr2_PATERNAL,chr2_PATERNAL
DYNC1LI1	1	chr3	1	chr3_MATERNAL	1	chr3_PATERNAL
LTB4R2	1	chr14	1	chr14_MATERNAL	1	chr14_PATERNAL
PELI2	1	chr14	1	chr14_MATERNAL	1	chr14_PATERNAL
AACS	1	chr12	1	chr12_MATERNAL	1	chr12_PATERNAL
CCDC134	1	chr22	1	chr22_MATERNAL	1	chr22_PATERNAL
HEMK1	1	chr3	1	chr3_MATERNAL	1	chr3_PATERNAL
ADCY7	1	chr16	1	chr16_MATERNAL	1	chr16_PATERNAL
PARL	1	chr3	1	chr3_MATERNAL	1	chr3_PATERNAL
CNPY3	1	chr6	1	chr6_MATERNAL	1	chr6_PATERNAL
OR7D2	1	chr19	1	chr19_MATERNAL	1	chr19_PATERNAL
ZKSCAN5	1	chr7	1	chr7_MATERNAL	1	chr7_PATERNAL
UGT3A1	1	chr5	1	chr5_MATERNAL	1	chr5_PATERNAL
POLR3GL	1	chr1	1	chr1_MATERNAL	1	chr1_PATERNAL
SLC52A2	1	chr8	1	chr8_MATERNAL	1	chr8_PATERNAL
PGM2L1	1	chr11	1	chr11_MATERNAL	1	chr11_PATERNAL
DRAXIN	1	chr1	1	chr1_MATERNAL	1	chr1_PATERNAL
SALL4	1	chr20	1	chr20_MATERNAL	1	chr20_PATERNAL
TERB1	1	chr16	1	chr16_MATERNAL	1	chr16_PATERNAL
RBMY1A1	2	chrY,chrY	0	None	2	chrY_PATERNAL,chrY_PATERNAL
ANXA3	1	chr4	1	chr4_MATERNAL	1	chr4_PATERNAL
SPTBN2	1	chr11	1	chr11_MATERNAL	1	chr11_PATERNAL
GDPD2	1	chrX	1	chrX_MATERNAL	0	None
ATP12A	1	chr13	1	chr13_MATERNAL	1	chr13_PATERNAL
GTF3A	1	chr13	1	chr13_MATERNAL	1	chr13_PATERNAL
SNED1	1	chr2	1	chr2_MATERNAL	1	chr2_PATERNAL
EIF2S3	1	chrX	1	chrX_MATERNAL	0	None
PJVK	1	chr2	1	chr2_MATERNAL	1	chr2_PATERNAL
PECR	1	chr2	1	chr2_MATERNAL	1	chr2_PATERNAL
GRK2	1	chr11	1	chr11_MATERNAL	1	chr11_PATERNAL
IFNA21	1	chr9	1	chr9_MATERNAL	1	chr9_PATERNAL
H2AC4	1	chr6	1	chr6_MATERNAL	1	chr6_PATERNAL
SLC1A3	1	chr5	1	chr5_MATERNAL	1	chr5_PATERNAL
SLC25A1	1	chr22	1	chr22_MATERNAL	1	chr22_PATERNAL
NRDE2	1	chr14	1	chr14_MATERNAL	1	chr14_PATERNAL
PTTG1	1	chr5	1	chr5_MATERNAL	1	chr5_PATERNAL
MRPS22	1	chr3	1	chr3_MATERNAL	1	chr3_PATERNAL
KRT8	1	chr12	1	chr12_MATERNAL	1	chr12_PATERNAL
GCN1	1	chr12	1	chr12_MATERNAL	1	chr12_PATERNAL
FAM90A18	1	chr8	1	chr8_MATERNAL	1	chr8_PATERNAL
ENTHD1	1	chr22	1	chr22_MATERNAL	1	chr22_PATERNAL
C17orf107	1	chr17	1	chr17_MATERNAL	1	chr17_PATERNAL
TTF1	1	chr9	1	chr9_MATERNAL	1	chr9_PATERNAL
CHRNA2	1	chr8	1	chr8_MATERNAL	1	chr8_PATERNAL
NFX1	1	chr9	1	chr9_MATERNAL	1	chr9_PATERNAL
TMEM131	1	chr2	1	chr2_MATERNAL	1	chr2_PATERNAL
RPL10L	1	chr14	1	chr14_MATERNAL	1	chr14_PATERNAL
EGLN2	1	chr19	1	chr19_MATERNAL	1	chr19_PATERNAL
MASP1	1	chr3	1	chr3_MATERNAL	1	chr3_PATERNAL
PCSK2	1	chr20	1	chr20_MATERNAL	1	chr20_PATERNAL
ECHDC1	1	chr6	1	chr6_MATERNAL	1	chr6_PATERNAL
ARHGEF9	1	chrX	1	chrX_MATERNAL	0	None
LCE1F	1	chr1	1	chr1_MATERNAL	1	chr1_PATERNAL
FAT2	1	chr5	1	chr5_MATERNAL	1	chr5_PATERNAL
UBTD1	1	chr10	1	chr10_MATERNAL	1	chr10_PATERNAL
GTF2H2	1	chr5	2	chr5_MATERNAL,chr5_MATERNAL	1	chr5_PATERNAL
LEMD1	1	chr1	1	chr1_MATERNAL	1	chr1_PATERNAL
LRRC66	1	chr4	1	chr4_MATERNAL	1	chr4_PATERNAL
LRRC2	1	chr3	1	chr3_MATERNAL	1	chr3_PATERNAL
OR5D16	1	chr11	1	chr11_MATERNAL	1	chr11_PATERNAL
CCN3	1	chr8	1	chr8_MATERNAL	1	chr8_PATERNAL
DESI2	1	chr1	1	chr1_MATERNAL	1	chr1_PATERNAL
PCNX2	1	chr1	1	chr1_MATERNAL	1	chr1_PATERNAL
KCMF1	1	chr2	1	chr2_MATERNAL	1	chr2_PATERNAL
TXLNB	1	chr6	1	chr6_MATERNAL	1	chr6_PATERNAL
TIPIN	1	chr15	1	chr15_MATERNAL	1	chr15_PATERNAL
CACHD1	1	chr1	1	chr1_MATERNAL	1	chr1_PATERNAL
CDRT15L2	1	chr17	1	chr17_MATERNAL	1	chr17_PATERNAL
DEPDC1	1	chr1	1	chr1_MATERNAL	1	chr1_PATERNAL
OR2T4	1	chr1	1	chr1_MATERNAL	1	chr1_PATERNAL
SDC3	1	chr1	1	chr1_MATERNAL	1	chr1_PATERNAL
COL14A1	1	chr8	1	chr8_MATERNAL	1	chr8_PATERNAL
OR2F2	1	chr7	1	chr7_MATERNAL	1	chr7_PATERNAL
MPST	1	chr22	1	chr22_MATERNAL	1	chr22_PATERNAL
SNRPA1	1	chr15	1	chr15_MATERNAL	1	chr15_PATERNAL
LEMD2	1	chr6	1	chr6_MATERNAL	1	chr6_PATERNAL
ADAMTS20	1	chr12	1	chr12_MATERNAL	1	chr12_PATERNAL
LGALS2	1	chr22	1	chr22_MATERNAL	1	chr22_PATERNAL
FAM136A	1	chr2	1	chr2_MATERNAL	1	chr2_PATERNAL
KCTD14	1	chr11	1	chr11_MATERNAL	1	chr11_PATERNAL
NAPG	1	chr18	1	chr18_MATERNAL	1	chr18_PATERNAL
CASP14	1	chr19	1	chr19_MATERNAL	1	chr19_PATERNAL
OR56A1	1	chr11	1	chr11_MATERNAL	1	chr11_PATERNAL
WRAP53	1	chr17	1	chr17_MATERNAL	1	chr17_PATERNAL
ZNF442	1	chr19	1	chr19_MATERNAL	1	chr19_PATERNAL
WBP1	1	chr2	1	chr2_MATERNAL	1	chr2_PATERNAL
GOLGA6B	3	chr15,chr15,chr15	1	chr15_MATERNAL	3	chr15_PATERNAL,chr15_PATERNAL,chr15_PATERNAL
LOC124904950	1	chr20	1	chr20_MATERNAL	1	chr20_PATERNAL
EVX2	1	chr2	1	chr2_MATERNAL	1	chr2_PATERNAL
SLC6A5	1	chr11	1	chr11_MATERNAL	1	chr11_PATERNAL
ALDH16A1	1	chr19	1	chr19_MATERNAL	1	chr19_PATERNAL
SMARCE1	1	chr17	1	chr17_MATERNAL	1	chr17_PATERNAL
LIX1L	1	chr1	1	chr1_MATERNAL	1	chr1_PATERNAL
IK	1	chr5	1	chr5_MATERNAL	1	chr5_PATERNAL
NIPSNAP1	1	chr22	1	chr22_MATERNAL	1	chr22_PATERNAL
RELN	1	chr7	1	chr7_MATERNAL	1	chr7_PATERNAL
COX5A	1	chr15	1	chr15_MATERNAL	1	chr15_PATERNAL
ITPKA	1	chr15	1	chr15_MATERNAL	1	chr15_PATERNAL
NEU2	1	chr2	1	chr2_MATERNAL	1	chr2_PATERNAL
KATNB1	1	chr16	1	chr16_MATERNAL	1	chr16_PATERNAL
FERMT2	1	chr14	1	chr14_MATERNAL	1	chr14_PATERNAL
CHMP2B	1	chr3	1	chr3_MATERNAL	1	chr3_PATERNAL
DEFB105B	2	chr8,chr8	1	chr8_MATERNAL	2	chr8_PATERNAL,chr8_PATERNAL
OR51A4	1	chr11	1	chr11_MATERNAL	1	chr11_PATERNAL
NEURL2	1	chr20	1	chr20_MATERNAL	1	chr20_PATERNAL
SMIM6	1	chr17	1	chr17_MATERNAL	1	chr17_PATERNAL
KLRF2	1	chr12	1	chr12_MATERNAL	1	chr12_PATERNAL
CACNA2D3	1	chr3	1	chr3_MATERNAL	1	chr3_PATERNAL
SAMD13	1	chr1	1	chr1_MATERNAL	1	chr1_PATERNAL
HMBOX1	1	chr8	1	chr8_MATERNAL	1	chr8_PATERNAL
FBXL3	1	chr13	1	chr13_MATERNAL	1	chr13_PATERNAL
POU5F2	1	chr5	1	chr5_MATERNAL	1	chr5_PATERNAL
EHHADH	1	chr3	1	chr3_MATERNAL	1	chr3_PATERNAL
NEK3	1	chr13	1	chr13_MATERNAL	1	chr13_PATERNAL
SPCS3	1	chr4	1	chr4_MATERNAL	1	chr4_PATERNAL
USE1	1	chr19	1	chr19_MATERNAL	1	chr19_PATERNAL
PPP1R27	1	chr17	1	chr17_MATERNAL	1	chr17_PATERNAL
ABCC12	1	chr16	1	chr16_MATERNAL	1	chr16_PATERNAL
LOC100653133	1	chr15	1	chr15_MATERNAL	1	chr15_PATERNAL
TAS2R39	1	chr7	0	None	1	chr7_PATERNAL
DMBX1	1	chr1	1	chr1_MATERNAL	1	chr1_PATERNAL
GNG12	1	chr1	1	chr1_MATERNAL	1	chr1_PATERNAL
LHFPL2	1	chr5	1	chr5_MATERNAL	1	chr5_PATERNAL
RNF167	1	chr17	1	chr17_MATERNAL	1	chr17_PATERNAL
RFX2	1	chr19	1	chr19_MATERNAL	1	chr19_PATERNAL
HSD17B2	1	chr16	1	chr16_MATERNAL	1	chr16_PATERNAL
POU6F2	1	chr7	1	chr7_MATERNAL	1	chr7_PATERNAL
FPR3	1	chr19	1	chr19_MATERNAL	1	chr19_PATERNAL
SREK1	1	chr5	1	chr5_MATERNAL	1	chr5_PATERNAL
GABRE	1	chrX	1	chrX_MATERNAL	0	None
GPR45	1	chr2	1	chr2_MATERNAL	1	chr2_PATERNAL
CYP24A1	1	chr20	1	chr20_MATERNAL	1	chr20_PATERNAL
ZC3H8	1	chr2	1	chr2_MATERNAL	1	chr2_PATERNAL
SNAI1	1	chr20	1	chr20_MATERNAL	1	chr20_PATERNAL
RNF170	1	chr8	1	chr8_MATERNAL	1	chr8_PATERNAL
A3GALT2	1	chr1	1	chr1_MATERNAL	1	chr1_PATERNAL
SLC18A1	1	chr8	1	chr8_MATERNAL	1	chr8_PATERNAL
DOLPP1	1	chr9	1	chr9_MATERNAL	1	chr9_PATERNAL
HS3ST2	1	chr16	1	chr16_MATERNAL	1	chr16_PATERNAL
SLC2A2	1	chr3	1	chr3_MATERNAL	1	chr3_PATERNAL
GREM1	1	chr15	1	chr15_MATERNAL	1	chr15_PATERNAL
SLC5A3	1	chr21	1	chr21_MATERNAL	1	chr21_PATERNAL
C5orf34	1	chr5	1	chr5_MATERNAL	1	chr5_PATERNAL
IGLL5	1	chr22	0	None	1	chr22_PATERNAL
RMND5A	1	chr2	1	chr2_MATERNAL	1	chr2_PATERNAL
MIEN1	1	chr17	1	chr17_MATERNAL	1	chr17_PATERNAL
C6orf58	1	chr6	1	chr6_MATERNAL	1	chr6_PATERNAL
DMRT3	1	chr9	1	chr9_MATERNAL	1	chr9_PATERNAL
CCDC28A	1	chr6	1	chr6_MATERNAL	1	chr6_PATERNAL
KRT3	1	chr12	1	chr12_MATERNAL	1	chr12_PATERNAL
BCS1L	1	chr2	1	chr2_MATERNAL	1	chr2_PATERNAL
TMTC2	1	chr12	1	chr12_MATERNAL	1	chr12_PATERNAL
OR52B4	1	chr11	1	chr11_MATERNAL	1	chr11_PATERNAL
SLC28A2	1	chr15	1	chr15_MATERNAL	1	chr15_PATERNAL
RHOXF2B	1	chrX	1	chrX_MATERNAL	0	None
VAMP2	1	chr17	1	chr17_MATERNAL	1	chr17_PATERNAL
RORC	1	chr1	1	chr1_MATERNAL	1	chr1_PATERNAL
KLHL11	1	chr17	1	chr17_MATERNAL	1	chr17_PATERNAL
TTC9C	1	chr11	1	chr11_MATERNAL	1	chr11_PATERNAL
ZFAND2B	1	chr2	1	chr2_MATERNAL	1	chr2_PATERNAL
PKDREJ	1	chr22	1	chr22_MATERNAL	1	chr22_PATERNAL
SNTN	1	chr3	1	chr3_MATERNAL	1	chr3_PATERNAL
TUBG1	1	chr17	1	chr17_MATERNAL	1	chr17_PATERNAL
PRICKLE3	1	chrX	1	chrX_MATERNAL	0	None
GEMIN2	1	chr14	1	chr14_MATERNAL	1	chr14_PATERNAL
RPS29	1	chr14	1	chr14_MATERNAL	1	chr14_PATERNAL
HEPHL1	1	chr11	1	chr11_MATERNAL	1	chr11_PATERNAL
NCOA3	1	chr20	1	chr20_MATERNAL	1	chr20_PATERNAL
PDXDC1	1	chr16	1	chr16_MATERNAL	1	chr16_PATERNAL
LMAN2	1	chr5	1	chr5_MATERNAL	1	chr5_PATERNAL
ITGAL	1	chr16	1	chr16_MATERNAL	1	chr16_PATERNAL
ITGA3	1	chr17	1	chr17_MATERNAL	1	chr17_PATERNAL
POSTN	1	chr13	1	chr13_MATERNAL	1	chr13_PATERNAL
UBE2L6	1	chr11	1	chr11_MATERNAL	1	chr11_PATERNAL
TEX36	1	chr10	1	chr10_MATERNAL	1	chr10_PATERNAL
EIF4EBP3	1	chr5	1	chr5_MATERNAL	1	chr5_PATERNAL
SLC39A8	1	chr4	1	chr4_MATERNAL	1	chr4_PATERNAL
GATD1	1	chr11	1	chr11_MATERNAL	1	chr11_PATERNAL
KLK2	1	chr19	1	chr19_MATERNAL	1	chr19_PATERNAL
PTPN18	1	chr2	1	chr2_MATERNAL	1	chr2_PATERNAL
TSPAN7	1	chrX	1	chrX_MATERNAL	0	None
CGAS	1	chr6	1	chr6_MATERNAL	1	chr6_PATERNAL
KIF27	1	chr9	1	chr9_MATERNAL	1	chr9_PATERNAL
RSPH14	1	chr22	1	chr22_MATERNAL	1	chr22_PATERNAL
WNT7A	1	chr3	1	chr3_MATERNAL	1	chr3_PATERNAL
SEH1L	1	chr18	1	chr18_MATERNAL	1	chr18_PATERNAL
MUC16	1	chr19	1	chr19_MATERNAL	1	chr19_PATERNAL
LOC124902704	1	chr11	1	chr11_MATERNAL	1	chr11_PATERNAL
FGF14	1	chr13	1	chr13_MATERNAL	1	chr13_PATERNAL
CSPG4	1	chr15	1	chr15_MATERNAL	1	chr15_PATERNAL
H2AC13	1	chr6	1	chr6_MATERNAL	1	chr6_PATERNAL
PRM2	1	chr16	1	chr16_MATERNAL	1	chr16_PATERNAL
LGALS9	1	chr17	1	chr17_MATERNAL	1	chr17_PATERNAL
PDS5B	1	chr13	1	chr13_MATERNAL	1	chr13_PATERNAL
AP1S2	1	chrX	1	chrX_MATERNAL	0	None
SYNJ1	1	chr21	1	chr21_MATERNAL	1	chr21_PATERNAL
OR2Y1	1	chr5	1	chr5_MATERNAL	1	chr5_PATERNAL
MT1A	1	chr16	1	chr16_MATERNAL	1	chr16_PATERNAL
IGFBP5	1	chr2	1	chr2_MATERNAL	1	chr2_PATERNAL
CRMP1	1	chr4	1	chr4_MATERNAL	1	chr4_PATERNAL
ZDHHC19	1	chr3	1	chr3_MATERNAL	1	chr3_PATERNAL
ESRP2	1	chr16	1	chr16_MATERNAL	1	chr16_PATERNAL
HSPA2	1	chr14	1	chr14_MATERNAL	1	chr14_PATERNAL
ESR2	1	chr14	1	chr14_MATERNAL	1	chr14_PATERNAL
MAN1A1	1	chr6	1	chr6_MATERNAL	1	chr6_PATERNAL
ZDHHC18	1	chr1	1	chr1_MATERNAL	1	chr1_PATERNAL
DMAC1	1	chr9	1	chr9_MATERNAL	1	chr9_PATERNAL
ZNF689	1	chr16	1	chr16_MATERNAL	1	chr16_PATERNAL
LPCAT4	1	chr15	1	chr15_MATERNAL	1	chr15_PATERNAL
PRY	1	chrY	0	None	1	chrY_PATERNAL
SDAD1	1	chr4	1	chr4_MATERNAL	1	chr4_PATERNAL
RBMY1F	1	chrY	0	None	1	chrY_PATERNAL
NELFB	1	chr9	1	chr9_MATERNAL	1	chr9_PATERNAL
LOC124902211	1	chr9	1	chr9_MATERNAL	1	chr9_PATERNAL
GAPVD1	1	chr9	1	chr9_MATERNAL	1	chr9_PATERNAL
ZNF764	1	chr16	1	chr16_MATERNAL	1	chr16_PATERNAL
PDE7A	1	chr8	1	chr8_MATERNAL	1	chr8_PATERNAL
CNIH2	1	chr11	1	chr11_MATERNAL	1	chr11_PATERNAL
LOC124903754	1	chr16	1	chr16_MATERNAL	1	chr16_PATERNAL
FANCF	1	chr11	1	chr11_MATERNAL	1	chr11_PATERNAL
HIGD1A	1	chr3	1	chr3_MATERNAL	1	chr3_PATERNAL
CASTOR1	1	chr22	1	chr22_MATERNAL	1	chr22_PATERNAL
KAT6A	1	chr8	1	chr8_MATERNAL	1	chr8_PATERNAL
MOSMO	1	chr16	1	chr16_MATERNAL	1	chr16_PATERNAL
FAM89B	1	chr11	1	chr11_MATERNAL	1	chr11_PATERNAL
METTL6	1	chr3	1	chr3_MATERNAL	1	chr3_PATERNAL
SNRNP27	1	chr2	1	chr2_MATERNAL	1	chr2_PATERNAL
RPL34	1	chr4	1	chr4_MATERNAL	1	chr4_PATERNAL
ERICH3	1	chr1	1	chr1_MATERNAL	1	chr1_PATERNAL
EVI5L	1	chr19	1	chr19_MATERNAL	1	chr19_PATERNAL
CEMIP2	1	chr9	1	chr9_MATERNAL	1	chr9_PATERNAL
SPNS2	1	chr17	1	chr17_MATERNAL	1	chr17_PATERNAL
NPIPA3	1	chr16	1	chr16_MATERNAL	1	chr16_PATERNAL
TNC	1	chr9	1	chr9_MATERNAL	1	chr9_PATERNAL
ATCAY	1	chr19	1	chr19_MATERNAL	1	chr19_PATERNAL
ZNF518B	1	chr4	1	chr4_MATERNAL	1	chr4_PATERNAL
CLPSL1	1	chr6	1	chr6_MATERNAL	1	chr6_PATERNAL
GATA5	1	chr20	1	chr20_MATERNAL	1	chr20_PATERNAL
SIX3	1	chr2	1	chr2_MATERNAL	1	chr2_PATERNAL
B4GAT1	1	chr11	1	chr11_MATERNAL	1	chr11_PATERNAL
SULF1	1	chr8	1	chr8_MATERNAL	1	chr8_PATERNAL
PPP1R37	1	chr19	1	chr19_MATERNAL	1	chr19_PATERNAL
MAGEA4	1	chrX	1	chrX_MATERNAL	0	None
ADGRG4	1	chrX	1	chrX_MATERNAL	0	None
RBFA	1	chr18	1	chr18_MATERNAL	1	chr18_PATERNAL
NDRG4	1	chr16	1	chr16_MATERNAL	1	chr16_PATERNAL
RADIL	1	chr7	1	chr7_MATERNAL	1	chr7_PATERNAL
AGT	1	chr1	1	chr1_MATERNAL	1	chr1_PATERNAL
WDR82	1	chr3	1	chr3_MATERNAL	1	chr3_PATERNAL
LOC105373989	1	chr2	1	chr2_MATERNAL	1	chr2_PATERNAL
BPIFC	1	chr22	1	chr22_MATERNAL	1	chr22_PATERNAL
JAG1	1	chr20	1	chr20_MATERNAL	1	chr20_PATERNAL
TRIM32	1	chr9	1	chr9_MATERNAL	1	chr9_PATERNAL
PFDN2	1	chr1	1	chr1_MATERNAL	1	chr1_PATERNAL
TEX48	1	chr9	1	chr9_MATERNAL	1	chr9_PATERNAL
H2AC19	1	chr1	1	chr1_MATERNAL	1	chr1_PATERNAL
ATP8B4	1	chr15	1	chr15_MATERNAL	1	chr15_PATERNAL
TTLL5	1	chr14	1	chr14_MATERNAL	1	chr14_PATERNAL
NKX2-6	1	chr8	1	chr8_MATERNAL	1	chr8_PATERNAL
PLS1	1	chr3	1	chr3_MATERNAL	1	chr3_PATERNAL
ENOSF1	1	chr18	1	chr18_MATERNAL	1	chr18_PATERNAL
SLC9A6	1	chrX	1	chrX_MATERNAL	0	None
ADAMTS1	1	chr21	1	chr21_MATERNAL	1	chr21_PATERNAL
METTL17	1	chr14	1	chr14_MATERNAL	1	chr14_PATERNAL
NHLRC3	1	chr13	1	chr13_MATERNAL	1	chr13_PATERNAL
C10orf99	1	chr10	1	chr10_MATERNAL	1	chr10_PATERNAL
KIAA0753	1	chr17	1	chr17_MATERNAL	1	chr17_PATERNAL
FABP6	1	chr5	1	chr5_MATERNAL	1	chr5_PATERNAL
KLRC3	1	chr12	1	chr12_MATERNAL	1	chr12_PATERNAL
CCSER2	1	chr10	1	chr10_MATERNAL	1	chr10_PATERNAL
SMIM35	1	chr11	1	chr11_MATERNAL	1	chr11_PATERNAL
TUSC3	1	chr8	1	chr8_MATERNAL	1	chr8_PATERNAL
PDGFRL	1	chr8	1	chr8_MATERNAL	1	chr8_PATERNAL
DOCK3	1	chr3	1	chr3_MATERNAL	1	chr3_PATERNAL
FEV	1	chr2	1	chr2_MATERNAL	1	chr2_PATERNAL
MYL12B	1	chr18	1	chr18_MATERNAL	1	chr18_PATERNAL
ACER2	1	chr9	1	chr9_MATERNAL	1	chr9_PATERNAL
CCDC74A	1	chr2	1	chr2_MATERNAL	1	chr2_PATERNAL
CLNK	1	chr4	1	chr4_MATERNAL	1	chr4_PATERNAL
GLIS2	1	chr16	1	chr16_MATERNAL	1	chr16_PATERNAL
GPA33	1	chr1	1	chr1_MATERNAL	1	chr1_PATERNAL
FOXD4	1	chr9	1	chr9_MATERNAL	1	chr9_PATERNAL
CXorf51B	1	chrX	1	chrX_MATERNAL	0	None
PAQR3	1	chr4	1	chr4_MATERNAL	1	chr4_PATERNAL
ACRV1	1	chr11	1	chr11_MATERNAL	1	chr11_PATERNAL
PDE9A	1	chr21	1	chr21_MATERNAL	1	chr21_PATERNAL
ELL3	1	chr15	1	chr15_MATERNAL	1	chr15_PATERNAL
HEBP2	1	chr6	1	chr6_MATERNAL	1	chr6_PATERNAL
TENT5A	1	chr6	1	chr6_MATERNAL	1	chr6_PATERNAL
ZNF665	1	chr19	1	chr19_MATERNAL	1	chr19_PATERNAL
H1-3	1	chr6	1	chr6_MATERNAL	1	chr6_PATERNAL
RPTN	1	chr1	1	chr1_MATERNAL	1	chr1_PATERNAL
CRYZL2P-SEC16B	1	chr1	1	chr1_MATERNAL	1	chr1_PATERNAL
CATSPER4	1	chr1	1	chr1_MATERNAL	1	chr1_PATERNAL
SULT1C2	1	chr2	1	chr2_MATERNAL	1	chr2_PATERNAL
CYP20A1	1	chr2	1	chr2_MATERNAL	1	chr2_PATERNAL
AVPR2	1	chrX	1	chrX_MATERNAL	0	None
SGTB	1	chr5	1	chr5_MATERNAL	1	chr5_PATERNAL
DUT	1	chr15	1	chr15_MATERNAL	1	chr15_PATERNAL
CRNN	1	chr1	1	chr1_MATERNAL	1	chr1_PATERNAL
KIAA1143	1	chr3	1	chr3_MATERNAL	1	chr3_PATERNAL
LOC124900172	1	chr4	1	chr4_MATERNAL	1	chr4_PATERNAL
ADH1B	1	chr4	1	chr4_MATERNAL	1	chr4_PATERNAL
CHIA	1	chr1	1	chr1_MATERNAL	1	chr1_PATERNAL
PI4K2B	1	chr4	1	chr4_MATERNAL	1	chr4_PATERNAL
RBMY1D	1	chrY	0	None	1	chrY_PATERNAL
RAPGEF1	1	chr9	1	chr9_MATERNAL	1	chr9_PATERNAL
ANKRD60	1	chr20	1	chr20_MATERNAL	1	chr20_PATERNAL
GALNTL6	1	chr4	1	chr4_MATERNAL	1	chr4_PATERNAL
TENM3	1	chr4	1	chr4_MATERNAL	1	chr4_PATERNAL
COX6C	1	chr8	1	chr8_MATERNAL	1	chr8_PATERNAL
ARFGAP2	1	chr11	1	chr11_MATERNAL	1	chr11_PATERNAL
TLCD4	1	chr1	1	chr1_MATERNAL	1	chr1_PATERNAL
HRH3	1	chr20	1	chr20_MATERNAL	1	chr20_PATERNAL
SEMA3E	1	chr7	1	chr7_MATERNAL	1	chr7_PATERNAL
NFATC3	1	chr16	1	chr16_MATERNAL	1	chr16_PATERNAL
DNAJB6	1	chr7	1	chr7_MATERNAL	1	chr7_PATERNAL
IDH3A	1	chr15	1	chr15_MATERNAL	1	chr15_PATERNAL
TEX12	1	chr11	1	chr11_MATERNAL	1	chr11_PATERNAL
RAB40C	1	chr16	1	chr16_MATERNAL	1	chr16_PATERNAL
HACD4	1	chr9	1	chr9_MATERNAL	1	chr9_PATERNAL
TMEM184C	1	chr4	1	chr4_MATERNAL	1	chr4_PATERNAL
ALG11	1	chr13	1	chr13_MATERNAL	1	chr13_PATERNAL
FEZF2	1	chr3	1	chr3_MATERNAL	1	chr3_PATERNAL
RHO	1	chr3	1	chr3_MATERNAL	1	chr3_PATERNAL
ADNP2	1	chr18	1	chr18_MATERNAL	1	chr18_PATERNAL
ENGASE	1	chr17	1	chr17_MATERNAL	1	chr17_PATERNAL
BIN1	1	chr2	1	chr2_MATERNAL	1	chr2_PATERNAL
ZNF66	1	chr19	1	chr19_MATERNAL	1	chr19_PATERNAL
POLR3F	1	chr20	1	chr20_MATERNAL	1	chr20_PATERNAL
MYO18A	1	chr17	1	chr17_MATERNAL	1	chr17_PATERNAL
RGPD5	2	chr2,chr2	1	chr2_MATERNAL	1	chr2_PATERNAL
C22orf15	1	chr22	1	chr22_MATERNAL	1	chr22_PATERNAL
ANGPTL8	1	chr19	1	chr19_MATERNAL	1	chr19_PATERNAL
KLHL2	1	chr4	1	chr4_MATERNAL	1	chr4_PATERNAL
BTF3L4	1	chr1	1	chr1_MATERNAL	1	chr1_PATERNAL
OR2T1	1	chr1	1	chr1_MATERNAL	1	chr1_PATERNAL
PRICKLE4	1	chr6	1	chr6_MATERNAL	1	chr6_PATERNAL
ZNF841	1	chr19	1	chr19_MATERNAL	1	chr19_PATERNAL
SLC26A8	1	chr6	1	chr6_MATERNAL	1	chr6_PATERNAL
RASGRP2	1	chr11	1	chr11_MATERNAL	1	chr11_PATERNAL
ARHGEF7	1	chr13	1	chr13_MATERNAL	1	chr13_PATERNAL
LOC84773-CYHR1	1	chr8	1	chr8_MATERNAL	1	chr8_PATERNAL
RTN4RL2	1	chr11	1	chr11_MATERNAL	1	chr11_PATERNAL
DGKB	1	chr7	1	chr7_MATERNAL	1	chr7_PATERNAL
A1BG	1	chr19	1	chr19_MATERNAL	1	chr19_PATERNAL
FBXW4	1	chr10	1	chr10_MATERNAL	1	chr10_PATERNAL
SPTSSB	1	chr3	1	chr3_MATERNAL	1	chr3_PATERNAL
SPDYC	1	chr11	1	chr11_MATERNAL	1	chr11_PATERNAL
HINT2	1	chr9	1	chr9_MATERNAL	1	chr9_PATERNAL
LOC124906262	1	chr3	1	chr3_MATERNAL	1	chr3_PATERNAL
TIA1	1	chr2	1	chr2_MATERNAL	1	chr2_PATERNAL
ZNF676	1	chr19	1	chr19_MATERNAL	1	chr19_PATERNAL
NR2F2	1	chr15	1	chr15_MATERNAL	1	chr15_PATERNAL
NECAB2	1	chr16	1	chr16_MATERNAL	1	chr16_PATERNAL
ORAI3	1	chr16	1	chr16_MATERNAL	1	chr16_PATERNAL
PTGER1	1	chr19	1	chr19_MATERNAL	1	chr19_PATERNAL
FLT4	1	chr5	1	chr5_MATERNAL	1	chr5_PATERNAL
GPX5	1	chr6	1	chr6_MATERNAL	1	chr6_PATERNAL
C12orf56	1	chr12	1	chr12_MATERNAL	1	chr12_PATERNAL
SLC6A7	1	chr5	1	chr5_MATERNAL	1	chr5_PATERNAL
SMCR8	1	chr17	1	chr17_MATERNAL	1	chr17_PATERNAL
MBLAC1	1	chr7	1	chr7_MATERNAL	1	chr7_PATERNAL
FUT7	1	chr9	1	chr9_MATERNAL	1	chr9_PATERNAL
C1orf167	1	chr1	1	chr1_MATERNAL	1	chr1_PATERNAL
DYNC2I1	1	chr7	1	chr7_MATERNAL	1	chr7_PATERNAL
CDC42EP4	1	chr17	1	chr17_MATERNAL	1	chr17_PATERNAL
ZNF470	1	chr19	1	chr19_MATERNAL	1	chr19_PATERNAL
THRSP	1	chr11	1	chr11_MATERNAL	1	chr11_PATERNAL
STYXL2	1	chr1	1	chr1_MATERNAL	1	chr1_PATERNAL
TMCO4	1	chr1	1	chr1_MATERNAL	1	chr1_PATERNAL
TMEM127	1	chr2	1	chr2_MATERNAL	1	chr2_PATERNAL
SIGIRR	1	chr11	1	chr11_MATERNAL	1	chr11_PATERNAL
PRSS50	1	chr3	1	chr3_MATERNAL	1	chr3_PATERNAL
PTPRD	1	chr9	1	chr9_MATERNAL	1	chr9_PATERNAL
FAM114A2	1	chr5	1	chr5_MATERNAL	1	chr5_PATERNAL
CFH	1	chr1	1	chr1_MATERNAL	1	chr1_PATERNAL
LOC124907920	1	chr2	1	chr2_MATERNAL	1	chr2_PATERNAL
ENG	1	chr9	1	chr9_MATERNAL	1	chr9_PATERNAL
SKAP1	1	chr17	1	chr17_MATERNAL	1	chr17_PATERNAL
TMEM101	1	chr17	1	chr17_MATERNAL	1	chr17_PATERNAL
CT45A3	1	chrX	1	chrX_MATERNAL	0	None
FCN1	1	chr9	1	chr9_MATERNAL	1	chr9_PATERNAL
SNX33	1	chr15	1	chr15_MATERNAL	1	chr15_PATERNAL
SCN8A	1	chr12	1	chr12_MATERNAL	1	chr12_PATERNAL
ZNF76	1	chr6	1	chr6_MATERNAL	1	chr6_PATERNAL
IER5L	1	chr9	1	chr9_MATERNAL	1	chr9_PATERNAL
CLN3	1	chr16	1	chr16_MATERNAL	1	chr16_PATERNAL
IKBIP	1	chr12	1	chr12_MATERNAL	1	chr12_PATERNAL
VAC14	1	chr16	1	chr16_MATERNAL	1	chr16_PATERNAL
LTN1	1	chr21	1	chr21_MATERNAL	1	chr21_PATERNAL
WHRN	1	chr9	1	chr9_MATERNAL	1	chr9_PATERNAL
SMARCA4	1	chr19	1	chr19_MATERNAL	1	chr19_PATERNAL
TRIB1	1	chr8	1	chr8_MATERNAL	1	chr8_PATERNAL
FAHD2A	1	chr2	1	chr2_MATERNAL	1	chr2_PATERNAL
IFNW1	1	chr9	1	chr9_MATERNAL	1	chr9_PATERNAL
ARHGEF39	1	chr9	1	chr9_MATERNAL	1	chr9_PATERNAL
LOC124904962	1	chr20	1	chr20_MATERNAL	1	chr20_PATERNAL
PRC1	1	chr15	1	chr15_MATERNAL	1	chr15_PATERNAL
DIS3L2	1	chr2	1	chr2_MATERNAL	1	chr2_PATERNAL
CD1D	1	chr1	1	chr1_MATERNAL	1	chr1_PATERNAL
RANBP17	1	chr5	1	chr5_MATERNAL	1	chr5_PATERNAL
EVL	1	chr14	1	chr14_MATERNAL	1	chr14_PATERNAL
FGF4	1	chr11	1	chr11_MATERNAL	1	chr11_PATERNAL
ACSL5	1	chr10	1	chr10_MATERNAL	1	chr10_PATERNAL
GSK3B	1	chr3	1	chr3_MATERNAL	1	chr3_PATERNAL
TRIM29	1	chr11	1	chr11_MATERNAL	1	chr11_PATERNAL
RBBP8	1	chr18	1	chr18_MATERNAL	1	chr18_PATERNAL
HLA-DPA1	1	chr6	1	chr6_MATERNAL	1	chr6_PATERNAL
NSG2	1	chr5	1	chr5_MATERNAL	1	chr5_PATERNAL
CDX1	1	chr5	1	chr5_MATERNAL	1	chr5_PATERNAL
ITLN1	1	chr1	1	chr1_MATERNAL	1	chr1_PATERNAL
NHSL1	1	chr6	1	chr6_MATERNAL	1	chr6_PATERNAL
CDC25A	1	chr3	1	chr3_MATERNAL	1	chr3_PATERNAL
CDNF	1	chr10	1	chr10_MATERNAL	1	chr10_PATERNAL
ATP7B	1	chr13	1	chr13_MATERNAL	1	chr13_PATERNAL
RIC1	1	chr9	1	chr9_MATERNAL	1	chr9_PATERNAL
TESK1	1	chr9	1	chr9_MATERNAL	1	chr9_PATERNAL
FGR	1	chr1	1	chr1_MATERNAL	1	chr1_PATERNAL
ALDH1B1	1	chr9	1	chr9_MATERNAL	1	chr9_PATERNAL
FAN1	1	chr15	1	chr15_MATERNAL	1	chr15_PATERNAL
ELF5	1	chr11	1	chr11_MATERNAL	1	chr11_PATERNAL
COLEC11	1	chr2	1	chr2_MATERNAL	1	chr2_PATERNAL
SCN3B	1	chr11	1	chr11_MATERNAL	1	chr11_PATERNAL
TWIST2	1	chr2	1	chr2_MATERNAL	1	chr2_PATERNAL
S1PR1	1	chr1	1	chr1_MATERNAL	1	chr1_PATERNAL
WDR47	1	chr1	1	chr1_MATERNAL	1	chr1_PATERNAL
TCTA	1	chr3	1	chr3_MATERNAL	1	chr3_PATERNAL
PNLIPRP1	1	chr10	1	chr10_MATERNAL	1	chr10_PATERNAL
GSTA4	1	chr6	1	chr6_MATERNAL	1	chr6_PATERNAL
NDRG1	1	chr8	1	chr8_MATERNAL	1	chr8_PATERNAL
ATF7IP	1	chr12	1	chr12_MATERNAL	1	chr12_PATERNAL
DUS2	1	chr16	1	chr16_MATERNAL	1	chr16_PATERNAL
TMEM178B	1	chr7	1	chr7_MATERNAL	1	chr7_PATERNAL
SLC4A5	1	chr2	1	chr2_MATERNAL	1	chr2_PATERNAL
TPI1	1	chr12	1	chr12_MATERNAL	1	chr12_PATERNAL
LOC124909483	1	chr3	1	chr3_MATERNAL	1	chr3_PATERNAL
POP4	1	chr19	1	chr19_MATERNAL	1	chr19_PATERNAL
ENTPD7	1	chr10	1	chr10_MATERNAL	1	chr10_PATERNAL
OR9I1	1	chr11	1	chr11_MATERNAL	1	chr11_PATERNAL
LCP2	1	chr5	1	chr5_MATERNAL	1	chr5_PATERNAL
CLEC1A	1	chr12	1	chr12_MATERNAL	1	chr12_PATERNAL
STS	1	chrX	1	chrX_MATERNAL	0	None
PAPOLB	1	chr7	1	chr7_MATERNAL	1	chr7_PATERNAL
NPIPA5	1	chr16	1	chr16_MATERNAL	1	chr16_PATERNAL
ZNF697	1	chr1	1	chr1_MATERNAL	1	chr1_PATERNAL
BMERB1	1	chr16	1	chr16_MATERNAL	1	chr16_PATERNAL
SCG5	1	chr15	1	chr15_MATERNAL	1	chr15_PATERNAL
MSC	1	chr8	1	chr8_MATERNAL	1	chr8_PATERNAL
SLC1A7	1	chr1	1	chr1_MATERNAL	1	chr1_PATERNAL
TAF11L13	1	chr5	1	chr5_MATERNAL	1	chr5_PATERNAL
SULT1A4	1	chr16	1	chr16_MATERNAL	1	chr16_PATERNAL
SWAP70	1	chr11	1	chr11_MATERNAL	1	chr11_PATERNAL
MYH6	1	chr14	1	chr14_MATERNAL	1	chr14_PATERNAL
SMIM44	1	chr19	1	chr19_MATERNAL	1	chr19_PATERNAL
SLCO4C1	1	chr5	1	chr5_MATERNAL	1	chr5_PATERNAL
TCF21	1	chr6	1	chr6_MATERNAL	1	chr6_PATERNAL
SERPINF1	1	chr17	1	chr17_MATERNAL	1	chr17_PATERNAL
KRTAP5-6	1	chr11	1	chr11_MATERNAL	1	chr11_PATERNAL
RBM10	1	chrX	1	chrX_MATERNAL	0	None
STK40	1	chr1	1	chr1_MATERNAL	1	chr1_PATERNAL
TEDC2	1	chr16	1	chr16_MATERNAL	1	chr16_PATERNAL
SCGB2A2	1	chr11	1	chr11_MATERNAL	1	chr11_PATERNAL
GRAMD2B	1	chr5	1	chr5_MATERNAL	1	chr5_PATERNAL
CDYL2	1	chr16	1	chr16_MATERNAL	1	chr16_PATERNAL
CDC37L1	1	chr9	1	chr9_MATERNAL	1	chr9_PATERNAL
TPSB2	1	chr16	1	chr16_MATERNAL	1	chr16_PATERNAL
MANF	1	chr3	1	chr3_MATERNAL	1	chr3_PATERNAL
IRX5	1	chr16	1	chr16_MATERNAL	1	chr16_PATERNAL
NACA	1	chr12	1	chr12_MATERNAL	1	chr12_PATERNAL
ACP6	1	chr1	1	chr1_MATERNAL	1	chr1_PATERNAL
PLA2G3	1	chr22	1	chr22_MATERNAL	1	chr22_PATERNAL
AKAP11	1	chr13	1	chr13_MATERNAL	1	chr13_PATERNAL
KRT75	1	chr12	1	chr12_MATERNAL	1	chr12_PATERNAL
STXBP3	1	chr1	1	chr1_MATERNAL	1	chr1_PATERNAL
C11orf21	1	chr11	1	chr11_MATERNAL	1	chr11_PATERNAL
ASB9	1	chrX	1	chrX_MATERNAL	0	None
FOS	1	chr14	1	chr14_MATERNAL	1	chr14_PATERNAL
PRDM16	1	chr1	1	chr1_MATERNAL	1	chr1_PATERNAL
TEF	1	chr22	1	chr22_MATERNAL	1	chr22_PATERNAL
CREB5	1	chr7	1	chr7_MATERNAL	1	chr7_PATERNAL
ZNF750	1	chr17	1	chr17_MATERNAL	1	chr17_PATERNAL
YPEL1	1	chr22	1	chr22_MATERNAL	1	chr22_PATERNAL
KRT77	1	chr12	1	chr12_MATERNAL	1	chr12_PATERNAL
PRPF40A	1	chr2	1	chr2_MATERNAL	1	chr2_PATERNAL
PABPN1	1	chr14	1	chr14_MATERNAL	1	chr14_PATERNAL
CCDC107	1	chr9	1	chr9_MATERNAL	1	chr9_PATERNAL
WIPI2	1	chr7	1	chr7_MATERNAL	1	chr7_PATERNAL
GATAD2B	1	chr1	1	chr1_MATERNAL	1	chr1_PATERNAL
ITM2C	1	chr2	1	chr2_MATERNAL	1	chr2_PATERNAL
H2BN1	1	chr17	1	chr17_MATERNAL	1	chr17_PATERNAL
NAT9	1	chr17	1	chr17_MATERNAL	1	chr17_PATERNAL
FNDC5	1	chr1	1	chr1_MATERNAL	1	chr1_PATERNAL
FAM126B	1	chr2	1	chr2_MATERNAL	1	chr2_PATERNAL
ARHGAP10	1	chr4	1	chr4_MATERNAL	1	chr4_PATERNAL
MFSD13A	1	chr10	1	chr10_MATERNAL	1	chr10_PATERNAL
CD69	1	chr12	1	chr12_MATERNAL	1	chr12_PATERNAL
KRI1	1	chr19	1	chr19_MATERNAL	1	chr19_PATERNAL
GPR6	1	chr6	1	chr6_MATERNAL	1	chr6_PATERNAL
URB1	1	chr21	1	chr21_MATERNAL	1	chr21_PATERNAL
ADGRV1	1	chr5	1	chr5_MATERNAL	1	chr5_PATERNAL
PRR32	1	chrX	1	chrX_MATERNAL	0	None
SRSF8	1	chr11	1	chr11_MATERNAL	1	chr11_PATERNAL
ANKRD36B	1	chr2	1	chr2_MATERNAL	1	chr2_PATERNAL
MT1F	1	chr16	1	chr16_MATERNAL	1	chr16_PATERNAL
DDX3X	1	chrX	1	chrX_MATERNAL	0	None
PADI1	1	chr1	1	chr1_MATERNAL	1	chr1_PATERNAL
PRKRIP1	1	chr7	1	chr7_MATERNAL	1	chr7_PATERNAL
NPIPB12	1	chr16	1	chr16_MATERNAL	1	chr16_PATERNAL
KLK14	1	chr19	1	chr19_MATERNAL	1	chr19_PATERNAL
B3GNT6	1	chr11	1	chr11_MATERNAL	1	chr11_PATERNAL
KCNH6	1	chr17	1	chr17_MATERNAL	1	chr17_PATERNAL
PET117	1	chr20	1	chr20_MATERNAL	1	chr20_PATERNAL
FRMD4B	1	chr3	1	chr3_MATERNAL	1	chr3_PATERNAL
FZD10	1	chr12	1	chr12_MATERNAL	1	chr12_PATERNAL
ORC1	1	chr1	1	chr1_MATERNAL	1	chr1_PATERNAL
MAPKAPK5	1	chr12	1	chr12_MATERNAL	1	chr12_PATERNAL
HYKK	1	chr15	1	chr15_MATERNAL	1	chr15_PATERNAL
USP17L19	1	chr4	3	chr4_MATERNAL,chr4_MATERNAL,chr4_MATERNAL	4	chr4_PATERNAL,chr4_PATERNAL,chr4_PATERNAL,chr4_PATERNAL
LETMD1	1	chr12	1	chr12_MATERNAL	1	chr12_PATERNAL
TAPBPL	1	chr12	1	chr12_MATERNAL	1	chr12_PATERNAL
SHANK2	1	chr11	1	chr11_MATERNAL	1	chr11_PATERNAL
ADIPOR2	1	chr12	1	chr12_MATERNAL	1	chr12_PATERNAL
OR6X1	1	chr11	1	chr11_MATERNAL	1	chr11_PATERNAL
KLHDC8B	1	chr3	1	chr3_MATERNAL	1	chr3_PATERNAL
TPD52L3	1	chr9	1	chr9_MATERNAL	1	chr9_PATERNAL
FREM2	1	chr13	1	chr13_MATERNAL	1	chr13_PATERNAL
LHFPL3	1	chr7	1	chr7_MATERNAL	1	chr7_PATERNAL
ALS2	1	chr2	1	chr2_MATERNAL	1	chr2_PATERNAL
RHBDD3	1	chr22	1	chr22_MATERNAL	1	chr22_PATERNAL
YIPF5	1	chr5	1	chr5_MATERNAL	1	chr5_PATERNAL
CYP46A1	1	chr14	1	chr14_MATERNAL	1	chr14_PATERNAL
SEC61A1	1	chr3	1	chr3_MATERNAL	1	chr3_PATERNAL
TCF24	1	chr8	1	chr8_MATERNAL	1	chr8_PATERNAL
PIK3CD	1	chr1	1	chr1_MATERNAL	1	chr1_PATERNAL
CCNI2	1	chr5	1	chr5_MATERNAL	1	chr5_PATERNAL
GPR137	1	chr11	1	chr11_MATERNAL	1	chr11_PATERNAL
FAR2	1	chr12	1	chr12_MATERNAL	1	chr12_PATERNAL
SCNN1G	1	chr16	1	chr16_MATERNAL	1	chr16_PATERNAL
CPLX2	1	chr5	1	chr5_MATERNAL	1	chr5_PATERNAL
CLTRN	1	chrX	1	chrX_MATERNAL	0	None
SRPK1	1	chr6	1	chr6_MATERNAL	1	chr6_PATERNAL
ZNF407	1	chr18	1	chr18_MATERNAL	1	chr18_PATERNAL
NPIPA9	1	chr16	1	chr16_MATERNAL	2	chr16_PATERNAL,chr16_PATERNAL
AMD1	1	chr6	1	chr6_MATERNAL	1	chr6_PATERNAL
NOS2	1	chr17	1	chr17_MATERNAL	1	chr17_PATERNAL
AZIN1	1	chr8	1	chr8_MATERNAL	1	chr8_PATERNAL
LOC124904063	1	chr17	1	chr17_MATERNAL	1	chr17_PATERNAL
ACD	1	chr16	1	chr16_MATERNAL	1	chr16_PATERNAL
HLA-A	1	chr6	1	chr6_MATERNAL	1	chr6_PATERNAL
IDI2	1	chr10	1	chr10_MATERNAL	1	chr10_PATERNAL
IFI44L	1	chr1	1	chr1_MATERNAL	1	chr1_PATERNAL
MANSC1	1	chr12	1	chr12_MATERNAL	1	chr12_PATERNAL
NGDN	1	chr14	1	chr14_MATERNAL	1	chr14_PATERNAL
MTO1	1	chr6	1	chr6_MATERNAL	1	chr6_PATERNAL
ARSL	1	chrX	1	chrX_MATERNAL	0	None
DDHD2	1	chr8	1	chr8_MATERNAL	1	chr8_PATERNAL
PLEKHA2	1	chr8	1	chr8_MATERNAL	1	chr8_PATERNAL
ACOT4	1	chr14	1	chr14_MATERNAL	1	chr14_PATERNAL
HSD17B10	1	chrX	1	chrX_MATERNAL	0	None
LOC124900997	1	chr5	1	chr5_MATERNAL	4	chr5_PATERNAL,chr5_PATERNAL,chr5_PATERNAL,chr5_PATERNAL
KIAA1958	1	chr9	1	chr9_MATERNAL	1	chr9_PATERNAL
LOC107987269	1	chr19	1	chr19_MATERNAL	1	chr19_PATERNAL
MEI1	1	chr22	1	chr22_MATERNAL	1	chr22_PATERNAL
ZKSCAN3	1	chr6	1	chr6_MATERNAL	1	chr6_PATERNAL
SMCO4	1	chr11	1	chr11_MATERNAL	1	chr11_PATERNAL
KLHL5	1	chr4	1	chr4_MATERNAL	1	chr4_PATERNAL
ATP6V1E1	1	chr22	1	chr22_MATERNAL	1	chr22_PATERNAL
CFAP91	1	chr3	1	chr3_MATERNAL	1	chr3_PATERNAL
ITPRIP	1	chr10	1	chr10_MATERNAL	1	chr10_PATERNAL
ZNF157	1	chrX	1	chrX_MATERNAL	0	None
ALPG	1	chr2	1	chr2_MATERNAL	1	chr2_PATERNAL
TMPRSS12	1	chr12	1	chr12_MATERNAL	1	chr12_PATERNAL
MMP26	1	chr11	1	chr11_MATERNAL	1	chr11_PATERNAL
TIMP2	1	chr17	1	chr17_MATERNAL	1	chr17_PATERNAL
OR1J1	1	chr9	1	chr9_MATERNAL	1	chr9_PATERNAL
LOC100996696	1	chr12	1	chr12_MATERNAL	1	chr12_PATERNAL
NPY2R	1	chr4	1	chr4_MATERNAL	1	chr4_PATERNAL
BLOC1S5	1	chr6	1	chr6_MATERNAL	1	chr6_PATERNAL
TTC37	1	chr5	1	chr5_MATERNAL	1	chr5_PATERNAL
NEDD9	1	chr6	1	chr6_MATERNAL	1	chr6_PATERNAL
MYO3A	1	chr10	1	chr10_MATERNAL	1	chr10_PATERNAL
ARHGAP21	1	chr10	1	chr10_MATERNAL	1	chr10_PATERNAL
ABCC10	1	chr6	1	chr6_MATERNAL	1	chr6_PATERNAL
RPL36A	1	chrX	1	chrX_MATERNAL	0	None
CRIP3	1	chr6	1	chr6_MATERNAL	1	chr6_PATERNAL
TCF4	1	chr18	1	chr18_MATERNAL	1	chr18_PATERNAL
EBP	1	chrX	1	chrX_MATERNAL	0	None
ERICH4	1	chr19	1	chr19_MATERNAL	1	chr19_PATERNAL
REXO2	1	chr11	1	chr11_MATERNAL	1	chr11_PATERNAL
CDK4	1	chr12	1	chr12_MATERNAL	1	chr12_PATERNAL
EIF4A2	1	chr3	1	chr3_MATERNAL	1	chr3_PATERNAL
TYMS	1	chr18	1	chr18_MATERNAL	1	chr18_PATERNAL
RPP30	1	chr10	1	chr10_MATERNAL	1	chr10_PATERNAL
SERINC3	1	chr20	1	chr20_MATERNAL	1	chr20_PATERNAL
TIGIT	1	chr3	1	chr3_MATERNAL	1	chr3_PATERNAL
PRX	1	chr19	1	chr19_MATERNAL	1	chr19_PATERNAL
ITIH1	1	chr3	1	chr3_MATERNAL	1	chr3_PATERNAL
SLC6A19	1	chr5	1	chr5_MATERNAL	1	chr5_PATERNAL
RAB11B	1	chr19	1	chr19_MATERNAL	1	chr19_PATERNAL
ABHD10	1	chr3	1	chr3_MATERNAL	1	chr3_PATERNAL
F2RL1	1	chr5	1	chr5_MATERNAL	1	chr5_PATERNAL
GMCL2	1	chr5	1	chr5_MATERNAL	1	chr5_PATERNAL
EGFLAM	1	chr5	1	chr5_MATERNAL	1	chr5_PATERNAL
ZNF792	1	chr19	1	chr19_MATERNAL	1	chr19_PATERNAL
ASF1B	1	chr19	1	chr19_MATERNAL	1	chr19_PATERNAL
PLA2G4D	1	chr15	1	chr15_MATERNAL	1	chr15_PATERNAL
NTN3	1	chr16	1	chr16_MATERNAL	1	chr16_PATERNAL
LRRC26	1	chr9	1	chr9_MATERNAL	1	chr9_PATERNAL
SMIM12	1	chr1	1	chr1_MATERNAL	1	chr1_PATERNAL
GNGT1	1	chr7	1	chr7_MATERNAL	1	chr7_PATERNAL
THBS2	1	chr6	1	chr6_MATERNAL	1	chr6_PATERNAL
NDUFV3	1	chr21	1	chr21_MATERNAL	1	chr21_PATERNAL
CCDC17	1	chr1	1	chr1_MATERNAL	1	chr1_PATERNAL
ROR2	1	chr9	1	chr9_MATERNAL	1	chr9_PATERNAL
MUC17	1	chr7	1	chr7_MATERNAL	1	chr7_PATERNAL
OR2S2	1	chr9	1	chr9_MATERNAL	1	chr9_PATERNAL
C14orf28	1	chr14	1	chr14_MATERNAL	1	chr14_PATERNAL
GASK1B	1	chr4	1	chr4_MATERNAL	1	chr4_PATERNAL
PLA2G2E	1	chr1	1	chr1_MATERNAL	1	chr1_PATERNAL
SUN2	1	chr22	1	chr22_MATERNAL	1	chr22_PATERNAL
GNPTG	1	chr16	1	chr16_MATERNAL	1	chr16_PATERNAL
ACKR2	1	chr3	1	chr3_MATERNAL	1	chr3_PATERNAL
OXT	1	chr20	1	chr20_MATERNAL	1	chr20_PATERNAL
H2AW	1	chr1	1	chr1_MATERNAL	1	chr1_PATERNAL
MTHFD2	1	chr2	1	chr2_MATERNAL	1	chr2_PATERNAL
CCDC39	1	chr3	1	chr3_MATERNAL	1	chr3_PATERNAL
NSMCE1	1	chr16	1	chr16_MATERNAL	1	chr16_PATERNAL
CSTA	1	chr3	1	chr3_MATERNAL	1	chr3_PATERNAL
KRT6C	1	chr12	1	chr12_MATERNAL	1	chr12_PATERNAL
BTBD17	1	chr17	1	chr17_MATERNAL	1	chr17_PATERNAL
SLC5A6	1	chr2	1	chr2_MATERNAL	1	chr2_PATERNAL
FBXO43	1	chr8	1	chr8_MATERNAL	1	chr8_PATERNAL
CGB2	1	chr19	1	chr19_MATERNAL	1	chr19_PATERNAL
CLINT1	1	chr5	1	chr5_MATERNAL	1	chr5_PATERNAL
UBE2N	1	chr12	1	chr12_MATERNAL	1	chr12_PATERNAL
SLC30A6	1	chr2	1	chr2_MATERNAL	1	chr2_PATERNAL
BOK	1	chr2	1	chr2_MATERNAL	1	chr2_PATERNAL
PTPN9	1	chr15	1	chr15_MATERNAL	1	chr15_PATERNAL
ADPRH	1	chr3	1	chr3_MATERNAL	1	chr3_PATERNAL
FNDC7	1	chr1	1	chr1_MATERNAL	1	chr1_PATERNAL
SHPRH	1	chr6	1	chr6_MATERNAL	1	chr6_PATERNAL
E4F1	1	chr16	1	chr16_MATERNAL	1	chr16_PATERNAL
MRPL54	1	chr19	1	chr19_MATERNAL	1	chr19_PATERNAL
PCDHA8	1	chr5	1	chr5_MATERNAL	1	chr5_PATERNAL
CADPS2	1	chr7	1	chr7_MATERNAL	1	chr7_PATERNAL
NAT2	1	chr8	1	chr8_MATERNAL	1	chr8_PATERNAL
PCDHB8	1	chr5	1	chr5_MATERNAL	1	chr5_PATERNAL
ANKRD13C	1	chr1	1	chr1_MATERNAL	1	chr1_PATERNAL
TMEM238	1	chr19	1	chr19_MATERNAL	1	chr19_PATERNAL
C2orf16	1	chr2	1	chr2_MATERNAL	1	chr2_PATERNAL
SS18L2	1	chr3	1	chr3_MATERNAL	1	chr3_PATERNAL
PRAMEF2	1	chr1	1	chr1_MATERNAL	1	chr1_PATERNAL
GRIN2C	1	chr17	1	chr17_MATERNAL	1	chr17_PATERNAL
MAP10	1	chr1	1	chr1_MATERNAL	1	chr1_PATERNAL
PSMD13	1	chr11	1	chr11_MATERNAL	1	chr11_PATERNAL
TDRP	1	chr8	1	chr8_MATERNAL	1	chr8_PATERNAL
MTR	1	chr1	1	chr1_MATERNAL	1	chr1_PATERNAL
IL18BP	1	chr11	1	chr11_MATERNAL	1	chr11_PATERNAL
BLOC1S3	1	chr19	1	chr19_MATERNAL	1	chr19_PATERNAL
DONSON	1	chr21	1	chr21_MATERNAL	1	chr21_PATERNAL
UXS1	1	chr2	1	chr2_MATERNAL	1	chr2_PATERNAL
ZNF804A	1	chr2	1	chr2_MATERNAL	1	chr2_PATERNAL
LOC105379522	1	chr14	1	chr14_MATERNAL	3	chr1_PATERNAL,chr13_PATERNAL,chr14_PATERNAL
CHCHD6	1	chr3	1	chr3_MATERNAL	1	chr3_PATERNAL
RAB6C	1	chr2	1	chr2_MATERNAL	1	chr2_PATERNAL
C6orf47	1	chr6	1	chr6_MATERNAL	1	chr6_PATERNAL
CIR1	1	chr2	1	chr2_MATERNAL	1	chr2_PATERNAL
LOC124904103	1	chr17	1	chr17_MATERNAL	1	chr17_PATERNAL
LRPPRC	1	chr2	1	chr2_MATERNAL	1	chr2_PATERNAL
MINDY2	1	chr15	1	chr15_MATERNAL	1	chr15_PATERNAL
VTA1	1	chr6	1	chr6_MATERNAL	1	chr6_PATERNAL
LOC124905955	1	chr2	1	chr2_MATERNAL	1	chr2_PATERNAL
BEX3	1	chrX	1	chrX_MATERNAL	0	None
GALNT13	1	chr2	1	chr2_MATERNAL	1	chr2_PATERNAL
OOSP1	1	chr11	1	chr11_MATERNAL	1	chr11_PATERNAL
HEXIM2	1	chr17	1	chr17_MATERNAL	1	chr17_PATERNAL
ZSWIM4	1	chr19	1	chr19_MATERNAL	1	chr19_PATERNAL
GLOD5	1	chrX	1	chrX_MATERNAL	0	None
MGST2	1	chr4	1	chr4_MATERNAL	1	chr4_PATERNAL
ZNF425	1	chr7	1	chr7_MATERNAL	1	chr7_PATERNAL
OPN1MW3	1	chrX	1	chrX_MATERNAL	0	None
TAS2R16	1	chr7	1	chr7_MATERNAL	1	chr7_PATERNAL
CT55	1	chrX	1	chrX_MATERNAL	0	None
MPP3	1	chr17	1	chr17_MATERNAL	1	chr17_PATERNAL
LYPD6	1	chr2	1	chr2_MATERNAL	1	chr2_PATERNAL
DNAJC30	1	chr7	1	chr7_MATERNAL	1	chr7_PATERNAL
PURG	1	chr8	1	chr8_MATERNAL	1	chr8_PATERNAL
BBS10	1	chr12	1	chr12_MATERNAL	1	chr12_PATERNAL
BBS9	1	chr7	1	chr7_MATERNAL	1	chr7_PATERNAL
ISX	1	chr22	1	chr22_MATERNAL	1	chr22_PATERNAL
TMEM220	1	chr17	1	chr17_MATERNAL	1	chr17_PATERNAL
LOC105379554	2	chr13,chr14	1	chr13_MATERNAL	2	chr13_PATERNAL,chr15_PATERNAL
PABPC3	1	chr13	1	chr13_MATERNAL	1	chr13_PATERNAL
CST9	1	chr20	1	chr20_MATERNAL	1	chr20_PATERNAL
KAZALD1	1	chr10	1	chr10_MATERNAL	1	chr10_PATERNAL
MIOS	1	chr7	1	chr7_MATERNAL	1	chr7_PATERNAL
FAM163B	1	chr9	1	chr9_MATERNAL	1	chr9_PATERNAL
FAM120AOS	1	chr9	1	chr9_MATERNAL	1	chr9_PATERNAL
SUGP2	1	chr19	1	chr19_MATERNAL	1	chr19_PATERNAL
ATP2A3	1	chr17	1	chr17_MATERNAL	1	chr17_PATERNAL
HACL1	1	chr3	1	chr3_MATERNAL	1	chr3_PATERNAL
LDB2	1	chr4	1	chr4_MATERNAL	1	chr4_PATERNAL
SP9	1	chr2	1	chr2_MATERNAL	1	chr2_PATERNAL
CAMLG	1	chr5	1	chr5_MATERNAL	1	chr5_PATERNAL
LRCH2	1	chrX	1	chrX_MATERNAL	0	None
PSMA6	1	chr14	1	chr14_MATERNAL	1	chr14_PATERNAL
TRAPPC3L	1	chr6	1	chr6_MATERNAL	1	chr6_PATERNAL
HLA-C	1	chr6	1	chr6_MATERNAL	1	chr6_PATERNAL
ERLEC1	1	chr2	1	chr2_MATERNAL	1	chr2_PATERNAL
BCL7C	1	chr16	1	chr16_MATERNAL	1	chr16_PATERNAL
DCBLD2	1	chr3	1	chr3_MATERNAL	1	chr3_PATERNAL
CHERP	1	chr19	1	chr19_MATERNAL	1	chr19_PATERNAL
CARD9	1	chr9	1	chr9_MATERNAL	1	chr9_PATERNAL
SEC22C	1	chr3	1	chr3_MATERNAL	1	chr3_PATERNAL
LOC124905027	1	chr21	1	chr21_MATERNAL	1	chr21_PATERNAL
C8orf82	1	chr8	1	chr8_MATERNAL	1	chr8_PATERNAL
LOC124903566	1	chr15	1	chr15_MATERNAL	1	chr15_PATERNAL
LOC124901350	1	chr6	1	chr6_MATERNAL	1	chr6_PATERNAL
WNT10A	1	chr2	1	chr2_MATERNAL	1	chr2_PATERNAL
COMMD2	1	chr3	1	chr3_MATERNAL	1	chr3_PATERNAL
TCEAL9	1	chrX	1	chrX_MATERNAL	0	None
CLCN3	1	chr4	1	chr4_MATERNAL	1	chr4_PATERNAL
COX6B1	1	chr19	1	chr19_MATERNAL	1	chr19_PATERNAL
HINFP	1	chr11	1	chr11_MATERNAL	1	chr11_PATERNAL
HPCAL4	1	chr1	1	chr1_MATERNAL	1	chr1_PATERNAL
FAM107A	1	chr3	1	chr3_MATERNAL	1	chr3_PATERNAL
ALDOB	1	chr9	1	chr9_MATERNAL	1	chr9_PATERNAL
KLHL14	1	chr18	1	chr18_MATERNAL	1	chr18_PATERNAL
LOC101928044	1	chr17	1	chr17_MATERNAL	1	chr17_PATERNAL
BABAM1	1	chr19	1	chr19_MATERNAL	1	chr19_PATERNAL
LSM6	1	chr4	1	chr4_MATERNAL	1	chr4_PATERNAL
TSHZ3	1	chr19	1	chr19_MATERNAL	1	chr19_PATERNAL
CCDC188	1	chr22	1	chr22_MATERNAL	1	chr22_PATERNAL
TNFSF8	1	chr9	1	chr9_MATERNAL	1	chr9_PATERNAL
CST9L	1	chr20	1	chr20_MATERNAL	1	chr20_PATERNAL
DTX3	1	chr12	1	chr12_MATERNAL	1	chr12_PATERNAL
SPZ1	1	chr5	1	chr5_MATERNAL	1	chr5_PATERNAL
SSX3	1	chrX	1	chrX_MATERNAL	0	None
DKK3	1	chr11	1	chr11_MATERNAL	1	chr11_PATERNAL
TLCD3B	1	chr16	1	chr16_MATERNAL	1	chr16_PATERNAL
WDR43	1	chr2	1	chr2_MATERNAL	1	chr2_PATERNAL
LIN7A	1	chr12	1	chr12_MATERNAL	1	chr12_PATERNAL
VANGL1	1	chr1	1	chr1_MATERNAL	1	chr1_PATERNAL
TFEC	1	chr7	1	chr7_MATERNAL	1	chr7_PATERNAL
CHD8	1	chr14	1	chr14_MATERNAL	1	chr14_PATERNAL
GLTPD2	1	chr17	1	chr17_MATERNAL	1	chr17_PATERNAL
SLC25A51	1	chr9	1	chr9_MATERNAL	1	chr9_PATERNAL
GBX1	1	chr7	1	chr7_MATERNAL	1	chr7_PATERNAL
OPA3	1	chr19	1	chr19_MATERNAL	1	chr19_PATERNAL
NXPE2	1	chr11	1	chr11_MATERNAL	1	chr11_PATERNAL
KCNE4	1	chr2	1	chr2_MATERNAL	1	chr2_PATERNAL
SOCS2	1	chr12	1	chr12_MATERNAL	1	chr12_PATERNAL
ATP6V1A	1	chr3	1	chr3_MATERNAL	1	chr3_PATERNAL
ACADM	1	chr1	1	chr1_MATERNAL	1	chr1_PATERNAL
VAV2	1	chr9	1	chr9_MATERNAL	1	chr9_PATERNAL
SRPK2	1	chr7	1	chr7_MATERNAL	1	chr7_PATERNAL
HTT	1	chr4	1	chr4_MATERNAL	1	chr4_PATERNAL
MICAL2	1	chr11	1	chr11_MATERNAL	1	chr11_PATERNAL
AMZ2	1	chr17	1	chr17_MATERNAL	1	chr17_PATERNAL
CIBAR1	1	chr8	1	chr8_MATERNAL	1	chr8_PATERNAL
ARL6IP1	1	chr16	1	chr16_MATERNAL	1	chr16_PATERNAL
ISLR	1	chr15	1	chr15_MATERNAL	1	chr15_PATERNAL
BST1	1	chr4	1	chr4_MATERNAL	1	chr4_PATERNAL
POU3F4	1	chrX	1	chrX_MATERNAL	0	None
TRPT1	1	chr11	1	chr11_MATERNAL	1	chr11_PATERNAL
DPM3	1	chr1	1	chr1_MATERNAL	1	chr1_PATERNAL
RDH14	1	chr2	1	chr2_MATERNAL	1	chr2_PATERNAL
LRRN1	1	chr3	1	chr3_MATERNAL	1	chr3_PATERNAL
FRK	1	chr6	1	chr6_MATERNAL	1	chr6_PATERNAL
B3GAT1	1	chr11	1	chr11_MATERNAL	1	chr11_PATERNAL
BCKDK	1	chr16	1	chr16_MATERNAL	1	chr16_PATERNAL
SMIM31	1	chr4	1	chr4_MATERNAL	1	chr4_PATERNAL
TBC1D8B	1	chrX	1	chrX_MATERNAL	0	None
CFAP46	1	chr10	1	chr10_MATERNAL	1	chr10_PATERNAL
USP17L5	1	chr4	10	chr4_MATERNAL,chr4_MATERNAL,chr4_MATERNAL,chr4_MATERNAL,chr4_MATERNAL,chr4_MATERNAL,chr4_MATERNAL,chr4_MATERNAL,chr4_MATERNAL,chr4_MATERNAL	11	chr4_PATERNAL,chr4_PATERNAL,chr4_PATERNAL,chr4_PATERNAL,chr4_PATERNAL,chr4_PATERNAL,chr4_PATERNAL,chr4_PATERNAL,chr4_PATERNAL,chr4_PATERNAL,chr4_PATERNAL
ELP2	1	chr18	1	chr18_MATERNAL	1	chr18_PATERNAL
OTOF	1	chr2	1	chr2_MATERNAL	1	chr2_PATERNAL
APEH	1	chr3	1	chr3_MATERNAL	1	chr3_PATERNAL
KMT5C	1	chr19	1	chr19_MATERNAL	1	chr19_PATERNAL
INSL5	1	chr1	1	chr1_MATERNAL	1	chr1_PATERNAL
CPA5	1	chr7	1	chr7_MATERNAL	1	chr7_PATERNAL
ZBTB4	1	chr17	1	chr17_MATERNAL	1	chr17_PATERNAL
MMUT	1	chr6	1	chr6_MATERNAL	1	chr6_PATERNAL
GPR149	1	chr3	1	chr3_MATERNAL	1	chr3_PATERNAL
MYOM2	1	chr8	1	chr8_MATERNAL	1	chr8_PATERNAL
BPHL	1	chr6	1	chr6_MATERNAL	1	chr6_PATERNAL
FNDC11	1	chr20	1	chr20_MATERNAL	1	chr20_PATERNAL
SETMAR	1	chr3	1	chr3_MATERNAL	1	chr3_PATERNAL
ZNF620	1	chr3	1	chr3_MATERNAL	1	chr3_PATERNAL
CCSER1	1	chr4	1	chr4_MATERNAL	1	chr4_PATERNAL
CAMK2N1	1	chr1	1	chr1_MATERNAL	1	chr1_PATERNAL
LOC112267908	1	chr3	1	chr3_MATERNAL	1	chr3_PATERNAL
SMPD1	1	chr11	1	chr11_MATERNAL	1	chr11_PATERNAL
TMEM273	1	chr10	1	chr10_MATERNAL	1	chr10_PATERNAL
C10orf82	1	chr10	1	chr10_MATERNAL	1	chr10_PATERNAL
OR51V1	1	chr11	1	chr11_MATERNAL	1	chr11_PATERNAL
ATP5IF1	1	chr1	1	chr1_MATERNAL	1	chr1_PATERNAL
NOTCH2NLB	1	chr1	1	chr1_MATERNAL	1	chr1_PATERNAL
NIBAN3	1	chr19	1	chr19_MATERNAL	1	chr19_PATERNAL
XPNPEP2	1	chrX	1	chrX_MATERNAL	0	None
PBDC1	1	chrX	1	chrX_MATERNAL	0	None
SOS1	1	chr2	1	chr2_MATERNAL	1	chr2_PATERNAL
RNASE8	1	chr14	1	chr14_MATERNAL	1	chr14_PATERNAL
ADCK1	1	chr14	1	chr14_MATERNAL	1	chr14_PATERNAL
EPB41L3	1	chr18	1	chr18_MATERNAL	1	chr18_PATERNAL
TTC31	1	chr2	1	chr2_MATERNAL	1	chr2_PATERNAL
IGFBP7	1	chr4	1	chr4_MATERNAL	1	chr4_PATERNAL
CXCR2	1	chr2	1	chr2_MATERNAL	1	chr2_PATERNAL
GID8	1	chr20	1	chr20_MATERNAL	1	chr20_PATERNAL
IQSEC1	1	chr3	1	chr3_MATERNAL	1	chr3_PATERNAL
LRFN3	1	chr19	1	chr19_MATERNAL	1	chr19_PATERNAL
SLC36A2	1	chr5	1	chr5_MATERNAL	1	chr5_PATERNAL
CEP120	1	chr5	1	chr5_MATERNAL	1	chr5_PATERNAL
CCDC97	1	chr19	1	chr19_MATERNAL	1	chr19_PATERNAL
CATIP	1	chr2	1	chr2_MATERNAL	1	chr2_PATERNAL
MED11	1	chr17	1	chr17_MATERNAL	1	chr17_PATERNAL
CCL7	1	chr17	1	chr17_MATERNAL	1	chr17_PATERNAL
CSRP2	1	chr12	1	chr12_MATERNAL	1	chr12_PATERNAL
YTHDC1	1	chr4	1	chr4_MATERNAL	1	chr4_PATERNAL
RBMX	1	chrX	1	chrX_MATERNAL	0	None
PPCDC	1	chr15	1	chr15_MATERNAL	1	chr15_PATERNAL
NDE1	1	chr16	1	chr16_MATERNAL	1	chr16_PATERNAL
AGAP1	1	chr2	1	chr2_MATERNAL	1	chr2_PATERNAL
NOTCH2	1	chr1	1	chr1_MATERNAL	1	chr1_PATERNAL
ZNF283	1	chr19	1	chr19_MATERNAL	1	chr19_PATERNAL
CYP27C1	1	chr2	1	chr2_MATERNAL	1	chr2_PATERNAL
NPM1	1	chr5	1	chr5_MATERNAL	1	chr5_PATERNAL
CLEC3B	1	chr3	1	chr3_MATERNAL	1	chr3_PATERNAL
TBC1D4	1	chr13	1	chr13_MATERNAL	1	chr13_PATERNAL
SLC3A2	1	chr11	1	chr11_MATERNAL	1	chr11_PATERNAL
IL11RA	1	chr9	1	chr9_MATERNAL	1	chr9_PATERNAL
GFRA2	1	chr8	1	chr8_MATERNAL	1	chr8_PATERNAL
LRRC34	1	chr3	1	chr3_MATERNAL	1	chr3_PATERNAL
CCL18	1	chr17	1	chr17_MATERNAL	1	chr17_PATERNAL
PPM1K	1	chr4	1	chr4_MATERNAL	1	chr4_PATERNAL
CCDC7	1	chr10	1	chr10_MATERNAL	1	chr10_PATERNAL
LYPD1	1	chr2	1	chr2_MATERNAL	1	chr2_PATERNAL
PLPPR2	1	chr19	1	chr19_MATERNAL	1	chr19_PATERNAL
PRRC2C	1	chr1	1	chr1_MATERNAL	1	chr1_PATERNAL
MS4A7	1	chr11	1	chr11_MATERNAL	1	chr11_PATERNAL
NCAN	1	chr19	1	chr19_MATERNAL	1	chr19_PATERNAL
MPDZ	1	chr9	1	chr9_MATERNAL	1	chr9_PATERNAL
BAIAP2L2	1	chr22	1	chr22_MATERNAL	1	chr22_PATERNAL
TNNT3	1	chr11	1	chr11_MATERNAL	1	chr11_PATERNAL
TSC1	1	chr9	1	chr9_MATERNAL	1	chr9_PATERNAL
PTDSS2	1	chr11	1	chr11_MATERNAL	1	chr11_PATERNAL
CDC25B	1	chr20	1	chr20_MATERNAL	1	chr20_PATERNAL
KLK12	1	chr19	1	chr19_MATERNAL	1	chr19_PATERNAL
ZNF836	1	chr19	1	chr19_MATERNAL	1	chr19_PATERNAL
C4orf50	1	chr4	1	chr4_MATERNAL	1	chr4_PATERNAL
SLC29A3	1	chr10	1	chr10_MATERNAL	1	chr10_PATERNAL
DIPK1B	1	chr9	1	chr9_MATERNAL	1	chr9_PATERNAL
CAT	1	chr11	1	chr11_MATERNAL	1	chr11_PATERNAL
MALSU1	1	chr7	1	chr7_MATERNAL	1	chr7_PATERNAL
AIDA	1	chr1	1	chr1_MATERNAL	1	chr1_PATERNAL
OR6B3	1	chr2	1	chr2_MATERNAL	1	chr2_PATERNAL
NENF	1	chr1	1	chr1_MATERNAL	1	chr1_PATERNAL
MIF4GD	1	chr17	1	chr17_MATERNAL	1	chr17_PATERNAL
PSMC4	1	chr19	1	chr19_MATERNAL	1	chr19_PATERNAL
UGT3A2	1	chr5	1	chr5_MATERNAL	1	chr5_PATERNAL
IFT140	1	chr16	1	chr16_MATERNAL	1	chr16_PATERNAL
ADAMTSL4	1	chr1	1	chr1_MATERNAL	1	chr1_PATERNAL
CD33	1	chr19	1	chr19_MATERNAL	1	chr19_PATERNAL
OLFM3	1	chr1	1	chr1_MATERNAL	1	chr1_PATERNAL
TTC26	1	chr7	1	chr7_MATERNAL	1	chr7_PATERNAL
TMEM117	1	chr12	1	chr12_MATERNAL	1	chr12_PATERNAL
CFAP298	1	chr21	1	chr21_MATERNAL	1	chr21_PATERNAL
AGBL3	1	chr7	1	chr7_MATERNAL	1	chr7_PATERNAL
RASL11B	1	chr4	1	chr4_MATERNAL	1	chr4_PATERNAL
LOC124901645	1	chr7	1	chr7_MATERNAL	1	chr7_PATERNAL
BNIP5	1	chr6	1	chr6_MATERNAL	1	chr6_PATERNAL
ZNF844	1	chr19	1	chr19_MATERNAL	1	chr19_PATERNAL
KRTAP2-1	1	chr17	1	chr17_MATERNAL	1	chr17_PATERNAL
OR5AC2	1	chr3	1	chr3_MATERNAL	1	chr3_PATERNAL
CD46	1	chr1	1	chr1_MATERNAL	1	chr1_PATERNAL
SHROOM2	1	chrX	1	chrX_MATERNAL	0	None
TBX22	1	chrX	1	chrX_MATERNAL	0	None
TSGA10IP	1	chr11	1	chr11_MATERNAL	1	chr11_PATERNAL
C1QTNF3	1	chr5	1	chr5_MATERNAL	1	chr5_PATERNAL
FURIN	1	chr15	1	chr15_MATERNAL	1	chr15_PATERNAL
CD1A	1	chr1	1	chr1_MATERNAL	1	chr1_PATERNAL
COA5	1	chr2	1	chr2_MATERNAL	1	chr2_PATERNAL
NEU4	1	chr2	1	chr2_MATERNAL	1	chr2_PATERNAL
AP1G2	1	chr14	1	chr14_MATERNAL	1	chr14_PATERNAL
AJM1	1	chr9	1	chr9_MATERNAL	1	chr9_PATERNAL
FBXO40	1	chr3	1	chr3_MATERNAL	1	chr3_PATERNAL
PRKCI	1	chr3	1	chr3_MATERNAL	1	chr3_PATERNAL
CCDC174	1	chr3	1	chr3_MATERNAL	1	chr3_PATERNAL
KLF13	1	chr15	1	chr15_MATERNAL	1	chr15_PATERNAL
AKAP1	1	chr17	1	chr17_MATERNAL	1	chr17_PATERNAL
TNS3	1	chr7	1	chr7_MATERNAL	1	chr7_PATERNAL
ADAM22	1	chr7	1	chr7_MATERNAL	1	chr7_PATERNAL
MPIG6B	1	chr6	1	chr6_MATERNAL	1	chr6_PATERNAL
MDH1B	1	chr2	1	chr2_MATERNAL	1	chr2_PATERNAL
IST1	1	chr16	1	chr16_MATERNAL	1	chr16_PATERNAL
EQTN	1	chr9	1	chr9_MATERNAL	1	chr9_PATERNAL
H1-8	1	chr3	1	chr3_MATERNAL	1	chr3_PATERNAL
FABP1	1	chr2	1	chr2_MATERNAL	1	chr2_PATERNAL
GZMK	1	chr5	1	chr5_MATERNAL	1	chr5_PATERNAL
CCDC90B	1	chr11	1	chr11_MATERNAL	1	chr11_PATERNAL
ALDH3B1	1	chr11	1	chr11_MATERNAL	1	chr11_PATERNAL
TEX22	1	chr14	1	chr14_MATERNAL	1	chr14_PATERNAL
C6orf89	1	chr6	1	chr6_MATERNAL	1	chr6_PATERNAL
CROCC	1	chr1	1	chr1_MATERNAL	1	chr1_PATERNAL
TRPC5OS	1	chrX	1	chrX_MATERNAL	0	None
EYS	1	chr6	1	chr6_MATERNAL	1	chr6_PATERNAL
TET1	1	chr10	1	chr10_MATERNAL	1	chr10_PATERNAL
NIBAN2	1	chr9	1	chr9_MATERNAL	1	chr9_PATERNAL
H3C13	1	chr1	1	chr1_MATERNAL	1	chr1_PATERNAL
LONRF2	1	chr2	1	chr2_MATERNAL	1	chr2_PATERNAL
HMGA2	1	chr12	1	chr12_MATERNAL	1	chr12_PATERNAL
RHOH	1	chr4	1	chr4_MATERNAL	1	chr4_PATERNAL
MYBPC1	1	chr12	1	chr12_MATERNAL	1	chr12_PATERNAL
DLX3	1	chr17	1	chr17_MATERNAL	1	chr17_PATERNAL
BLM	1	chr15	1	chr15_MATERNAL	1	chr15_PATERNAL
ANGPTL7	1	chr1	1	chr1_MATERNAL	1	chr1_PATERNAL
IL24	1	chr1	1	chr1_MATERNAL	1	chr1_PATERNAL
EIF4ENIF1	1	chr22	1	chr22_MATERNAL	1	chr22_PATERNAL
DKK1	1	chr10	1	chr10_MATERNAL	1	chr10_PATERNAL
IL34	1	chr16	1	chr16_MATERNAL	1	chr16_PATERNAL
VIPR1	1	chr3	1	chr3_MATERNAL	1	chr3_PATERNAL
KCNJ12	1	chr17	1	chr17_MATERNAL	1	chr17_PATERNAL
TMEM235	1	chr17	1	chr17_MATERNAL	1	chr17_PATERNAL
CNNM4	1	chr2	1	chr2_MATERNAL	1	chr2_PATERNAL
REXO5	1	chr16	1	chr16_MATERNAL	1	chr16_PATERNAL
COL27A1	1	chr9	1	chr9_MATERNAL	1	chr9_PATERNAL
U2AF2	1	chr19	1	chr19_MATERNAL	1	chr19_PATERNAL
ZNF658	1	chr9	1	chr9_MATERNAL	1	chr9_PATERNAL
NPRL3	1	chr16	1	chr16_MATERNAL	1	chr16_PATERNAL
BMX	1	chrX	1	chrX_MATERNAL	0	None
SLC25A13	1	chr7	1	chr7_MATERNAL	1	chr7_PATERNAL
RHPN2	1	chr19	1	chr19_MATERNAL	1	chr19_PATERNAL
SLC10A6	1	chr4	1	chr4_MATERNAL	1	chr4_PATERNAL
CD27	1	chr12	1	chr12_MATERNAL	1	chr12_PATERNAL
CPPED1	1	chr16	1	chr16_MATERNAL	1	chr16_PATERNAL
RABGGTA	1	chr14	1	chr14_MATERNAL	1	chr14_PATERNAL
OR2L3	1	chr1	1	chr1_MATERNAL	1	chr1_PATERNAL
KCNJ8	1	chr12	1	chr12_MATERNAL	1	chr12_PATERNAL
LRRC25	1	chr19	1	chr19_MATERNAL	1	chr19_PATERNAL
P3H2	1	chr3	1	chr3_MATERNAL	1	chr3_PATERNAL
HOOK3	1	chr8	1	chr8_MATERNAL	1	chr8_PATERNAL
EFCAB2	1	chr1	1	chr1_MATERNAL	1	chr1_PATERNAL
TCEAL7	1	chrX	1	chrX_MATERNAL	0	None
BORCS8-MEF2B	1	chr19	1	chr19_MATERNAL	1	chr19_PATERNAL
SLC9B1	1	chr4	1	chr4_MATERNAL	1	chr4_PATERNAL
NTMT2	1	chr1	1	chr1_MATERNAL	1	chr1_PATERNAL
CNOT2	1	chr12	1	chr12_MATERNAL	1	chr12_PATERNAL
AKR1C2	1	chr10	1	chr10_MATERNAL	1	chr10_PATERNAL
CCER2	1	chr19	1	chr19_MATERNAL	1	chr19_PATERNAL
ZNF133	1	chr20	1	chr20_MATERNAL	1	chr20_PATERNAL
ZHX2	1	chr8	1	chr8_MATERNAL	1	chr8_PATERNAL
TPST1	1	chr7	1	chr7_MATERNAL	1	chr7_PATERNAL
LRRC3	1	chr21	1	chr21_MATERNAL	1	chr21_PATERNAL
BAIAP2L1	1	chr7	1	chr7_MATERNAL	1	chr7_PATERNAL
POLR1E	1	chr9	1	chr9_MATERNAL	1	chr9_PATERNAL
MORC4	1	chrX	1	chrX_MATERNAL	0	None
CKS2	1	chr9	1	chr9_MATERNAL	1	chr9_PATERNAL
CELA3B	1	chr1	1	chr1_MATERNAL	1	chr1_PATERNAL
CRISPLD1	1	chr8	1	chr8_MATERNAL	1	chr8_PATERNAL
H4C13	1	chr6	1	chr6_MATERNAL	1	chr6_PATERNAL
PAPOLA	1	chr14	1	chr14_MATERNAL	1	chr14_PATERNAL
TXNDC17	1	chr17	1	chr17_MATERNAL	1	chr17_PATERNAL
CMYA5	1	chr5	1	chr5_MATERNAL	1	chr5_PATERNAL
TPM2	1	chr9	1	chr9_MATERNAL	1	chr9_PATERNAL
SMU1	1	chr9	1	chr9_MATERNAL	1	chr9_PATERNAL
ZMIZ1	1	chr10	1	chr10_MATERNAL	1	chr10_PATERNAL
ZNF502	1	chr3	1	chr3_MATERNAL	1	chr3_PATERNAL
USP17L10	1	chr4	1	chr4_MATERNAL	1	chr4_PATERNAL
ZMYM1	1	chr1	1	chr1_MATERNAL	1	chr1_PATERNAL
NCAPH	1	chr2	1	chr2_MATERNAL	1	chr2_PATERNAL
DACH2	1	chrX	1	chrX_MATERNAL	0	None
MOB3B	1	chr9	1	chr9_MATERNAL	1	chr9_PATERNAL
KRT14	1	chr17	1	chr17_MATERNAL	1	chr17_PATERNAL
DUOXA2	1	chr15	1	chr15_MATERNAL	1	chr15_PATERNAL
MTMR2	1	chr11	1	chr11_MATERNAL	1	chr11_PATERNAL
L3MBTL1	1	chr20	1	chr20_MATERNAL	1	chr20_PATERNAL
ZCWPW2	1	chr3	1	chr3_MATERNAL	1	chr3_PATERNAL
FBRSL1	1	chr12	1	chr12_MATERNAL	1	chr12_PATERNAL
TBPL2	1	chr14	1	chr14_MATERNAL	1	chr14_PATERNAL
HBEGF	1	chr5	1	chr5_MATERNAL	1	chr5_PATERNAL
METTL21A	1	chr2	1	chr2_MATERNAL	1	chr2_PATERNAL
KPNA2	1	chr17	1	chr17_MATERNAL	1	chr17_PATERNAL
LAMP5	1	chr20	1	chr20_MATERNAL	1	chr20_PATERNAL
INAFM1	1	chr19	1	chr19_MATERNAL	1	chr19_PATERNAL
HSD3B2	1	chr1	1	chr1_MATERNAL	1	chr1_PATERNAL
PROK1	1	chr1	1	chr1_MATERNAL	1	chr1_PATERNAL
ZNF736	1	chr7	1	chr7_MATERNAL	1	chr7_PATERNAL
RBM4B	1	chr11	1	chr11_MATERNAL	1	chr11_PATERNAL
C1orf100	1	chr1	1	chr1_MATERNAL	1	chr1_PATERNAL
SRCAP	1	chr16	1	chr16_MATERNAL	1	chr16_PATERNAL
UBA2	1	chr19	1	chr19_MATERNAL	1	chr19_PATERNAL
LOC107985149	1	chr18	1	chr18_MATERNAL	1	chr18_PATERNAL
C2orf49	1	chr2	1	chr2_MATERNAL	1	chr2_PATERNAL
SNX18	1	chr5	1	chr5_MATERNAL	1	chr5_PATERNAL
ZNF583	1	chr19	1	chr19_MATERNAL	1	chr19_PATERNAL
SMTN	1	chr22	1	chr22_MATERNAL	1	chr22_PATERNAL
ELAVL4	1	chr1	1	chr1_MATERNAL	1	chr1_PATERNAL
HAO1	1	chr20	1	chr20_MATERNAL	1	chr20_PATERNAL
ENOX1	1	chr13	1	chr13_MATERNAL	1	chr13_PATERNAL
KRTAP19-4	1	chr21	1	chr21_MATERNAL	1	chr21_PATERNAL
SASH3	1	chrX	1	chrX_MATERNAL	0	None
GSTM1	0	None	0	None	1	chr1_PATERNAL
LXN	1	chr3	1	chr3_MATERNAL	1	chr3_PATERNAL
TSFM	1	chr12	1	chr12_MATERNAL	1	chr12_PATERNAL
SPINT3	1	chr20	1	chr20_MATERNAL	1	chr20_PATERNAL
CCZ1B	1	chr7	1	chr7_MATERNAL	1	chr7_PATERNAL
MUC2	1	chr11	1	chr11_MATERNAL	1	chr11_PATERNAL
TMEM178A	1	chr2	1	chr2_MATERNAL	1	chr2_PATERNAL
GCHFR	1	chr15	1	chr15_MATERNAL	1	chr15_PATERNAL
TMPPE	1	chr3	1	chr3_MATERNAL	1	chr3_PATERNAL
KDELR3	1	chr22	1	chr22_MATERNAL	1	chr22_PATERNAL
FCAMR	1	chr1	1	chr1_MATERNAL	1	chr1_PATERNAL
SPAG1	1	chr8	1	chr8_MATERNAL	1	chr8_PATERNAL
CCDC81	1	chr11	1	chr11_MATERNAL	1	chr11_PATERNAL
CCR10	1	chr17	1	chr17_MATERNAL	1	chr17_PATERNAL
SRD5A1	1	chr5	1	chr5_MATERNAL	1	chr5_PATERNAL
VPS51	1	chr11	1	chr11_MATERNAL	1	chr11_PATERNAL
SLC35E3	1	chr12	1	chr12_MATERNAL	1	chr12_PATERNAL
KRTAP1-5	1	chr17	1	chr17_MATERNAL	1	chr17_PATERNAL
GYPE	1	chr4	1	chr4_MATERNAL	1	chr4_PATERNAL
CDC14C	1	chr7	1	chr7_MATERNAL	1	chr7_PATERNAL
KRAS	1	chr12	1	chr12_MATERNAL	1	chr12_PATERNAL
FGL1	1	chr8	1	chr8_MATERNAL	1	chr8_PATERNAL
VCY	1	chrY	0	None	1	chrY_PATERNAL
MELTF	1	chr3	1	chr3_MATERNAL	1	chr3_PATERNAL
MARK3	1	chr14	1	chr14_MATERNAL	1	chr14_PATERNAL
ADGRG7	1	chr3	1	chr3_MATERNAL	1	chr3_PATERNAL
ACACA	1	chr17	1	chr17_MATERNAL	1	chr17_PATERNAL
GET1	1	chr21	1	chr21_MATERNAL	1	chr21_PATERNAL
KCTD16	1	chr5	1	chr5_MATERNAL	1	chr5_PATERNAL
CCDC93	1	chr2	1	chr2_MATERNAL	1	chr2_PATERNAL
NEDD1	1	chr12	1	chr12_MATERNAL	1	chr12_PATERNAL
NOS3	1	chr7	1	chr7_MATERNAL	1	chr7_PATERNAL
VEGFB	1	chr11	1	chr11_MATERNAL	1	chr11_PATERNAL
INPP5B	1	chr1	1	chr1_MATERNAL	1	chr1_PATERNAL
SMIM8	1	chr6	1	chr6_MATERNAL	1	chr6_PATERNAL
EGFL6	1	chrX	1	chrX_MATERNAL	0	None
ARHGEF40	1	chr14	1	chr14_MATERNAL	1	chr14_PATERNAL
LOC124901652	5	chr7,chr7,chr7,chr7,chr7	7	chr7_MATERNAL,chr7_MATERNAL,chr7_MATERNAL,chr7_MATERNAL,chr7_MATERNAL,chr7_MATERNAL,chr7_MATERNAL	6	chr7_PATERNAL,chr7_PATERNAL,chr7_PATERNAL,chr7_PATERNAL,chr7_PATERNAL,chr7_PATERNAL
RIPK1	1	chr6	1	chr6_MATERNAL	1	chr6_PATERNAL
LAT2	1	chr7	1	chr7_MATERNAL	1	chr7_PATERNAL
RGPD8	1	chr2	1	chr2_MATERNAL	1	chr2_PATERNAL
KHDC3L	1	chr6	1	chr6_MATERNAL	1	chr6_PATERNAL
LRMDA	1	chr10	1	chr10_MATERNAL	1	chr10_PATERNAL
RASSF10	1	chr11	1	chr11_MATERNAL	1	chr11_PATERNAL
ACAD11	1	chr3	1	chr3_MATERNAL	1	chr3_PATERNAL
TEX35	1	chr1	1	chr1_MATERNAL	1	chr1_PATERNAL
CD80	1	chr3	1	chr3_MATERNAL	1	chr3_PATERNAL
STOML3	1	chr13	1	chr13_MATERNAL	1	chr13_PATERNAL
ZNF385A	1	chr12	1	chr12_MATERNAL	1	chr12_PATERNAL
CARD11	1	chr7	1	chr7_MATERNAL	1	chr7_PATERNAL
ARMC8	1	chr3	1	chr3_MATERNAL	1	chr3_PATERNAL
ZNF727	1	chr7	1	chr7_MATERNAL	1	chr7_PATERNAL
PRG2	1	chr11	1	chr11_MATERNAL	1	chr11_PATERNAL
LAD1	1	chr1	1	chr1_MATERNAL	1	chr1_PATERNAL
ZNF410	1	chr14	1	chr14_MATERNAL	1	chr14_PATERNAL
OR3A1	1	chr17	1	chr17_MATERNAL	1	chr17_PATERNAL
TIMD4	1	chr5	1	chr5_MATERNAL	1	chr5_PATERNAL
KCNAB3	1	chr17	1	chr17_MATERNAL	1	chr17_PATERNAL
GRK3	1	chr22	1	chr22_MATERNAL	1	chr22_PATERNAL
XRCC3	1	chr14	1	chr14_MATERNAL	1	chr14_PATERNAL
STK25	1	chr2	1	chr2_MATERNAL	1	chr2_PATERNAL
DKK2	1	chr4	1	chr4_MATERNAL	1	chr4_PATERNAL
SLAMF8	1	chr1	1	chr1_MATERNAL	1	chr1_PATERNAL
GGA2	1	chr16	1	chr16_MATERNAL	1	chr16_PATERNAL
CBWD3	1	chr9	1	chr9_MATERNAL	1	chr9_PATERNAL
COMMD10	1	chr5	1	chr5_MATERNAL	1	chr5_PATERNAL
C1orf53	1	chr1	1	chr1_MATERNAL	1	chr1_PATERNAL
C4orf36	1	chr4	1	chr4_MATERNAL	1	chr4_PATERNAL
COL4A5	1	chrX	1	chrX_MATERNAL	0	None
SLC28A1	1	chr15	1	chr15_MATERNAL	1	chr15_PATERNAL
WDSUB1	1	chr2	1	chr2_MATERNAL	1	chr2_PATERNAL
ATN1	1	chr12	1	chr12_MATERNAL	1	chr12_PATERNAL
USP17L15	1	chr4	2	chr4_MATERNAL,chr4_MATERNAL	1	chr4_PATERNAL
GTPBP2	1	chr6	1	chr6_MATERNAL	1	chr6_PATERNAL
MEOX2	1	chr7	1	chr7_MATERNAL	1	chr7_PATERNAL
TRIM75	1	chr4	1	chr4_MATERNAL	1	chr4_PATERNAL
ATL2	1	chr2	1	chr2_MATERNAL	1	chr2_PATERNAL
RGS6	1	chr14	1	chr14_MATERNAL	1	chr14_PATERNAL
TFPI2	1	chr7	1	chr7_MATERNAL	1	chr7_PATERNAL
CHRM5	1	chr15	1	chr15_MATERNAL	1	chr15_PATERNAL
LOC124902474	1	chr10	1	chr10_MATERNAL	1	chr10_PATERNAL
BRI3	1	chr7	1	chr7_MATERNAL	1	chr7_PATERNAL
TMEM151B	1	chr6	1	chr6_MATERNAL	1	chr6_PATERNAL
POM121L12	1	chr7	1	chr7_MATERNAL	1	chr7_PATERNAL
SDHB	1	chr1	1	chr1_MATERNAL	1	chr1_PATERNAL
CBY3	1	chr5	1	chr5_MATERNAL	1	chr5_PATERNAL
STX16	1	chr20	1	chr20_MATERNAL	1	chr20_PATERNAL
SLC4A4	1	chr4	1	chr4_MATERNAL	1	chr4_PATERNAL
ABCF3	1	chr3	1	chr3_MATERNAL	1	chr3_PATERNAL
WNT10B	1	chr12	1	chr12_MATERNAL	1	chr12_PATERNAL
SMC1A	1	chrX	1	chrX_MATERNAL	0	None
MYO1F	1	chr19	1	chr19_MATERNAL	1	chr19_PATERNAL
HMOX1	1	chr22	1	chr22_MATERNAL	1	chr22_PATERNAL
A2M	1	chr12	1	chr12_MATERNAL	1	chr12_PATERNAL
BRCA1	1	chr17	1	chr17_MATERNAL	1	chr17_PATERNAL
KRTAP13-1	1	chr21	1	chr21_MATERNAL	1	chr21_PATERNAL
OXER1	1	chr2	1	chr2_MATERNAL	1	chr2_PATERNAL
TAS2R13	1	chr12	1	chr12_MATERNAL	1	chr12_PATERNAL
BOD1L2	1	chr18	1	chr18_MATERNAL	1	chr18_PATERNAL
TMBIM4	1	chr12	1	chr12_MATERNAL	1	chr12_PATERNAL
IRF2BPL	1	chr14	1	chr14_MATERNAL	1	chr14_PATERNAL
OR7D4	1	chr19	1	chr19_MATERNAL	1	chr19_PATERNAL
EPHA5	1	chr4	1	chr4_MATERNAL	1	chr4_PATERNAL
ATP2B2	1	chr3	1	chr3_MATERNAL	1	chr3_PATERNAL
RAB40A	1	chrX	1	chrX_MATERNAL	0	None
SMR3A	1	chr4	1	chr4_MATERNAL	1	chr4_PATERNAL
KLK15	1	chr19	1	chr19_MATERNAL	1	chr19_PATERNAL
GFPT2	1	chr5	1	chr5_MATERNAL	1	chr5_PATERNAL
KRIT1	1	chr7	1	chr7_MATERNAL	1	chr7_PATERNAL
FAAP24	1	chr19	1	chr19_MATERNAL	1	chr19_PATERNAL
C17orf100	1	chr17	1	chr17_MATERNAL	1	chr17_PATERNAL
ZNF723	1	chr19	1	chr19_MATERNAL	1	chr19_PATERNAL
ZNF875	1	chr19	1	chr19_MATERNAL	1	chr19_PATERNAL
ANXA8	1	chr10	1	chr10_MATERNAL	1	chr10_PATERNAL
SH3BP1	1	chr22	1	chr22_MATERNAL	1	chr22_PATERNAL
ZNF362	1	chr1	1	chr1_MATERNAL	1	chr1_PATERNAL
RPL4	1	chr15	1	chr15_MATERNAL	1	chr15_PATERNAL
USP6	1	chr17	1	chr17_MATERNAL	1	chr17_PATERNAL
HSFX1	1	chrX	1	chrX_MATERNAL	0	None
CYSLTR2	1	chr13	1	chr13_MATERNAL	1	chr13_PATERNAL
PGBD2	1	chr1	1	chr1_MATERNAL	1	chr1_PATERNAL
TMEM213	1	chr7	1	chr7_MATERNAL	1	chr7_PATERNAL
LTF	1	chr3	1	chr3_MATERNAL	1	chr3_PATERNAL
CPNE4	1	chr3	1	chr3_MATERNAL	1	chr3_PATERNAL
ANKMY1	1	chr2	1	chr2_MATERNAL	1	chr2_PATERNAL
DLGAP4	1	chr20	1	chr20_MATERNAL	1	chr20_PATERNAL
CWH43	1	chr4	1	chr4_MATERNAL	1	chr4_PATERNAL
ZNF773	1	chr19	1	chr19_MATERNAL	1	chr19_PATERNAL
EFHD1	1	chr2	1	chr2_MATERNAL	1	chr2_PATERNAL
SHC3	1	chr9	1	chr9_MATERNAL	1	chr9_PATERNAL
SFPQ	1	chr1	1	chr1_MATERNAL	1	chr1_PATERNAL
OLFM4	1	chr13	1	chr13_MATERNAL	1	chr13_PATERNAL
XCL1	1	chr1	1	chr1_MATERNAL	1	chr1_PATERNAL
HAT1	1	chr2	1	chr2_MATERNAL	1	chr2_PATERNAL
NUAK2	1	chr1	1	chr1_MATERNAL	1	chr1_PATERNAL
LMX1A	1	chr1	1	chr1_MATERNAL	1	chr1_PATERNAL
ST3GAL3	1	chr1	1	chr1_MATERNAL	1	chr1_PATERNAL
PRAC1	1	chr17	1	chr17_MATERNAL	1	chr17_PATERNAL
MRPL23	1	chr11	1	chr11_MATERNAL	1	chr11_PATERNAL
MCCC2	1	chr5	1	chr5_MATERNAL	1	chr5_PATERNAL
CA11	1	chr19	1	chr19_MATERNAL	1	chr19_PATERNAL
H4C1	1	chr6	1	chr6_MATERNAL	1	chr6_PATERNAL
SVOPL	1	chr7	1	chr7_MATERNAL	1	chr7_PATERNAL
MTFMT	1	chr15	1	chr15_MATERNAL	1	chr15_PATERNAL
ZNF880	1	chr19	1	chr19_MATERNAL	1	chr19_PATERNAL
TMEM68	1	chr8	1	chr8_MATERNAL	1	chr8_PATERNAL
GPC3	1	chrX	1	chrX_MATERNAL	0	None
RGPD4	1	chr2	1	chr2_MATERNAL	1	chr2_PATERNAL
ARV1	1	chr1	1	chr1_MATERNAL	1	chr1_PATERNAL
NEUROD2	1	chr17	1	chr17_MATERNAL	1	chr17_PATERNAL
SDK1	1	chr7	1	chr7_MATERNAL	1	chr7_PATERNAL
IGFL1	1	chr19	1	chr19_MATERNAL	1	chr19_PATERNAL
CRYBB2	1	chr22	1	chr22_MATERNAL	1	chr22_PATERNAL
ADAMTS14	1	chr10	1	chr10_MATERNAL	1	chr10_PATERNAL
INSL3	1	chr19	1	chr19_MATERNAL	1	chr19_PATERNAL
TNFRSF13C	1	chr22	1	chr22_MATERNAL	1	chr22_PATERNAL
TPRX2	1	chr19	1	chr19_MATERNAL	1	chr19_PATERNAL
GRM7	1	chr3	1	chr3_MATERNAL	1	chr3_PATERNAL
GLCCI1	1	chr7	1	chr7_MATERNAL	1	chr7_PATERNAL
RIMBP3C	1	chr22	2	chr22_MATERNAL,chr22_MATERNAL	1	chr22_PATERNAL
PHETA2	1	chr22	1	chr22_MATERNAL	1	chr22_PATERNAL
EPHX3	1	chr19	1	chr19_MATERNAL	1	chr19_PATERNAL
ILVBL	1	chr19	1	chr19_MATERNAL	1	chr19_PATERNAL
HSD11B1	1	chr1	1	chr1_MATERNAL	1	chr1_PATERNAL
BAG2	1	chr6	1	chr6_MATERNAL	1	chr6_PATERNAL
MND1	1	chr4	1	chr4_MATERNAL	1	chr4_PATERNAL
TTYH1	1	chr19	1	chr19_MATERNAL	1	chr19_PATERNAL
CD8B2	1	chr2	1	chr2_MATERNAL	1	chr2_PATERNAL
DSG2	1	chr18	1	chr18_MATERNAL	1	chr18_PATERNAL
MAGI1	1	chr3	1	chr3_MATERNAL	1	chr3_PATERNAL
WNT9B	1	chr17	1	chr17_MATERNAL	1	chr17_PATERNAL
ANKRD16	1	chr10	1	chr10_MATERNAL	1	chr10_PATERNAL
CLEC16A	1	chr16	1	chr16_MATERNAL	1	chr16_PATERNAL
SUMO3	1	chr21	1	chr21_MATERNAL	1	chr21_PATERNAL
EPB42	1	chr15	1	chr15_MATERNAL	1	chr15_PATERNAL
EXD2	1	chr14	1	chr14_MATERNAL	1	chr14_PATERNAL
NLRP10	1	chr11	1	chr11_MATERNAL	1	chr11_PATERNAL
ACO2	1	chr22	1	chr22_MATERNAL	1	chr22_PATERNAL
LOC124903452	1	chr15	1	chr15_MATERNAL	1	chr15_PATERNAL
ASIC4	1	chr2	1	chr2_MATERNAL	1	chr2_PATERNAL
ARID3A	1	chr19	1	chr19_MATERNAL	1	chr19_PATERNAL
IGF2BP3	1	chr7	1	chr7_MATERNAL	1	chr7_PATERNAL
KIF2B	1	chr17	1	chr17_MATERNAL	1	chr17_PATERNAL
FAM118A	1	chr22	1	chr22_MATERNAL	1	chr22_PATERNAL
MYL9	1	chr20	1	chr20_MATERNAL	1	chr20_PATERNAL
SYTL3	1	chr6	1	chr6_MATERNAL	1	chr6_PATERNAL
SRP68	1	chr17	1	chr17_MATERNAL	1	chr17_PATERNAL
ZNF622	1	chr5	1	chr5_MATERNAL	1	chr5_PATERNAL
BRI3BP	1	chr12	1	chr12_MATERNAL	1	chr12_PATERNAL
MT1HL1	1	chr1	1	chr1_MATERNAL	1	chr1_PATERNAL
TPP2	1	chr13	1	chr13_MATERNAL	1	chr13_PATERNAL
TTC39A	1	chr1	1	chr1_MATERNAL	1	chr1_PATERNAL
DOK3	1	chr5	1	chr5_MATERNAL	1	chr5_PATERNAL
FMR1	1	chrX	1	chrX_MATERNAL	0	None
LCE3E	1	chr1	1	chr1_MATERNAL	1	chr1_PATERNAL
DCN	1	chr12	1	chr12_MATERNAL	1	chr12_PATERNAL
PPP2R5B	1	chr11	1	chr11_MATERNAL	1	chr11_PATERNAL
DEFB108B	1	chr11	1	chr11_MATERNAL	1	chr11_PATERNAL
GSTA5	1	chr6	1	chr6_MATERNAL	1	chr6_PATERNAL
GSAP	1	chr7	1	chr7_MATERNAL	1	chr7_PATERNAL
PKHD1	1	chr6	1	chr6_MATERNAL	1	chr6_PATERNAL
TUT4	1	chr1	1	chr1_MATERNAL	1	chr1_PATERNAL
ZFY	1	chrY	0	None	1	chrY_PATERNAL
BMP2	1	chr20	1	chr20_MATERNAL	1	chr20_PATERNAL
LOC112268076	1	chr11	1	chr11_MATERNAL	1	chr11_PATERNAL
TTLL13	1	chr15	1	chr15_MATERNAL	1	chr15_PATERNAL
HTR2B	1	chr2	1	chr2_MATERNAL	1	chr2_PATERNAL
ADAMTS16	1	chr5	1	chr5_MATERNAL	1	chr5_PATERNAL
PRLH	1	chr2	1	chr2_MATERNAL	1	chr2_PATERNAL
TEX47	1	chr7	1	chr7_MATERNAL	1	chr7_PATERNAL
TUBB4B	1	chr9	1	chr9_MATERNAL	1	chr9_PATERNAL
NEXMIF	1	chrX	1	chrX_MATERNAL	0	None
CAMK2G	1	chr10	1	chr10_MATERNAL	1	chr10_PATERNAL
MALL	1	chr2	1	chr2_MATERNAL	1	chr2_PATERNAL
ZNF706	1	chr8	1	chr8_MATERNAL	1	chr8_PATERNAL
CDH4	1	chr20	1	chr20_MATERNAL	1	chr20_PATERNAL
RAB24	1	chr5	1	chr5_MATERNAL	1	chr5_PATERNAL
GON7	1	chr14	1	chr14_MATERNAL	1	chr14_PATERNAL
LOC124900839	1	chr4	1	chr4_MATERNAL	1	chr4_PATERNAL
STK32C	1	chr10	1	chr10_MATERNAL	1	chr10_PATERNAL
TMEM132A	1	chr11	1	chr11_MATERNAL	1	chr11_PATERNAL
CHRM4	1	chr11	1	chr11_MATERNAL	1	chr11_PATERNAL
RPL7L1	1	chr6	1	chr6_MATERNAL	1	chr6_PATERNAL
SUSD1	1	chr9	1	chr9_MATERNAL	1	chr9_PATERNAL
NODAL	1	chr10	1	chr10_MATERNAL	1	chr10_PATERNAL
C16orf54	1	chr16	1	chr16_MATERNAL	1	chr16_PATERNAL
NCOR1	1	chr17	1	chr17_MATERNAL	1	chr17_PATERNAL
SYCE2	1	chr19	1	chr19_MATERNAL	1	chr19_PATERNAL
BEX2	1	chrX	1	chrX_MATERNAL	0	None
CHRNA4	1	chr20	1	chr20_MATERNAL	1	chr20_PATERNAL
KRT84	1	chr12	1	chr12_MATERNAL	1	chr12_PATERNAL
LOC124902602	1	chr11	1	chr11_MATERNAL	1	chr11_PATERNAL
MYH4	1	chr17	1	chr17_MATERNAL	1	chr17_PATERNAL
ZNF225	1	chr19	1	chr19_MATERNAL	1	chr19_PATERNAL
SPDYE4	1	chr17	1	chr17_MATERNAL	1	chr17_PATERNAL
LOC105375947	1	chr9	1	chr9_MATERNAL	1	chr9_PATERNAL
ZSWIM5	1	chr1	1	chr1_MATERNAL	1	chr1_PATERNAL
H2AC1	1	chr6	1	chr6_MATERNAL	1	chr6_PATERNAL
ALKBH2	1	chr12	1	chr12_MATERNAL	1	chr12_PATERNAL
PARP9	1	chr3	1	chr3_MATERNAL	1	chr3_PATERNAL
PPFIA2	1	chr12	1	chr12_MATERNAL	1	chr12_PATERNAL
PRAM1	1	chr19	1	chr19_MATERNAL	1	chr19_PATERNAL
OR1C1	1	chr1	1	chr1_MATERNAL	1	chr1_PATERNAL
HCN4	1	chr15	1	chr15_MATERNAL	1	chr15_PATERNAL
CCDC117	1	chr22	1	chr22_MATERNAL	1	chr22_PATERNAL
ASTL	1	chr2	1	chr2_MATERNAL	1	chr2_PATERNAL
OR8B12	1	chr11	1	chr11_MATERNAL	1	chr11_PATERNAL
RTTN	1	chr18	1	chr18_MATERNAL	1	chr18_PATERNAL
CEP104	1	chr1	1	chr1_MATERNAL	1	chr1_PATERNAL
TKT	1	chr3	1	chr3_MATERNAL	1	chr3_PATERNAL
GXYLT2	1	chr3	1	chr3_MATERNAL	1	chr3_PATERNAL
PODXL2	1	chr3	1	chr3_MATERNAL	1	chr3_PATERNAL
MT1G	1	chr16	1	chr16_MATERNAL	1	chr16_PATERNAL
RPP21	1	chr6	1	chr6_MATERNAL	1	chr6_PATERNAL
C12orf60	1	chr12	1	chr12_MATERNAL	1	chr12_PATERNAL
ZSCAN12	1	chr6	1	chr6_MATERNAL	1	chr6_PATERNAL
HCFC1R1	1	chr16	1	chr16_MATERNAL	1	chr16_PATERNAL
EIF3K	1	chr19	1	chr19_MATERNAL	1	chr19_PATERNAL
OTUB2	1	chr14	1	chr14_MATERNAL	1	chr14_PATERNAL
DNAH8	1	chr6	1	chr6_MATERNAL	1	chr6_PATERNAL
GTF2A2	1	chr15	1	chr15_MATERNAL	1	chr15_PATERNAL
LAT	1	chr16	1	chr16_MATERNAL	1	chr16_PATERNAL
PAIP2	1	chr5	1	chr5_MATERNAL	1	chr5_PATERNAL
ZNF335	1	chr20	1	chr20_MATERNAL	1	chr20_PATERNAL
PRELID3B	1	chr20	1	chr20_MATERNAL	1	chr20_PATERNAL
ZNF98	1	chr19	1	chr19_MATERNAL	1	chr19_PATERNAL
AGAP6	1	chr10	1	chr10_MATERNAL	1	chr10_PATERNAL
GOLPH3L	1	chr1	1	chr1_MATERNAL	1	chr1_PATERNAL
NAA25	1	chr12	1	chr12_MATERNAL	1	chr12_PATERNAL
FAM216A	1	chr12	1	chr12_MATERNAL	1	chr12_PATERNAL
KCNS1	1	chr20	1	chr20_MATERNAL	1	chr20_PATERNAL
DECR2	1	chr16	1	chr16_MATERNAL	1	chr16_PATERNAL
PIK3R3	1	chr1	1	chr1_MATERNAL	1	chr1_PATERNAL
KLF11	1	chr2	1	chr2_MATERNAL	1	chr2_PATERNAL
ALG10	1	chr12	1	chr12_MATERNAL	1	chr12_PATERNAL
GPIHBP1	1	chr8	1	chr8_MATERNAL	1	chr8_PATERNAL
CAPNS1	1	chr19	1	chr19_MATERNAL	1	chr19_PATERNAL
MPC2	1	chr1	1	chr1_MATERNAL	1	chr1_PATERNAL
CPSF3	1	chr2	1	chr2_MATERNAL	1	chr2_PATERNAL
SLC22A23	1	chr6	1	chr6_MATERNAL	1	chr6_PATERNAL
ORC2	1	chr2	1	chr2_MATERNAL	1	chr2_PATERNAL
DUOXA1	1	chr15	1	chr15_MATERNAL	1	chr15_PATERNAL
RBM6	1	chr3	1	chr3_MATERNAL	1	chr3_PATERNAL
KRTAP21-1	1	chr21	1	chr21_MATERNAL	1	chr21_PATERNAL
ACP2	1	chr11	1	chr11_MATERNAL	1	chr11_PATERNAL
PMIS2	1	chr19	1	chr19_MATERNAL	1	chr19_PATERNAL
PRPF6	1	chr20	1	chr20_MATERNAL	1	chr20_PATERNAL
ARL2	1	chr11	1	chr11_MATERNAL	1	chr11_PATERNAL
COL26A1	1	chr7	1	chr7_MATERNAL	1	chr7_PATERNAL
SERPINB6	1	chr6	1	chr6_MATERNAL	1	chr6_PATERNAL
RASSF8	1	chr12	1	chr12_MATERNAL	1	chr12_PATERNAL
EIF1AY	1	chrY	0	None	1	chrY_PATERNAL
DHX9	1	chr1	1	chr1_MATERNAL	1	chr1_PATERNAL
CCDC6	1	chr10	1	chr10_MATERNAL	1	chr10_PATERNAL
TRAF5	1	chr1	1	chr1_MATERNAL	1	chr1_PATERNAL
FAM237B	1	chr7	1	chr7_MATERNAL	1	chr7_PATERNAL
FOLR1	1	chr11	1	chr11_MATERNAL	1	chr11_PATERNAL
PRPH2	1	chr6	1	chr6_MATERNAL	1	chr6_PATERNAL
ERVK3-1	1	chr19	1	chr19_MATERNAL	1	chr19_PATERNAL
ROCK2	1	chr2	1	chr2_MATERNAL	1	chr2_PATERNAL
LDOC1	1	chrX	1	chrX_MATERNAL	0	None
HOXB2	1	chr17	1	chr17_MATERNAL	1	chr17_PATERNAL
DRD4	1	chr11	1	chr11_MATERNAL	1	chr11_PATERNAL
UFL1	1	chr6	1	chr6_MATERNAL	1	chr6_PATERNAL
HOXC8	1	chr12	1	chr12_MATERNAL	1	chr12_PATERNAL
AZGP1	1	chr7	1	chr7_MATERNAL	1	chr7_PATERNAL
TAS2R42	1	chr12	1	chr12_MATERNAL	1	chr12_PATERNAL
KIF13A	1	chr6	1	chr6_MATERNAL	1	chr6_PATERNAL
NEGR1	1	chr1	1	chr1_MATERNAL	1	chr1_PATERNAL
HNRNPM	1	chr19	1	chr19_MATERNAL	1	chr19_PATERNAL
LGI2	1	chr4	1	chr4_MATERNAL	1	chr4_PATERNAL
CCNQ	1	chrX	1	chrX_MATERNAL	0	None
SYNPR	1	chr3	1	chr3_MATERNAL	1	chr3_PATERNAL
HGD	1	chr3	1	chr3_MATERNAL	1	chr3_PATERNAL
CEP162	1	chr6	1	chr6_MATERNAL	1	chr6_PATERNAL
COQ8A	1	chr1	1	chr1_MATERNAL	1	chr1_PATERNAL
SYNGR3	1	chr16	1	chr16_MATERNAL	1	chr16_PATERNAL
CUBN	1	chr10	1	chr10_MATERNAL	1	chr10_PATERNAL
POT1	1	chr7	1	chr7_MATERNAL	1	chr7_PATERNAL
SCNN1D	1	chr1	1	chr1_MATERNAL	1	chr1_PATERNAL
CLEC4G	1	chr19	1	chr19_MATERNAL	1	chr19_PATERNAL
COX15	1	chr10	1	chr10_MATERNAL	1	chr10_PATERNAL
TAP1	1	chr6	1	chr6_MATERNAL	1	chr6_PATERNAL
RESF1	1	chr12	1	chr12_MATERNAL	1	chr12_PATERNAL
STX10	1	chr19	1	chr19_MATERNAL	1	chr19_PATERNAL
ERCC6L2	1	chr9	1	chr9_MATERNAL	1	chr9_PATERNAL
LMOD1	1	chr1	1	chr1_MATERNAL	1	chr1_PATERNAL
COG8	1	chr16	1	chr16_MATERNAL	1	chr16_PATERNAL
CUL4B	1	chrX	1	chrX_MATERNAL	0	None
UBB	1	chr17	1	chr17_MATERNAL	1	chr17_PATERNAL
RIMBP2	1	chr12	1	chr12_MATERNAL	1	chr12_PATERNAL
PSMG4	1	chr6	1	chr6_MATERNAL	1	chr6_PATERNAL
NKIRAS1	1	chr3	1	chr3_MATERNAL	1	chr3_PATERNAL
PPP1R42	1	chr8	1	chr8_MATERNAL	1	chr8_PATERNAL
CITED2	1	chr6	1	chr6_MATERNAL	1	chr6_PATERNAL
COG5	1	chr7	1	chr7_MATERNAL	1	chr7_PATERNAL
SPAG17	1	chr1	1	chr1_MATERNAL	1	chr1_PATERNAL
RNF43	1	chr17	1	chr17_MATERNAL	1	chr17_PATERNAL
CHRNA6	1	chr8	1	chr8_MATERNAL	1	chr8_PATERNAL
PCSK9	1	chr1	1	chr1_MATERNAL	1	chr1_PATERNAL
PSMC5	1	chr17	1	chr17_MATERNAL	1	chr17_PATERNAL
PRSS54	1	chr16	1	chr16_MATERNAL	1	chr16_PATERNAL
SLC38A10	1	chr17	1	chr17_MATERNAL	1	chr17_PATERNAL
NLRP9	1	chr19	1	chr19_MATERNAL	1	chr19_PATERNAL
NDC1	1	chr1	1	chr1_MATERNAL	1	chr1_PATERNAL
DOK4	1	chr16	1	chr16_MATERNAL	1	chr16_PATERNAL
TM4SF18	1	chr3	1	chr3_MATERNAL	1	chr3_PATERNAL
DEFB107A	2	chr8,chr8	1	chr8_MATERNAL	2	chr8_PATERNAL,chr8_PATERNAL
MTA1	1	chr14	1	chr14_MATERNAL	1	chr14_PATERNAL
TTLL8	1	chr22	1	chr22_MATERNAL	1	chr22_PATERNAL
PRKCQ	1	chr10	1	chr10_MATERNAL	1	chr10_PATERNAL
DMTN	1	chr8	1	chr8_MATERNAL	1	chr8_PATERNAL
LOC124903713	1	chr16	1	chr16_MATERNAL	1	chr16_PATERNAL
WFDC10B	1	chr20	1	chr20_MATERNAL	1	chr20_PATERNAL
CD164L2	1	chr1	1	chr1_MATERNAL	1	chr1_PATERNAL
OR5BS1P	1	chr12	1	chr12_MATERNAL	1	chr12_PATERNAL
ARL13A	1	chrX	1	chrX_MATERNAL	0	None
TNFSF12	1	chr17	1	chr17_MATERNAL	1	chr17_PATERNAL
RUFY1	1	chr5	1	chr5_MATERNAL	1	chr5_PATERNAL
AQP7	1	chr9	1	chr9_MATERNAL	1	chr9_PATERNAL
VPS13C	1	chr15	1	chr15_MATERNAL	1	chr15_PATERNAL
CHORDC1	1	chr11	1	chr11_MATERNAL	1	chr11_PATERNAL
ZNF514	1	chr2	1	chr2_MATERNAL	1	chr2_PATERNAL
PTP4A1	1	chr6	1	chr6_MATERNAL	1	chr6_PATERNAL
C1orf122	1	chr1	1	chr1_MATERNAL	1	chr1_PATERNAL
CPSF6	1	chr12	1	chr12_MATERNAL	1	chr12_PATERNAL
APIP	1	chr11	1	chr11_MATERNAL	1	chr11_PATERNAL
CA3	1	chr8	1	chr8_MATERNAL	1	chr8_PATERNAL
ZNF117	1	chr7	1	chr7_MATERNAL	1	chr7_PATERNAL
PIGN	1	chr18	1	chr18_MATERNAL	1	chr18_PATERNAL
ERVH48-1	1	chr21	1	chr21_MATERNAL	1	chr21_PATERNAL
MMP28	1	chr17	1	chr17_MATERNAL	1	chr17_PATERNAL
SPATA5L1	1	chr15	1	chr15_MATERNAL	1	chr15_PATERNAL
LATS1	1	chr6	1	chr6_MATERNAL	1	chr6_PATERNAL
ARIH2	1	chr3	1	chr3_MATERNAL	1	chr3_PATERNAL
PRAME	1	chr22	1	chr22_MATERNAL	1	chr22_PATERNAL
ADCYAP1R1	1	chr7	1	chr7_MATERNAL	1	chr7_PATERNAL
H2BC11	1	chr6	1	chr6_MATERNAL	1	chr6_PATERNAL
OR52K1	1	chr11	1	chr11_MATERNAL	1	chr11_PATERNAL
MRLN	1	chr10	1	chr10_MATERNAL	1	chr10_PATERNAL
PMP22	1	chr17	1	chr17_MATERNAL	1	chr17_PATERNAL
KDM4D	1	chr11	1	chr11_MATERNAL	1	chr11_PATERNAL
MTF2	1	chr1	1	chr1_MATERNAL	1	chr1_PATERNAL
TMEM168	1	chr7	1	chr7_MATERNAL	1	chr7_PATERNAL
ASPG	1	chr14	1	chr14_MATERNAL	1	chr14_PATERNAL
DCHS1	1	chr11	1	chr11_MATERNAL	1	chr11_PATERNAL
MAP1LC3BP1	1	chr9	1	chr9_MATERNAL	1	chr9_PATERNAL
VHLL	1	chr1	1	chr1_MATERNAL	1	chr1_PATERNAL
HGSNAT	1	chr8	1	chr8_MATERNAL	1	chr8_PATERNAL
NPAP1	1	chr15	1	chr15_MATERNAL	1	chr15_PATERNAL
MOB3C	1	chr1	1	chr1_MATERNAL	1	chr1_PATERNAL
ZBP1	1	chr20	1	chr20_MATERNAL	1	chr20_PATERNAL
METTL2A	1	chr17	1	chr17_MATERNAL	1	chr17_PATERNAL
CYP27B1	1	chr12	1	chr12_MATERNAL	1	chr12_PATERNAL
LOC124901110	1	chr5	1	chr5_MATERNAL	1	chr5_PATERNAL
CBLB	1	chr3	1	chr3_MATERNAL	1	chr3_PATERNAL
SRR	1	chr17	1	chr17_MATERNAL	1	chr17_PATERNAL
RFPL4B	1	chr6	1	chr6_MATERNAL	1	chr6_PATERNAL
CEP78	1	chr9	1	chr9_MATERNAL	1	chr9_PATERNAL
NAXE	1	chr1	1	chr1_MATERNAL	1	chr1_PATERNAL
WNT8A	1	chr5	1	chr5_MATERNAL	1	chr5_PATERNAL
IL2RB	1	chr22	1	chr22_MATERNAL	1	chr22_PATERNAL
RMC1	1	chr18	1	chr18_MATERNAL	1	chr18_PATERNAL
SLC46A3	1	chr13	1	chr13_MATERNAL	1	chr13_PATERNAL
FN1	1	chr2	1	chr2_MATERNAL	1	chr2_PATERNAL
PTPRS	1	chr19	1	chr19_MATERNAL	1	chr19_PATERNAL
CEP192	1	chr18	1	chr18_MATERNAL	1	chr18_PATERNAL
TRAT1	1	chr3	1	chr3_MATERNAL	1	chr3_PATERNAL
H1-4	1	chr6	1	chr6_MATERNAL	1	chr6_PATERNAL
GALC	1	chr14	1	chr14_MATERNAL	1	chr14_PATERNAL
CCND3	1	chr6	1	chr6_MATERNAL	1	chr6_PATERNAL
PPWD1	1	chr5	1	chr5_MATERNAL	1	chr5_PATERNAL
GLT8D1	1	chr3	1	chr3_MATERNAL	1	chr3_PATERNAL
SAT1	1	chrX	1	chrX_MATERNAL	0	None
RAMACL	1	chr6	1	chr6_MATERNAL	1	chr6_PATERNAL
DHRS4	1	chr14	1	chr14_MATERNAL	1	chr14_PATERNAL
FAM90A8	1	chr8	9	chr8_MATERNAL,chr8_MATERNAL,chr8_MATERNAL,chr8_MATERNAL,chr8_MATERNAL,chr8_MATERNAL,chr8_MATERNAL,chr8_MATERNAL,chr8_MATERNAL	1	chr8_PATERNAL
FGF8	1	chr10	1	chr10_MATERNAL	1	chr10_PATERNAL
TM7SF2	1	chr11	1	chr11_MATERNAL	1	chr11_PATERNAL
BFAR	1	chr16	1	chr16_MATERNAL	1	chr16_PATERNAL
KCNE1	0	None	1	chr21_MATERNAL	1	chr21_PATERNAL
PCDH8	1	chr13	1	chr13_MATERNAL	1	chr13_PATERNAL
NAA10	1	chrX	1	chrX_MATERNAL	0	None
HEYL	1	chr1	1	chr1_MATERNAL	1	chr1_PATERNAL
WDR6	1	chr3	1	chr3_MATERNAL	1	chr3_PATERNAL
UTY	1	chrY	0	None	1	chrY_PATERNAL
TMEM222	1	chr1	1	chr1_MATERNAL	1	chr1_PATERNAL
CEP112	1	chr17	1	chr17_MATERNAL	1	chr17_PATERNAL
WDR38	1	chr9	1	chr9_MATERNAL	1	chr9_PATERNAL
POLR2A	1	chr17	1	chr17_MATERNAL	1	chr17_PATERNAL
LSMEM1	1	chr7	1	chr7_MATERNAL	1	chr7_PATERNAL
CNRIP1	1	chr2	1	chr2_MATERNAL	1	chr2_PATERNAL
CCDC141	1	chr2	1	chr2_MATERNAL	1	chr2_PATERNAL
ATP1B4	1	chrX	1	chrX_MATERNAL	0	None
ASB11	1	chrX	1	chrX_MATERNAL	0	None
CAMTA2	1	chr17	1	chr17_MATERNAL	1	chr17_PATERNAL
APOE	1	chr19	1	chr19_MATERNAL	1	chr19_PATERNAL
C11orf54	1	chr11	1	chr11_MATERNAL	1	chr11_PATERNAL
NFYA	1	chr6	1	chr6_MATERNAL	1	chr6_PATERNAL
ST20-MTHFS	1	chr15	1	chr15_MATERNAL	1	chr15_PATERNAL
FAM110C	1	chr2	1	chr2_MATERNAL	1	chr2_PATERNAL
RNF19A	1	chr8	1	chr8_MATERNAL	1	chr8_PATERNAL
SGPP1	1	chr14	1	chr14_MATERNAL	1	chr14_PATERNAL
IGFL2	1	chr19	1	chr19_MATERNAL	1	chr19_PATERNAL
TNFRSF17	1	chr16	1	chr16_MATERNAL	1	chr16_PATERNAL
PGLYRP4	1	chr1	1	chr1_MATERNAL	1	chr1_PATERNAL
TCEAL2	1	chrX	1	chrX_MATERNAL	0	None
FIBP	1	chr11	1	chr11_MATERNAL	1	chr11_PATERNAL
LRRC74A	1	chr14	1	chr14_MATERNAL	1	chr14_PATERNAL
SLC6A2	1	chr16	1	chr16_MATERNAL	1	chr16_PATERNAL
EIF3J	1	chr15	1	chr15_MATERNAL	1	chr15_PATERNAL
CRISP1	1	chr6	1	chr6_MATERNAL	1	chr6_PATERNAL
GJA10	1	chr6	1	chr6_MATERNAL	1	chr6_PATERNAL
TGFB2	1	chr1	1	chr1_MATERNAL	1	chr1_PATERNAL
SCRT2	1	chr20	1	chr20_MATERNAL	1	chr20_PATERNAL
CLPX	1	chr15	1	chr15_MATERNAL	1	chr15_PATERNAL
PPP1R26	1	chr9	1	chr9_MATERNAL	1	chr9_PATERNAL
PP2D1	1	chr3	1	chr3_MATERNAL	1	chr3_PATERNAL
ARPIN	1	chr15	1	chr15_MATERNAL	1	chr15_PATERNAL
KCP	1	chr7	1	chr7_MATERNAL	1	chr7_PATERNAL
PCDHB13	1	chr5	1	chr5_MATERNAL	1	chr5_PATERNAL
VPS13A	1	chr9	1	chr9_MATERNAL	1	chr9_PATERNAL
RAB39B	1	chrX	1	chrX_MATERNAL	0	None
CYSTM1	1	chr5	1	chr5_MATERNAL	1	chr5_PATERNAL
ZBTB12	1	chr6	1	chr6_MATERNAL	1	chr6_PATERNAL
SNX25	1	chr4	1	chr4_MATERNAL	1	chr4_PATERNAL
GPR12	1	chr13	1	chr13_MATERNAL	1	chr13_PATERNAL
CDK12	1	chr17	1	chr17_MATERNAL	1	chr17_PATERNAL
HADHB	1	chr2	1	chr2_MATERNAL	1	chr2_PATERNAL
NXF2B	1	chrX	1	chrX_MATERNAL	0	None
CBWD2	1	chr2	1	chr2_MATERNAL	1	chr2_PATERNAL
LAPTM4A	1	chr2	1	chr2_MATERNAL	1	chr2_PATERNAL
LOC124904095	2	chr17,chr17	1	chr17_MATERNAL	1	chr17_PATERNAL
PNMA6A	1	chrX	1	chrX_MATERNAL	0	None
OR5B21	1	chr11	1	chr11_MATERNAL	1	chr11_PATERNAL
FAM186A	1	chr12	1	chr12_MATERNAL	1	chr12_PATERNAL
CAPNS2	1	chr16	1	chr16_MATERNAL	1	chr16_PATERNAL
NUCB1	1	chr19	1	chr19_MATERNAL	1	chr19_PATERNAL
AICDA	1	chr12	1	chr12_MATERNAL	1	chr12_PATERNAL
AP5M1	1	chr14	1	chr14_MATERNAL	1	chr14_PATERNAL
CAPZA3	1	chr12	1	chr12_MATERNAL	1	chr12_PATERNAL
APOL5	1	chr22	1	chr22_MATERNAL	1	chr22_PATERNAL
AXIN2	1	chr17	1	chr17_MATERNAL	1	chr17_PATERNAL
PPP1R1A	1	chr12	1	chr12_MATERNAL	1	chr12_PATERNAL
RORB	1	chr9	1	chr9_MATERNAL	1	chr9_PATERNAL
LCE1A	1	chr1	1	chr1_MATERNAL	1	chr1_PATERNAL
COMT	1	chr22	1	chr22_MATERNAL	1	chr22_PATERNAL
SIL1	1	chr5	1	chr5_MATERNAL	1	chr5_PATERNAL
UFSP1	1	chr7	1	chr7_MATERNAL	1	chr7_PATERNAL
CLEC18C	1	chr16	1	chr16_MATERNAL	1	chr16_PATERNAL
RFFL	1	chr17	1	chr17_MATERNAL	1	chr17_PATERNAL
GNS	1	chr12	1	chr12_MATERNAL	1	chr12_PATERNAL
TRUB2	1	chr9	1	chr9_MATERNAL	1	chr9_PATERNAL
C17orf99	1	chr17	1	chr17_MATERNAL	1	chr17_PATERNAL
PRRX1	1	chr1	1	chr1_MATERNAL	1	chr1_PATERNAL
TRIM4	1	chr7	1	chr7_MATERNAL	1	chr7_PATERNAL
IZUMO4	1	chr19	1	chr19_MATERNAL	1	chr19_PATERNAL
ADAD1	1	chr4	1	chr4_MATERNAL	1	chr4_PATERNAL
PES1	1	chr22	1	chr22_MATERNAL	1	chr22_PATERNAL
PROX2	1	chr14	1	chr14_MATERNAL	1	chr14_PATERNAL
H1-1	1	chr6	1	chr6_MATERNAL	1	chr6_PATERNAL
ZCCHC10	1	chr5	1	chr5_MATERNAL	1	chr5_PATERNAL
PHLDB1	1	chr11	1	chr11_MATERNAL	1	chr11_PATERNAL
FBXL8	1	chr16	1	chr16_MATERNAL	1	chr16_PATERNAL
TEX53	1	chr9	1	chr9_MATERNAL	1	chr9_PATERNAL
SLC43A2	1	chr17	1	chr17_MATERNAL	1	chr17_PATERNAL
NR1H2	1	chr19	1	chr19_MATERNAL	1	chr19_PATERNAL
EPM2AIP1	1	chr3	1	chr3_MATERNAL	1	chr3_PATERNAL
PPP5C	1	chr19	1	chr19_MATERNAL	1	chr19_PATERNAL
FAM228A	1	chr2	1	chr2_MATERNAL	1	chr2_PATERNAL
AKAP3	1	chr12	1	chr12_MATERNAL	1	chr12_PATERNAL
SLC7A11	1	chr4	1	chr4_MATERNAL	1	chr4_PATERNAL
CCDC30	1	chr1	1	chr1_MATERNAL	1	chr1_PATERNAL
AGXT	1	chr2	1	chr2_MATERNAL	1	chr2_PATERNAL
BLID	1	chr11	1	chr11_MATERNAL	1	chr11_PATERNAL
GBP1	1	chr1	1	chr1_MATERNAL	1	chr1_PATERNAL
TAS2R43	1	chr12	1	chr12_MATERNAL	1	chr12_PATERNAL
KLHDC4	1	chr16	1	chr16_MATERNAL	1	chr16_PATERNAL
SIRT2	1	chr19	1	chr19_MATERNAL	1	chr19_PATERNAL
CFAP43	1	chr10	1	chr10_MATERNAL	1	chr10_PATERNAL
MAGEB6B	1	chrX	1	chrX_MATERNAL	0	None
HSF5	1	chr17	1	chr17_MATERNAL	1	chr17_PATERNAL
MSANTD1	1	chr4	1	chr4_MATERNAL	1	chr4_PATERNAL
IGF2BP2	1	chr3	1	chr3_MATERNAL	1	chr3_PATERNAL
CPLANE1	1	chr5	1	chr5_MATERNAL	1	chr5_PATERNAL
MS4A4A	1	chr11	1	chr11_MATERNAL	1	chr11_PATERNAL
FOXRED2	1	chr22	1	chr22_MATERNAL	1	chr22_PATERNAL
ABCB7	1	chrX	1	chrX_MATERNAL	0	None
MGAT4B	1	chr5	1	chr5_MATERNAL	1	chr5_PATERNAL
HSFX4	1	chrX	1	chrX_MATERNAL	0	None
PRR9	1	chr1	1	chr1_MATERNAL	1	chr1_PATERNAL
GSTK1	1	chr7	1	chr7_MATERNAL	1	chr7_PATERNAL
CARTPT	1	chr5	1	chr5_MATERNAL	1	chr5_PATERNAL
EEF1AKMT1	1	chr13	1	chr13_MATERNAL	1	chr13_PATERNAL
HOATZ	1	chr11	1	chr11_MATERNAL	1	chr11_PATERNAL
CCDC146	1	chr7	1	chr7_MATERNAL	1	chr7_PATERNAL
CHRNA10	1	chr11	1	chr11_MATERNAL	1	chr11_PATERNAL
KLRB1	1	chr12	1	chr12_MATERNAL	1	chr12_PATERNAL
IGDCC3	1	chr15	1	chr15_MATERNAL	1	chr15_PATERNAL
ZNF644	1	chr1	1	chr1_MATERNAL	1	chr1_PATERNAL
ATP2A2	1	chr12	1	chr12_MATERNAL	1	chr12_PATERNAL
LOC124905331	1	chr16	1	chr16_MATERNAL	1	chr16_PATERNAL
CACNG4	1	chr17	1	chr17_MATERNAL	1	chr17_PATERNAL
TTC28	1	chr22	1	chr22_MATERNAL	1	chr22_PATERNAL
KIAA2026	1	chr9	1	chr9_MATERNAL	1	chr9_PATERNAL
ZNF527	1	chr19	1	chr19_MATERNAL	1	chr19_PATERNAL
CLN8	1	chr8	1	chr8_MATERNAL	1	chr8_PATERNAL
TIGD1	1	chr2	1	chr2_MATERNAL	1	chr2_PATERNAL
NEDD8-MDP1	1	chr14	1	chr14_MATERNAL	1	chr14_PATERNAL
SCN10A	1	chr3	1	chr3_MATERNAL	1	chr3_PATERNAL
TASOR	1	chr3	1	chr3_MATERNAL	1	chr3_PATERNAL
COX7B	1	chrX	1	chrX_MATERNAL	0	None
GIN1	1	chr5	1	chr5_MATERNAL	1	chr5_PATERNAL
URI1	1	chr19	1	chr19_MATERNAL	1	chr19_PATERNAL
SULT1C3	1	chr2	1	chr2_MATERNAL	1	chr2_PATERNAL
CILP2	1	chr19	1	chr19_MATERNAL	1	chr19_PATERNAL
CLEC7A	1	chr12	1	chr12_MATERNAL	1	chr12_PATERNAL
KRTAP19-6	1	chr21	1	chr21_MATERNAL	1	chr21_PATERNAL
CSKMT	1	chr11	1	chr11_MATERNAL	1	chr11_PATERNAL
SLC39A13	1	chr11	1	chr11_MATERNAL	1	chr11_PATERNAL
KLHL8	1	chr4	1	chr4_MATERNAL	1	chr4_PATERNAL
ITLN2	1	chr1	1	chr1_MATERNAL	1	chr1_PATERNAL
DENND6A	1	chr3	1	chr3_MATERNAL	1	chr3_PATERNAL
AKAP13	1	chr15	1	chr15_MATERNAL	1	chr15_PATERNAL
C16orf96	1	chr16	1	chr16_MATERNAL	1	chr16_PATERNAL
ARL10	1	chr5	1	chr5_MATERNAL	1	chr5_PATERNAL
RAB1A	1	chr2	1	chr2_MATERNAL	1	chr2_PATERNAL
AGBL4	1	chr1	1	chr1_MATERNAL	1	chr1_PATERNAL
PRDM15	1	chr21	1	chr21_MATERNAL	1	chr21_PATERNAL
LOC124902875	1	chr12	1	chr12_MATERNAL	1	chr12_PATERNAL
SAMD9L	1	chr7	1	chr7_MATERNAL	1	chr7_PATERNAL
MYL4	1	chr17	1	chr17_MATERNAL	1	chr17_PATERNAL
PRMT7	1	chr16	1	chr16_MATERNAL	1	chr16_PATERNAL
FERMT3	1	chr11	1	chr11_MATERNAL	1	chr11_PATERNAL
IZUMO1	1	chr19	1	chr19_MATERNAL	1	chr19_PATERNAL
TRIM15	1	chr6	1	chr6_MATERNAL	1	chr6_PATERNAL
SNTB1	1	chr8	1	chr8_MATERNAL	1	chr8_PATERNAL
IFNA4	1	chr9	1	chr9_MATERNAL	1	chr9_PATERNAL
CCR9	1	chr3	1	chr3_MATERNAL	1	chr3_PATERNAL
MOV10L1	1	chr22	1	chr22_MATERNAL	1	chr22_PATERNAL
POU3F1	1	chr1	1	chr1_MATERNAL	1	chr1_PATERNAL
SPARCL1	1	chr4	1	chr4_MATERNAL	1	chr4_PATERNAL
PSMD9	1	chr12	1	chr12_MATERNAL	1	chr12_PATERNAL
CNN3	1	chr1	1	chr1_MATERNAL	1	chr1_PATERNAL
ST6GAL1	1	chr3	1	chr3_MATERNAL	1	chr3_PATERNAL
GCC2	1	chr2	1	chr2_MATERNAL	1	chr2_PATERNAL
PPARG	1	chr3	1	chr3_MATERNAL	1	chr3_PATERNAL
STAT4	1	chr2	1	chr2_MATERNAL	1	chr2_PATERNAL
AIF1	1	chr6	1	chr6_MATERNAL	1	chr6_PATERNAL
S100A8	1	chr1	1	chr1_MATERNAL	1	chr1_PATERNAL
RAB35	1	chr12	1	chr12_MATERNAL	1	chr12_PATERNAL
SKA1	1	chr18	1	chr18_MATERNAL	1	chr18_PATERNAL
MYH8	1	chr17	1	chr17_MATERNAL	1	chr17_PATERNAL
DNAJA3	1	chr16	1	chr16_MATERNAL	1	chr16_PATERNAL
DGKZ	1	chr11	1	chr11_MATERNAL	1	chr11_PATERNAL
MATK	1	chr19	1	chr19_MATERNAL	1	chr19_PATERNAL
GMPS	1	chr3	1	chr3_MATERNAL	1	chr3_PATERNAL
NYNRIN	1	chr14	1	chr14_MATERNAL	1	chr14_PATERNAL
CRTAC1	1	chr10	1	chr10_MATERNAL	1	chr10_PATERNAL
CCDC138	1	chr2	1	chr2_MATERNAL	1	chr2_PATERNAL
PDXK	1	chr21	1	chr21_MATERNAL	1	chr21_PATERNAL
FAM104A	1	chr17	1	chr17_MATERNAL	1	chr17_PATERNAL
PLEKHG5	1	chr1	1	chr1_MATERNAL	1	chr1_PATERNAL
CCDC80	1	chr3	1	chr3_MATERNAL	1	chr3_PATERNAL
BICD2	1	chr9	1	chr9_MATERNAL	1	chr9_PATERNAL
DNASE1	1	chr16	1	chr16_MATERNAL	1	chr16_PATERNAL
ITGAD	1	chr16	1	chr16_MATERNAL	1	chr16_PATERNAL
SLC31A2	1	chr9	1	chr9_MATERNAL	1	chr9_PATERNAL
PDIA5	1	chr3	1	chr3_MATERNAL	1	chr3_PATERNAL
ZFP28	1	chr19	1	chr19_MATERNAL	1	chr19_PATERNAL
VPS37D	1	chr7	1	chr7_MATERNAL	1	chr7_PATERNAL
SLC23A2	1	chr20	1	chr20_MATERNAL	1	chr20_PATERNAL
RENBP	1	chrX	1	chrX_MATERNAL	0	None
PLOD2	1	chr3	1	chr3_MATERNAL	1	chr3_PATERNAL
ZNF75D	1	chrX	1	chrX_MATERNAL	0	None
CFAP45	1	chr1	1	chr1_MATERNAL	1	chr1_PATERNAL
DPYS	1	chr8	1	chr8_MATERNAL	1	chr8_PATERNAL
RAD51AP2	1	chr2	1	chr2_MATERNAL	1	chr2_PATERNAL
C16orf86	1	chr16	1	chr16_MATERNAL	1	chr16_PATERNAL
ENKUR	1	chr10	1	chr10_MATERNAL	1	chr10_PATERNAL
PAQR8	1	chr6	1	chr6_MATERNAL	1	chr6_PATERNAL
RPP25L	1	chr9	1	chr9_MATERNAL	1	chr9_PATERNAL
EDC4	1	chr16	1	chr16_MATERNAL	1	chr16_PATERNAL
ACKR4	1	chr3	1	chr3_MATERNAL	1	chr3_PATERNAL
ITGA9	1	chr3	1	chr3_MATERNAL	1	chr3_PATERNAL
SPG21	1	chr15	1	chr15_MATERNAL	1	chr15_PATERNAL
NRBF2	1	chr10	1	chr10_MATERNAL	1	chr10_PATERNAL
KANTR	1	chrX	1	chrX_MATERNAL	0	None
COPRS	1	chr17	1	chr17_MATERNAL	1	chr17_PATERNAL
APH1A	1	chr1	1	chr1_MATERNAL	1	chr1_PATERNAL
ARMC6	1	chr19	1	chr19_MATERNAL	1	chr19_PATERNAL
LINC02210-CRHR1	1	chr17	1	chr17_MATERNAL	1	chr17_PATERNAL
RTL10	1	chr22	1	chr22_MATERNAL	1	chr22_PATERNAL
TRPM5	1	chr11	1	chr11_MATERNAL	1	chr11_PATERNAL
DMAP1	1	chr1	1	chr1_MATERNAL	1	chr1_PATERNAL
DDX10	1	chr11	1	chr11_MATERNAL	1	chr11_PATERNAL
FDX1	1	chr11	1	chr11_MATERNAL	1	chr11_PATERNAL
TRABD2B	1	chr1	1	chr1_MATERNAL	1	chr1_PATERNAL
KRT85	1	chr12	1	chr12_MATERNAL	1	chr12_PATERNAL
NUP85	1	chr17	1	chr17_MATERNAL	1	chr17_PATERNAL
PWWP2A	1	chr5	1	chr5_MATERNAL	1	chr5_PATERNAL
C2CD3	1	chr11	1	chr11_MATERNAL	1	chr11_PATERNAL
RPL3L	1	chr16	1	chr16_MATERNAL	1	chr16_PATERNAL
NANS	1	chr9	1	chr9_MATERNAL	1	chr9_PATERNAL
ZNF189	1	chr9	1	chr9_MATERNAL	1	chr9_PATERNAL
DRAP1	1	chr11	1	chr11_MATERNAL	1	chr11_PATERNAL
FAM72C	1	chr1	2	chr1_MATERNAL,chr1_MATERNAL	0	None
TPPP2	1	chr14	1	chr14_MATERNAL	1	chr14_PATERNAL
SAGE1	1	chrX	1	chrX_MATERNAL	0	None
GHRHR	1	chr7	1	chr7_MATERNAL	1	chr7_PATERNAL
ZNF25	1	chr10	1	chr10_MATERNAL	1	chr10_PATERNAL
NPTN	1	chr15	1	chr15_MATERNAL	1	chr15_PATERNAL
HEXA	1	chr15	1	chr15_MATERNAL	1	chr15_PATERNAL
ATP6V1H	1	chr8	1	chr8_MATERNAL	1	chr8_PATERNAL
DBNDD2	1	chr20	1	chr20_MATERNAL	1	chr20_PATERNAL
PLEKHG1	1	chr6	1	chr6_MATERNAL	1	chr6_PATERNAL
PEBP1	1	chr12	1	chr12_MATERNAL	1	chr12_PATERNAL
SMARCAL1	1	chr2	1	chr2_MATERNAL	1	chr2_PATERNAL
IL17RD	1	chr3	1	chr3_MATERNAL	1	chr3_PATERNAL
ACSM4	1	chr12	1	chr12_MATERNAL	1	chr12_PATERNAL
DGKE	1	chr17	1	chr17_MATERNAL	1	chr17_PATERNAL
RCBTB2	1	chr13	1	chr13_MATERNAL	1	chr13_PATERNAL
LOC101930434	1	chr15	1	chr15_MATERNAL	1	chr15_PATERNAL
LOC124903575	1	chr15	1	chr15_MATERNAL	1	chr15_PATERNAL
CISH	1	chr3	1	chr3_MATERNAL	1	chr3_PATERNAL
NR4A1	1	chr12	1	chr12_MATERNAL	1	chr12_PATERNAL
ZNF322	1	chr6	1	chr6_MATERNAL	1	chr6_PATERNAL
RPL13	1	chr16	1	chr16_MATERNAL	1	chr16_PATERNAL
NFIX	1	chr19	1	chr19_MATERNAL	1	chr19_PATERNAL
RC3H1	1	chr1	1	chr1_MATERNAL	1	chr1_PATERNAL
SLC25A31	1	chr4	1	chr4_MATERNAL	1	chr4_PATERNAL
KCTD21	1	chr11	1	chr11_MATERNAL	1	chr11_PATERNAL
UBR2	1	chr6	1	chr6_MATERNAL	1	chr6_PATERNAL
UBE2E1	1	chr3	1	chr3_MATERNAL	1	chr3_PATERNAL
METTL8	1	chr2	1	chr2_MATERNAL	1	chr2_PATERNAL
ADA2	1	chr22	1	chr22_MATERNAL	1	chr22_PATERNAL
CLEC9A	1	chr12	1	chr12_MATERNAL	1	chr12_PATERNAL
F13B	1	chr1	1	chr1_MATERNAL	1	chr1_PATERNAL
C3AR1	1	chr12	1	chr12_MATERNAL	1	chr12_PATERNAL
TUFM	1	chr16	1	chr16_MATERNAL	1	chr16_PATERNAL
FAM241B	1	chr10	1	chr10_MATERNAL	1	chr10_PATERNAL
FRMD4A	1	chr10	1	chr10_MATERNAL	1	chr10_PATERNAL
LOC107986012	1	chr3	1	chr3_MATERNAL	1	chr3_PATERNAL
PRRG4	1	chr11	1	chr11_MATERNAL	1	chr11_PATERNAL
OR8B3	1	chr11	1	chr11_MATERNAL	1	chr11_PATERNAL
ADAM32	1	chr8	1	chr8_MATERNAL	1	chr8_PATERNAL
PTCHD3	1	chr10	1	chr10_MATERNAL	1	chr10_PATERNAL
ZNF630	1	chrX	1	chrX_MATERNAL	0	None
QRFP	1	chr9	1	chr9_MATERNAL	1	chr9_PATERNAL
NPIPB4	1	chr16	1	chr16_MATERNAL	1	chr16_PATERNAL
IAPP	1	chr12	1	chr12_MATERNAL	1	chr12_PATERNAL
SPA17	1	chr11	1	chr11_MATERNAL	1	chr11_PATERNAL
POLE4	1	chr2	1	chr2_MATERNAL	1	chr2_PATERNAL
ZNF546	1	chr19	1	chr19_MATERNAL	1	chr19_PATERNAL
EMC4	1	chr15	1	chr15_MATERNAL	1	chr15_PATERNAL
HOGA1	1	chr10	1	chr10_MATERNAL	1	chr10_PATERNAL
ZBTB10	1	chr8	1	chr8_MATERNAL	1	chr8_PATERNAL
RTN3	1	chr11	1	chr11_MATERNAL	1	chr11_PATERNAL
PHF21B	1	chr22	1	chr22_MATERNAL	1	chr22_PATERNAL
STK35	1	chr20	1	chr20_MATERNAL	1	chr20_PATERNAL
COQ2	1	chr4	1	chr4_MATERNAL	1	chr4_PATERNAL
DNAH12	1	chr3	1	chr3_MATERNAL	1	chr3_PATERNAL
FAM205C	1	chr9	1	chr9_MATERNAL	1	chr9_PATERNAL
TRIM39-RPP21	1	chr6	1	chr6_MATERNAL	1	chr6_PATERNAL
MUC8	1	chr12	1	chr12_MATERNAL	1	chr12_PATERNAL
SLC25A2	1	chr5	1	chr5_MATERNAL	1	chr5_PATERNAL
PHF8	1	chrX	1	chrX_MATERNAL	0	None
CXCR3	1	chrX	1	chrX_MATERNAL	0	None
NOC4L	1	chr12	1	chr12_MATERNAL	1	chr12_PATERNAL
ZC3HAV1L	1	chr7	1	chr7_MATERNAL	1	chr7_PATERNAL
RSPH4A	1	chr6	1	chr6_MATERNAL	1	chr6_PATERNAL
KRTAP25-1	1	chr21	1	chr21_MATERNAL	1	chr21_PATERNAL
LOC107987025	1	chr9	1	chr9_MATERNAL	1	chr9_PATERNAL
POTED	1	chr21	1	chr21_MATERNAL	1	chr21_PATERNAL
MMP23B	1	chr1	1	chr1_MATERNAL	1	chr1_PATERNAL
CENPVL2	1	chrX	1	chrX_MATERNAL	0	None
PAK5	1	chr20	1	chr20_MATERNAL	1	chr20_PATERNAL
OTX1	1	chr2	1	chr2_MATERNAL	1	chr2_PATERNAL
ANKRD6	1	chr6	1	chr6_MATERNAL	1	chr6_PATERNAL
L1CAM	1	chrX	1	chrX_MATERNAL	0	None
OR10W1	1	chr11	1	chr11_MATERNAL	1	chr11_PATERNAL
ELAPOR1	1	chr1	1	chr1_MATERNAL	1	chr1_PATERNAL
ASXL3	1	chr18	1	chr18_MATERNAL	1	chr18_PATERNAL
TIGD7	1	chr16	1	chr16_MATERNAL	1	chr16_PATERNAL
BDNF	1	chr11	1	chr11_MATERNAL	1	chr11_PATERNAL
PPARA	1	chr22	1	chr22_MATERNAL	1	chr22_PATERNAL
SPDYE2B	1	chr7	3	chr7_MATERNAL,chr7_MATERNAL,chr7_MATERNAL	1	chr7_PATERNAL
TOMM6	1	chr6	1	chr6_MATERNAL	1	chr6_PATERNAL
MAGEC2	1	chrX	1	chrX_MATERNAL	0	None
ALG1L2	1	chr3	1	chr3_MATERNAL	0	None
CERS3	1	chr15	1	chr15_MATERNAL	1	chr15_PATERNAL
MCAM	1	chr11	1	chr11_MATERNAL	1	chr11_PATERNAL
LMAN1	1	chr18	1	chr18_MATERNAL	1	chr18_PATERNAL
ERCC3	1	chr2	1	chr2_MATERNAL	1	chr2_PATERNAL
PERP	1	chr6	1	chr6_MATERNAL	1	chr6_PATERNAL
NAE1	1	chr16	1	chr16_MATERNAL	1	chr16_PATERNAL
MPLKIP	1	chr7	1	chr7_MATERNAL	1	chr7_PATERNAL
KCNC2	1	chr12	1	chr12_MATERNAL	1	chr12_PATERNAL
CT45A6	1	chrX	1	chrX_MATERNAL	0	None
AKAIN1	1	chr18	1	chr18_MATERNAL	1	chr18_PATERNAL
DOP1B	1	chr21	1	chr21_MATERNAL	1	chr21_PATERNAL
UBASH3A	1	chr21	1	chr21_MATERNAL	1	chr21_PATERNAL
KDR	1	chr4	1	chr4_MATERNAL	1	chr4_PATERNAL
CA7	1	chr16	1	chr16_MATERNAL	1	chr16_PATERNAL
SLCO2B1	1	chr11	1	chr11_MATERNAL	1	chr11_PATERNAL
DEFB114	1	chr6	1	chr6_MATERNAL	1	chr6_PATERNAL
ALK	1	chr2	1	chr2_MATERNAL	1	chr2_PATERNAL
SRGN	1	chr10	1	chr10_MATERNAL	1	chr10_PATERNAL
CCDC28B	1	chr1	1	chr1_MATERNAL	1	chr1_PATERNAL
LEFTY1	1	chr1	1	chr1_MATERNAL	1	chr1_PATERNAL
PTGES2	1	chr9	1	chr9_MATERNAL	1	chr9_PATERNAL
ZNF664	1	chr12	2	chr12_MATERNAL,chr2_MATERNAL	1	chr12_PATERNAL
IGFBP2	1	chr2	1	chr2_MATERNAL	1	chr2_PATERNAL
NLRP5	1	chr19	1	chr19_MATERNAL	1	chr19_PATERNAL
TTLL6	1	chr17	1	chr17_MATERNAL	1	chr17_PATERNAL
AATK	1	chr17	1	chr17_MATERNAL	1	chr17_PATERNAL
ZNF519	1	chr18	1	chr18_MATERNAL	1	chr18_PATERNAL
SYDE1	1	chr19	1	chr19_MATERNAL	1	chr19_PATERNAL
KNG1	1	chr3	1	chr3_MATERNAL	1	chr3_PATERNAL
C3orf14	1	chr3	1	chr3_MATERNAL	1	chr3_PATERNAL
LARP4B	1	chr10	1	chr10_MATERNAL	1	chr10_PATERNAL
CHI3L1	1	chr1	1	chr1_MATERNAL	1	chr1_PATERNAL
MX2	1	chr21	1	chr21_MATERNAL	1	chr21_PATERNAL
KSR1	1	chr17	1	chr17_MATERNAL	1	chr17_PATERNAL
EXTL3	1	chr8	1	chr8_MATERNAL	1	chr8_PATERNAL
LOC102723934	1	chrY	0	None	1	chrY_PATERNAL
DEFB4B	1	chr8	1	chr8_MATERNAL	1	chr8_PATERNAL
LOC124903185	1	chr13	1	chr13_MATERNAL	1	chr13_PATERNAL
CPEB4	1	chr5	1	chr5_MATERNAL	1	chr5_PATERNAL
AKIP1	1	chr11	1	chr11_MATERNAL	1	chr11_PATERNAL
OSGIN1	1	chr16	1	chr16_MATERNAL	1	chr16_PATERNAL
HEPACAM	1	chr11	1	chr11_MATERNAL	1	chr11_PATERNAL
PBX3	1	chr9	1	chr9_MATERNAL	1	chr9_PATERNAL
TAS2R30	1	chr12	1	chr12_MATERNAL	1	chr12_PATERNAL
OSBPL3	1	chr7	1	chr7_MATERNAL	1	chr7_PATERNAL
PRSS51	1	chr8	1	chr8_MATERNAL	1	chr8_PATERNAL
KLF10	1	chr8	1	chr8_MATERNAL	1	chr8_PATERNAL
UROC1	1	chr3	1	chr3_MATERNAL	1	chr3_PATERNAL
NKX2-1	1	chr14	1	chr14_MATERNAL	1	chr14_PATERNAL
LIN28A	1	chr1	1	chr1_MATERNAL	1	chr1_PATERNAL
TSPAN33	1	chr7	1	chr7_MATERNAL	1	chr7_PATERNAL
GLYR1	1	chr16	1	chr16_MATERNAL	1	chr16_PATERNAL
IL36A	1	chr2	1	chr2_MATERNAL	1	chr2_PATERNAL
RPL35	1	chr9	1	chr9_MATERNAL	1	chr9_PATERNAL
UQCR11	1	chr19	1	chr19_MATERNAL	1	chr19_PATERNAL
OR8U1	1	chr11	1	chr11_MATERNAL	1	chr11_PATERNAL
OR10K2	1	chr1	1	chr1_MATERNAL	1	chr1_PATERNAL
MAGEB2	1	chrX	1	chrX_MATERNAL	0	None
APOBEC3G	1	chr22	1	chr22_MATERNAL	1	chr22_PATERNAL
SOX30	1	chr5	1	chr5_MATERNAL	1	chr5_PATERNAL
LOC124903319	1	chr14	1	chr14_MATERNAL	1	chr14_PATERNAL
PATE4	1	chr11	1	chr11_MATERNAL	1	chr11_PATERNAL
ZDHHC12	1	chr9	1	chr9_MATERNAL	1	chr9_PATERNAL
CXCL5	1	chr4	1	chr4_MATERNAL	1	chr4_PATERNAL
PGR	1	chr11	1	chr11_MATERNAL	1	chr11_PATERNAL
CFAP99	1	chr4	1	chr4_MATERNAL	1	chr4_PATERNAL
SPON1	1	chr11	1	chr11_MATERNAL	1	chr11_PATERNAL
LOC124903621	1	chr16	1	chr16_MATERNAL	1	chr16_PATERNAL
ISLR2	1	chr15	1	chr15_MATERNAL	1	chr15_PATERNAL
MOSPD2	1	chrX	1	chrX_MATERNAL	0	None
UBE2E3	1	chr2	1	chr2_MATERNAL	1	chr2_PATERNAL
MKRN3	1	chr15	1	chr15_MATERNAL	1	chr15_PATERNAL
RGS14	1	chr5	1	chr5_MATERNAL	1	chr5_PATERNAL
PCSK1	1	chr5	1	chr5_MATERNAL	1	chr5_PATERNAL
KBTBD11	1	chr8	1	chr8_MATERNAL	1	chr8_PATERNAL
AQP3	1	chr9	1	chr9_MATERNAL	1	chr9_PATERNAL
PLEKHA8	1	chr7	1	chr7_MATERNAL	1	chr7_PATERNAL
ZC3H18	1	chr16	1	chr16_MATERNAL	1	chr16_PATERNAL
PNPLA4	1	chrX	1	chrX_MATERNAL	0	None
FNTA	1	chr8	1	chr8_MATERNAL	1	chr8_PATERNAL
GNRHR	1	chr4	1	chr4_MATERNAL	1	chr4_PATERNAL
NAALADL1	1	chr11	1	chr11_MATERNAL	1	chr11_PATERNAL
NOTCH2NLR	1	chr1	1	chr1_MATERNAL	1	chr1_PATERNAL
CCDC27	1	chr1	1	chr1_MATERNAL	1	chr1_PATERNAL
LGALS16	1	chr19	1	chr19_MATERNAL	1	chr19_PATERNAL
UBIAD1	1	chr1	1	chr1_MATERNAL	1	chr1_PATERNAL
CD28	1	chr2	1	chr2_MATERNAL	1	chr2_PATERNAL
DDB1	1	chr11	1	chr11_MATERNAL	1	chr11_PATERNAL
SYT14	1	chr1	1	chr1_MATERNAL	1	chr1_PATERNAL
MYSM1	1	chr1	1	chr1_MATERNAL	1	chr1_PATERNAL
OR1A1	1	chr17	1	chr17_MATERNAL	1	chr17_PATERNAL
NDUFAF6	1	chr8	1	chr8_MATERNAL	1	chr8_PATERNAL
ATG4A	1	chrX	1	chrX_MATERNAL	0	None
ING2	1	chr4	1	chr4_MATERNAL	1	chr4_PATERNAL
TSEN2	1	chr3	1	chr3_MATERNAL	1	chr3_PATERNAL
INPP5K	1	chr17	1	chr17_MATERNAL	1	chr17_PATERNAL
RSBN1	1	chr1	1	chr1_MATERNAL	1	chr1_PATERNAL
DLX2	1	chr2	1	chr2_MATERNAL	1	chr2_PATERNAL
PGM2	1	chr4	1	chr4_MATERNAL	1	chr4_PATERNAL
FAM81B	1	chr5	1	chr5_MATERNAL	1	chr5_PATERNAL
BCAR3	1	chr1	1	chr1_MATERNAL	1	chr1_PATERNAL
ZNF28	1	chr19	1	chr19_MATERNAL	1	chr19_PATERNAL
OBP2A	1	chr9	1	chr9_MATERNAL	1	chr9_PATERNAL
RAD52	1	chr12	1	chr12_MATERNAL	1	chr12_PATERNAL
MRPL44	1	chr2	1	chr2_MATERNAL	1	chr2_PATERNAL
OR51A7	1	chr11	1	chr11_MATERNAL	1	chr11_PATERNAL
ISOC2	1	chr19	1	chr19_MATERNAL	1	chr19_PATERNAL
SUCLG2	1	chr3	1	chr3_MATERNAL	1	chr3_PATERNAL
EPS8	1	chr12	1	chr12_MATERNAL	1	chr12_PATERNAL
ZNF638	1	chr2	1	chr2_MATERNAL	1	chr2_PATERNAL
SLC25A15	1	chr13	1	chr13_MATERNAL	1	chr13_PATERNAL
PTPRG	1	chr3	1	chr3_MATERNAL	1	chr3_PATERNAL
LOC122319696	1	chrX	1	chrX_MATERNAL	0	None
EIF2B1	1	chr12	1	chr12_MATERNAL	1	chr12_PATERNAL
SNX3	1	chr6	1	chr6_MATERNAL	1	chr6_PATERNAL
FUT3	1	chr19	1	chr19_MATERNAL	1	chr19_PATERNAL
CYP4F12	1	chr19	1	chr19_MATERNAL	1	chr19_PATERNAL
BRMS1	1	chr11	1	chr11_MATERNAL	1	chr11_PATERNAL
DHX58	1	chr17	1	chr17_MATERNAL	1	chr17_PATERNAL
DAG1	1	chr3	1	chr3_MATERNAL	1	chr3_PATERNAL
S100A14	1	chr1	1	chr1_MATERNAL	1	chr1_PATERNAL
PTS	1	chr11	1	chr11_MATERNAL	1	chr11_PATERNAL
GPX1	1	chr3	1	chr3_MATERNAL	1	chr3_PATERNAL
LINGO1	1	chr15	1	chr15_MATERNAL	1	chr15_PATERNAL
PLXNA3	1	chrX	1	chrX_MATERNAL	0	None
NTF3	1	chr12	1	chr12_MATERNAL	1	chr12_PATERNAL
CABIN1	1	chr22	1	chr22_MATERNAL	1	chr22_PATERNAL
ALPP	1	chr2	1	chr2_MATERNAL	1	chr2_PATERNAL
RPS27	1	chr1	1	chr1_MATERNAL	1	chr1_PATERNAL
RRP1	1	chr21	1	chr21_MATERNAL	1	chr21_PATERNAL
DNAJC6	1	chr1	1	chr1_MATERNAL	1	chr1_PATERNAL
INTS4	1	chr11	1	chr11_MATERNAL	1	chr11_PATERNAL
MYG1	1	chr12	1	chr12_MATERNAL	1	chr12_PATERNAL
KCNK15	1	chr20	1	chr20_MATERNAL	1	chr20_PATERNAL
MTHFSD	1	chr16	1	chr16_MATERNAL	1	chr16_PATERNAL
LRRC15	1	chr3	1	chr3_MATERNAL	1	chr3_PATERNAL
OR1R1P	1	chr17	1	chr17_MATERNAL	1	chr17_PATERNAL
FBN3	1	chr19	1	chr19_MATERNAL	1	chr19_PATERNAL
CTHRC1	1	chr8	1	chr8_MATERNAL	1	chr8_PATERNAL
CD300E	1	chr17	1	chr17_MATERNAL	1	chr17_PATERNAL
TMEM69	1	chr1	1	chr1_MATERNAL	1	chr1_PATERNAL
SHISA2	1	chr13	1	chr13_MATERNAL	1	chr13_PATERNAL
SAMHD1	1	chr20	1	chr20_MATERNAL	1	chr20_PATERNAL
RTL4	1	chrX	1	chrX_MATERNAL	0	None
SLC24A5	1	chr15	1	chr15_MATERNAL	1	chr15_PATERNAL
FHIP1A	1	chr4	1	chr4_MATERNAL	1	chr4_PATERNAL
LRRC8A	1	chr9	1	chr9_MATERNAL	1	chr9_PATERNAL
ZNF296	1	chr19	1	chr19_MATERNAL	1	chr19_PATERNAL
NR2C2AP	1	chr19	1	chr19_MATERNAL	1	chr19_PATERNAL
CRB1	1	chr1	1	chr1_MATERNAL	1	chr1_PATERNAL
HAPLN1	1	chr5	1	chr5_MATERNAL	1	chr5_PATERNAL
TLR9	1	chr3	1	chr3_MATERNAL	1	chr3_PATERNAL
CPT1A	1	chr11	1	chr11_MATERNAL	1	chr11_PATERNAL
GAB4	1	chr22	1	chr22_MATERNAL	1	chr22_PATERNAL
SPDYE14	1	chr7	1	chr7_MATERNAL	0	None
SSH2	1	chr17	1	chr17_MATERNAL	1	chr17_PATERNAL
GUCY1B1	1	chr4	1	chr4_MATERNAL	1	chr4_PATERNAL
FBH1	1	chr10	1	chr10_MATERNAL	1	chr10_PATERNAL
CDC25C	1	chr5	1	chr5_MATERNAL	1	chr5_PATERNAL
MARCOL	1	chr5	1	chr5_MATERNAL	1	chr5_PATERNAL
LBHD2	1	chr14	1	chr14_MATERNAL	1	chr14_PATERNAL
EFNB2	1	chr13	1	chr13_MATERNAL	1	chr13_PATERNAL
PPP4R3B	1	chr2	1	chr2_MATERNAL	1	chr2_PATERNAL
TADA1	1	chr1	1	chr1_MATERNAL	1	chr1_PATERNAL
UCHL1	1	chr4	1	chr4_MATERNAL	1	chr4_PATERNAL
KLHL22	1	chr22	1	chr22_MATERNAL	1	chr22_PATERNAL
LBX1	1	chr10	1	chr10_MATERNAL	1	chr10_PATERNAL
CDIP1	1	chr16	1	chr16_MATERNAL	1	chr16_PATERNAL
ARHGAP8	1	chr22	1	chr22_MATERNAL	1	chr22_PATERNAL
ZNF587	1	chr19	1	chr19_MATERNAL	1	chr19_PATERNAL
GAB2	1	chr11	1	chr11_MATERNAL	1	chr11_PATERNAL
DHPS	1	chr19	1	chr19_MATERNAL	1	chr19_PATERNAL
URAD	1	chr13	1	chr13_MATERNAL	1	chr13_PATERNAL
VIT	1	chr2	1	chr2_MATERNAL	1	chr2_PATERNAL
ISCA2	1	chr14	1	chr14_MATERNAL	1	chr14_PATERNAL
TPT1	1	chr13	1	chr13_MATERNAL	1	chr13_PATERNAL
TCIM	1	chr8	1	chr8_MATERNAL	1	chr8_PATERNAL
INTS6	1	chr13	1	chr13_MATERNAL	1	chr13_PATERNAL
SYNCRIP	1	chr6	1	chr6_MATERNAL	1	chr6_PATERNAL
SSC5D	1	chr19	1	chr19_MATERNAL	1	chr19_PATERNAL
DENND2D	1	chr1	1	chr1_MATERNAL	1	chr1_PATERNAL
LOC124900418	1	chr19	1	chr19_MATERNAL	1	chr19_PATERNAL
TMEM185A	1	chrX	1	chrX_MATERNAL	0	None
VSIG10	1	chr12	1	chr12_MATERNAL	1	chr12_PATERNAL
VPS54	1	chr2	1	chr2_MATERNAL	1	chr2_PATERNAL
LOC124903408	1	chr14	1	chr14_MATERNAL	1	chr14_PATERNAL
USP38	1	chr4	1	chr4_MATERNAL	1	chr4_PATERNAL
ZNF560	1	chr19	1	chr19_MATERNAL	1	chr19_PATERNAL
NCBP3	1	chr17	1	chr17_MATERNAL	1	chr17_PATERNAL
CD14	1	chr5	1	chr5_MATERNAL	1	chr5_PATERNAL
PRPS1	1	chrX	1	chrX_MATERNAL	0	None
TFG	1	chr3	1	chr3_MATERNAL	1	chr3_PATERNAL
PHKG1	1	chr7	1	chr7_MATERNAL	1	chr7_PATERNAL
VDAC3	1	chr8	1	chr8_MATERNAL	1	chr8_PATERNAL
TREML4	1	chr6	1	chr6_MATERNAL	1	chr6_PATERNAL
PTPN2	1	chr18	1	chr18_MATERNAL	1	chr18_PATERNAL
STRA8	1	chr7	1	chr7_MATERNAL	1	chr7_PATERNAL
NHP2	1	chr5	1	chr5_MATERNAL	1	chr5_PATERNAL
LOC389895	1	chrX	1	chrX_MATERNAL	0	None
MAL2	1	chr8	1	chr8_MATERNAL	1	chr8_PATERNAL
PCDHAC2	1	chr5	1	chr5_MATERNAL	1	chr5_PATERNAL
ALDH18A1	1	chr10	1	chr10_MATERNAL	1	chr10_PATERNAL
RASL10B	1	chr17	1	chr17_MATERNAL	1	chr17_PATERNAL
GLP1R	1	chr6	1	chr6_MATERNAL	1	chr6_PATERNAL
CACNG5	1	chr17	1	chr17_MATERNAL	1	chr17_PATERNAL
ZNF148	1	chr3	1	chr3_MATERNAL	1	chr3_PATERNAL
H3C7	1	chr6	1	chr6_MATERNAL	1	chr6_PATERNAL
ZNF740	1	chr12	1	chr12_MATERNAL	1	chr12_PATERNAL
MTMR12	1	chr5	1	chr5_MATERNAL	1	chr5_PATERNAL
RAB5IF	1	chr20	1	chr20_MATERNAL	1	chr20_PATERNAL
SHKBP1	1	chr19	1	chr19_MATERNAL	1	chr19_PATERNAL
PRTFDC1	1	chr10	1	chr10_MATERNAL	1	chr10_PATERNAL
HLA-DOB	1	chr6	1	chr6_MATERNAL	1	chr6_PATERNAL
TBC1D21	1	chr15	1	chr15_MATERNAL	1	chr15_PATERNAL
LNP1	1	chr3	1	chr3_MATERNAL	1	chr3_PATERNAL
CNGA4	1	chr11	1	chr11_MATERNAL	1	chr11_PATERNAL
SLC25A39	1	chr17	1	chr17_MATERNAL	1	chr17_PATERNAL
TRAPPC2B	1	chr19	1	chr19_MATERNAL	1	chr19_PATERNAL
TOMM20	1	chr1	1	chr1_MATERNAL	1	chr1_PATERNAL
CCN4	1	chr8	1	chr8_MATERNAL	1	chr8_PATERNAL
RNF157	1	chr17	1	chr17_MATERNAL	1	chr17_PATERNAL
OR5AP2	1	chr11	1	chr11_MATERNAL	1	chr11_PATERNAL
SPAG7	1	chr17	1	chr17_MATERNAL	1	chr17_PATERNAL
MKLN1	1	chr7	1	chr7_MATERNAL	1	chr7_PATERNAL
ZNF460	1	chr19	1	chr19_MATERNAL	1	chr19_PATERNAL
MDM4	1	chr1	1	chr1_MATERNAL	1	chr1_PATERNAL
HELLS	1	chr10	1	chr10_MATERNAL	1	chr10_PATERNAL
WDR45	1	chrX	1	chrX_MATERNAL	0	None
TMEM158	1	chr3	1	chr3_MATERNAL	1	chr3_PATERNAL
MED31	1	chr17	1	chr17_MATERNAL	1	chr17_PATERNAL
LOC124904660	1	chr19	1	chr19_MATERNAL	1	chr19_PATERNAL
LRRC4B	1	chr19	1	chr19_MATERNAL	1	chr19_PATERNAL
UTP11	1	chr1	1	chr1_MATERNAL	1	chr1_PATERNAL
C2CD6	1	chr2	1	chr2_MATERNAL	1	chr2_PATERNAL
SLC35B2	1	chr6	1	chr6_MATERNAL	1	chr6_PATERNAL
CSMD1	1	chr8	1	chr8_MATERNAL	1	chr8_PATERNAL
MPPED2	1	chr11	1	chr11_MATERNAL	1	chr11_PATERNAL
RRAS	1	chr19	1	chr19_MATERNAL	1	chr19_PATERNAL
ENPP1	1	chr6	1	chr6_MATERNAL	1	chr6_PATERNAL
GFER	1	chr16	1	chr16_MATERNAL	1	chr16_PATERNAL
UBE3D	1	chr6	1	chr6_MATERNAL	1	chr6_PATERNAL
USP47	1	chr11	1	chr11_MATERNAL	1	chr11_PATERNAL
OR2T10	1	chr1	1	chr1_MATERNAL	1	chr1_PATERNAL
PPP2R5A	1	chr1	1	chr1_MATERNAL	1	chr1_PATERNAL
PSD4	1	chr2	1	chr2_MATERNAL	1	chr2_PATERNAL
DCAF15	1	chr19	1	chr19_MATERNAL	1	chr19_PATERNAL
MRC2	1	chr17	1	chr17_MATERNAL	1	chr17_PATERNAL
HMMR	1	chr5	1	chr5_MATERNAL	1	chr5_PATERNAL
STARD13	1	chr13	1	chr13_MATERNAL	1	chr13_PATERNAL
HEMGN	1	chr9	1	chr9_MATERNAL	1	chr9_PATERNAL
LMF1	1	chr16	1	chr16_MATERNAL	1	chr16_PATERNAL
SLC9A5	1	chr16	1	chr16_MATERNAL	1	chr16_PATERNAL
APOL1	1	chr22	1	chr22_MATERNAL	1	chr22_PATERNAL
GARIN5B	1	chr19	1	chr19_MATERNAL	1	chr19_PATERNAL
SRRM3	1	chr7	1	chr7_MATERNAL	1	chr7_PATERNAL
TRIM24	1	chr7	1	chr7_MATERNAL	1	chr7_PATERNAL
CTRL	1	chr16	1	chr16_MATERNAL	1	chr16_PATERNAL
UBR4	1	chr1	1	chr1_MATERNAL	1	chr1_PATERNAL
EPS8L2	1	chr11	1	chr11_MATERNAL	1	chr11_PATERNAL
MFGE8	1	chr15	1	chr15_MATERNAL	1	chr15_PATERNAL
ACBD7	1	chr10	1	chr10_MATERNAL	1	chr10_PATERNAL
C18orf32	1	chr18	1	chr18_MATERNAL	1	chr18_PATERNAL
GMIP	1	chr19	1	chr19_MATERNAL	1	chr19_PATERNAL
HACD1	1	chr10	1	chr10_MATERNAL	1	chr10_PATERNAL
RABGGTB	1	chr1	1	chr1_MATERNAL	1	chr1_PATERNAL
COLGALT1	1	chr19	1	chr19_MATERNAL	1	chr19_PATERNAL
CPXM1	1	chr20	1	chr20_MATERNAL	1	chr20_PATERNAL
GK2	1	chr4	1	chr4_MATERNAL	1	chr4_PATERNAL
PCCB	1	chr3	1	chr3_MATERNAL	1	chr3_PATERNAL
CNOT10	1	chr3	1	chr3_MATERNAL	1	chr3_PATERNAL
FAM169A	1	chr5	1	chr5_MATERNAL	1	chr5_PATERNAL
ATPAF2	1	chr17	1	chr17_MATERNAL	1	chr17_PATERNAL
DHRS13	1	chr17	1	chr17_MATERNAL	1	chr17_PATERNAL
KCNA6	1	chr12	1	chr12_MATERNAL	1	chr12_PATERNAL
CCNE2	1	chr8	1	chr8_MATERNAL	1	chr8_PATERNAL
SEC23B	1	chr20	1	chr20_MATERNAL	1	chr20_PATERNAL
FAM204A	1	chr10	1	chr10_MATERNAL	1	chr10_PATERNAL
PALM3	1	chr19	1	chr19_MATERNAL	1	chr19_PATERNAL
GHSR	1	chr3	1	chr3_MATERNAL	1	chr3_PATERNAL
MORF4L2	1	chrX	1	chrX_MATERNAL	0	None
PFKFB4	1	chr3	1	chr3_MATERNAL	1	chr3_PATERNAL
COL13A1	1	chr10	1	chr10_MATERNAL	1	chr10_PATERNAL
CAPN9	1	chr1	1	chr1_MATERNAL	1	chr1_PATERNAL
AKR1C4	1	chr10	1	chr10_MATERNAL	1	chr10_PATERNAL
KCNA4	1	chr11	1	chr11_MATERNAL	1	chr11_PATERNAL
CYP4X1	1	chr1	1	chr1_MATERNAL	1	chr1_PATERNAL
RNF186	1	chr1	1	chr1_MATERNAL	1	chr1_PATERNAL
SPATA31D4	1	chr9	1	chr9_MATERNAL	1	chr9_PATERNAL
SYCP2L	1	chr6	1	chr6_MATERNAL	1	chr6_PATERNAL
OR1N2	1	chr9	1	chr9_MATERNAL	1	chr9_PATERNAL
GLB1L2	1	chr11	1	chr11_MATERNAL	1	chr11_PATERNAL
RABGAP1	1	chr9	1	chr9_MATERNAL	1	chr9_PATERNAL
SLC25A41	1	chr19	1	chr19_MATERNAL	1	chr19_PATERNAL
PHF20	1	chr20	1	chr20_MATERNAL	1	chr20_PATERNAL
MRPL15	1	chr8	1	chr8_MATERNAL	1	chr8_PATERNAL
ZNF556	1	chr19	1	chr19_MATERNAL	1	chr19_PATERNAL
TYR	1	chr11	1	chr11_MATERNAL	1	chr11_PATERNAL
PUM2	1	chr2	1	chr2_MATERNAL	1	chr2_PATERNAL
MBD3L1	1	chr19	1	chr19_MATERNAL	1	chr19_PATERNAL
NCKAP1	1	chr2	1	chr2_MATERNAL	1	chr2_PATERNAL
KIAA1614	1	chr1	1	chr1_MATERNAL	1	chr1_PATERNAL
COMMD3-BMI1	1	chr10	1	chr10_MATERNAL	1	chr10_PATERNAL
STEAP1	1	chr7	1	chr7_MATERNAL	1	chr7_PATERNAL
MCM2	1	chr3	1	chr3_MATERNAL	1	chr3_PATERNAL
C14orf132	1	chr14	1	chr14_MATERNAL	1	chr14_PATERNAL
CCDC198	1	chr14	1	chr14_MATERNAL	1	chr14_PATERNAL
C1QTNF12	1	chr1	1	chr1_MATERNAL	1	chr1_PATERNAL
INTS7	1	chr1	1	chr1_MATERNAL	1	chr1_PATERNAL
LOC107985567	1	chr22	1	chr22_MATERNAL	1	chr22_PATERNAL
RBP7	1	chr1	1	chr1_MATERNAL	1	chr1_PATERNAL
AGPAT3	1	chr21	1	chr21_MATERNAL	1	chr21_PATERNAL
NUP160	1	chr11	1	chr11_MATERNAL	1	chr11_PATERNAL
CRY1	1	chr12	1	chr12_MATERNAL	1	chr12_PATERNAL
HPS6	1	chr10	1	chr10_MATERNAL	1	chr10_PATERNAL
CDC42EP3	1	chr2	1	chr2_MATERNAL	1	chr2_PATERNAL
DAZ1	1	chrY	0	None	1	chrY_PATERNAL
JUND	1	chr19	1	chr19_MATERNAL	1	chr19_PATERNAL
UGT2B28	0	None	0	None	1	chr4_PATERNAL
TRIM49C	1	chr11	1	chr11_MATERNAL	1	chr11_PATERNAL
KLHL25	1	chr15	1	chr15_MATERNAL	1	chr15_PATERNAL
TBCB	1	chr19	1	chr19_MATERNAL	1	chr19_PATERNAL
CAVIN3	1	chr11	1	chr11_MATERNAL	1	chr11_PATERNAL
RSPH9	1	chr6	1	chr6_MATERNAL	1	chr6_PATERNAL
DLX1	1	chr2	1	chr2_MATERNAL	1	chr2_PATERNAL
GGH	1	chr8	1	chr8_MATERNAL	1	chr8_PATERNAL
ZFP1	1	chr16	1	chr16_MATERNAL	1	chr16_PATERNAL
DUSP21	1	chrX	1	chrX_MATERNAL	0	None
CD83	1	chr6	1	chr6_MATERNAL	1	chr6_PATERNAL
KLHL26	1	chr19	1	chr19_MATERNAL	1	chr19_PATERNAL
YIF1B	1	chr19	1	chr19_MATERNAL	1	chr19_PATERNAL
NR1I3	1	chr1	1	chr1_MATERNAL	1	chr1_PATERNAL
ASAH2B	1	chr10	1	chr10_MATERNAL	1	chr10_PATERNAL
CCL21	1	chr9	1	chr9_MATERNAL	1	chr9_PATERNAL
ZNF708	1	chr19	1	chr19_MATERNAL	1	chr19_PATERNAL
KIF4B	1	chr5	1	chr5_MATERNAL	1	chr5_PATERNAL
CNTN5	1	chr11	1	chr11_MATERNAL	1	chr11_PATERNAL
FAM229B	1	chr6	1	chr6_MATERNAL	1	chr6_PATERNAL
B3GALT4	1	chr6	1	chr6_MATERNAL	1	chr6_PATERNAL
GPS2	1	chr17	1	chr17_MATERNAL	1	chr17_PATERNAL
ZNF718	1	chr4	1	chr4_MATERNAL	1	chr4_PATERNAL
SPAG4	1	chr20	1	chr20_MATERNAL	1	chr20_PATERNAL
SRD5A3	1	chr4	1	chr4_MATERNAL	1	chr4_PATERNAL
PRUNE2	1	chr9	1	chr9_MATERNAL	1	chr9_PATERNAL
VWC2	1	chr7	1	chr7_MATERNAL	1	chr7_PATERNAL
PHTF1	1	chr1	1	chr1_MATERNAL	1	chr1_PATERNAL
TGM5	1	chr15	1	chr15_MATERNAL	1	chr15_PATERNAL
LAMA5	1	chr20	1	chr20_MATERNAL	1	chr20_PATERNAL
TIAM2	1	chr6	1	chr6_MATERNAL	1	chr6_PATERNAL
BAG1	1	chr9	1	chr9_MATERNAL	1	chr9_PATERNAL
EMSY	1	chr11	1	chr11_MATERNAL	1	chr11_PATERNAL
TMEM183A	1	chr1	1	chr1_MATERNAL	1	chr1_PATERNAL
RNPC3	1	chr1	1	chr1_MATERNAL	1	chr1_PATERNAL
OR51F2	1	chr11	1	chr11_MATERNAL	1	chr11_PATERNAL
ACTRT3	1	chr3	1	chr3_MATERNAL	1	chr3_PATERNAL
LTBP3	1	chr11	1	chr11_MATERNAL	1	chr11_PATERNAL
SLC7A6	1	chr16	1	chr16_MATERNAL	1	chr16_PATERNAL
IL22RA2	1	chr6	1	chr6_MATERNAL	1	chr6_PATERNAL
MSANTD4	1	chr11	1	chr11_MATERNAL	1	chr11_PATERNAL
LOC124900866	1	chr4	1	chr4_MATERNAL	1	chr4_PATERNAL
DRD2	1	chr11	1	chr11_MATERNAL	1	chr11_PATERNAL
TTF2	1	chr1	1	chr1_MATERNAL	1	chr1_PATERNAL
BARX1	1	chr9	1	chr9_MATERNAL	1	chr9_PATERNAL
TMEM17	1	chr2	1	chr2_MATERNAL	1	chr2_PATERNAL
PRXL2C	1	chr9	1	chr9_MATERNAL	1	chr9_PATERNAL
BCCIP	1	chr10	1	chr10_MATERNAL	1	chr10_PATERNAL
VPS35L	1	chr16	1	chr16_MATERNAL	1	chr16_PATERNAL
SPINK4	1	chr9	1	chr9_MATERNAL	1	chr9_PATERNAL
UNKL	1	chr16	1	chr16_MATERNAL	1	chr16_PATERNAL
KMT5B	1	chr11	1	chr11_MATERNAL	1	chr11_PATERNAL
VWA3A	1	chr16	1	chr16_MATERNAL	1	chr16_PATERNAL
KDM3B	1	chr5	1	chr5_MATERNAL	1	chr5_PATERNAL
FBRS	1	chr16	1	chr16_MATERNAL	1	chr16_PATERNAL
VPS36	1	chr13	1	chr13_MATERNAL	1	chr13_PATERNAL
CD2AP	1	chr6	1	chr6_MATERNAL	1	chr6_PATERNAL
WEE2	1	chr7	1	chr7_MATERNAL	1	chr7_PATERNAL
EARS2	1	chr16	1	chr16_MATERNAL	1	chr16_PATERNAL
BRME1	1	chr19	1	chr19_MATERNAL	1	chr19_PATERNAL
HNF4G	1	chr8	1	chr8_MATERNAL	1	chr8_PATERNAL
HDHD3	1	chr9	1	chr9_MATERNAL	1	chr9_PATERNAL
MYRIP	1	chr3	1	chr3_MATERNAL	1	chr3_PATERNAL
LOC124904102	1	chr17	1	chr17_MATERNAL	1	chr17_PATERNAL
OR6J1	1	chr14	1	chr14_MATERNAL	1	chr14_PATERNAL
HAND1	1	chr5	1	chr5_MATERNAL	1	chr5_PATERNAL
ZNF79	1	chr9	1	chr9_MATERNAL	1	chr9_PATERNAL
SAT2	1	chr17	1	chr17_MATERNAL	1	chr17_PATERNAL
LOC124903734	1	chr16	1	chr16_MATERNAL	1	chr16_PATERNAL
OR2AE1	1	chr7	1	chr7_MATERNAL	1	chr7_PATERNAL
MYCN	1	chr2	1	chr2_MATERNAL	1	chr2_PATERNAL
SFI1	1	chr22	1	chr22_MATERNAL	1	chr22_PATERNAL
ZNF446	1	chr19	1	chr19_MATERNAL	1	chr19_PATERNAL
QDPR	1	chr4	1	chr4_MATERNAL	1	chr4_PATERNAL
SAMD7	1	chr3	1	chr3_MATERNAL	1	chr3_PATERNAL
HMX2	1	chr10	1	chr10_MATERNAL	1	chr10_PATERNAL
SCARA3	1	chr8	1	chr8_MATERNAL	1	chr8_PATERNAL
TPCN2	1	chr11	1	chr11_MATERNAL	1	chr11_PATERNAL
CBR4	1	chr4	1	chr4_MATERNAL	1	chr4_PATERNAL
ZRSR2	1	chrX	1	chrX_MATERNAL	0	None
DHX16	1	chr6	1	chr6_MATERNAL	1	chr6_PATERNAL
MAP2K2	1	chr19	1	chr19_MATERNAL	1	chr19_PATERNAL
SOX21	1	chr13	1	chr13_MATERNAL	1	chr13_PATERNAL
TCF12	1	chr15	1	chr15_MATERNAL	1	chr15_PATERNAL
UBE2D2	1	chr5	1	chr5_MATERNAL	1	chr5_PATERNAL
CREBBP	1	chr16	1	chr16_MATERNAL	1	chr16_PATERNAL
GNL2	1	chr1	1	chr1_MATERNAL	1	chr1_PATERNAL
SLC5A1	1	chr22	1	chr22_MATERNAL	1	chr22_PATERNAL
CHN2	1	chr7	1	chr7_MATERNAL	1	chr7_PATERNAL
TJP3	1	chr19	1	chr19_MATERNAL	1	chr19_PATERNAL
ASAH2	1	chr10	1	chr10_MATERNAL	1	chr10_PATERNAL
TMEM240	1	chr1	1	chr1_MATERNAL	1	chr1_PATERNAL
WNT16	1	chr7	1	chr7_MATERNAL	1	chr7_PATERNAL
ANK3	1	chr10	1	chr10_MATERNAL	1	chr10_PATERNAL
PPP1R32	1	chr11	1	chr11_MATERNAL	1	chr11_PATERNAL
MYO1D	1	chr17	1	chr17_MATERNAL	1	chr17_PATERNAL
TRPC4AP	1	chr20	1	chr20_MATERNAL	1	chr20_PATERNAL
DDX1	1	chr2	1	chr2_MATERNAL	1	chr2_PATERNAL
CNPY3-GNMT	1	chr6	1	chr6_MATERNAL	1	chr6_PATERNAL
OR4S2	1	chr11	1	chr11_MATERNAL	0	None
MAGED4	1	chrX	1	chrX_MATERNAL	0	None
TRIM54	1	chr2	1	chr2_MATERNAL	1	chr2_PATERNAL
SPATA18	1	chr4	1	chr4_MATERNAL	1	chr4_PATERNAL
TBC1D30	1	chr12	1	chr12_MATERNAL	1	chr12_PATERNAL
RTL1	1	chr14	1	chr14_MATERNAL	1	chr14_PATERNAL
CYP4V2	1	chr4	1	chr4_MATERNAL	1	chr4_PATERNAL
CDKN2AIP	1	chr4	1	chr4_MATERNAL	1	chr4_PATERNAL
RNF40	1	chr16	1	chr16_MATERNAL	1	chr16_PATERNAL
HTR4	1	chr5	1	chr5_MATERNAL	1	chr5_PATERNAL
USP51	1	chrX	1	chrX_MATERNAL	0	None
PTGES3L	1	chr17	1	chr17_MATERNAL	1	chr17_PATERNAL
PRH1	1	chr12	1	chr12_MATERNAL	1	chr12_PATERNAL
HERC2	1	chr15	1	chr15_MATERNAL	1	chr15_PATERNAL
PEX19	1	chr1	1	chr1_MATERNAL	1	chr1_PATERNAL
GPX6	1	chr6	1	chr6_MATERNAL	1	chr6_PATERNAL
ORMDL2	1	chr12	1	chr12_MATERNAL	1	chr12_PATERNAL
CCDC169-SOHLH2	1	chr13	1	chr13_MATERNAL	1	chr13_PATERNAL
WEE1	1	chr11	1	chr11_MATERNAL	1	chr11_PATERNAL
SH2D1A	1	chrX	1	chrX_MATERNAL	0	None
EFR3B	1	chr2	1	chr2_MATERNAL	1	chr2_PATERNAL
PPP1R35	1	chr7	1	chr7_MATERNAL	1	chr7_PATERNAL
BRD4	1	chr19	1	chr19_MATERNAL	1	chr19_PATERNAL
CLDN8	1	chr21	1	chr21_MATERNAL	1	chr21_PATERNAL
SH3GL2	1	chr9	1	chr9_MATERNAL	1	chr9_PATERNAL
TOR1AIP1	1	chr1	1	chr1_MATERNAL	1	chr1_PATERNAL
SLC22A4	1	chr5	1	chr5_MATERNAL	1	chr5_PATERNAL
SOX8	1	chr16	1	chr16_MATERNAL	1	chr16_PATERNAL
TCAIM	1	chr3	1	chr3_MATERNAL	1	chr3_PATERNAL
TRIL	1	chr7	1	chr7_MATERNAL	1	chr7_PATERNAL
PLEK	1	chr2	1	chr2_MATERNAL	1	chr2_PATERNAL
CHML	1	chr1	1	chr1_MATERNAL	1	chr1_PATERNAL
ADRA1D	1	chr20	1	chr20_MATERNAL	1	chr20_PATERNAL
PLP1	1	chrX	1	chrX_MATERNAL	0	None
NQO1	1	chr16	1	chr16_MATERNAL	1	chr16_PATERNAL
ST6GALNAC2	1	chr17	1	chr17_MATERNAL	1	chr17_PATERNAL
CFC1B	1	chr2	1	chr2_MATERNAL	1	chr2_PATERNAL
ALDH9A1	1	chr1	1	chr1_MATERNAL	1	chr1_PATERNAL
CASZ1	1	chr1	1	chr1_MATERNAL	1	chr1_PATERNAL
CRHR2	1	chr7	1	chr7_MATERNAL	1	chr7_PATERNAL
USP2	1	chr11	1	chr11_MATERNAL	1	chr11_PATERNAL
NIPA2	1	chr15	1	chr15_MATERNAL	1	chr15_PATERNAL
MINPP1	1	chr10	1	chr10_MATERNAL	1	chr10_PATERNAL
UTP15	1	chr5	1	chr5_MATERNAL	1	chr5_PATERNAL
OXTR	1	chr3	1	chr3_MATERNAL	1	chr3_PATERNAL
CADM3	1	chr1	1	chr1_MATERNAL	1	chr1_PATERNAL
YIPF2	1	chr19	1	chr19_MATERNAL	1	chr19_PATERNAL
SOWAHD	1	chrX	1	chrX_MATERNAL	0	None
POLR3D	1	chr8	1	chr8_MATERNAL	1	chr8_PATERNAL
GPR107	1	chr9	1	chr9_MATERNAL	1	chr9_PATERNAL
ESRP1	1	chr8	1	chr8_MATERNAL	1	chr8_PATERNAL
TRIB3	1	chr20	1	chr20_MATERNAL	1	chr20_PATERNAL
DENND5A	1	chr11	1	chr11_MATERNAL	1	chr11_PATERNAL
CFAP92	1	chr3	1	chr3_MATERNAL	1	chr3_PATERNAL
ZNF565	1	chr19	1	chr19_MATERNAL	1	chr19_PATERNAL
CELA3A	1	chr1	1	chr1_MATERNAL	1	chr1_PATERNAL
TRIM13	1	chr13	1	chr13_MATERNAL	1	chr13_PATERNAL
BACE2	1	chr21	1	chr21_MATERNAL	1	chr21_PATERNAL
FGF23	1	chr12	1	chr12_MATERNAL	1	chr12_PATERNAL
OR4D9	1	chr11	1	chr11_MATERNAL	1	chr11_PATERNAL
DRGX	1	chr10	1	chr10_MATERNAL	1	chr10_PATERNAL
SCP2	1	chr1	1	chr1_MATERNAL	1	chr1_PATERNAL
ZBED1	2	chrX,chrY	1	chrX_MATERNAL	1	chrY_PATERNAL
PCDHGC4	1	chr5	1	chr5_MATERNAL	1	chr5_PATERNAL
TRADD	1	chr16	1	chr16_MATERNAL	1	chr16_PATERNAL
PDE4C	1	chr19	1	chr19_MATERNAL	1	chr19_PATERNAL
MR1	1	chr1	1	chr1_MATERNAL	1	chr1_PATERNAL
MAP2K3	1	chr17	1	chr17_MATERNAL	1	chr17_PATERNAL
CLSTN3	1	chr12	1	chr12_MATERNAL	1	chr12_PATERNAL
OVCH2	1	chr11	1	chr11_MATERNAL	1	chr11_PATERNAL
ZNF443	1	chr19	1	chr19_MATERNAL	1	chr19_PATERNAL
STMP1	1	chr7	1	chr7_MATERNAL	1	chr7_PATERNAL
ZP4	1	chr1	1	chr1_MATERNAL	1	chr1_PATERNAL
RPS19BP1	1	chr22	1	chr22_MATERNAL	1	chr22_PATERNAL
IER3	1	chr6	1	chr6_MATERNAL	1	chr6_PATERNAL
IFRD2	1	chr3	1	chr3_MATERNAL	1	chr3_PATERNAL
MLC1	1	chr22	1	chr22_MATERNAL	1	chr22_PATERNAL
LOC124902171	1	chr9	1	chr9_MATERNAL	1	chr2_PATERNAL
TUB	1	chr11	1	chr11_MATERNAL	1	chr11_PATERNAL
DTYMK	1	chr2	1	chr2_MATERNAL	1	chr2_PATERNAL
FKBP15	1	chr9	1	chr9_MATERNAL	1	chr9_PATERNAL
SLC1A4	1	chr2	1	chr2_MATERNAL	1	chr2_PATERNAL
POLE2	1	chr14	1	chr14_MATERNAL	1	chr14_PATERNAL
OR13C4	1	chr9	1	chr9_MATERNAL	1	chr9_PATERNAL
GATA1	1	chrX	1	chrX_MATERNAL	0	None
RNF185	1	chr22	1	chr22_MATERNAL	1	chr22_PATERNAL
PRAMEF7	1	chr1	1	chr1_MATERNAL	1	chr1_PATERNAL
SDC1	1	chr2	1	chr2_MATERNAL	1	chr2_PATERNAL
SH3TC2	1	chr5	1	chr5_MATERNAL	1	chr5_PATERNAL
IFNL1	1	chr19	1	chr19_MATERNAL	1	chr19_PATERNAL
CACNA1D	1	chr3	1	chr3_MATERNAL	1	chr3_PATERNAL
KLHL21	1	chr1	1	chr1_MATERNAL	1	chr1_PATERNAL
INCA1	1	chr17	1	chr17_MATERNAL	1	chr17_PATERNAL
DMRTA1	1	chr9	1	chr9_MATERNAL	1	chr9_PATERNAL
TMEM163	1	chr2	1	chr2_MATERNAL	1	chr2_PATERNAL
DBF4B	1	chr17	1	chr17_MATERNAL	1	chr17_PATERNAL
SRI	1	chr7	1	chr7_MATERNAL	1	chr7_PATERNAL
BMT2	1	chr7	1	chr7_MATERNAL	1	chr7_PATERNAL
DCD	1	chr12	1	chr12_MATERNAL	1	chr12_PATERNAL
AGPAT5	1	chr8	1	chr8_MATERNAL	1	chr8_PATERNAL
GALNT4	1	chr12	1	chr12_MATERNAL	1	chr12_PATERNAL
ATRAID	1	chr2	1	chr2_MATERNAL	1	chr2_PATERNAL
PRKACB	1	chr1	1	chr1_MATERNAL	1	chr1_PATERNAL
SNAP91	1	chr6	1	chr6_MATERNAL	1	chr6_PATERNAL
UGT1A5	1	chr2	1	chr2_MATERNAL	1	chr2_PATERNAL
DNAH9	1	chr17	1	chr17_MATERNAL	1	chr17_PATERNAL
APELA	1	chr4	1	chr4_MATERNAL	1	chr4_PATERNAL
LELP1	1	chr1	1	chr1_MATERNAL	1	chr1_PATERNAL
RUFY4	1	chr2	1	chr2_MATERNAL	1	chr2_PATERNAL
RPS6KA5	1	chr14	1	chr14_MATERNAL	1	chr14_PATERNAL
PSMG3	1	chr7	1	chr7_MATERNAL	1	chr7_PATERNAL
MSRB1	1	chr16	1	chr16_MATERNAL	1	chr16_PATERNAL
TGIF2LY	1	chrY	0	None	1	chrY_PATERNAL
CPVL	1	chr7	1	chr7_MATERNAL	1	chr7_PATERNAL
PHF10	1	chr6	1	chr6_MATERNAL	1	chr6_PATERNAL
GSDMB	1	chr17	1	chr17_MATERNAL	1	chr17_PATERNAL
FBXO48	1	chr2	1	chr2_MATERNAL	1	chr2_PATERNAL
TDP2	1	chr6	1	chr6_MATERNAL	1	chr6_PATERNAL
CELF2	1	chr10	1	chr10_MATERNAL	1	chr10_PATERNAL
UBXN2B	1	chr8	1	chr8_MATERNAL	1	chr8_PATERNAL
WFDC10A	1	chr20	1	chr20_MATERNAL	1	chr20_PATERNAL
GOLGA6C	1	chr15	1	chr15_MATERNAL	1	chr15_PATERNAL
KCNN1	1	chr19	1	chr19_MATERNAL	1	chr19_PATERNAL
RPUSD4	1	chr11	1	chr11_MATERNAL	1	chr11_PATERNAL
RDX	1	chr11	1	chr11_MATERNAL	1	chr11_PATERNAL
TMEM260	1	chr14	1	chr14_MATERNAL	1	chr14_PATERNAL
EDN2	1	chr1	1	chr1_MATERNAL	1	chr1_PATERNAL
LOC124904414	1	chr1	1	chr1_MATERNAL	1	chr1_PATERNAL
AIRE	1	chr21	1	chr21_MATERNAL	1	chr21_PATERNAL
GUCY1A1	1	chr4	1	chr4_MATERNAL	1	chr4_PATERNAL
VAMP5	1	chr2	1	chr2_MATERNAL	1	chr2_PATERNAL
SS18	1	chr18	1	chr18_MATERNAL	1	chr18_PATERNAL
OR2M5	1	chr1	1	chr1_MATERNAL	1	chr1_PATERNAL
MRTFA	1	chr22	1	chr22_MATERNAL	1	chr22_PATERNAL
POLQ	1	chr3	1	chr3_MATERNAL	1	chr3_PATERNAL
ZIC4	1	chr3	1	chr3_MATERNAL	1	chr3_PATERNAL
PPP1R36	1	chr14	1	chr14_MATERNAL	1	chr14_PATERNAL
AKR1E2	1	chr10	1	chr10_MATERNAL	1	chr10_PATERNAL
CD9	1	chr12	1	chr12_MATERNAL	1	chr12_PATERNAL
KRTAP5-3	1	chr11	1	chr11_MATERNAL	1	chr11_PATERNAL
CHEK1	1	chr11	1	chr11_MATERNAL	1	chr11_PATERNAL
WDR77	1	chr1	1	chr1_MATERNAL	1	chr1_PATERNAL
VSTM1	1	chr19	1	chr19_MATERNAL	1	chr19_PATERNAL
COPS3	1	chr17	1	chr17_MATERNAL	1	chr17_PATERNAL
SDHAF1	1	chr19	1	chr19_MATERNAL	1	chr19_PATERNAL
SAMD9	1	chr7	1	chr7_MATERNAL	1	chr7_PATERNAL
MOK	1	chr14	1	chr14_MATERNAL	1	chr14_PATERNAL
SGK2	1	chr20	1	chr20_MATERNAL	1	chr20_PATERNAL
ELF1	1	chr13	1	chr13_MATERNAL	1	chr13_PATERNAL
ASZ1	1	chr7	1	chr7_MATERNAL	1	chr7_PATERNAL
EML4	1	chr2	1	chr2_MATERNAL	1	chr2_PATERNAL
SLC16A1	1	chr1	1	chr1_MATERNAL	1	chr1_PATERNAL
TTC24	1	chr1	1	chr1_MATERNAL	1	chr1_PATERNAL
DESI1	1	chr22	1	chr22_MATERNAL	1	chr22_PATERNAL
OR13C5	1	chr9	1	chr9_MATERNAL	1	chr9_PATERNAL
ATP1B2	1	chr17	1	chr17_MATERNAL	1	chr17_PATERNAL
SHC4	1	chr15	1	chr15_MATERNAL	1	chr15_PATERNAL
KRT31	1	chr17	1	chr17_MATERNAL	1	chr17_PATERNAL
GRINA	1	chr8	1	chr8_MATERNAL	1	chr8_PATERNAL
CLPTM1L	1	chr5	1	chr5_MATERNAL	1	chr5_PATERNAL
ZG16	1	chr16	1	chr16_MATERNAL	1	chr16_PATERNAL
GYPA	1	chr4	1	chr4_MATERNAL	1	chr4_PATERNAL
MBIP	1	chr14	1	chr14_MATERNAL	1	chr14_PATERNAL
KATNA1	1	chr6	1	chr6_MATERNAL	1	chr6_PATERNAL
C15orf48	1	chr15	1	chr15_MATERNAL	1	chr15_PATERNAL
PUDP	1	chrX	1	chrX_MATERNAL	0	None
SELENOV	1	chr19	1	chr19_MATERNAL	1	chr19_PATERNAL
SLC35D2	1	chr9	1	chr9_MATERNAL	1	chr9_PATERNAL
NUDT6	1	chr4	1	chr4_MATERNAL	1	chr4_PATERNAL
MAPRE1	1	chr20	1	chr20_MATERNAL	1	chr20_PATERNAL
PIK3R1	1	chr5	1	chr5_MATERNAL	1	chr5_PATERNAL
MXRA8	1	chr1	1	chr1_MATERNAL	1	chr1_PATERNAL
SULT2B1	1	chr19	1	chr19_MATERNAL	1	chr19_PATERNAL
RADX	1	chrX	1	chrX_MATERNAL	0	None
ARL17B	1	chr17	0	None	1	chr17_PATERNAL
RMND1	1	chr6	1	chr6_MATERNAL	1	chr6_PATERNAL
AGTRAP	1	chr1	1	chr1_MATERNAL	1	chr1_PATERNAL
EGR2	1	chr10	1	chr10_MATERNAL	1	chr10_PATERNAL
TRIM42	1	chr3	1	chr3_MATERNAL	1	chr3_PATERNAL
TOM1L2	1	chr17	1	chr17_MATERNAL	1	chr17_PATERNAL
ABRA	1	chr8	1	chr8_MATERNAL	1	chr8_PATERNAL
ERGIC2	1	chr12	1	chr12_MATERNAL	1	chr12_PATERNAL
CEP55	1	chr10	1	chr10_MATERNAL	1	chr10_PATERNAL
CPA1	1	chr7	1	chr7_MATERNAL	1	chr7_PATERNAL
LRRC56	1	chr11	1	chr11_MATERNAL	1	chr11_PATERNAL
IL36RN	1	chr2	1	chr2_MATERNAL	1	chr2_PATERNAL
PCDH12	1	chr5	1	chr5_MATERNAL	1	chr5_PATERNAL
SH2B1	1	chr16	1	chr16_MATERNAL	1	chr16_PATERNAL
TAF1L	1	chr9	1	chr9_MATERNAL	1	chr9_PATERNAL
POTEE	1	chr2	1	chr2_MATERNAL	1	chr2_PATERNAL
FKBP14	1	chr7	1	chr7_MATERNAL	1	chr7_PATERNAL
CPEB2	1	chr4	1	chr4_MATERNAL	1	chr4_PATERNAL
CASP1	1	chr11	1	chr11_MATERNAL	1	chr11_PATERNAL
LUZP1	1	chr1	1	chr1_MATERNAL	1	chr1_PATERNAL
BCL9	1	chr1	1	chr1_MATERNAL	1	chr1_PATERNAL
CHPT1	1	chr12	1	chr12_MATERNAL	1	chr12_PATERNAL
TPO	1	chr2	1	chr2_MATERNAL	1	chr2_PATERNAL
TCFL5	1	chr20	1	chr20_MATERNAL	1	chr20_PATERNAL
CYTH3	1	chr7	1	chr7_MATERNAL	1	chr7_PATERNAL
LOC124905368	1	chr2	1	chr2_MATERNAL	1	chr2_PATERNAL
LOC101059948	1	chr19	1	chr19_MATERNAL	1	chr19_PATERNAL
CALML6	1	chr1	1	chr1_MATERNAL	1	chr1_PATERNAL
ATP6AP2	1	chrX	1	chrX_MATERNAL	0	None
PNMA8B	1	chr19	1	chr19_MATERNAL	1	chr19_PATERNAL
RHOQ	1	chr2	1	chr2_MATERNAL	1	chr2_PATERNAL
UBA52	1	chr19	1	chr19_MATERNAL	1	chr19_PATERNAL
APOBEC4	1	chr1	1	chr1_MATERNAL	1	chr1_PATERNAL
DYNLT5	1	chr1	1	chr1_MATERNAL	1	chr1_PATERNAL
SNRPA	1	chr19	1	chr19_MATERNAL	1	chr19_PATERNAL
ACOT1	1	chr14	0	None	1	chr14_PATERNAL
PTPN23	1	chr3	1	chr3_MATERNAL	1	chr3_PATERNAL
ABCB11	1	chr2	1	chr2_MATERNAL	1	chr2_PATERNAL
OTUD5	1	chrX	1	chrX_MATERNAL	0	None
OCIAD2	1	chr4	1	chr4_MATERNAL	1	chr4_PATERNAL
CHI3L2	1	chr1	1	chr1_MATERNAL	1	chr1_PATERNAL
SLC14A1	1	chr18	1	chr18_MATERNAL	1	chr18_PATERNAL
TULP4	1	chr6	1	chr6_MATERNAL	1	chr6_PATERNAL
CLDN3	1	chr7	1	chr7_MATERNAL	1	chr7_PATERNAL
CLUL1	1	chr18	1	chr18_MATERNAL	1	chr18_PATERNAL
NPY	1	chr7	1	chr7_MATERNAL	1	chr7_PATERNAL
DICER1	1	chr14	1	chr14_MATERNAL	1	chr14_PATERNAL
PRORP	1	chr14	1	chr14_MATERNAL	1	chr14_PATERNAL
FGGY	1	chr1	1	chr1_MATERNAL	1	chr1_PATERNAL
REC8	1	chr14	1	chr14_MATERNAL	1	chr14_PATERNAL
ZNF879	1	chr5	1	chr5_MATERNAL	1	chr5_PATERNAL
LOC107987042	1	chr9	1	chr9_MATERNAL	1	chr9_PATERNAL
RABL3	1	chr3	1	chr3_MATERNAL	1	chr3_PATERNAL
ZC3H11B	1	chr1	1	chr1_MATERNAL	1	chr1_PATERNAL
EEF2K	1	chr16	1	chr16_MATERNAL	1	chr16_PATERNAL
CPXCR1	1	chrX	1	chrX_MATERNAL	0	None
ANKRD28	1	chr3	1	chr3_MATERNAL	1	chr3_PATERNAL
IRX2	1	chr5	1	chr5_MATERNAL	1	chr5_PATERNAL
NOTCH4	1	chr6	1	chr6_MATERNAL	1	chr6_PATERNAL
PKHD1L1	1	chr8	1	chr8_MATERNAL	1	chr8_PATERNAL
RFX3	1	chr9	1	chr9_MATERNAL	1	chr9_PATERNAL
ALDH1A3	1	chr15	1	chr15_MATERNAL	1	chr15_PATERNAL
OLIG3	1	chr6	1	chr6_MATERNAL	1	chr6_PATERNAL
COQ7	1	chr16	1	chr16_MATERNAL	1	chr16_PATERNAL
PLA1A	1	chr3	1	chr3_MATERNAL	1	chr3_PATERNAL
CST7	1	chr20	1	chr20_MATERNAL	1	chr20_PATERNAL
GEMIN4	1	chr17	1	chr17_MATERNAL	1	chr17_PATERNAL
C10orf120	1	chr10	1	chr10_MATERNAL	1	chr10_PATERNAL
RAB3GAP1	1	chr2	1	chr2_MATERNAL	1	chr2_PATERNAL
HOXA2	1	chr7	1	chr7_MATERNAL	1	chr7_PATERNAL
KRT16	1	chr17	1	chr17_MATERNAL	1	chr17_PATERNAL
SIAH1	1	chr16	1	chr16_MATERNAL	1	chr16_PATERNAL
KRTAP22-1	1	chr21	1	chr21_MATERNAL	1	chr21_PATERNAL
DYRK1B	1	chr19	1	chr19_MATERNAL	1	chr19_PATERNAL
KIRREL2	1	chr19	1	chr19_MATERNAL	1	chr19_PATERNAL
PDLIM3	1	chr4	1	chr4_MATERNAL	1	chr4_PATERNAL
MIGA2	1	chr9	1	chr9_MATERNAL	1	chr9_PATERNAL
CCDC88A	1	chr2	1	chr2_MATERNAL	1	chr2_PATERNAL
DCAF8	1	chr1	1	chr1_MATERNAL	1	chr1_PATERNAL
USP50	1	chr15	1	chr15_MATERNAL	1	chr15_PATERNAL
PARP4	1	chr13	1	chr13_MATERNAL	1	chr13_PATERNAL
ACOX3	1	chr4	1	chr4_MATERNAL	1	chr4_PATERNAL
TULP2	1	chr19	1	chr19_MATERNAL	1	chr19_PATERNAL
SUDS3	1	chr12	1	chr12_MATERNAL	1	chr12_PATERNAL
BRS3	1	chrX	1	chrX_MATERNAL	0	None
NUP188	1	chr9	1	chr9_MATERNAL	1	chr9_PATERNAL
MAML2	1	chr11	1	chr11_MATERNAL	1	chr11_PATERNAL
NASP	1	chr1	1	chr1_MATERNAL	1	chr1_PATERNAL
KLF7	1	chr2	1	chr2_MATERNAL	1	chr2_PATERNAL
POLE	1	chr12	1	chr12_MATERNAL	1	chr12_PATERNAL
CHCHD5	1	chr2	1	chr2_MATERNAL	1	chr2_PATERNAL
LOC105371267	1	chr16	1	chr16_MATERNAL	1	chr16_PATERNAL
FLACC1	1	chr2	1	chr2_MATERNAL	1	chr2_PATERNAL
FAM199X	1	chrX	1	chrX_MATERNAL	0	None
DHRS1	1	chr14	1	chr14_MATERNAL	1	chr14_PATERNAL
TFAP2D	1	chr6	1	chr6_MATERNAL	1	chr6_PATERNAL
FAM3D	1	chr3	1	chr3_MATERNAL	1	chr3_PATERNAL
CENPS	1	chr1	1	chr1_MATERNAL	1	chr1_PATERNAL
MTMR4	1	chr17	1	chr17_MATERNAL	1	chr17_PATERNAL
LRCH1	1	chr13	1	chr13_MATERNAL	1	chr13_PATERNAL
SNX32	1	chr11	1	chr11_MATERNAL	1	chr11_PATERNAL
SELENON	1	chr1	1	chr1_MATERNAL	1	chr1_PATERNAL
MARCHF1	1	chr4	1	chr4_MATERNAL	1	chr4_PATERNAL
TMCC2	1	chr1	1	chr1_MATERNAL	1	chr1_PATERNAL
C4BPA	1	chr1	1	chr1_MATERNAL	1	chr1_PATERNAL
ADAP2	1	chr17	1	chr17_MATERNAL	1	chr17_PATERNAL
CROT	1	chr7	1	chr7_MATERNAL	1	chr7_PATERNAL
TMPRSS9	1	chr19	1	chr19_MATERNAL	1	chr19_PATERNAL
LOC124901798	2	chr7,chr7	1	chr7_MATERNAL	1	chr7_PATERNAL
KLHL41	1	chr2	1	chr2_MATERNAL	1	chr2_PATERNAL
SEMA4C	1	chr2	1	chr2_MATERNAL	1	chr2_PATERNAL
FBP1	1	chr9	1	chr9_MATERNAL	1	chr9_PATERNAL
UGT2B15	1	chr4	1	chr4_MATERNAL	1	chr4_PATERNAL
NAPB	1	chr20	1	chr20_MATERNAL	1	chr20_PATERNAL
WASF1	1	chr6	1	chr6_MATERNAL	1	chr6_PATERNAL
SLC25A52	1	chr18	1	chr18_MATERNAL	1	chr18_PATERNAL
TSPAN9	1	chr12	1	chr12_MATERNAL	1	chr12_PATERNAL
ZNF451	1	chr6	1	chr6_MATERNAL	1	chr6_PATERNAL
LRRC75B	1	chr22	1	chr22_MATERNAL	1	chr22_PATERNAL
TECR	1	chr19	1	chr19_MATERNAL	1	chr19_PATERNAL
RCOR2	1	chr11	1	chr11_MATERNAL	1	chr11_PATERNAL
RARS2	1	chr6	1	chr6_MATERNAL	1	chr6_PATERNAL
LRCH3	1	chr3	1	chr3_MATERNAL	1	chr3_PATERNAL
AP4M1	1	chr7	1	chr7_MATERNAL	1	chr7_PATERNAL
TACO1	1	chr17	1	chr17_MATERNAL	1	chr17_PATERNAL
ZNF557	1	chr19	1	chr19_MATERNAL	1	chr19_PATERNAL
MSANTD3	1	chr9	1	chr9_MATERNAL	1	chr9_PATERNAL
TBPL1	1	chr6	1	chr6_MATERNAL	1	chr6_PATERNAL
ARHGAP26	1	chr5	1	chr5_MATERNAL	1	chr5_PATERNAL
MPV17	1	chr2	1	chr2_MATERNAL	1	chr2_PATERNAL
EREG	1	chr4	1	chr4_MATERNAL	1	chr4_PATERNAL
TRIM43B	1	chr2	1	chr2_MATERNAL	1	chr2_PATERNAL
SUPT20HL2	1	chrX	1	chrX_MATERNAL	0	None
ARL4A	1	chr7	1	chr7_MATERNAL	1	chr7_PATERNAL
TRUB1	1	chr10	1	chr10_MATERNAL	1	chr10_PATERNAL
ALAS1	1	chr3	1	chr3_MATERNAL	1	chr3_PATERNAL
HAUS4	1	chr14	1	chr14_MATERNAL	1	chr14_PATERNAL
LIPA	1	chr10	1	chr10_MATERNAL	1	chr10_PATERNAL
NATD1	1	chr17	1	chr17_MATERNAL	1	chr17_PATERNAL
ZNF484	1	chr9	1	chr9_MATERNAL	1	chr9_PATERNAL
OR5W2	1	chr11	1	chr11_MATERNAL	1	chr11_PATERNAL
CDK16	1	chrX	1	chrX_MATERNAL	0	None
SERBP1	1	chr1	1	chr1_MATERNAL	1	chr1_PATERNAL
ZNF639	1	chr3	1	chr3_MATERNAL	1	chr3_PATERNAL
OR8K1	1	chr11	1	chr11_MATERNAL	1	chr11_PATERNAL
MAGIX	1	chrX	1	chrX_MATERNAL	0	None
RBFOX2	1	chr22	1	chr22_MATERNAL	1	chr22_PATERNAL
SLC35A4	1	chr5	1	chr5_MATERNAL	1	chr5_PATERNAL
EEF1AKMT4-ECE2	1	chr3	1	chr3_MATERNAL	1	chr3_PATERNAL
PYCR2	1	chr1	1	chr1_MATERNAL	1	chr1_PATERNAL
ZNF230	1	chr19	1	chr19_MATERNAL	1	chr19_PATERNAL
CYB561D2	1	chr3	1	chr3_MATERNAL	1	chr3_PATERNAL
PLAAT2	1	chr11	1	chr11_MATERNAL	1	chr11_PATERNAL
MRPS21	1	chr1	1	chr1_MATERNAL	1	chr1_PATERNAL
ENHO	1	chr9	1	chr9_MATERNAL	1	chr9_PATERNAL
TAS2R50	1	chr12	1	chr12_MATERNAL	1	chr12_PATERNAL
FBXO9	1	chr6	1	chr6_MATERNAL	1	chr6_PATERNAL
PIGW	1	chr17	1	chr17_MATERNAL	1	chr17_PATERNAL
HUS1B	1	chr6	1	chr6_MATERNAL	1	chr6_PATERNAL
PNMA6F	1	chrX	1	chrX_MATERNAL	0	None
IRF7	1	chr11	1	chr11_MATERNAL	1	chr11_PATERNAL
BDKRB2	1	chr14	1	chr14_MATERNAL	1	chr14_PATERNAL
TEKT1	1	chr17	1	chr17_MATERNAL	1	chr17_PATERNAL
MYCBP	1	chr1	1	chr1_MATERNAL	1	chr1_PATERNAL
LOC124900374	1	chr16	1	chr16_MATERNAL	1	chr16_PATERNAL
CCDC62	1	chr12	1	chr12_MATERNAL	1	chr12_PATERNAL
LPAR1	1	chr9	1	chr9_MATERNAL	1	chr9_PATERNAL
CCL27	1	chr9	1	chr9_MATERNAL	1	chr9_PATERNAL
TMEM35A	1	chrX	1	chrX_MATERNAL	0	None
LSM5	1	chr7	1	chr7_MATERNAL	1	chr7_PATERNAL
FAM236D	1	chrX	1	chrX_MATERNAL	0	None
APOO	1	chrX	1	chrX_MATERNAL	0	None
NFYC	1	chr1	1	chr1_MATERNAL	1	chr1_PATERNAL
MPHOSPH9	1	chr12	1	chr12_MATERNAL	1	chr12_PATERNAL
NANOG	1	chr12	1	chr12_MATERNAL	1	chr12_PATERNAL
DCK	1	chr4	1	chr4_MATERNAL	1	chr4_PATERNAL
MFN2	1	chr1	1	chr1_MATERNAL	1	chr1_PATERNAL
SMYD4	1	chr17	1	chr17_MATERNAL	1	chr17_PATERNAL
PKMYT1	1	chr16	1	chr16_MATERNAL	1	chr16_PATERNAL
SIK2	1	chr11	1	chr11_MATERNAL	1	chr11_PATERNAL
SLC49A4	1	chr3	1	chr3_MATERNAL	1	chr3_PATERNAL
AP1AR	1	chr4	1	chr4_MATERNAL	1	chr4_PATERNAL
DAXX	1	chr6	1	chr6_MATERNAL	1	chr6_PATERNAL
PSAPL1	1	chr4	1	chr4_MATERNAL	1	chr4_PATERNAL
SND1	1	chr7	1	chr7_MATERNAL	1	chr7_PATERNAL
DROSHA	1	chr5	1	chr5_MATERNAL	1	chr5_PATERNAL
ODAD4	1	chr17	1	chr17_MATERNAL	1	chr17_PATERNAL
IL17RB	1	chr3	1	chr3_MATERNAL	1	chr3_PATERNAL
TJAP1	1	chr6	1	chr6_MATERNAL	1	chr6_PATERNAL
MFHAS1	1	chr8	1	chr8_MATERNAL	1	chr8_PATERNAL
PBX2	1	chr6	1	chr6_MATERNAL	1	chr6_PATERNAL
LMAN1L	1	chr15	1	chr15_MATERNAL	1	chr15_PATERNAL
LOC124900994	1	chr5	1	chr5_MATERNAL	1	chr5_PATERNAL
PHETA1	1	chr12	1	chr12_MATERNAL	1	chr12_PATERNAL
STPG2	1	chr4	1	chr4_MATERNAL	1	chr4_PATERNAL
GUCY2C	1	chr12	1	chr12_MATERNAL	1	chr12_PATERNAL
SEPHS2	1	chr16	1	chr16_MATERNAL	1	chr16_PATERNAL
LYPLA2	1	chr1	1	chr1_MATERNAL	1	chr1_PATERNAL
AIFM2	1	chr10	1	chr10_MATERNAL	1	chr10_PATERNAL
CDH5	1	chr16	1	chr16_MATERNAL	1	chr16_PATERNAL
AKAP8	1	chr19	1	chr19_MATERNAL	1	chr19_PATERNAL
CYP1B1	1	chr2	1	chr2_MATERNAL	1	chr2_PATERNAL
NT5C1A	1	chr1	1	chr1_MATERNAL	1	chr1_PATERNAL
IL11	1	chr19	1	chr19_MATERNAL	1	chr19_PATERNAL
ASH2L	1	chr8	1	chr8_MATERNAL	1	chr8_PATERNAL
H3-3A	1	chr1	1	chr1_MATERNAL	1	chr1_PATERNAL
PDSS2	1	chr6	1	chr6_MATERNAL	1	chr6_PATERNAL
CAGE1	1	chr6	1	chr6_MATERNAL	1	chr6_PATERNAL
STK3	1	chr8	1	chr8_MATERNAL	1	chr8_PATERNAL
CD34	1	chr1	1	chr1_MATERNAL	1	chr1_PATERNAL
CAMSAP3	1	chr19	1	chr19_MATERNAL	1	chr19_PATERNAL
STRA6	1	chr15	1	chr15_MATERNAL	1	chr15_PATERNAL
FAM13C	1	chr10	1	chr10_MATERNAL	1	chr10_PATERNAL
JAK2	1	chr9	1	chr9_MATERNAL	1	chr9_PATERNAL
OPN1LW	1	chrX	1	chrX_MATERNAL	0	None
BMPR1B	1	chr4	1	chr4_MATERNAL	1	chr4_PATERNAL
OSBPL5	1	chr11	1	chr11_MATERNAL	1	chr11_PATERNAL
IKZF3	1	chr17	1	chr17_MATERNAL	1	chr17_PATERNAL
NXN	1	chr17	1	chr17_MATERNAL	1	chr17_PATERNAL
CDH20	1	chr18	1	chr18_MATERNAL	1	chr18_PATERNAL
HOXD8	1	chr2	1	chr2_MATERNAL	1	chr2_PATERNAL
SPACA5	1	chrX	1	chrX_MATERNAL	0	None
SMIM45	1	chr22	1	chr22_MATERNAL	1	chr22_PATERNAL
SPPL3	1	chr12	1	chr12_MATERNAL	1	chr12_PATERNAL
VDAC1	1	chr5	1	chr5_MATERNAL	1	chr5_PATERNAL
PCMTD2	1	chr20	1	chr20_MATERNAL	1	chr20_PATERNAL
CEP95	1	chr17	1	chr17_MATERNAL	1	chr17_PATERNAL
NDUFB11	1	chrX	1	chrX_MATERNAL	0	None
LTA4H	1	chr12	1	chr12_MATERNAL	1	chr12_PATERNAL
ANPEP	1	chr15	1	chr15_MATERNAL	1	chr15_PATERNAL
CDIN1	1	chr15	1	chr15_MATERNAL	1	chr15_PATERNAL
TTC36	1	chr11	1	chr11_MATERNAL	1	chr11_PATERNAL
HNRNPUL2	1	chr11	1	chr11_MATERNAL	1	chr11_PATERNAL
ADGRD1	1	chr12	1	chr12_MATERNAL	1	chr12_PATERNAL
GBGT1	1	chr9	1	chr9_MATERNAL	1	chr9_PATERNAL
GLTP	1	chr12	1	chr12_MATERNAL	1	chr12_PATERNAL
LOC124902551	1	chr10	1	chr10_MATERNAL	1	chr10_PATERNAL
LRRC53	1	chr1	1	chr1_MATERNAL	1	chr1_PATERNAL
JUP	1	chr17	1	chr17_MATERNAL	1	chr17_PATERNAL
COL6A6	1	chr3	1	chr3_MATERNAL	1	chr3_PATERNAL
RBMXL2	1	chr11	1	chr11_MATERNAL	1	chr11_PATERNAL
ANKUB1	1	chr3	1	chr3_MATERNAL	1	chr3_PATERNAL
MAGEB4	1	chrX	1	chrX_MATERNAL	0	None
LRP11	1	chr6	1	chr6_MATERNAL	1	chr6_PATERNAL
FTCD	1	chr21	1	chr21_MATERNAL	1	chr21_PATERNAL
TARS3	1	chr15	1	chr15_MATERNAL	1	chr15_PATERNAL
PHLDB3	1	chr19	1	chr19_MATERNAL	1	chr19_PATERNAL
NCF1	1	chr7	1	chr7_MATERNAL	1	chr7_PATERNAL
TBC1D1	1	chr4	1	chr4_MATERNAL	1	chr4_PATERNAL
GNG13	1	chr16	1	chr16_MATERNAL	1	chr16_PATERNAL
PIP4K2B	1	chr17	1	chr17_MATERNAL	1	chr17_PATERNAL
TMSB4X	1	chrX	1	chrX_MATERNAL	0	None
SLCO1B1	1	chr12	1	chr12_MATERNAL	1	chr12_PATERNAL
ST7L	1	chr1	1	chr1_MATERNAL	1	chr1_PATERNAL
KDM6B	1	chr17	1	chr17_MATERNAL	1	chr17_PATERNAL
TEAD1	1	chr11	1	chr11_MATERNAL	1	chr11_PATERNAL
OR10H5	1	chr19	1	chr19_MATERNAL	1	chr19_PATERNAL
PDK3	1	chrX	1	chrX_MATERNAL	0	None
ZNF724	1	chr19	1	chr19_MATERNAL	1	chr19_PATERNAL
GTF3C1	1	chr16	1	chr16_MATERNAL	1	chr16_PATERNAL
KHDRBS3	1	chr8	1	chr8_MATERNAL	1	chr8_PATERNAL
OVCA2	1	chr17	1	chr17_MATERNAL	1	chr17_PATERNAL
LOC124900386	3	chr1,chr1,chr1	2	chr1_MATERNAL,chr1_MATERNAL	3	chr1_PATERNAL,chr1_PATERNAL,chr1_PATERNAL
KRT76	1	chr12	1	chr12_MATERNAL	1	chr12_PATERNAL
MFF	1	chr2	1	chr2_MATERNAL	1	chr2_PATERNAL
GPR26	1	chr10	1	chr10_MATERNAL	1	chr10_PATERNAL
C1QTNF4	1	chr11	1	chr11_MATERNAL	1	chr11_PATERNAL
DNAJA1	1	chr9	1	chr9_MATERNAL	1	chr9_PATERNAL
KIAA0895L	1	chr16	1	chr16_MATERNAL	1	chr16_PATERNAL
HAS2	1	chr8	1	chr8_MATERNAL	1	chr8_PATERNAL
CLCN4	1	chrX	1	chrX_MATERNAL	0	None
DUSP2	1	chr2	1	chr2_MATERNAL	1	chr2_PATERNAL
CEP44	1	chr4	1	chr4_MATERNAL	1	chr4_PATERNAL
EPHA2	1	chr1	1	chr1_MATERNAL	1	chr1_PATERNAL
DEFB106A	2	chr8,chr8	1	chr8_MATERNAL	2	chr8_PATERNAL,chr8_PATERNAL
OVOL3	1	chr19	1	chr19_MATERNAL	1	chr19_PATERNAL
UBL3	1	chr13	1	chr13_MATERNAL	1	chr13_PATERNAL
ARL6IP6	1	chr2	1	chr2_MATERNAL	1	chr2_PATERNAL
CMC4	1	chrX	1	chrX_MATERNAL	0	None
TIFA	1	chr4	1	chr4_MATERNAL	1	chr4_PATERNAL
LPL	1	chr8	1	chr8_MATERNAL	1	chr8_PATERNAL
HOXA11	1	chr7	1	chr7_MATERNAL	1	chr7_PATERNAL
DCAF13	1	chr8	1	chr8_MATERNAL	1	chr8_PATERNAL
SLFN5	1	chr17	1	chr17_MATERNAL	1	chr17_PATERNAL
PACS1	1	chr11	1	chr11_MATERNAL	1	chr11_PATERNAL
ITGA1	1	chr5	1	chr5_MATERNAL	1	chr5_PATERNAL
ACSF2	1	chr17	1	chr17_MATERNAL	1	chr17_PATERNAL
FAM135B	1	chr8	1	chr8_MATERNAL	1	chr8_PATERNAL
HYDIN	1	chr16	1	chr16_MATERNAL	1	chr16_PATERNAL
EYA2	1	chr20	1	chr20_MATERNAL	1	chr20_PATERNAL
USF1	1	chr1	1	chr1_MATERNAL	1	chr1_PATERNAL
MACROD1	1	chr11	1	chr11_MATERNAL	1	chr11_PATERNAL
ZBTB26	1	chr9	1	chr9_MATERNAL	1	chr9_PATERNAL
LOC102724560	1	chr21	1	chr21_MATERNAL	1	chr21_PATERNAL
WNT2B	1	chr1	1	chr1_MATERNAL	1	chr1_PATERNAL
OR1L6	1	chr9	1	chr9_MATERNAL	1	chr9_PATERNAL
STAB2	1	chr12	1	chr12_MATERNAL	1	chr12_PATERNAL
GOLGA8S	1	chr15	1	chr15_MATERNAL	1	chr15_PATERNAL
NPDC1	1	chr9	1	chr9_MATERNAL	1	chr9_PATERNAL
PTPN11	1	chr12	1	chr12_MATERNAL	1	chr12_PATERNAL
LOC124903405	1	chr14	1	chr14_MATERNAL	1	chr14_PATERNAL
ERMN	1	chr2	1	chr2_MATERNAL	1	chr2_PATERNAL
GABRA3	1	chrX	1	chrX_MATERNAL	0	None
CIBAR2	1	chr16	1	chr16_MATERNAL	1	chr16_PATERNAL
JMJD7-PLA2G4B	1	chr15	1	chr15_MATERNAL	1	chr15_PATERNAL
COL6A2	1	chr21	1	chr21_MATERNAL	1	chr21_PATERNAL
HLX	1	chr1	1	chr1_MATERNAL	1	chr1_PATERNAL
SOX17	1	chr8	1	chr8_MATERNAL	1	chr8_PATERNAL
MID1	1	chrX	1	chrX_MATERNAL	0	None
S100A1	1	chr1	1	chr1_MATERNAL	1	chr1_PATERNAL
CHD7	1	chr8	1	chr8_MATERNAL	1	chr8_PATERNAL
DDTL	0	None	0	None	1	chr22_PATERNAL
SETDB2-PHF11	1	chr13	1	chr13_MATERNAL	1	chr13_PATERNAL
OR5H2	1	chr3	1	chr3_MATERNAL	1	chr3_PATERNAL
PCDHA2	1	chr5	1	chr5_MATERNAL	1	chr5_PATERNAL
HSD17B6	1	chr12	1	chr12_MATERNAL	1	chr12_PATERNAL
CYP8B1	1	chr3	1	chr3_MATERNAL	1	chr3_PATERNAL
ZNF526	1	chr19	1	chr19_MATERNAL	1	chr19_PATERNAL
DVL1	1	chr1	1	chr1_MATERNAL	1	chr1_PATERNAL
RAD51B	1	chr14	1	chr14_MATERNAL	1	chr14_PATERNAL
CDC7	1	chr1	1	chr1_MATERNAL	1	chr1_PATERNAL
TSPY9	5	chrY,chrY,chrY,chrY,chrY	0	None	5	chrY_PATERNAL,chrY_PATERNAL,chrY_PATERNAL,chrY_PATERNAL,chrY_PATERNAL
NOP58	1	chr2	1	chr2_MATERNAL	1	chr2_PATERNAL
ZNF302	1	chr19	1	chr19_MATERNAL	1	chr19_PATERNAL
KIF18B	1	chr17	1	chr17_MATERNAL	1	chr17_PATERNAL
CNOT9	1	chr2	1	chr2_MATERNAL	1	chr2_PATERNAL
TMEM52B	1	chr12	1	chr12_MATERNAL	1	chr12_PATERNAL
HSD11B1L	1	chr19	1	chr19_MATERNAL	1	chr19_PATERNAL
PHACTR1	1	chr6	1	chr6_MATERNAL	1	chr6_PATERNAL
LRIT2	1	chr10	1	chr10_MATERNAL	1	chr10_PATERNAL
GALP	1	chr19	1	chr19_MATERNAL	1	chr19_PATERNAL
HFM1	1	chr1	1	chr1_MATERNAL	1	chr1_PATERNAL
KCNA5	1	chr12	1	chr12_MATERNAL	1	chr12_PATERNAL
NLGN3	1	chrX	1	chrX_MATERNAL	0	None
GNB5	1	chr15	1	chr15_MATERNAL	1	chr15_PATERNAL
OR2AJ1	1	chr1	1	chr1_MATERNAL	1	chr1_PATERNAL
POF1B	1	chrX	1	chrX_MATERNAL	0	None
RPS8	1	chr1	1	chr1_MATERNAL	1	chr1_PATERNAL
NTSR1	1	chr20	1	chr20_MATERNAL	1	chr20_PATERNAL
HIPK4	1	chr19	1	chr19_MATERNAL	1	chr19_PATERNAL
NTNG1	1	chr1	1	chr1_MATERNAL	1	chr1_PATERNAL
KRTAP4-16	1	chr17	1	chr17_MATERNAL	1	chr17_PATERNAL
ALDH6A1	1	chr14	1	chr14_MATERNAL	1	chr14_PATERNAL
CHP2	1	chr16	1	chr16_MATERNAL	1	chr16_PATERNAL
CD63	1	chr12	1	chr12_MATERNAL	1	chr12_PATERNAL
STAM	1	chr10	1	chr10_MATERNAL	1	chr10_PATERNAL
LOC124901644	1	chr7	1	chr7_MATERNAL	1	chr7_PATERNAL
YAP1	1	chr11	1	chr11_MATERNAL	1	chr11_PATERNAL
KPTN	1	chr19	1	chr19_MATERNAL	1	chr19_PATERNAL
SOCS7	1	chr17	1	chr17_MATERNAL	1	chr17_PATERNAL
RHBDL3	1	chr17	1	chr17_MATERNAL	1	chr17_PATERNAL
KRT12	1	chr17	1	chr17_MATERNAL	1	chr17_PATERNAL
F2RL3	1	chr19	1	chr19_MATERNAL	1	chr19_PATERNAL
ETAA1	1	chr2	1	chr2_MATERNAL	1	chr2_PATERNAL
AR	1	chrX	1	chrX_MATERNAL	0	None
MPHOSPH6	1	chr16	1	chr16_MATERNAL	1	chr16_PATERNAL
TIMM23B	1	chr10	1	chr10_MATERNAL	1	chr10_PATERNAL
MECOM	1	chr3	1	chr3_MATERNAL	1	chr3_PATERNAL
GLS2	1	chr12	1	chr12_MATERNAL	1	chr12_PATERNAL
RAP2C	1	chrX	1	chrX_MATERNAL	0	None
CTAGE1	1	chr18	1	chr18_MATERNAL	1	chr18_PATERNAL
ATP8A1	1	chr4	1	chr4_MATERNAL	1	chr4_PATERNAL
SDCCAG8	1	chr1	1	chr1_MATERNAL	1	chr1_PATERNAL
ZNF670	1	chr1	1	chr1_MATERNAL	1	chr1_PATERNAL
FBXO16	1	chr8	1	chr8_MATERNAL	1	chr8_PATERNAL
RUNX1	1	chr21	1	chr21_MATERNAL	1	chr21_PATERNAL
TP53TG3B	1	chr16	3	chr16_MATERNAL,chr16_MATERNAL,chr16_MATERNAL	1	chr16_PATERNAL
FXYD7	1	chr19	1	chr19_MATERNAL	1	chr19_PATERNAL
FCGR2A	1	chr1	1	chr1_MATERNAL	1	chr1_PATERNAL
OR51I2	1	chr11	1	chr11_MATERNAL	1	chr11_PATERNAL
NDUFB5	1	chr3	1	chr3_MATERNAL	1	chr3_PATERNAL
MROH2A	1	chr2	1	chr2_MATERNAL	1	chr2_PATERNAL
GRIN2A	1	chr16	1	chr16_MATERNAL	1	chr16_PATERNAL
TGDS	1	chr13	1	chr13_MATERNAL	1	chr13_PATERNAL
THAP6	1	chr4	1	chr4_MATERNAL	1	chr4_PATERNAL
EXOC1L	1	chr4	1	chr4_MATERNAL	1	chr4_PATERNAL
PLPPR1	1	chr9	1	chr9_MATERNAL	1	chr9_PATERNAL
CT45A10	1	chrX	1	chrX_MATERNAL	0	None
CBWD1	1	chr9	1	chr9_MATERNAL	1	chr9_PATERNAL
RPL11	1	chr1	1	chr1_MATERNAL	1	chr1_PATERNAL
MAPK9	1	chr5	1	chr5_MATERNAL	1	chr5_PATERNAL
PARP15	1	chr3	1	chr3_MATERNAL	1	chr3_PATERNAL
ZNF558	1	chr19	1	chr19_MATERNAL	1	chr19_PATERNAL
GPR152	1	chr11	1	chr11_MATERNAL	1	chr11_PATERNAL
CHRNB3	1	chr8	1	chr8_MATERNAL	1	chr8_PATERNAL
MAK16	1	chr8	1	chr8_MATERNAL	1	chr8_PATERNAL
PRAMEF17	1	chr1	1	chr1_MATERNAL	1	chr1_PATERNAL
ZNF770	1	chr15	1	chr15_MATERNAL	1	chr15_PATERNAL
IL17A	1	chr6	1	chr6_MATERNAL	1	chr6_PATERNAL
ELP5	1	chr17	1	chr17_MATERNAL	1	chr17_PATERNAL
PDCD6IP	1	chr3	1	chr3_MATERNAL	1	chr3_PATERNAL
KIAA1671	1	chr22	1	chr22_MATERNAL	1	chr22_PATERNAL
PHRF1	1	chr11	1	chr11_MATERNAL	1	chr11_PATERNAL
GEMIN5	1	chr5	1	chr5_MATERNAL	1	chr5_PATERNAL
TMED1	1	chr19	1	chr19_MATERNAL	1	chr19_PATERNAL
FANCI	1	chr15	1	chr15_MATERNAL	1	chr15_PATERNAL
MYH10	1	chr17	1	chr17_MATERNAL	1	chr17_PATERNAL
BTG1	1	chr12	1	chr12_MATERNAL	1	chr12_PATERNAL
IFI27L1	1	chr14	1	chr14_MATERNAL	1	chr14_PATERNAL
NRCAM	1	chr7	1	chr7_MATERNAL	1	chr7_PATERNAL
MYOCD	1	chr17	1	chr17_MATERNAL	1	chr17_PATERNAL
MEST	1	chr7	1	chr7_MATERNAL	1	chr7_PATERNAL
NOVA2	1	chr19	1	chr19_MATERNAL	1	chr19_PATERNAL
LOC124900217	1	chr6	1	chr6_MATERNAL	1	chr6_PATERNAL
MRPS18B	1	chr6	1	chr6_MATERNAL	1	chr6_PATERNAL
NFAM1	1	chr22	1	chr22_MATERNAL	1	chr22_PATERNAL
PEA15	1	chr1	1	chr1_MATERNAL	1	chr1_PATERNAL
THRAP3	1	chr1	1	chr1_MATERNAL	1	chr1_PATERNAL
ALDH3B2	1	chr11	1	chr11_MATERNAL	1	chr11_PATERNAL
CDC42BPG	1	chr11	1	chr11_MATERNAL	1	chr11_PATERNAL
RABEP1	1	chr17	1	chr17_MATERNAL	1	chr17_PATERNAL
HK1	1	chr10	1	chr10_MATERNAL	1	chr10_PATERNAL
PRSS56	1	chr2	1	chr2_MATERNAL	1	chr2_PATERNAL
SV2C	1	chr5	1	chr5_MATERNAL	1	chr5_PATERNAL
PEG10	1	chr7	1	chr7_MATERNAL	1	chr7_PATERNAL
AMBN	1	chr4	1	chr4_MATERNAL	1	chr4_PATERNAL
G6PC3	1	chr17	1	chr17_MATERNAL	1	chr17_PATERNAL
GUK1	1	chr1	1	chr1_MATERNAL	1	chr1_PATERNAL
PLK5	1	chr19	1	chr19_MATERNAL	1	chr19_PATERNAL
TMTC3	1	chr12	1	chr12_MATERNAL	1	chr12_PATERNAL
TMEM91	1	chr19	1	chr19_MATERNAL	1	chr19_PATERNAL
SHROOM4	1	chrX	1	chrX_MATERNAL	0	None
TRHDE	1	chr12	1	chr12_MATERNAL	1	chr12_PATERNAL
ZNF485	1	chr10	1	chr10_MATERNAL	1	chr10_PATERNAL
HAPLN2	1	chr1	1	chr1_MATERNAL	1	chr1_PATERNAL
PKLR	1	chr1	1	chr1_MATERNAL	1	chr1_PATERNAL
PCDH17	1	chr13	1	chr13_MATERNAL	1	chr13_PATERNAL
OR6C4	1	chr12	1	chr12_MATERNAL	1	chr12_PATERNAL
HSH2D	1	chr19	1	chr19_MATERNAL	1	chr19_PATERNAL
LITAFD	1	chr16	1	chr16_MATERNAL	1	chr16_PATERNAL
GPAT3	1	chr4	1	chr4_MATERNAL	1	chr4_PATERNAL
AHCY	1	chr20	1	chr20_MATERNAL	1	chr20_PATERNAL
COL4A2	1	chr13	1	chr13_MATERNAL	1	chr13_PATERNAL
OR6C1	1	chr12	1	chr12_MATERNAL	1	chr12_PATERNAL
LOC728743	1	chr7	1	chr7_MATERNAL	1	chr7_PATERNAL
YME1L1	1	chr10	1	chr10_MATERNAL	1	chr10_PATERNAL
TRNAU1AP	1	chr1	1	chr1_MATERNAL	1	chr1_PATERNAL
OR5B2	1	chr11	1	chr11_MATERNAL	1	chr11_PATERNAL
ZNF705B	1	chr8	0	None	1	chr8_PATERNAL
COBLL1	1	chr2	1	chr2_MATERNAL	1	chr2_PATERNAL
ABO	1	chr9	1	chr9_MATERNAL	1	chr9_PATERNAL
IQUB	1	chr7	1	chr7_MATERNAL	1	chr7_PATERNAL
OPCML	1	chr11	1	chr11_MATERNAL	1	chr11_PATERNAL
ZNF80	1	chr3	1	chr3_MATERNAL	1	chr3_PATERNAL
SOX18	1	chr20	1	chr20_MATERNAL	1	chr20_PATERNAL
LOC124902361	1	chr10	1	chr10_MATERNAL	1	chr10_PATERNAL
OR52E5	1	chr11	1	chr11_MATERNAL	1	chr11_PATERNAL
RESP18	1	chr2	1	chr2_MATERNAL	1	chr2_PATERNAL
PRR12	1	chr19	1	chr19_MATERNAL	1	chr19_PATERNAL
CNTN6	1	chr3	1	chr3_MATERNAL	1	chr3_PATERNAL
SCNN1B	1	chr16	1	chr16_MATERNAL	1	chr16_PATERNAL
ABLIM1	1	chr10	1	chr10_MATERNAL	1	chr10_PATERNAL
NTPCR	1	chr1	1	chr1_MATERNAL	1	chr1_PATERNAL
ITPKC	1	chr19	1	chr19_MATERNAL	1	chr19_PATERNAL
SYCE1	1	chr10	1	chr10_MATERNAL	1	chr10_PATERNAL
BPIFB1	1	chr20	1	chr20_MATERNAL	1	chr20_PATERNAL
PRR15L	1	chr17	1	chr17_MATERNAL	1	chr17_PATERNAL
SFTPA1	1	chr10	1	chr10_MATERNAL	1	chr10_PATERNAL
DEDD2	1	chr19	1	chr19_MATERNAL	1	chr19_PATERNAL
C18orf21	1	chr18	1	chr18_MATERNAL	1	chr18_PATERNAL
SLK	1	chr10	1	chr10_MATERNAL	1	chr10_PATERNAL
DUSP28	1	chr2	1	chr2_MATERNAL	1	chr2_PATERNAL
KRTAP10-6	1	chr21	1	chr21_MATERNAL	1	chr21_PATERNAL
SIPA1L2	1	chr1	1	chr1_MATERNAL	1	chr1_PATERNAL
WRNIP1	1	chr6	1	chr6_MATERNAL	1	chr6_PATERNAL
LOC107987067	3	chr9,chr14,chr22	3	chr14_MATERNAL,chr14_MATERNAL,chr9_MATERNAL	3	chr22_PATERNAL,chr14_PATERNAL,chr9_PATERNAL
MPZ	1	chr1	1	chr1_MATERNAL	1	chr1_PATERNAL
BRWD3	1	chrX	1	chrX_MATERNAL	0	None
SPSB1	1	chr1	1	chr1_MATERNAL	1	chr1_PATERNAL
SYN1	1	chrX	1	chrX_MATERNAL	0	None
TEX26	1	chr13	1	chr13_MATERNAL	1	chr13_PATERNAL
PAX6	1	chr11	1	chr11_MATERNAL	1	chr11_PATERNAL
OR5A2	1	chr11	1	chr11_MATERNAL	1	chr11_PATERNAL
METTL9	1	chr16	1	chr16_MATERNAL	1	chr16_PATERNAL
ZNF253	1	chr19	1	chr19_MATERNAL	1	chr19_PATERNAL
ANAPC2	1	chr9	1	chr9_MATERNAL	1	chr9_PATERNAL
SF3B5	1	chr6	1	chr6_MATERNAL	1	chr6_PATERNAL
FAM110A	1	chr20	1	chr20_MATERNAL	1	chr20_PATERNAL
WASHC2C	1	chr10	1	chr10_MATERNAL	1	chr10_PATERNAL
MYLK4	1	chr6	1	chr6_MATERNAL	1	chr6_PATERNAL
PTPRF	1	chr1	1	chr1_MATERNAL	1	chr1_PATERNAL
COA3	1	chr17	1	chr17_MATERNAL	1	chr17_PATERNAL
TSPY1	2	chrY,chrY	0	None	7	chrY_PATERNAL,chrY_PATERNAL,chrY_PATERNAL,chrY_PATERNAL,chrY_PATERNAL,chrY_PATERNAL,chrY_PATERNAL
MCM9	1	chr6	1	chr6_MATERNAL	1	chr6_PATERNAL
WBP11	1	chr12	1	chr12_MATERNAL	1	chr12_PATERNAL
PAGR1	1	chr16	1	chr16_MATERNAL	1	chr16_PATERNAL
MMS19	1	chr10	1	chr10_MATERNAL	1	chr10_PATERNAL
ABCB9	1	chr12	1	chr12_MATERNAL	1	chr12_PATERNAL
MST1R	1	chr3	1	chr3_MATERNAL	1	chr3_PATERNAL
LYPLAL1	1	chr1	1	chr1_MATERNAL	1	chr1_PATERNAL
IL1F10	1	chr2	1	chr2_MATERNAL	1	chr2_PATERNAL
CYB5D1	1	chr17	1	chr17_MATERNAL	1	chr17_PATERNAL
BTBD8	1	chr1	1	chr1_MATERNAL	1	chr1_PATERNAL
ITGB3BP	1	chr1	1	chr1_MATERNAL	1	chr1_PATERNAL
CFAP61	1	chr20	1	chr20_MATERNAL	1	chr20_PATERNAL
MOCOS	1	chr18	1	chr18_MATERNAL	1	chr18_PATERNAL
DDX28	1	chr16	1	chr16_MATERNAL	1	chr16_PATERNAL
PLK4	1	chr4	1	chr4_MATERNAL	1	chr4_PATERNAL
NSG1	1	chr4	1	chr4_MATERNAL	1	chr4_PATERNAL
MSH3	1	chr5	1	chr5_MATERNAL	1	chr5_PATERNAL
TRIM3	1	chr11	1	chr11_MATERNAL	1	chr11_PATERNAL
RABL6	1	chr9	1	chr9_MATERNAL	1	chr9_PATERNAL
PI3	1	chr20	1	chr20_MATERNAL	1	chr20_PATERNAL
OR2J3	1	chr6	1	chr6_MATERNAL	1	chr6_PATERNAL
ZNF529	1	chr19	1	chr19_MATERNAL	1	chr19_PATERNAL
NAT8L	1	chr4	1	chr4_MATERNAL	1	chr4_PATERNAL
TBL1Y	1	chrY	0	None	1	chrY_PATERNAL
FAM47A	1	chrX	1	chrX_MATERNAL	0	None
FAM174A	1	chr5	1	chr5_MATERNAL	1	chr5_PATERNAL
GARIN2	1	chr14	1	chr14_MATERNAL	1	chr14_PATERNAL
CALM2	1	chr2	1	chr2_MATERNAL	1	chr2_PATERNAL
DAB2	1	chr5	1	chr5_MATERNAL	1	chr5_PATERNAL
PCDHGC5	1	chr5	1	chr5_MATERNAL	1	chr5_PATERNAL
TM7SF3	1	chr12	1	chr12_MATERNAL	1	chr12_PATERNAL
LOC107986346	1	chr5	1	chr5_MATERNAL	1	chr5_PATERNAL
ZC3H7B	1	chr22	1	chr22_MATERNAL	1	chr22_PATERNAL
MRO	1	chr18	1	chr18_MATERNAL	1	chr18_PATERNAL
CRB3	1	chr19	1	chr19_MATERNAL	1	chr19_PATERNAL
HOXA7	1	chr7	1	chr7_MATERNAL	1	chr7_PATERNAL
PARVA	1	chr11	1	chr11_MATERNAL	1	chr11_PATERNAL
DNA2	1	chr10	1	chr10_MATERNAL	1	chr10_PATERNAL
BCL2L1	1	chr20	1	chr20_MATERNAL	1	chr20_PATERNAL
ZDHHC7	1	chr16	1	chr16_MATERNAL	1	chr16_PATERNAL
TRPM4	1	chr19	1	chr19_MATERNAL	1	chr19_PATERNAL
APRT	1	chr16	1	chr16_MATERNAL	1	chr16_PATERNAL
TMEM182	1	chr2	1	chr2_MATERNAL	1	chr2_PATERNAL
CTRB2	1	chr16	1	chr16_MATERNAL	1	chr16_PATERNAL
OR6C75	1	chr12	1	chr12_MATERNAL	1	chr12_PATERNAL
FBN1	1	chr15	1	chr15_MATERNAL	1	chr15_PATERNAL
TMEM151A	1	chr11	1	chr11_MATERNAL	1	chr11_PATERNAL
KRT222	1	chr17	1	chr17_MATERNAL	1	chr17_PATERNAL
KRTAP9-2	1	chr17	1	chr17_MATERNAL	1	chr17_PATERNAL
PDE6D	1	chr2	1	chr2_MATERNAL	1	chr2_PATERNAL
NOTUM	1	chr17	1	chr17_MATERNAL	1	chr17_PATERNAL
COL4A3	1	chr2	1	chr2_MATERNAL	1	chr2_PATERNAL
CDCA3	1	chr12	1	chr12_MATERNAL	1	chr12_PATERNAL
NRG1	1	chr8	1	chr8_MATERNAL	1	chr8_PATERNAL
FOXO1	1	chr13	1	chr13_MATERNAL	1	chr13_PATERNAL
MEX3D	1	chr19	1	chr19_MATERNAL	1	chr19_PATERNAL
PDCL	1	chr9	1	chr9_MATERNAL	1	chr9_PATERNAL
NR4A2	1	chr2	1	chr2_MATERNAL	1	chr2_PATERNAL
HSPA8	1	chr11	1	chr11_MATERNAL	1	chr11_PATERNAL
IGFBP1	1	chr7	1	chr7_MATERNAL	1	chr7_PATERNAL
ERAP1	1	chr5	1	chr5_MATERNAL	1	chr5_PATERNAL
SPACA4	1	chr19	1	chr19_MATERNAL	1	chr19_PATERNAL
LYNX1-SLURP2	1	chr8	1	chr8_MATERNAL	1	chr8_PATERNAL
KRTAP2-4	1	chr17	1	chr17_MATERNAL	1	chr17_PATERNAL
PRR23C	1	chr3	1	chr3_MATERNAL	1	chr3_PATERNAL
LOC107987020	3	chr9,chr9,chr9	2	chr9_MATERNAL,chr9_MATERNAL	1	chr9_PATERNAL
CD79A	1	chr19	1	chr19_MATERNAL	1	chr19_PATERNAL
EAF2	1	chr3	1	chr3_MATERNAL	1	chr3_PATERNAL
EOLA1	1	chrX	1	chrX_MATERNAL	0	None
DBNL	1	chr7	1	chr7_MATERNAL	1	chr7_PATERNAL
NXPE3	1	chr3	1	chr3_MATERNAL	1	chr3_PATERNAL
CASQ2	1	chr1	1	chr1_MATERNAL	1	chr1_PATERNAL
GLDN	1	chr15	1	chr15_MATERNAL	1	chr15_PATERNAL
FCHO2	1	chr5	1	chr5_MATERNAL	1	chr5_PATERNAL
PRIMPOL	1	chr4	1	chr4_MATERNAL	1	chr4_PATERNAL
KDM2A	1	chr11	1	chr11_MATERNAL	1	chr11_PATERNAL
CCNL1	1	chr3	1	chr3_MATERNAL	1	chr3_PATERNAL
GLB1	1	chr3	1	chr3_MATERNAL	1	chr3_PATERNAL
SYNGR1	1	chr22	1	chr22_MATERNAL	1	chr22_PATERNAL
ANGEL2	1	chr1	1	chr1_MATERNAL	1	chr1_PATERNAL
SLAIN1	1	chr13	1	chr13_MATERNAL	1	chr13_PATERNAL
POLR3A	1	chr10	1	chr10_MATERNAL	1	chr10_PATERNAL
CFP	1	chrX	1	chrX_MATERNAL	0	None
SCD	1	chr10	1	chr10_MATERNAL	1	chr10_PATERNAL
MBOAT4	1	chr8	1	chr8_MATERNAL	1	chr8_PATERNAL
LAMTOR5	1	chr1	1	chr1_MATERNAL	1	chr1_PATERNAL
MPND	1	chr19	1	chr19_MATERNAL	1	chr19_PATERNAL
SEZ6L	1	chr22	1	chr22_MATERNAL	1	chr22_PATERNAL
PTGS1	1	chr9	1	chr9_MATERNAL	1	chr9_PATERNAL
MGST3	1	chr1	1	chr1_MATERNAL	1	chr1_PATERNAL
GSTA2	1	chr6	1	chr6_MATERNAL	1	chr6_PATERNAL
EOGT	1	chr3	1	chr3_MATERNAL	1	chr3_PATERNAL
PIH1D2	1	chr11	1	chr11_MATERNAL	1	chr11_PATERNAL
ACTG2	1	chr2	1	chr2_MATERNAL	1	chr2_PATERNAL
LGALS7	1	chr19	1	chr19_MATERNAL	1	chr19_PATERNAL
ACP4	1	chr19	1	chr19_MATERNAL	1	chr19_PATERNAL
YPEL2	1	chr17	1	chr17_MATERNAL	1	chr17_PATERNAL
BMP6	1	chr6	1	chr6_MATERNAL	1	chr6_PATERNAL
POLR3K	1	chr16	1	chr16_MATERNAL	1	chr16_PATERNAL
AIFM3	1	chr22	1	chr22_MATERNAL	1	chr22_PATERNAL
VMAC	1	chr19	1	chr19_MATERNAL	1	chr19_PATERNAL
ANKRD27	1	chr19	1	chr19_MATERNAL	1	chr19_PATERNAL
ANHX	1	chr12	1	chr12_MATERNAL	1	chr12_PATERNAL
GPR135	1	chr14	1	chr14_MATERNAL	1	chr14_PATERNAL
PPHLN1	1	chr12	1	chr12_MATERNAL	1	chr12_PATERNAL
JAG2	1	chr14	1	chr14_MATERNAL	1	chr14_PATERNAL
ARRDC2	1	chr19	1	chr19_MATERNAL	1	chr19_PATERNAL
SPACA3	1	chr17	1	chr17_MATERNAL	1	chr17_PATERNAL
EFS	1	chr14	1	chr14_MATERNAL	1	chr14_PATERNAL
SPATA1	1	chr1	1	chr1_MATERNAL	1	chr1_PATERNAL
LENEP	1	chr1	1	chr1_MATERNAL	1	chr1_PATERNAL
TXNL4A	1	chr18	1	chr18_MATERNAL	1	chr18_PATERNAL
ZNF668	1	chr16	1	chr16_MATERNAL	1	chr16_PATERNAL
SPINDOC	1	chr11	1	chr11_MATERNAL	1	chr11_PATERNAL
RPE	1	chr2	1	chr2_MATERNAL	1	chr2_PATERNAL
TNNT1	1	chr19	1	chr19_MATERNAL	1	chr19_PATERNAL
ARL6	1	chr3	1	chr3_MATERNAL	1	chr3_PATERNAL
EIF4E3	1	chr3	1	chr3_MATERNAL	1	chr3_PATERNAL
MFSD5	1	chr12	1	chr12_MATERNAL	1	chr12_PATERNAL
UBAP2L	1	chr1	1	chr1_MATERNAL	1	chr1_PATERNAL
NBPF20	1	chr1	1	chr1_MATERNAL	1	chr1_PATERNAL
GOLGA8K	1	chr15	1	chr15_MATERNAL	1	chr15_PATERNAL
SCRN1	1	chr7	1	chr7_MATERNAL	1	chr7_PATERNAL
HMCN1	1	chr1	1	chr1_MATERNAL	1	chr1_PATERNAL
COQ4	1	chr9	1	chr9_MATERNAL	1	chr9_PATERNAL
FCRL6	1	chr1	1	chr1_MATERNAL	1	chr1_PATERNAL
GADL1	1	chr3	1	chr3_MATERNAL	1	chr3_PATERNAL
FAM25C	1	chr10	1	chr10_MATERNAL	1	chr10_PATERNAL
ZDHHC22	1	chr14	1	chr14_MATERNAL	1	chr14_PATERNAL
OPRL1	1	chr20	1	chr20_MATERNAL	1	chr20_PATERNAL
OR4C6	1	chr11	1	chr11_MATERNAL	1	chr11_PATERNAL
CCL16	1	chr17	1	chr17_MATERNAL	1	chr17_PATERNAL
FBXL2	1	chr3	1	chr3_MATERNAL	1	chr3_PATERNAL
OR2I1P	1	chr6	1	chr6_MATERNAL	1	chr6_PATERNAL
MEIOC	1	chr17	1	chr17_MATERNAL	1	chr17_PATERNAL
USP48	1	chr1	1	chr1_MATERNAL	1	chr1_PATERNAL
USP43	1	chr17	1	chr17_MATERNAL	1	chr17_PATERNAL
SF3B6	1	chr2	1	chr2_MATERNAL	1	chr2_PATERNAL
GPRIN1	1	chr5	1	chr5_MATERNAL	1	chr5_PATERNAL
ELSPBP1	1	chr19	1	chr19_MATERNAL	1	chr19_PATERNAL
GCKR	1	chr2	1	chr2_MATERNAL	1	chr2_PATERNAL
OR51F1	1	chr11	1	chr11_MATERNAL	1	chr11_PATERNAL
NINL	1	chr20	1	chr20_MATERNAL	1	chr20_PATERNAL
GABRG1	1	chr4	1	chr4_MATERNAL	1	chr4_PATERNAL
SLC35C1	1	chr11	1	chr11_MATERNAL	1	chr11_PATERNAL
ARNT	1	chr1	1	chr1_MATERNAL	1	chr1_PATERNAL
TIMM29	1	chr19	1	chr19_MATERNAL	1	chr19_PATERNAL
MT4	1	chr16	1	chr16_MATERNAL	1	chr16_PATERNAL
CLYBL	1	chr13	1	chr13_MATERNAL	1	chr13_PATERNAL
ZNF165	1	chr6	1	chr6_MATERNAL	1	chr6_PATERNAL
PRODH	1	chr22	1	chr22_MATERNAL	1	chr22_PATERNAL
ADCY1	1	chr7	1	chr7_MATERNAL	1	chr7_PATERNAL
OR6K3	1	chr1	1	chr1_MATERNAL	1	chr1_PATERNAL
TAS2R38	1	chr7	1	chr7_MATERNAL	1	chr7_PATERNAL
NUTM2E	1	chr10	2	chr10_MATERNAL,chr10_MATERNAL	1	chr10_PATERNAL
NUCB2	1	chr11	1	chr11_MATERNAL	1	chr11_PATERNAL
MYO15B	1	chr17	1	chr17_MATERNAL	1	chr17_PATERNAL
TUT1	1	chr11	1	chr11_MATERNAL	1	chr11_PATERNAL
SPATA6	1	chr1	1	chr1_MATERNAL	1	chr1_PATERNAL
SDHAF2	1	chr11	1	chr11_MATERNAL	1	chr11_PATERNAL
PPIAL4A	1	chr1	1	chr1_MATERNAL	1	chr1_PATERNAL
MEN1	1	chr11	1	chr11_MATERNAL	1	chr11_PATERNAL
IGF1	1	chr12	1	chr12_MATERNAL	1	chr12_PATERNAL
AARSD1	1	chr17	1	chr17_MATERNAL	1	chr17_PATERNAL
TCEA3	1	chr1	1	chr1_MATERNAL	1	chr1_PATERNAL
POLR1B	1	chr2	1	chr2_MATERNAL	1	chr2_PATERNAL
TRA2B	1	chr3	1	chr3_MATERNAL	1	chr3_PATERNAL
FAM90A22	1	chr8	1	chr8_MATERNAL	1	chr8_PATERNAL
KRTAP10-4	1	chr21	1	chr21_MATERNAL	1	chr21_PATERNAL
COL28A1	1	chr7	1	chr7_MATERNAL	1	chr7_PATERNAL
EIF2S1	1	chr14	1	chr14_MATERNAL	1	chr14_PATERNAL
RAB11FIP3	1	chr16	1	chr16_MATERNAL	1	chr16_PATERNAL
HDAC2	1	chr6	1	chr6_MATERNAL	1	chr6_PATERNAL
FAM120A	1	chr9	1	chr9_MATERNAL	1	chr9_PATERNAL
SLC37A1	1	chr21	1	chr21_MATERNAL	1	chr21_PATERNAL
CD300LF	1	chr17	1	chr17_MATERNAL	1	chr17_PATERNAL
LOC124901638	2	chr7,chr7	1	chr7_MATERNAL	1	chr7_PATERNAL
SATL1	1	chrX	1	chrX_MATERNAL	0	None
RPL28	1	chr19	1	chr19_MATERNAL	1	chr19_PATERNAL
SLC35G4	1	chr18	1	chr18_MATERNAL	1	chr18_PATERNAL
SLC18A2	1	chr10	1	chr10_MATERNAL	1	chr10_PATERNAL
TESPA1	1	chr12	1	chr12_MATERNAL	1	chr12_PATERNAL
RNF183	1	chr9	1	chr9_MATERNAL	1	chr9_PATERNAL
TMEM255A	1	chrX	1	chrX_MATERNAL	0	None
PHF12	1	chr17	1	chr17_MATERNAL	1	chr17_PATERNAL
ZDHHC15	1	chrX	1	chrX_MATERNAL	0	None
PRNP	1	chr20	1	chr20_MATERNAL	1	chr20_PATERNAL
KRTAP26-1	1	chr21	1	chr21_MATERNAL	1	chr21_PATERNAL
JPT1	1	chr17	1	chr17_MATERNAL	1	chr17_PATERNAL
CISD1	1	chr10	1	chr10_MATERNAL	1	chr10_PATERNAL
C12orf42	1	chr12	1	chr12_MATERNAL	1	chr12_PATERNAL
SMAD9	1	chr13	1	chr13_MATERNAL	1	chr13_PATERNAL
ZMYND19	1	chr9	1	chr9_MATERNAL	1	chr9_PATERNAL
RGS22	1	chr8	1	chr8_MATERNAL	1	chr8_PATERNAL
R3HDML	1	chr20	1	chr20_MATERNAL	1	chr20_PATERNAL
PCDHA9	1	chr5	1	chr5_MATERNAL	1	chr5_PATERNAL
TRANK1	1	chr3	1	chr3_MATERNAL	1	chr3_PATERNAL
NPTX1	1	chr17	1	chr17_MATERNAL	1	chr17_PATERNAL
LOC124901178	1	chr5	1	chr5_MATERNAL	1	chr5_PATERNAL
PPARGC1B	1	chr5	1	chr5_MATERNAL	1	chr5_PATERNAL
SOCS6	1	chr18	1	chr18_MATERNAL	1	chr18_PATERNAL
SIN3A	1	chr15	1	chr15_MATERNAL	1	chr15_PATERNAL
APOBEC1	1	chr12	1	chr12_MATERNAL	1	chr12_PATERNAL
MYADM	1	chr19	1	chr19_MATERNAL	1	chr19_PATERNAL
ERCC2	1	chr19	1	chr19_MATERNAL	1	chr19_PATERNAL
AAMDC	1	chr11	1	chr11_MATERNAL	1	chr11_PATERNAL
SERTAD3	1	chr19	1	chr19_MATERNAL	1	chr19_PATERNAL
ZNF30	1	chr19	1	chr19_MATERNAL	1	chr19_PATERNAL
MEGF9	1	chr9	1	chr9_MATERNAL	1	chr9_PATERNAL
TRMT10A	1	chr4	1	chr4_MATERNAL	1	chr4_PATERNAL
SESN3	1	chr11	1	chr11_MATERNAL	1	chr11_PATERNAL
CABP1	1	chr12	1	chr12_MATERNAL	1	chr12_PATERNAL
SIGLEC9	1	chr19	1	chr19_MATERNAL	1	chr19_PATERNAL
ELAC1	1	chr18	1	chr18_MATERNAL	1	chr18_PATERNAL
OOSP3	1	chr11	1	chr11_MATERNAL	1	chr11_PATERNAL
NSF	1	chr17	1	chr17_MATERNAL	1	chr17_PATERNAL
DENND4A	1	chr15	1	chr15_MATERNAL	1	chr15_PATERNAL
GDPD5	1	chr11	1	chr11_MATERNAL	1	chr11_PATERNAL
RNF39	1	chr6	1	chr6_MATERNAL	1	chr6_PATERNAL
IFNA2	1	chr9	1	chr9_MATERNAL	1	chr9_PATERNAL
DLL1	1	chr6	1	chr6_MATERNAL	1	chr6_PATERNAL
OR51L1	1	chr11	1	chr11_MATERNAL	1	chr11_PATERNAL
TNFSF4	1	chr1	1	chr1_MATERNAL	1	chr1_PATERNAL
ZNHIT1	1	chr7	1	chr7_MATERNAL	1	chr7_PATERNAL
SPI1	1	chr11	1	chr11_MATERNAL	1	chr11_PATERNAL
MTF1	1	chr1	1	chr1_MATERNAL	1	chr1_PATERNAL
MBTD1	1	chr17	1	chr17_MATERNAL	1	chr17_PATERNAL
KCNN2	1	chr5	1	chr5_MATERNAL	1	chr5_PATERNAL
CABYR	1	chr18	1	chr18_MATERNAL	1	chr18_PATERNAL
MVP	1	chr16	1	chr16_MATERNAL	1	chr16_PATERNAL
KIF5A	1	chr12	1	chr12_MATERNAL	1	chr12_PATERNAL
DYDC2	1	chr10	1	chr10_MATERNAL	1	chr10_PATERNAL
THRB	1	chr3	1	chr3_MATERNAL	1	chr3_PATERNAL
NUDT16L1	1	chr16	1	chr16_MATERNAL	1	chr16_PATERNAL
EXT1	1	chr8	1	chr8_MATERNAL	1	chr8_PATERNAL
KIF3C	1	chr2	1	chr2_MATERNAL	1	chr2_PATERNAL
WNT5A	1	chr3	1	chr3_MATERNAL	1	chr3_PATERNAL
CPNE2	1	chr16	1	chr16_MATERNAL	1	chr16_PATERNAL
PSMG2	1	chr18	1	chr18_MATERNAL	1	chr18_PATERNAL
TM4SF19	1	chr3	1	chr3_MATERNAL	1	chr3_PATERNAL
CEP85	1	chr1	1	chr1_MATERNAL	1	chr1_PATERNAL
HSPD1	1	chr2	1	chr2_MATERNAL	1	chr2_PATERNAL
TBKBP1	1	chr17	1	chr17_MATERNAL	1	chr17_PATERNAL
HDHD5	1	chr22	1	chr22_MATERNAL	1	chr22_PATERNAL
RUFY2	1	chr10	1	chr10_MATERNAL	1	chr10_PATERNAL
GABRA1	1	chr5	1	chr5_MATERNAL	1	chr5_PATERNAL
RPL18A	1	chr19	1	chr19_MATERNAL	1	chr19_PATERNAL
ARID2	1	chr12	1	chr12_MATERNAL	1	chr12_PATERNAL
NPY4R	1	chr10	1	chr10_MATERNAL	1	chr10_PATERNAL
SPEF2	1	chr5	1	chr5_MATERNAL	1	chr5_PATERNAL
CARS1	1	chr11	1	chr11_MATERNAL	1	chr11_PATERNAL
NXF2	1	chrX	1	chrX_MATERNAL	0	None
PNRC1	1	chr6	1	chr6_MATERNAL	1	chr6_PATERNAL
LOC124904792	1	chr19	1	chr19_MATERNAL	1	chr19_PATERNAL
CNN1	1	chr19	1	chr19_MATERNAL	1	chr19_PATERNAL
CPSF2	1	chr14	1	chr14_MATERNAL	1	chr14_PATERNAL
ZNF705A	1	chr12	1	chr12_MATERNAL	1	chr12_PATERNAL
TTN	1	chr2	1	chr2_MATERNAL	1	chr2_PATERNAL
AHSA1	1	chr14	1	chr14_MATERNAL	1	chr14_PATERNAL
NAP1L5	1	chr4	1	chr4_MATERNAL	1	chr4_PATERNAL
CES1	1	chr16	1	chr16_MATERNAL	1	chr16_PATERNAL
CHD3	1	chr17	1	chr17_MATERNAL	1	chr17_PATERNAL
S100A5	1	chr1	1	chr1_MATERNAL	1	chr1_PATERNAL
ZC3H12B	1	chrX	1	chrX_MATERNAL	0	None
LPAR5	1	chr12	1	chr12_MATERNAL	1	chr12_PATERNAL
ASB5	1	chr4	1	chr4_MATERNAL	1	chr4_PATERNAL
CLDN10	1	chr13	1	chr13_MATERNAL	1	chr13_PATERNAL
ZMAT2	1	chr5	1	chr5_MATERNAL	1	chr5_PATERNAL
PIGQ	1	chr16	1	chr16_MATERNAL	1	chr16_PATERNAL
NR0B1	1	chrX	1	chrX_MATERNAL	0	None
OR13J1	1	chr9	1	chr9_MATERNAL	1	chr9_PATERNAL
AVPR1A	1	chr12	1	chr12_MATERNAL	1	chr12_PATERNAL
SMIM14	1	chr4	1	chr4_MATERNAL	1	chr4_PATERNAL
RFX8	1	chr2	1	chr2_MATERNAL	1	chr2_PATERNAL
CLEC20A	1	chr1	1	chr1_MATERNAL	1	chr1_PATERNAL
BMS1	1	chr10	1	chr10_MATERNAL	1	chr10_PATERNAL
CMTM7	1	chr3	1	chr3_MATERNAL	1	chr3_PATERNAL
IRS4	1	chrX	1	chrX_MATERNAL	0	None
PLEKHG7	1	chr12	1	chr12_MATERNAL	1	chr12_PATERNAL
TMEM258	1	chr11	1	chr11_MATERNAL	1	chr11_PATERNAL
IGSF10	1	chr3	1	chr3_MATERNAL	1	chr3_PATERNAL
DHFR2	1	chr3	1	chr3_MATERNAL	1	chr3_PATERNAL
KRTAP12-4	1	chr21	1	chr21_MATERNAL	1	chr21_PATERNAL
BSDC1	1	chr1	1	chr1_MATERNAL	1	chr1_PATERNAL
SIRPB1	1	chr20	1	chr20_MATERNAL	1	chr20_PATERNAL
TRH	1	chr3	1	chr3_MATERNAL	1	chr3_PATERNAL
RBSN	1	chr3	1	chr3_MATERNAL	1	chr3_PATERNAL
BRAT1	1	chr7	1	chr7_MATERNAL	1	chr7_PATERNAL
SCN2B	1	chr11	1	chr11_MATERNAL	1	chr11_PATERNAL
CCDC115	1	chr2	1	chr2_MATERNAL	1	chr2_PATERNAL
EEF1AKMT2	1	chr10	1	chr10_MATERNAL	1	chr10_PATERNAL
BIRC5	1	chr17	1	chr17_MATERNAL	1	chr17_PATERNAL
GZMB	1	chr14	1	chr14_MATERNAL	1	chr14_PATERNAL
IQCF5	1	chr3	1	chr3_MATERNAL	1	chr3_PATERNAL
KIF5C	1	chr2	1	chr2_MATERNAL	1	chr2_PATERNAL
PEAK3	1	chr19	1	chr19_MATERNAL	1	chr19_PATERNAL
MATN2	1	chr8	1	chr8_MATERNAL	1	chr8_PATERNAL
LEF1	1	chr4	1	chr4_MATERNAL	1	chr4_PATERNAL
FAM172A	1	chr5	1	chr5_MATERNAL	1	chr5_PATERNAL
CLCN2	1	chr3	1	chr3_MATERNAL	1	chr3_PATERNAL
RPE65	1	chr1	1	chr1_MATERNAL	1	chr1_PATERNAL
MFRP	1	chr11	1	chr11_MATERNAL	1	chr11_PATERNAL
PLXDC1	1	chr17	1	chr17_MATERNAL	1	chr17_PATERNAL
CARD10	1	chr22	1	chr22_MATERNAL	1	chr22_PATERNAL
CAPN12	1	chr19	1	chr19_MATERNAL	1	chr19_PATERNAL
ADAMTS13	1	chr9	1	chr9_MATERNAL	1	chr9_PATERNAL
CYP2C18	1	chr10	1	chr10_MATERNAL	1	chr10_PATERNAL
TSPAN6	1	chrX	1	chrX_MATERNAL	0	None
PGGHG	1	chr11	1	chr11_MATERNAL	1	chr11_PATERNAL
FBXW2	1	chr9	1	chr9_MATERNAL	1	chr9_PATERNAL
CNNM1	1	chr10	1	chr10_MATERNAL	1	chr10_PATERNAL
TP53I11	1	chr11	1	chr11_MATERNAL	1	chr11_PATERNAL
MRE11	1	chr11	1	chr11_MATERNAL	1	chr11_PATERNAL
UGT1A8	1	chr2	1	chr2_MATERNAL	1	chr2_PATERNAL
SH3GL3	1	chr15	1	chr15_MATERNAL	1	chr15_PATERNAL
PRKD2	1	chr19	1	chr19_MATERNAL	1	chr19_PATERNAL
TMEM40	1	chr3	1	chr3_MATERNAL	1	chr3_PATERNAL
LAMTOR1	1	chr11	1	chr11_MATERNAL	1	chr11_PATERNAL
PLEK2	1	chr14	1	chr14_MATERNAL	1	chr14_PATERNAL
THAP10	1	chr15	1	chr15_MATERNAL	1	chr15_PATERNAL
FOXG1	1	chr14	1	chr14_MATERNAL	1	chr14_PATERNAL
ZNF730	1	chr19	1	chr19_MATERNAL	1	chr19_PATERNAL
CCDC68	1	chr18	1	chr18_MATERNAL	1	chr18_PATERNAL
RFTN1	1	chr3	1	chr3_MATERNAL	1	chr3_PATERNAL
NUTM1	1	chr15	1	chr15_MATERNAL	1	chr15_PATERNAL
SYT9	1	chr11	1	chr11_MATERNAL	1	chr11_PATERNAL
DIO2	1	chr14	1	chr14_MATERNAL	1	chr14_PATERNAL
PIRT	1	chr17	1	chr17_MATERNAL	1	chr17_PATERNAL
FHOD1	1	chr16	1	chr16_MATERNAL	1	chr16_PATERNAL
SLC4A8	1	chr12	1	chr12_MATERNAL	1	chr12_PATERNAL
PEX6	1	chr6	1	chr6_MATERNAL	1	chr6_PATERNAL
EXT2	1	chr11	1	chr11_MATERNAL	1	chr11_PATERNAL
TRMT44	1	chr4	1	chr4_MATERNAL	1	chr4_PATERNAL
HYAL2	1	chr3	1	chr3_MATERNAL	1	chr3_PATERNAL
NPIPB5	1	chr16	1	chr16_MATERNAL	1	chr16_PATERNAL
PSMB4	1	chr1	1	chr1_MATERNAL	1	chr1_PATERNAL
CYP2C8	1	chr10	1	chr10_MATERNAL	1	chr10_PATERNAL
UPF3A	1	chr13	1	chr13_MATERNAL	1	chr13_PATERNAL
CDC5L	1	chr6	1	chr6_MATERNAL	1	chr6_PATERNAL
OVGP1	1	chr1	1	chr1_MATERNAL	1	chr1_PATERNAL
TCF3	1	chr19	1	chr19_MATERNAL	1	chr19_PATERNAL
SF3B4	1	chr1	1	chr1_MATERNAL	1	chr1_PATERNAL
CXCL6	1	chr4	1	chr4_MATERNAL	1	chr4_PATERNAL
PRAMEF19	1	chr1	1	chr1_MATERNAL	1	chr1_PATERNAL
PPIL6	1	chr6	1	chr6_MATERNAL	1	chr6_PATERNAL
EIF3M	1	chr11	1	chr11_MATERNAL	1	chr11_PATERNAL
CA2	1	chr8	1	chr8_MATERNAL	1	chr8_PATERNAL
NLRP4	1	chr19	1	chr19_MATERNAL	1	chr19_PATERNAL
STARD10	1	chr11	1	chr11_MATERNAL	1	chr11_PATERNAL
CORO1B	1	chr11	1	chr11_MATERNAL	1	chr11_PATERNAL
FAM133B	1	chr7	1	chr7_MATERNAL	1	chr7_PATERNAL
OPALIN	1	chr10	1	chr10_MATERNAL	1	chr10_PATERNAL
ITIH2	1	chr10	1	chr10_MATERNAL	1	chr10_PATERNAL
ATPSCKMT	1	chr5	1	chr5_MATERNAL	1	chr5_PATERNAL
RASGRP4	1	chr19	1	chr19_MATERNAL	1	chr19_PATERNAL
LOC112268016	1	chr8	1	chr8_MATERNAL	1	chr8_PATERNAL
PLA2G12B	1	chr10	1	chr10_MATERNAL	1	chr10_PATERNAL
TJP2	1	chr9	1	chr9_MATERNAL	1	chr9_PATERNAL
SNIP1	1	chr1	1	chr1_MATERNAL	1	chr1_PATERNAL
ACTN4	1	chr19	1	chr19_MATERNAL	1	chr19_PATERNAL
ZNF506	1	chr19	1	chr19_MATERNAL	1	chr19_PATERNAL
ZNF738	1	chr19	1	chr19_MATERNAL	1	chr19_PATERNAL
COL9A2	1	chr1	1	chr1_MATERNAL	1	chr1_PATERNAL
LRP1B	1	chr2	1	chr2_MATERNAL	1	chr2_PATERNAL
SLC38A11	1	chr2	1	chr2_MATERNAL	1	chr2_PATERNAL
DEFB116	1	chr20	1	chr20_MATERNAL	1	chr20_PATERNAL
EXO1	1	chr1	1	chr1_MATERNAL	1	chr1_PATERNAL
PPP2R1A	1	chr19	1	chr19_MATERNAL	1	chr19_PATERNAL
SPINK1	1	chr5	1	chr5_MATERNAL	1	chr5_PATERNAL
MEPE	1	chr4	1	chr4_MATERNAL	1	chr4_PATERNAL
MRPS18C	1	chr4	1	chr4_MATERNAL	1	chr4_PATERNAL
CIB3	1	chr19	1	chr19_MATERNAL	1	chr19_PATERNAL
RERGL	1	chr12	1	chr12_MATERNAL	1	chr12_PATERNAL
SLC2A7	1	chr1	1	chr1_MATERNAL	1	chr1_PATERNAL
FDCSP	1	chr4	1	chr4_MATERNAL	1	chr4_PATERNAL
CAPZA2	1	chr7	1	chr7_MATERNAL	1	chr7_PATERNAL
TRIM6	1	chr11	1	chr11_MATERNAL	1	chr11_PATERNAL
MEI4	1	chr6	1	chr6_MATERNAL	1	chr6_PATERNAL
HEPH	1	chrX	1	chrX_MATERNAL	0	None
SCP2D1	1	chr20	1	chr20_MATERNAL	1	chr20_PATERNAL
TRAF3IP2	1	chr6	1	chr6_MATERNAL	1	chr6_PATERNAL
CCDC178	1	chr18	1	chr18_MATERNAL	1	chr18_PATERNAL
DEGS2	1	chr14	1	chr14_MATERNAL	1	chr14_PATERNAL
CHRM3	1	chr1	1	chr1_MATERNAL	1	chr1_PATERNAL
SNUPN	1	chr15	1	chr15_MATERNAL	1	chr15_PATERNAL
SLC9C2	1	chr1	1	chr1_MATERNAL	1	chr1_PATERNAL
AZI2	1	chr3	1	chr3_MATERNAL	1	chr3_PATERNAL
OR52N4	1	chr11	1	chr11_MATERNAL	1	chr11_PATERNAL
CNBD2	1	chr20	1	chr20_MATERNAL	1	chr20_PATERNAL
SERTM2	1	chrX	1	chrX_MATERNAL	0	None
CXXC4	1	chr4	1	chr4_MATERNAL	1	chr4_PATERNAL
MAP2K1	1	chr15	1	chr15_MATERNAL	1	chr15_PATERNAL
TMEM119	1	chr12	1	chr12_MATERNAL	1	chr12_PATERNAL
FECH	1	chr18	1	chr18_MATERNAL	1	chr18_PATERNAL
DBR1	1	chr3	1	chr3_MATERNAL	1	chr3_PATERNAL
PRRG2	1	chr19	1	chr19_MATERNAL	1	chr19_PATERNAL
NFYB	1	chr12	1	chr12_MATERNAL	1	chr12_PATERNAL
EXOC5	1	chr14	1	chr14_MATERNAL	1	chr14_PATERNAL
PSG3	1	chr19	1	chr19_MATERNAL	1	chr19_PATERNAL
CD40	1	chr20	1	chr20_MATERNAL	1	chr20_PATERNAL
AGO3	1	chr1	1	chr1_MATERNAL	1	chr1_PATERNAL
AMFR	1	chr16	1	chr16_MATERNAL	1	chr16_PATERNAL
WAS	1	chrX	1	chrX_MATERNAL	0	None
MPO	1	chr17	1	chr17_MATERNAL	1	chr17_PATERNAL
KIF4A	1	chrX	1	chrX_MATERNAL	0	None
WFDC9	1	chr20	1	chr20_MATERNAL	1	chr20_PATERNAL
EVC2	1	chr4	1	chr4_MATERNAL	1	chr4_PATERNAL
SLC31A1	1	chr9	1	chr9_MATERNAL	1	chr9_PATERNAL
GALNT15	1	chr3	1	chr3_MATERNAL	1	chr3_PATERNAL
PGC	1	chr6	1	chr6_MATERNAL	1	chr6_PATERNAL
HDHD2	1	chr18	1	chr18_MATERNAL	1	chr18_PATERNAL
DDRGK1	1	chr20	1	chr20_MATERNAL	1	chr20_PATERNAL
KRTAP11-1	1	chr21	1	chr21_MATERNAL	1	chr21_PATERNAL
RASSF4	1	chr10	1	chr10_MATERNAL	1	chr10_PATERNAL
MSX2	1	chr5	1	chr5_MATERNAL	1	chr5_PATERNAL
HEATR5B	1	chr2	1	chr2_MATERNAL	1	chr2_PATERNAL
NRP1	1	chr10	1	chr10_MATERNAL	1	chr10_PATERNAL
BICRAL	1	chr6	1	chr6_MATERNAL	1	chr6_PATERNAL
TRAF4	1	chr17	1	chr17_MATERNAL	1	chr17_PATERNAL
IFIT1B	1	chr10	1	chr10_MATERNAL	1	chr10_PATERNAL
ABHD11	1	chr7	1	chr7_MATERNAL	1	chr7_PATERNAL
IFIH1	1	chr2	1	chr2_MATERNAL	1	chr2_PATERNAL
ACOT7	1	chr1	1	chr1_MATERNAL	1	chr1_PATERNAL
PTH2	1	chr19	1	chr19_MATERNAL	1	chr19_PATERNAL
PARD3B	1	chr2	1	chr2_MATERNAL	1	chr2_PATERNAL
WNK2	1	chr9	1	chr9_MATERNAL	1	chr9_PATERNAL
ENO1	1	chr1	1	chr1_MATERNAL	1	chr1_PATERNAL
MRPS23	1	chr17	1	chr17_MATERNAL	1	chr17_PATERNAL
FPR2	1	chr19	1	chr19_MATERNAL	1	chr19_PATERNAL
CCR5	1	chr3	1	chr3_MATERNAL	1	chr3_PATERNAL
NEK8	1	chr17	1	chr17_MATERNAL	1	chr17_PATERNAL
PCP4L1	1	chr1	1	chr1_MATERNAL	1	chr1_PATERNAL
CHCHD4	1	chr3	1	chr3_MATERNAL	1	chr3_PATERNAL
PSMA2	1	chr7	1	chr7_MATERNAL	1	chr7_PATERNAL
PRKAG3	1	chr2	1	chr2_MATERNAL	1	chr2_PATERNAL
PDZK1IP1	1	chr1	1	chr1_MATERNAL	1	chr1_PATERNAL
CYRIA	1	chr2	1	chr2_MATERNAL	1	chr2_PATERNAL
TIMP4	1	chr3	1	chr3_MATERNAL	1	chr3_PATERNAL
SLC39A3	1	chr19	1	chr19_MATERNAL	1	chr19_PATERNAL
ACBD3	1	chr1	1	chr1_MATERNAL	1	chr1_PATERNAL
CEP76	1	chr18	1	chr18_MATERNAL	1	chr18_PATERNAL
LOC100996701	1	chr12	1	chr12_MATERNAL	1	chr12_PATERNAL
PGBD5	1	chr1	1	chr1_MATERNAL	1	chr1_PATERNAL
HLA-DMB	1	chr6	1	chr6_MATERNAL	1	chr6_PATERNAL
ZNF623	1	chr8	1	chr8_MATERNAL	1	chr8_PATERNAL
H1-2	1	chr6	1	chr6_MATERNAL	1	chr6_PATERNAL
SLC2A5	1	chr1	1	chr1_MATERNAL	1	chr1_PATERNAL
RBM12	1	chr20	1	chr20_MATERNAL	1	chr20_PATERNAL
MNAT1	1	chr14	1	chr14_MATERNAL	1	chr14_PATERNAL
ZNF474	1	chr5	1	chr5_MATERNAL	1	chr5_PATERNAL
VASN	1	chr16	1	chr16_MATERNAL	1	chr16_PATERNAL
NCAPH2	1	chr22	1	chr22_MATERNAL	1	chr22_PATERNAL
PRXL2A	1	chr10	1	chr10_MATERNAL	1	chr10_PATERNAL
LOC105373091	1	chr22	1	chr22_MATERNAL	1	chr22_PATERNAL
OR2D3	1	chr11	1	chr11_MATERNAL	1	chr11_PATERNAL
OR10H2	1	chr19	1	chr19_MATERNAL	1	chr19_PATERNAL
PRR5-ARHGAP8	1	chr22	1	chr22_MATERNAL	1	chr22_PATERNAL
EIF3C	2	chr16,chr16	1	chr16_MATERNAL	1	chr16_PATERNAL
TMCC3	1	chr12	1	chr12_MATERNAL	1	chr12_PATERNAL
DDX3Y	1	chrY	0	None	1	chrY_PATERNAL
GTPBP4	1	chr10	1	chr10_MATERNAL	1	chr10_PATERNAL
POU5F1B	1	chr8	1	chr8_MATERNAL	1	chr8_PATERNAL
LOC124900420	1	chr19	1	chr19_MATERNAL	1	chr19_PATERNAL
CMSS1	1	chr3	1	chr3_MATERNAL	1	chr3_PATERNAL
UNC5A	1	chr5	1	chr5_MATERNAL	1	chr5_PATERNAL
MAP6D1	1	chr3	1	chr3_MATERNAL	1	chr3_PATERNAL
YJU2	1	chr19	1	chr19_MATERNAL	1	chr19_PATERNAL
NUDC	1	chr1	1	chr1_MATERNAL	1	chr1_PATERNAL
SUSD6	1	chr14	1	chr14_MATERNAL	1	chr14_PATERNAL
PDGFRA	1	chr4	1	chr4_MATERNAL	1	chr4_PATERNAL
TIMM17A	1	chr1	1	chr1_MATERNAL	1	chr1_PATERNAL
GARIN3	1	chr5	1	chr5_MATERNAL	1	chr5_PATERNAL
OR13A1	1	chr10	1	chr10_MATERNAL	1	chr10_PATERNAL
HNRNPF	1	chr10	1	chr10_MATERNAL	1	chr10_PATERNAL
PAM	1	chr5	1	chr5_MATERNAL	1	chr5_PATERNAL
CRYBA1	1	chr17	1	chr17_MATERNAL	1	chr17_PATERNAL
UBE2Z	1	chr17	1	chr17_MATERNAL	1	chr17_PATERNAL
KCNH7	1	chr2	1	chr2_MATERNAL	1	chr2_PATERNAL
RBM46	1	chr4	1	chr4_MATERNAL	1	chr4_PATERNAL
FAM83B	1	chr6	1	chr6_MATERNAL	1	chr6_PATERNAL
CX3CL1	1	chr16	1	chr16_MATERNAL	1	chr16_PATERNAL
CRADD	1	chr12	1	chr12_MATERNAL	1	chr12_PATERNAL
LOC124902707	1	chr11	1	chr11_MATERNAL	1	chr11_PATERNAL
TXNDC12	1	chr1	1	chr1_MATERNAL	1	chr1_PATERNAL
EIF3B	1	chr7	1	chr7_MATERNAL	1	chr7_PATERNAL
ARHGAP39	1	chr8	1	chr8_MATERNAL	1	chr8_PATERNAL
STK32B	1	chr4	1	chr4_MATERNAL	1	chr4_PATERNAL
TOX3	1	chr16	1	chr16_MATERNAL	1	chr16_PATERNAL
ERAL1	1	chr17	1	chr17_MATERNAL	1	chr17_PATERNAL
UBXN1	1	chr11	1	chr11_MATERNAL	1	chr11_PATERNAL
ATP13A2	1	chr1	1	chr1_MATERNAL	1	chr1_PATERNAL
CPN2	1	chr3	1	chr3_MATERNAL	1	chr3_PATERNAL
WFDC1	1	chr16	1	chr16_MATERNAL	1	chr16_PATERNAL
JOSD2	1	chr19	1	chr19_MATERNAL	1	chr19_PATERNAL
B9D1	1	chr17	1	chr17_MATERNAL	1	chr17_PATERNAL
LILRA5	1	chr19	1	chr19_MATERNAL	1	chr19_PATERNAL
RNF227	1	chr17	1	chr17_MATERNAL	1	chr17_PATERNAL
RAN	1	chr12	1	chr12_MATERNAL	1	chr12_PATERNAL
ZNF112	1	chr19	1	chr19_MATERNAL	1	chr19_PATERNAL
SRRM5	1	chr19	1	chr19_MATERNAL	1	chr19_PATERNAL
LMAN2L	1	chr2	1	chr2_MATERNAL	1	chr2_PATERNAL
DUXA	1	chr19	1	chr19_MATERNAL	1	chr19_PATERNAL
BOD1L1	1	chr4	1	chr4_MATERNAL	1	chr4_PATERNAL
UGT1A7	1	chr2	1	chr2_MATERNAL	1	chr2_PATERNAL
DTHD1	1	chr4	1	chr4_MATERNAL	1	chr4_PATERNAL
STK11IP	1	chr2	1	chr2_MATERNAL	1	chr2_PATERNAL
H4C3	1	chr6	1	chr6_MATERNAL	1	chr6_PATERNAL
TBCEL	1	chr11	1	chr11_MATERNAL	1	chr11_PATERNAL
ZNF431	1	chr19	1	chr19_MATERNAL	1	chr19_PATERNAL
FAM90A9	3	chr8,chr8,chr8	1	chr8_MATERNAL	1	chr8_PATERNAL
TAF11L7	1	chr5	1	chr5_MATERNAL	1	chr5_PATERNAL
PRR23A	1	chr3	1	chr3_MATERNAL	1	chr3_PATERNAL
OASL	1	chr12	1	chr12_MATERNAL	1	chr12_PATERNAL
GPR62	1	chr3	1	chr3_MATERNAL	1	chr3_PATERNAL
WDR87	1	chr19	1	chr19_MATERNAL	1	chr19_PATERNAL
PTPN12	1	chr7	1	chr7_MATERNAL	1	chr7_PATERNAL
CER1	1	chr9	1	chr9_MATERNAL	1	chr9_PATERNAL
GMDS	1	chr6	1	chr6_MATERNAL	1	chr6_PATERNAL
OR7G2	1	chr19	1	chr19_MATERNAL	1	chr19_PATERNAL
GPR15	1	chr3	1	chr3_MATERNAL	1	chr3_PATERNAL
CFAP57	1	chr1	1	chr1_MATERNAL	1	chr1_PATERNAL
STEAP4	1	chr7	1	chr7_MATERNAL	1	chr7_PATERNAL
DLG1	1	chr3	1	chr3_MATERNAL	1	chr3_PATERNAL
SLC2A6	1	chr9	1	chr9_MATERNAL	1	chr9_PATERNAL
LDLRAD3	1	chr11	1	chr11_MATERNAL	1	chr11_PATERNAL
FLOT1	1	chr6	1	chr6_MATERNAL	1	chr6_PATERNAL
HSPB1	1	chr7	1	chr7_MATERNAL	1	chr7_PATERNAL
CDKN2C	1	chr1	1	chr1_MATERNAL	1	chr1_PATERNAL
SMIM4	1	chr3	1	chr3_MATERNAL	1	chr3_PATERNAL
HLA-E	1	chr6	1	chr6_MATERNAL	1	chr6_PATERNAL
BOC	1	chr3	1	chr3_MATERNAL	1	chr3_PATERNAL
ASPDH	1	chr19	1	chr19_MATERNAL	1	chr19_PATERNAL
RSF1	1	chr11	1	chr11_MATERNAL	1	chr11_PATERNAL
GRPEL1	1	chr4	1	chr4_MATERNAL	1	chr4_PATERNAL
TMEM63C	1	chr14	1	chr14_MATERNAL	1	chr14_PATERNAL
RBPJL	1	chr20	1	chr20_MATERNAL	1	chr20_PATERNAL
LMO3	1	chr12	1	chr12_MATERNAL	1	chr12_PATERNAL
STRAP	1	chr12	1	chr12_MATERNAL	1	chr12_PATERNAL
IARS1	1	chr9	1	chr9_MATERNAL	1	chr9_PATERNAL
THEM4	1	chr1	1	chr1_MATERNAL	1	chr1_PATERNAL
TTLL1	1	chr22	1	chr22_MATERNAL	1	chr22_PATERNAL
PROS1	1	chr3	1	chr3_MATERNAL	1	chr3_PATERNAL
RBM24	1	chr6	1	chr6_MATERNAL	1	chr6_PATERNAL
C19orf33	1	chr19	1	chr19_MATERNAL	1	chr19_PATERNAL
PARD6B	1	chr20	1	chr20_MATERNAL	1	chr20_PATERNAL
KCNC3	1	chr19	1	chr19_MATERNAL	1	chr19_PATERNAL
TMEM214	1	chr2	1	chr2_MATERNAL	1	chr2_PATERNAL
RAB32	1	chr6	1	chr6_MATERNAL	1	chr6_PATERNAL
ACTRT1	1	chrX	1	chrX_MATERNAL	0	None
ZBTB46	1	chr20	1	chr20_MATERNAL	1	chr20_PATERNAL
ARL4AP5	1	chr6	1	chr6_MATERNAL	1	chr6_PATERNAL
MS4A18	1	chr11	1	chr11_MATERNAL	1	chr11_PATERNAL
MTURN	1	chr7	1	chr7_MATERNAL	1	chr7_PATERNAL
FSD2	1	chr15	1	chr15_MATERNAL	1	chr15_PATERNAL
TARDBP	1	chr1	1	chr1_MATERNAL	1	chr1_PATERNAL
TRIM33	1	chr1	1	chr1_MATERNAL	1	chr1_PATERNAL
DCP1B	1	chr12	1	chr12_MATERNAL	1	chr12_PATERNAL
LONP1	1	chr19	1	chr19_MATERNAL	1	chr19_PATERNAL
SENP2	1	chr3	1	chr3_MATERNAL	1	chr3_PATERNAL
SCYGR3	1	chr2	1	chr2_MATERNAL	1	chr2_PATERNAL
SERPINB11	1	chr18	1	chr18_MATERNAL	1	chr18_PATERNAL
SUZ12	1	chr17	1	chr17_MATERNAL	1	chr17_PATERNAL
DRP2	1	chrX	1	chrX_MATERNAL	0	None
FKBP6	1	chr7	1	chr7_MATERNAL	1	chr7_PATERNAL
TMPRSS5	1	chr11	1	chr11_MATERNAL	1	chr11_PATERNAL
OR7A5	1	chr19	1	chr19_MATERNAL	1	chr19_PATERNAL
ADIRF	1	chr10	1	chr10_MATERNAL	1	chr10_PATERNAL
MYOCOS	1	chr1	1	chr1_MATERNAL	1	chr1_PATERNAL
TNPO3	1	chr7	1	chr7_MATERNAL	1	chr7_PATERNAL
LOC124904228	1	chr1	1	chr1_MATERNAL	1	chr1_PATERNAL
UBALD2	1	chr17	1	chr17_MATERNAL	1	chr17_PATERNAL
SIGLEC6	1	chr19	1	chr19_MATERNAL	1	chr19_PATERNAL
NLRX1	1	chr11	1	chr11_MATERNAL	1	chr11_PATERNAL
GSTT1	0	None	1	chr22_MATERNAL	0	None
FKBP1A	1	chr20	1	chr20_MATERNAL	1	chr20_PATERNAL
CEBPE	1	chr14	1	chr14_MATERNAL	1	chr14_PATERNAL
NT5DC2	1	chr3	1	chr3_MATERNAL	1	chr3_PATERNAL
SMAD7	1	chr18	1	chr18_MATERNAL	1	chr18_PATERNAL
TRMT10C	1	chr3	1	chr3_MATERNAL	1	chr3_PATERNAL
TMEM179B	1	chr11	1	chr11_MATERNAL	1	chr11_PATERNAL
FOXN3	1	chr14	1	chr14_MATERNAL	1	chr14_PATERNAL
SLX1A	2	chr16,chr16	1	chr16_MATERNAL	1	chr16_PATERNAL
TUBG2	1	chr17	1	chr17_MATERNAL	1	chr17_PATERNAL
USP17L28	1	chr4	1	chr4_MATERNAL	1	chr4_PATERNAL
PRL	1	chr6	1	chr6_MATERNAL	1	chr6_PATERNAL
PIN1	1	chr19	1	chr19_MATERNAL	1	chr19_PATERNAL
IRF2BP2	1	chr1	1	chr1_MATERNAL	1	chr1_PATERNAL
APCDD1	1	chr18	1	chr18_MATERNAL	1	chr18_PATERNAL
QTRT1	1	chr19	1	chr19_MATERNAL	1	chr19_PATERNAL
POLR2L	1	chr11	1	chr11_MATERNAL	1	chr11_PATERNAL
MARVELD2	1	chr5	1	chr5_MATERNAL	1	chr5_PATERNAL
CFC1	1	chr2	1	chr2_MATERNAL	1	chr2_PATERNAL
LOC102724014	1	chr16	1	chr16_MATERNAL	1	chr16_PATERNAL
SLC25A20	1	chr3	1	chr3_MATERNAL	1	chr3_PATERNAL
SLC25A12	1	chr2	1	chr2_MATERNAL	1	chr2_PATERNAL
SSMEM1	1	chr7	1	chr7_MATERNAL	1	chr7_PATERNAL
SLC2A13	1	chr12	1	chr12_MATERNAL	1	chr12_PATERNAL
COL4A4	1	chr2	1	chr2_MATERNAL	1	chr2_PATERNAL
ACOX2	1	chr3	1	chr3_MATERNAL	1	chr3_PATERNAL
PIK3IP1	1	chr22	1	chr22_MATERNAL	1	chr22_PATERNAL
SLU7	1	chr5	1	chr5_MATERNAL	1	chr5_PATERNAL
TTC14	1	chr3	1	chr3_MATERNAL	1	chr3_PATERNAL
MTX3	1	chr5	1	chr5_MATERNAL	1	chr5_PATERNAL
IFNGR1	1	chr6	1	chr6_MATERNAL	1	chr6_PATERNAL
BICRA	1	chr19	1	chr19_MATERNAL	1	chr19_PATERNAL
OLFML2B	1	chr1	1	chr1_MATERNAL	1	chr1_PATERNAL
RAB9B	1	chrX	1	chrX_MATERNAL	0	None
SST	1	chr3	1	chr3_MATERNAL	1	chr3_PATERNAL
ZNF408	1	chr11	1	chr11_MATERNAL	1	chr11_PATERNAL
FBXL22	1	chr15	1	chr15_MATERNAL	1	chr15_PATERNAL
LACTBL1	1	chr1	1	chr1_MATERNAL	1	chr1_PATERNAL
PIM1	1	chr6	1	chr6_MATERNAL	1	chr6_PATERNAL
RBM5	1	chr3	1	chr3_MATERNAL	1	chr3_PATERNAL
MAPK10	1	chr4	1	chr4_MATERNAL	1	chr4_PATERNAL
MOB4	1	chr2	1	chr2_MATERNAL	1	chr2_PATERNAL
CLMP	1	chr11	1	chr11_MATERNAL	1	chr11_PATERNAL
NME9	1	chr3	1	chr3_MATERNAL	1	chr3_PATERNAL
HS6ST1	1	chr2	1	chr2_MATERNAL	1	chr2_PATERNAL
PPP2R5E	1	chr14	1	chr14_MATERNAL	1	chr14_PATERNAL
ESPNL	1	chr2	1	chr2_MATERNAL	1	chr2_PATERNAL
MAN2A1	1	chr5	1	chr5_MATERNAL	1	chr5_PATERNAL
AGL	1	chr1	1	chr1_MATERNAL	1	chr1_PATERNAL
USP36	1	chr17	1	chr17_MATERNAL	1	chr17_PATERNAL
DPYD	1	chr1	1	chr1_MATERNAL	1	chr1_PATERNAL
EZH1	1	chr17	1	chr17_MATERNAL	1	chr17_PATERNAL
TSPOAP1	1	chr17	1	chr17_MATERNAL	1	chr17_PATERNAL
HROB	1	chr17	1	chr17_MATERNAL	1	chr17_PATERNAL
AK2	1	chr1	1	chr1_MATERNAL	1	chr1_PATERNAL
GNG14	1	chr19	1	chr19_MATERNAL	1	chr19_PATERNAL
CD24	1	chr6	1	chr6_MATERNAL	1	chr6_PATERNAL
UCK2	1	chr1	1	chr1_MATERNAL	1	chr1_PATERNAL
C1QL4	1	chr12	1	chr12_MATERNAL	1	chr12_PATERNAL
PACRG	1	chr6	1	chr6_MATERNAL	1	chr6_PATERNAL
OR51Q1	1	chr11	1	chr11_MATERNAL	1	chr11_PATERNAL
SPRR1B	1	chr1	1	chr1_MATERNAL	1	chr1_PATERNAL
B2M	1	chr15	1	chr15_MATERNAL	1	chr15_PATERNAL
MAMDC2	1	chr9	1	chr9_MATERNAL	1	chr9_PATERNAL
LOC124905330	1	chr22	1	chr22_MATERNAL	1	chr22_PATERNAL
MYL7	1	chr7	1	chr7_MATERNAL	1	chr7_PATERNAL
MAP3K8	1	chr10	1	chr10_MATERNAL	1	chr10_PATERNAL
PHYKPL	1	chr5	1	chr5_MATERNAL	1	chr5_PATERNAL
DUOX1	1	chr15	1	chr15_MATERNAL	1	chr15_PATERNAL
VCX3B	1	chrX	1	chrX_MATERNAL	0	None
HDAC6	1	chrX	1	chrX_MATERNAL	0	None
SERP2	1	chr13	1	chr13_MATERNAL	1	chr13_PATERNAL
STIM1	1	chr11	1	chr11_MATERNAL	1	chr11_PATERNAL
PCK1	1	chr20	1	chr20_MATERNAL	1	chr20_PATERNAL
TAL1	1	chr1	1	chr1_MATERNAL	1	chr1_PATERNAL
CCDC200	1	chr17	1	chr17_MATERNAL	1	chr17_PATERNAL
CYTL1	1	chr4	1	chr4_MATERNAL	1	chr4_PATERNAL
P2RY8	2	chrX,chrY	2	chrX_MATERNAL,chrX_MATERNAL	1	chrY_PATERNAL
LOC124903406	1	chr14	1	chr14_MATERNAL	1	chr14_PATERNAL
CYP3A5	1	chr7	1	chr7_MATERNAL	1	chr7_PATERNAL
ZER1	1	chr9	1	chr9_MATERNAL	1	chr9_PATERNAL
C11orf91	1	chr11	1	chr11_MATERNAL	1	chr11_PATERNAL
DEFB126	1	chr20	1	chr20_MATERNAL	1	chr20_PATERNAL
ZNF8	1	chr19	1	chr19_MATERNAL	1	chr19_PATERNAL
CAPN3	1	chr15	1	chr15_MATERNAL	1	chr15_PATERNAL
HCRTR2	1	chr6	1	chr6_MATERNAL	1	chr6_PATERNAL
SF3B3	1	chr16	1	chr16_MATERNAL	1	chr16_PATERNAL
DMRT2	1	chr9	1	chr9_MATERNAL	1	chr9_PATERNAL
RAB43	1	chr3	1	chr3_MATERNAL	1	chr3_PATERNAL
TSPEAR	1	chr21	1	chr21_MATERNAL	1	chr21_PATERNAL
PLXNA4	1	chr7	1	chr7_MATERNAL	1	chr7_PATERNAL
LOC124908046	1	chr2	1	chr2_MATERNAL	1	chr2_PATERNAL
RAB18	1	chr10	1	chr10_MATERNAL	1	chr10_PATERNAL
BCAN	1	chr1	1	chr1_MATERNAL	1	chr1_PATERNAL
LOC124901234	1	chr6	1	chr6_MATERNAL	1	chr6_PATERNAL
CCL3L3	2	chr17,chr17	0	None	1	chr17_PATERNAL
NDUFS8	1	chr11	1	chr11_MATERNAL	1	chr11_PATERNAL
GRM2	1	chr3	1	chr3_MATERNAL	1	chr3_PATERNAL
ZNF396	1	chr18	1	chr18_MATERNAL	1	chr18_PATERNAL
TPH1	1	chr11	1	chr11_MATERNAL	1	chr11_PATERNAL
TKFC	1	chr11	1	chr11_MATERNAL	1	chr11_PATERNAL
LENG8	1	chr19	1	chr19_MATERNAL	1	chr19_PATERNAL
CERS6	1	chr2	1	chr2_MATERNAL	1	chr2_PATERNAL
TRIP10	1	chr19	1	chr19_MATERNAL	1	chr19_PATERNAL
LOC124901646	4	chr7,chr7,chr7,chr7	6	chr7_MATERNAL,chr7_MATERNAL,chr7_MATERNAL,chr7_MATERNAL,chr7_MATERNAL,chr7_MATERNAL	4	chr7_PATERNAL,chr7_PATERNAL,chr7_PATERNAL,chr7_PATERNAL
LIPT2	1	chr11	1	chr11_MATERNAL	1	chr11_PATERNAL
NDUFS4	1	chr5	1	chr5_MATERNAL	1	chr5_PATERNAL
CCDC51	1	chr3	1	chr3_MATERNAL	1	chr3_PATERNAL
DPYSL5	1	chr2	1	chr2_MATERNAL	1	chr2_PATERNAL
TBC1D10C	1	chr11	1	chr11_MATERNAL	1	chr11_PATERNAL
GCG	1	chr2	1	chr2_MATERNAL	1	chr2_PATERNAL
STMN3	1	chr20	1	chr20_MATERNAL	1	chr20_PATERNAL
EEF1D	1	chr8	1	chr8_MATERNAL	1	chr8_PATERNAL
ATP5MC2	1	chr12	1	chr12_MATERNAL	1	chr12_PATERNAL
MORC2	1	chr22	1	chr22_MATERNAL	1	chr22_PATERNAL
LOC647264	1	chr13	1	chr13_MATERNAL	1	chr13_PATERNAL
HBQ1	1	chr16	1	chr16_MATERNAL	1	chr16_PATERNAL
SCYL3	1	chr1	1	chr1_MATERNAL	1	chr1_PATERNAL
SIT1	1	chr9	1	chr9_MATERNAL	1	chr9_PATERNAL
RER1	1	chr1	1	chr1_MATERNAL	1	chr1_PATERNAL
GADD45GIP1	1	chr19	1	chr19_MATERNAL	1	chr19_PATERNAL
CRCP	1	chr7	1	chr7_MATERNAL	1	chr7_PATERNAL
TRIM10	1	chr6	1	chr6_MATERNAL	1	chr6_PATERNAL
BLOC1S4	1	chr4	1	chr4_MATERNAL	1	chr4_PATERNAL
C9orf131	1	chr9	1	chr9_MATERNAL	1	chr9_PATERNAL
VAT1	1	chr17	1	chr17_MATERNAL	1	chr17_PATERNAL
ZNF813	1	chr19	1	chr19_MATERNAL	1	chr19_PATERNAL
MCM8	1	chr20	1	chr20_MATERNAL	1	chr20_PATERNAL
FBXO10	1	chr9	1	chr9_MATERNAL	1	chr9_PATERNAL
ZNF543	1	chr19	1	chr19_MATERNAL	1	chr19_PATERNAL
TRARG1	1	chr17	1	chr17_MATERNAL	1	chr17_PATERNAL
BDH1	1	chr3	1	chr3_MATERNAL	1	chr3_PATERNAL
MTHFR	1	chr1	1	chr1_MATERNAL	1	chr1_PATERNAL
HLA-DRB1	1	chr6	1	chr6_MATERNAL	1	chr6_PATERNAL
LOC124903407	1	chr14	1	chr14_MATERNAL	1	chr14_PATERNAL
SNRPB	1	chr20	1	chr20_MATERNAL	1	chr20_PATERNAL
GPR150	1	chr5	1	chr5_MATERNAL	1	chr5_PATERNAL
PATE2	1	chr11	1	chr11_MATERNAL	1	chr11_PATERNAL
LARP4	1	chr12	1	chr12_MATERNAL	1	chr12_PATERNAL
DSG3	1	chr18	1	chr18_MATERNAL	1	chr18_PATERNAL
RRP8	1	chr11	1	chr11_MATERNAL	1	chr11_PATERNAL
CUL1	1	chr7	1	chr7_MATERNAL	1	chr7_PATERNAL
PDSS1	1	chr10	1	chr10_MATERNAL	1	chr10_PATERNAL
LOC105377137	1	chr21	1	chr21_MATERNAL	1	chr21_PATERNAL
AURKC	1	chr19	1	chr19_MATERNAL	1	chr19_PATERNAL
SBK2	1	chr19	1	chr19_MATERNAL	1	chr19_PATERNAL
SYNC	1	chr1	1	chr1_MATERNAL	1	chr1_PATERNAL
KLHL31	1	chr6	1	chr6_MATERNAL	1	chr6_PATERNAL
TMEM250	1	chr9	1	chr9_MATERNAL	1	chr9_PATERNAL
MAP3K7	1	chr6	1	chr6_MATERNAL	1	chr6_PATERNAL
CRIM1	1	chr2	1	chr2_MATERNAL	1	chr2_PATERNAL
TNFSF18	1	chr1	1	chr1_MATERNAL	1	chr1_PATERNAL
SIGLEC16	1	chr19	1	chr19_MATERNAL	1	chr19_PATERNAL
KRT5	1	chr12	1	chr12_MATERNAL	1	chr12_PATERNAL
LBHD1	1	chr11	1	chr11_MATERNAL	1	chr11_PATERNAL
ANKRD66	1	chr6	1	chr6_MATERNAL	1	chr6_PATERNAL
AURKB	1	chr17	1	chr17_MATERNAL	1	chr17_PATERNAL
KRT81	1	chr12	1	chr12_MATERNAL	1	chr12_PATERNAL
SH2B2	1	chr7	1	chr7_MATERNAL	1	chr7_PATERNAL
KRTAP19-1	1	chr21	1	chr21_MATERNAL	1	chr21_PATERNAL
SRM	1	chr1	1	chr1_MATERNAL	1	chr1_PATERNAL
LRSAM1	1	chr9	1	chr9_MATERNAL	1	chr9_PATERNAL
FAM167B	1	chr1	1	chr1_MATERNAL	1	chr1_PATERNAL
SP140L	1	chr2	1	chr2_MATERNAL	1	chr2_PATERNAL
RIBC1	1	chrX	1	chrX_MATERNAL	0	None
QRICH1	1	chr3	1	chr3_MATERNAL	1	chr3_PATERNAL
C2CD4A	1	chr15	1	chr15_MATERNAL	1	chr15_PATERNAL
OR10A7	1	chr12	1	chr12_MATERNAL	1	chr12_PATERNAL
TP53TG3	1	chr16	1	chr16_MATERNAL	1	chr16_PATERNAL
TP63	1	chr3	1	chr3_MATERNAL	1	chr3_PATERNAL
PRPF31	1	chr19	1	chr19_MATERNAL	1	chr19_PATERNAL
DNAJC3	1	chr13	1	chr13_MATERNAL	1	chr13_PATERNAL
CLDND1	1	chr3	1	chr3_MATERNAL	1	chr3_PATERNAL
USP17L13	1	chr4	7	chr4_MATERNAL,chr4_MATERNAL,chr4_MATERNAL,chr4_MATERNAL,chr4_MATERNAL,chr4_MATERNAL,chr4_MATERNAL	12	chr4_PATERNAL,chr4_PATERNAL,chr4_PATERNAL,chr4_PATERNAL,chr4_PATERNAL,chr4_PATERNAL,chr4_PATERNAL,chr4_PATERNAL,chr4_PATERNAL,chr4_PATERNAL,chr4_PATERNAL,chr4_PATERNAL
UBL4B	1	chr1	1	chr1_MATERNAL	1	chr1_PATERNAL
ANKRD46	1	chr8	1	chr8_MATERNAL	1	chr8_PATERNAL
LSM14B	1	chr20	1	chr20_MATERNAL	1	chr20_PATERNAL
KLF2	1	chr19	1	chr19_MATERNAL	1	chr19_PATERNAL
ATP6V0A1	1	chr17	1	chr17_MATERNAL	1	chr17_PATERNAL
BPIFA2	1	chr20	1	chr20_MATERNAL	1	chr20_PATERNAL
HOXB5	1	chr17	1	chr17_MATERNAL	1	chr17_PATERNAL
GBP4	1	chr1	1	chr1_MATERNAL	1	chr1_PATERNAL
ASIC1	1	chr12	1	chr12_MATERNAL	1	chr12_PATERNAL
KITLG	1	chr12	1	chr12_MATERNAL	1	chr12_PATERNAL
MSX1	1	chr4	1	chr4_MATERNAL	1	chr4_PATERNAL
FTO	1	chr16	1	chr16_MATERNAL	1	chr16_PATERNAL
ERRFI1	1	chr1	1	chr1_MATERNAL	1	chr1_PATERNAL
CLSTN1	1	chr1	1	chr1_MATERNAL	1	chr1_PATERNAL
GASK1A	1	chr3	1	chr3_MATERNAL	1	chr3_PATERNAL
USP32	1	chr17	1	chr17_MATERNAL	1	chr17_PATERNAL
SMIM39	1	chr2	1	chr2_MATERNAL	1	chr2_PATERNAL
PIP5KL1	1	chr9	1	chr9_MATERNAL	1	chr9_PATERNAL
GUCY2F	1	chrX	1	chrX_MATERNAL	0	None
DEFB106B	1	chr8	1	chr8_MATERNAL	1	chr8_PATERNAL
UGT2B10	1	chr4	1	chr4_MATERNAL	1	chr4_PATERNAL
SLC25A6	2	chrX,chrY	1	chrX_MATERNAL	1	chrY_PATERNAL
LOC124901780	1	chr7	1	chr7_MATERNAL	1	chr7_PATERNAL
OR2L2	1	chr1	1	chr1_MATERNAL	1	chr1_PATERNAL
PCDHB11	1	chr5	1	chr5_MATERNAL	1	chr5_PATERNAL
LOC124903090	1	chr12	1	chr12_MATERNAL	1	chr12_PATERNAL
ARF5	1	chr7	1	chr7_MATERNAL	1	chr7_PATERNAL
OR1D5	1	chr17	1	chr17_MATERNAL	1	chr17_PATERNAL
TAB1	1	chr22	1	chr22_MATERNAL	1	chr22_PATERNAL
KLRG1	1	chr12	1	chr12_MATERNAL	1	chr12_PATERNAL
AKT2	1	chr19	1	chr19_MATERNAL	1	chr19_PATERNAL
RSAD2	1	chr2	1	chr2_MATERNAL	1	chr2_PATERNAL
EIF3E	1	chr8	1	chr8_MATERNAL	1	chr8_PATERNAL
MTPN	1	chr7	1	chr7_MATERNAL	1	chr7_PATERNAL
CD300LB	1	chr17	1	chr17_MATERNAL	1	chr17_PATERNAL
CASP4	1	chr11	1	chr11_MATERNAL	1	chr11_PATERNAL
GOT1	1	chr10	1	chr10_MATERNAL	1	chr10_PATERNAL
FBXO27	1	chr19	1	chr19_MATERNAL	1	chr19_PATERNAL
RCAN1	1	chr21	1	chr21_MATERNAL	1	chr21_PATERNAL
RIDA	1	chr8	1	chr8_MATERNAL	1	chr8_PATERNAL
PCNA	1	chr20	1	chr20_MATERNAL	1	chr20_PATERNAL
PITPNM1	1	chr11	1	chr11_MATERNAL	1	chr11_PATERNAL
SH2D3A	1	chr19	1	chr19_MATERNAL	1	chr19_PATERNAL
ADCY10	1	chr1	1	chr1_MATERNAL	1	chr1_PATERNAL
WTAP	1	chr6	1	chr6_MATERNAL	1	chr6_PATERNAL
OLFML2A	1	chr9	1	chr9_MATERNAL	1	chr9_PATERNAL
LYZL6	1	chr17	1	chr17_MATERNAL	1	chr17_PATERNAL
ATAD3B	1	chr1	1	chr1_MATERNAL	1	chr1_PATERNAL
SLITRK6	1	chr13	1	chr13_MATERNAL	1	chr13_PATERNAL
PCDHB3	1	chr5	1	chr5_MATERNAL	1	chr5_PATERNAL
KRT80	1	chr12	1	chr12_MATERNAL	1	chr12_PATERNAL
XIRP1	1	chr3	1	chr3_MATERNAL	1	chr3_PATERNAL
TINAGL1	1	chr1	1	chr1_MATERNAL	1	chr1_PATERNAL
PIAS3	1	chr1	1	chr1_MATERNAL	1	chr1_PATERNAL
NTRK3	1	chr15	1	chr15_MATERNAL	1	chr15_PATERNAL
OR14L1P	1	chr1	1	chr1_MATERNAL	1	chr1_PATERNAL
HBG1	1	chr11	1	chr11_MATERNAL	1	chr11_PATERNAL
OR4D10	1	chr11	1	chr11_MATERNAL	1	chr11_PATERNAL
LY6G5B	1	chr6	1	chr6_MATERNAL	1	chr6_PATERNAL
FBXL14	1	chr12	1	chr12_MATERNAL	1	chr12_PATERNAL
MTRR	1	chr5	1	chr5_MATERNAL	1	chr5_PATERNAL
ADAMTS8	1	chr11	1	chr11_MATERNAL	1	chr11_PATERNAL
TIMELESS	1	chr12	1	chr12_MATERNAL	1	chr12_PATERNAL
GLUL	1	chr1	1	chr1_MATERNAL	1	chr1_PATERNAL
GSG1L	1	chr16	1	chr16_MATERNAL	1	chr16_PATERNAL
LCN8	1	chr9	1	chr9_MATERNAL	1	chr9_PATERNAL
IQCA1	1	chr2	1	chr2_MATERNAL	1	chr2_PATERNAL
PHB2	1	chr12	1	chr12_MATERNAL	1	chr12_PATERNAL
MBNL2	1	chr13	1	chr13_MATERNAL	1	chr13_PATERNAL
MSL2	1	chr3	1	chr3_MATERNAL	1	chr3_PATERNAL
OR6K6	1	chr1	1	chr1_MATERNAL	1	chr1_PATERNAL
PRPF3	1	chr1	1	chr1_MATERNAL	1	chr1_PATERNAL
TAF11L5	35	chr5,chr5,chr5,chr5,chr5,chr5,chr5,chr5,chr5,chr5,chr5,chr5,chr5,chr5,chr5,chr5,chr5,chr5,chr5,chr5,chr5,chr5,chr5,chr5,chr5,chr5,chr5,chr5,chr5,chr5,chr5,chr5,chr5,chr5,chr5	1	chr5_MATERNAL	1	chr5_PATERNAL
ZFP64	1	chr20	1	chr20_MATERNAL	1	chr20_PATERNAL
MAP2	1	chr2	1	chr2_MATERNAL	1	chr2_PATERNAL
PPIAP60	1	chr2	1	chr2_MATERNAL	1	chr2_PATERNAL
DGKH	1	chr13	1	chr13_MATERNAL	1	chr13_PATERNAL
ST6GAL2	1	chr2	1	chr2_MATERNAL	1	chr2_PATERNAL
ZNF837	1	chr19	1	chr19_MATERNAL	1	chr19_PATERNAL
FOSL1	1	chr11	1	chr11_MATERNAL	1	chr11_PATERNAL
KRTAP2-2	1	chr17	1	chr17_MATERNAL	1	chr17_PATERNAL
TTC29	1	chr4	1	chr4_MATERNAL	1	chr4_PATERNAL
HES4	1	chr1	1	chr1_MATERNAL	1	chr1_PATERNAL
PDE3B	1	chr11	1	chr11_MATERNAL	1	chr11_PATERNAL
GCAT	1	chr22	1	chr22_MATERNAL	1	chr22_PATERNAL
SPATA31C1	1	chr9	1	chr9_MATERNAL	1	chr9_PATERNAL
GRID2IP	1	chr7	1	chr7_MATERNAL	1	chr7_PATERNAL
THAP3	1	chr1	1	chr1_MATERNAL	1	chr1_PATERNAL
MRPS33	1	chr7	1	chr7_MATERNAL	1	chr7_PATERNAL
FKBP4	1	chr12	1	chr12_MATERNAL	1	chr12_PATERNAL
GGTLC3	1	chr22	2	chr22_MATERNAL,chr22_MATERNAL	2	chr22_PATERNAL,chr22_PATERNAL
FBXO44	1	chr1	1	chr1_MATERNAL	1	chr1_PATERNAL
SMIM33	1	chr5	1	chr5_MATERNAL	1	chr5_PATERNAL
ZNF462	1	chr9	1	chr9_MATERNAL	1	chr9_PATERNAL
KCNB2	1	chr8	1	chr8_MATERNAL	1	chr8_PATERNAL
SKA3	1	chr13	1	chr13_MATERNAL	1	chr13_PATERNAL
NCS1	1	chr9	1	chr9_MATERNAL	1	chr9_PATERNAL
CHST4	1	chr16	1	chr16_MATERNAL	1	chr16_PATERNAL
PRB2	1	chr12	1	chr12_MATERNAL	1	chr12_PATERNAL
DEFB131A	1	chr4	1	chr4_MATERNAL	1	chr4_PATERNAL
HSD17B14	1	chr19	1	chr19_MATERNAL	1	chr19_PATERNAL
RAB3C	1	chr5	1	chr5_MATERNAL	1	chr5_PATERNAL
CD300LD	1	chr17	1	chr17_MATERNAL	1	chr17_PATERNAL
DLG3	1	chrX	1	chrX_MATERNAL	0	None
DYNC1I2	1	chr2	1	chr2_MATERNAL	1	chr2_PATERNAL
P2RY6	1	chr11	1	chr11_MATERNAL	1	chr11_PATERNAL
PTK6	1	chr20	1	chr20_MATERNAL	1	chr20_PATERNAL
GJA1	1	chr6	1	chr6_MATERNAL	1	chr6_PATERNAL
AMIGO3	1	chr3	1	chr3_MATERNAL	1	chr3_PATERNAL
KIAA2012	1	chr2	1	chr2_MATERNAL	1	chr2_PATERNAL
NME5	1	chr5	1	chr5_MATERNAL	1	chr5_PATERNAL
EPHX4	1	chr1	1	chr1_MATERNAL	1	chr1_PATERNAL
SH2D3C	1	chr9	1	chr9_MATERNAL	1	chr9_PATERNAL
SIX4	1	chr14	1	chr14_MATERNAL	1	chr14_PATERNAL
SLC33A1	1	chr3	1	chr3_MATERNAL	1	chr3_PATERNAL
ABCC1	1	chr16	1	chr16_MATERNAL	1	chr16_PATERNAL
DAAM2	1	chr6	1	chr6_MATERNAL	1	chr6_PATERNAL
ZNF592	1	chr15	1	chr15_MATERNAL	1	chr15_PATERNAL
DLAT	1	chr11	1	chr11_MATERNAL	1	chr11_PATERNAL
KRTAP5-1	1	chr11	1	chr11_MATERNAL	1	chr11_PATERNAL
FAM216B	1	chr13	1	chr13_MATERNAL	1	chr13_PATERNAL
TFAP4	1	chr16	1	chr16_MATERNAL	1	chr16_PATERNAL
SLURP2	1	chr8	1	chr8_MATERNAL	1	chr8_PATERNAL
GPR4	1	chr19	1	chr19_MATERNAL	1	chr19_PATERNAL
DMRTC1B	1	chrX	1	chrX_MATERNAL	0	None
CCDC66	1	chr3	1	chr3_MATERNAL	1	chr3_PATERNAL
RAB11FIP5	1	chr2	1	chr2_MATERNAL	1	chr2_PATERNAL
CREB3L2	1	chr7	1	chr7_MATERNAL	1	chr7_PATERNAL
ENPP3	1	chr6	1	chr6_MATERNAL	1	chr6_PATERNAL
PRR5	1	chr22	1	chr22_MATERNAL	1	chr22_PATERNAL
VAMP3	1	chr1	1	chr1_MATERNAL	1	chr1_PATERNAL
OR4C11	1	chr11	1	chr11_MATERNAL	0	None
GOLGA8M	1	chr15	1	chr15_MATERNAL	1	chr15_PATERNAL
KRTAP17-1	1	chr17	1	chr17_MATERNAL	1	chr17_PATERNAL
GARS1	1	chr7	1	chr7_MATERNAL	1	chr7_PATERNAL
SLC30A7	1	chr1	1	chr1_MATERNAL	1	chr1_PATERNAL
SPRR2B	1	chr1	1	chr1_MATERNAL	1	chr1_PATERNAL
SPIC	1	chr12	1	chr12_MATERNAL	1	chr12_PATERNAL
NF1	1	chr17	1	chr17_MATERNAL	1	chr17_PATERNAL
S1PR4	1	chr19	1	chr19_MATERNAL	1	chr19_PATERNAL
ZNF497	1	chr19	1	chr19_MATERNAL	1	chr19_PATERNAL
GK3P	1	chr4	1	chr4_MATERNAL	1	chr4_PATERNAL
C19orf38	1	chr19	1	chr19_MATERNAL	1	chr19_PATERNAL
CD5L	1	chr1	1	chr1_MATERNAL	1	chr1_PATERNAL
SRRM4	1	chr12	1	chr12_MATERNAL	1	chr12_PATERNAL
ORAI1	1	chr12	1	chr12_MATERNAL	1	chr12_PATERNAL
GPATCH2L	1	chr14	1	chr14_MATERNAL	1	chr14_PATERNAL
SNX1	1	chr15	1	chr15_MATERNAL	1	chr15_PATERNAL
H1-10	1	chr3	1	chr3_MATERNAL	1	chr3_PATERNAL
DCTN1	1	chr2	1	chr2_MATERNAL	1	chr2_PATERNAL
GON4L	1	chr1	1	chr1_MATERNAL	1	chr1_PATERNAL
SPINT4	1	chr20	1	chr20_MATERNAL	1	chr20_PATERNAL
CNNM3	1	chr2	1	chr2_MATERNAL	1	chr2_PATERNAL
CARM1	1	chr19	1	chr19_MATERNAL	1	chr19_PATERNAL
ZNF432	1	chr19	1	chr19_MATERNAL	1	chr19_PATERNAL
ANXA8L1	1	chr10	1	chr10_MATERNAL	1	chr10_PATERNAL
LTA	1	chr6	1	chr6_MATERNAL	1	chr6_PATERNAL
GDAP2	1	chr1	1	chr1_MATERNAL	1	chr1_PATERNAL
ATP2C1	1	chr3	1	chr3_MATERNAL	1	chr3_PATERNAL
CELA1	1	chr12	1	chr12_MATERNAL	1	chr12_PATERNAL
NUPR1	1	chr16	1	chr16_MATERNAL	1	chr16_PATERNAL
PCYT2	1	chr17	1	chr17_MATERNAL	1	chr17_PATERNAL
PARPBP	1	chr12	1	chr12_MATERNAL	1	chr12_PATERNAL
LDHD	1	chr16	1	chr16_MATERNAL	1	chr16_PATERNAL
LOC124908047	1	chr2	1	chr2_MATERNAL	1	chr2_PATERNAL
NAT8	1	chr2	1	chr2_MATERNAL	1	chr2_PATERNAL
IL1RAP	1	chr3	1	chr3_MATERNAL	1	chr3_PATERNAL
C6orf15	1	chr6	1	chr6_MATERNAL	1	chr6_PATERNAL
MEP1A	1	chr6	1	chr6_MATERNAL	1	chr6_PATERNAL
AWAT2	1	chrX	1	chrX_MATERNAL	0	None
UNC5B	1	chr10	1	chr10_MATERNAL	1	chr10_PATERNAL
ZNF624	1	chr17	1	chr17_MATERNAL	1	chr17_PATERNAL
LCE1B	1	chr1	1	chr1_MATERNAL	1	chr1_PATERNAL
RBM45	1	chr2	1	chr2_MATERNAL	1	chr2_PATERNAL
KRT82	1	chr12	1	chr12_MATERNAL	1	chr12_PATERNAL
TMX4	1	chr20	1	chr20_MATERNAL	1	chr20_PATERNAL
NCOA7	1	chr6	1	chr6_MATERNAL	1	chr6_PATERNAL
ATP11A	1	chr13	1	chr13_MATERNAL	1	chr13_PATERNAL
OPN3	1	chr1	1	chr1_MATERNAL	1	chr1_PATERNAL
DNAJB14	1	chr4	1	chr4_MATERNAL	1	chr4_PATERNAL
PAXIP1	1	chr7	1	chr7_MATERNAL	1	chr7_PATERNAL
TNFRSF10A	1	chr8	1	chr8_MATERNAL	1	chr8_PATERNAL
ACTR1A	1	chr10	1	chr10_MATERNAL	1	chr10_PATERNAL
CCL26	1	chr7	1	chr7_MATERNAL	1	chr7_PATERNAL
C9orf72	1	chr9	1	chr9_MATERNAL	1	chr9_PATERNAL
OPN4	1	chr10	1	chr10_MATERNAL	1	chr10_PATERNAL
HEATR6	1	chr17	1	chr17_MATERNAL	1	chr17_PATERNAL
CYP4F2	1	chr19	1	chr19_MATERNAL	1	chr19_PATERNAL
PARN	1	chr16	1	chr16_MATERNAL	1	chr16_PATERNAL
IL1RL1	1	chr2	1	chr2_MATERNAL	1	chr2_PATERNAL
CTAG1A	1	chrX	1	chrX_MATERNAL	0	None
NFU1	1	chr2	1	chr2_MATERNAL	1	chr2_PATERNAL
OR3A3	1	chr17	1	chr17_MATERNAL	1	chr17_PATERNAL
SPATA5	1	chr4	1	chr4_MATERNAL	1	chr4_PATERNAL
SHQ1	1	chr3	1	chr3_MATERNAL	1	chr3_PATERNAL
TXNL1	1	chr18	1	chr18_MATERNAL	1	chr18_PATERNAL
NEU3	1	chr11	1	chr11_MATERNAL	1	chr11_PATERNAL
LRRC63	1	chr13	1	chr13_MATERNAL	1	chr13_PATERNAL
HAUS2	1	chr15	1	chr15_MATERNAL	1	chr15_PATERNAL
MAMSTR	1	chr19	1	chr19_MATERNAL	1	chr19_PATERNAL
DMXL1	1	chr5	1	chr5_MATERNAL	1	chr5_PATERNAL
AMIGO1	1	chr1	1	chr1_MATERNAL	1	chr1_PATERNAL
CTPS1	1	chr1	1	chr1_MATERNAL	1	chr1_PATERNAL
C1QTNF1	1	chr17	1	chr17_MATERNAL	1	chr17_PATERNAL
PHB1	1	chr17	1	chr17_MATERNAL	1	chr17_PATERNAL
CGREF1	1	chr2	1	chr2_MATERNAL	1	chr2_PATERNAL
SLC35F4	1	chr14	1	chr14_MATERNAL	1	chr14_PATERNAL
ECE1	1	chr1	1	chr1_MATERNAL	1	chr1_PATERNAL
EBPL	1	chr13	1	chr13_MATERNAL	1	chr13_PATERNAL
ADH1C	1	chr4	1	chr4_MATERNAL	1	chr4_PATERNAL
CCNB1IP1	1	chr14	1	chr14_MATERNAL	1	chr14_PATERNAL
PCDHB14	1	chr5	1	chr5_MATERNAL	1	chr5_PATERNAL
LOC124902201	1	chr9	1	chr9_MATERNAL	1	chr9_PATERNAL
NOS1AP	1	chr1	1	chr1_MATERNAL	1	chr1_PATERNAL
TRAPPC6B	1	chr14	1	chr14_MATERNAL	1	chr14_PATERNAL
SLURP1	1	chr8	1	chr8_MATERNAL	1	chr8_PATERNAL
RBM15B	1	chr3	1	chr3_MATERNAL	1	chr3_PATERNAL
PTPRE	1	chr10	1	chr10_MATERNAL	1	chr10_PATERNAL
NCBP2AS2	1	chr3	1	chr3_MATERNAL	1	chr3_PATERNAL
RCOR3	1	chr1	1	chr1_MATERNAL	1	chr1_PATERNAL
MIB1	1	chr18	1	chr18_MATERNAL	1	chr18_PATERNAL
COPA	1	chr1	1	chr1_MATERNAL	1	chr1_PATERNAL
LOC124902393	1	chr10	1	chr10_MATERNAL	1	chr10_PATERNAL
KLF12	1	chr13	1	chr13_MATERNAL	1	chr13_PATERNAL
GIMAP1-GIMAP5	1	chr7	1	chr7_MATERNAL	1	chr7_PATERNAL
EMB	1	chr5	1	chr5_MATERNAL	1	chr5_PATERNAL
IAH1	1	chr2	1	chr2_MATERNAL	1	chr2_PATERNAL
FSCN3	1	chr7	1	chr7_MATERNAL	1	chr7_PATERNAL
TAS2R5	1	chr7	1	chr7_MATERNAL	1	chr7_PATERNAL
TOR2A	1	chr9	1	chr9_MATERNAL	1	chr9_PATERNAL
CST4	1	chr20	1	chr20_MATERNAL	1	chr20_PATERNAL
NSMCE4A	1	chr10	1	chr10_MATERNAL	1	chr10_PATERNAL
MRPL32	1	chr7	1	chr7_MATERNAL	1	chr7_PATERNAL
DMAC2	1	chr19	1	chr19_MATERNAL	1	chr19_PATERNAL
SNRPG	1	chr2	1	chr2_MATERNAL	1	chr2_PATERNAL
IL22RA1	1	chr1	1	chr1_MATERNAL	1	chr1_PATERNAL
PDE6H	1	chr12	1	chr12_MATERNAL	1	chr12_PATERNAL
ZIC3	1	chrX	1	chrX_MATERNAL	0	None
CMTM2	1	chr16	1	chr16_MATERNAL	1	chr16_PATERNAL
TIMM10B	1	chr11	1	chr11_MATERNAL	1	chr11_PATERNAL
DLC1	1	chr8	1	chr8_MATERNAL	1	chr8_PATERNAL
WFIKKN2	1	chr17	1	chr17_MATERNAL	1	chr17_PATERNAL
SLC19A3	1	chr2	1	chr2_MATERNAL	1	chr2_PATERNAL
TUBB	1	chr6	1	chr6_MATERNAL	1	chr6_PATERNAL
FARSB	1	chr2	1	chr2_MATERNAL	1	chr2_PATERNAL
APEX2	1	chrX	1	chrX_MATERNAL	0	None
ZMAT5	1	chr22	1	chr22_MATERNAL	1	chr22_PATERNAL
PCDH18	1	chr4	1	chr4_MATERNAL	1	chr4_PATERNAL
PCDHGA9	1	chr5	1	chr5_MATERNAL	1	chr5_PATERNAL
ZKSCAN4	1	chr6	1	chr6_MATERNAL	1	chr6_PATERNAL
LOC112268186	1	chr17	1	chr17_MATERNAL	1	chr17_PATERNAL
DEPP1	1	chr10	1	chr10_MATERNAL	1	chr10_PATERNAL
MMRN2	1	chr10	1	chr10_MATERNAL	1	chr10_PATERNAL
SLC27A3	1	chr1	1	chr1_MATERNAL	1	chr1_PATERNAL
CD38	1	chr4	1	chr4_MATERNAL	1	chr4_PATERNAL
LRRC45	1	chr17	1	chr17_MATERNAL	1	chr17_PATERNAL
APBA2	1	chr15	1	chr15_MATERNAL	1	chr15_PATERNAL
FAM131B	1	chr7	1	chr7_MATERNAL	1	chr7_PATERNAL
EFEMP2	1	chr11	1	chr11_MATERNAL	1	chr11_PATERNAL
ZNF131	1	chr5	1	chr5_MATERNAL	1	chr5_PATERNAL
TMEM74B	1	chr20	1	chr20_MATERNAL	1	chr20_PATERNAL
POGLUT3	1	chr11	1	chr11_MATERNAL	1	chr11_PATERNAL
TMEM116	1	chr12	1	chr12_MATERNAL	1	chr12_PATERNAL
CNST	1	chr1	1	chr1_MATERNAL	1	chr1_PATERNAL
LRRC3B	1	chr3	1	chr3_MATERNAL	1	chr3_PATERNAL
AADACL2	1	chr3	1	chr3_MATERNAL	1	chr3_PATERNAL
COL20A1	1	chr20	1	chr20_MATERNAL	1	chr20_PATERNAL
PLGLB2	1	chr2	1	chr2_MATERNAL	1	chr2_PATERNAL
GPC5	1	chr13	1	chr13_MATERNAL	1	chr13_PATERNAL
IL17D	1	chr13	1	chr13_MATERNAL	1	chr13_PATERNAL
MAEA	1	chr4	1	chr4_MATERNAL	1	chr4_PATERNAL
PSMD5	1	chr9	1	chr9_MATERNAL	1	chr9_PATERNAL
NME1	1	chr17	1	chr17_MATERNAL	1	chr17_PATERNAL
GRIP2	1	chr3	1	chr3_MATERNAL	1	chr3_PATERNAL
RNASEH2A	1	chr19	1	chr19_MATERNAL	1	chr19_PATERNAL
MED18	1	chr1	1	chr1_MATERNAL	1	chr1_PATERNAL
THAP4	1	chr2	1	chr2_MATERNAL	1	chr2_PATERNAL
LOC124903761	2	chr16,chr16	1	chr16_MATERNAL	1	chr16_PATERNAL
TDO2	1	chr4	1	chr4_MATERNAL	1	chr4_PATERNAL
AKAP6	1	chr14	1	chr14_MATERNAL	1	chr14_PATERNAL
BBX	1	chr3	1	chr3_MATERNAL	1	chr3_PATERNAL
CD79B	1	chr17	1	chr17_MATERNAL	1	chr17_PATERNAL
EXOC3	1	chr5	1	chr5_MATERNAL	1	chr5_PATERNAL
FOXL2NB	1	chr3	1	chr3_MATERNAL	1	chr3_PATERNAL
LOC124900971	1	chr5	1	chr5_MATERNAL	1	chr5_PATERNAL
PSMD7	1	chr16	1	chr16_MATERNAL	1	chr16_PATERNAL
GRAMD4	1	chr22	1	chr22_MATERNAL	1	chr22_PATERNAL
CTIF	1	chr18	1	chr18_MATERNAL	1	chr18_PATERNAL
LARP1B	1	chr4	1	chr4_MATERNAL	1	chr4_PATERNAL
PPP3R1	1	chr2	1	chr2_MATERNAL	1	chr2_PATERNAL
CCN1	1	chr1	1	chr1_MATERNAL	1	chr1_PATERNAL
SLC8A1	1	chr2	1	chr2_MATERNAL	1	chr2_PATERNAL
ARL1	1	chr12	1	chr12_MATERNAL	1	chr12_PATERNAL
LRIF1	1	chr1	1	chr1_MATERNAL	1	chr1_PATERNAL
HSD17B4	1	chr5	1	chr5_MATERNAL	1	chr5_PATERNAL
XPO1	1	chr2	1	chr2_MATERNAL	1	chr2_PATERNAL
SERPINB4	1	chr18	1	chr18_MATERNAL	1	chr18_PATERNAL
CENPC	1	chr4	1	chr4_MATERNAL	1	chr4_PATERNAL
RPS10	1	chr6	1	chr6_MATERNAL	1	chr6_PATERNAL
CLASRP	1	chr19	1	chr19_MATERNAL	1	chr19_PATERNAL
F8	1	chrX	1	chrX_MATERNAL	0	None
TSPYL1	1	chr6	1	chr6_MATERNAL	1	chr6_PATERNAL
RLBP1	1	chr15	1	chr15_MATERNAL	1	chr15_PATERNAL
RNF8	1	chr6	1	chr6_MATERNAL	1	chr6_PATERNAL
H3C14	1	chr1	1	chr1_MATERNAL	1	chr1_PATERNAL
GJA4	1	chr1	1	chr1_MATERNAL	1	chr1_PATERNAL
DPP3	1	chr11	1	chr11_MATERNAL	1	chr11_PATERNAL
ZBTB2	1	chr6	1	chr6_MATERNAL	1	chr6_PATERNAL
BZW1	1	chr2	1	chr2_MATERNAL	1	chr2_PATERNAL
MFSD4A	1	chr1	1	chr1_MATERNAL	1	chr1_PATERNAL
NCR3LG1	1	chr11	1	chr11_MATERNAL	1	chr11_PATERNAL
PNMA3	1	chrX	1	chrX_MATERNAL	0	None
PPP2R5D	1	chr6	1	chr6_MATERNAL	1	chr6_PATERNAL
RPH3A	1	chr12	1	chr12_MATERNAL	1	chr12_PATERNAL
SETD9	1	chr5	1	chr5_MATERNAL	1	chr5_PATERNAL
CXCL10	1	chr4	1	chr4_MATERNAL	1	chr4_PATERNAL
BEND6	1	chr6	1	chr6_MATERNAL	1	chr6_PATERNAL
RNF126	1	chr19	1	chr19_MATERNAL	1	chr19_PATERNAL
CASP8AP2	1	chr6	1	chr6_MATERNAL	1	chr6_PATERNAL
CPEB3	1	chr10	1	chr10_MATERNAL	1	chr10_PATERNAL
GGA1	1	chr22	1	chr22_MATERNAL	1	chr22_PATERNAL
FOXRED1	1	chr11	1	chr11_MATERNAL	1	chr11_PATERNAL
GNB1	1	chr1	1	chr1_MATERNAL	1	chr1_PATERNAL
ZBTB8B	1	chr1	1	chr1_MATERNAL	1	chr1_PATERNAL
OR2L13	1	chr1	1	chr1_MATERNAL	1	chr1_PATERNAL
CDC27	1	chr17	1	chr17_MATERNAL	1	chr17_PATERNAL
GPRC5B	1	chr16	1	chr16_MATERNAL	1	chr16_PATERNAL
FAM72B	1	chr1	1	chr1_MATERNAL	1	chr1_PATERNAL
TIMM50	1	chr19	1	chr19_MATERNAL	1	chr19_PATERNAL
EN1	1	chr2	1	chr2_MATERNAL	1	chr2_PATERNAL
TRMT61A	1	chr14	1	chr14_MATERNAL	1	chr14_PATERNAL
FLRT3	1	chr20	1	chr20_MATERNAL	1	chr20_PATERNAL
ANLN	1	chr7	1	chr7_MATERNAL	1	chr7_PATERNAL
NPIPA2	1	chr16	2	chr16_MATERNAL,chr16_MATERNAL	1	chr16_PATERNAL
CNTRL	1	chr9	1	chr9_MATERNAL	1	chr9_PATERNAL
PPP4R1	1	chr18	1	chr18_MATERNAL	1	chr18_PATERNAL
DNMT3B	1	chr20	1	chr20_MATERNAL	1	chr20_PATERNAL
SLC10A3	1	chrX	1	chrX_MATERNAL	0	None
EIF2D	1	chr1	1	chr1_MATERNAL	1	chr1_PATERNAL
TUBGCP6	1	chr22	1	chr22_MATERNAL	1	chr22_PATERNAL
TAAR9	1	chr6	1	chr6_MATERNAL	1	chr6_PATERNAL
CLGN	1	chr4	1	chr4_MATERNAL	1	chr4_PATERNAL
OARD1	1	chr6	1	chr6_MATERNAL	1	chr6_PATERNAL
CTAGE8	1	chr7	3	chr7_MATERNAL,chr7_MATERNAL,chr7_MATERNAL	4	chr7_PATERNAL,chr7_PATERNAL,chr7_PATERNAL,chr7_PATERNAL
ARID1A	1	chr1	1	chr1_MATERNAL	1	chr1_PATERNAL
ITFG1	1	chr16	1	chr16_MATERNAL	1	chr16_PATERNAL
KARS1	1	chr16	1	chr16_MATERNAL	1	chr16_PATERNAL
TMEM210	1	chr9	1	chr9_MATERNAL	1	chr9_PATERNAL
GRIN1	1	chr9	1	chr9_MATERNAL	1	chr9_PATERNAL
TMEM70	1	chr8	1	chr8_MATERNAL	1	chr8_PATERNAL
TLR8	1	chrX	1	chrX_MATERNAL	0	None
INSIG2	1	chr2	1	chr2_MATERNAL	1	chr2_PATERNAL
ZNF91	1	chr19	1	chr19_MATERNAL	1	chr19_PATERNAL
SIPA1	1	chr11	1	chr11_MATERNAL	1	chr11_PATERNAL
EBAG9	1	chr8	1	chr8_MATERNAL	1	chr8_PATERNAL
PTAFR	1	chr1	1	chr1_MATERNAL	1	chr1_PATERNAL
ENO3	1	chr17	1	chr17_MATERNAL	1	chr17_PATERNAL
SQSTM1	1	chr5	1	chr5_MATERNAL	1	chr5_PATERNAL
ETDB	1	chrX	1	chrX_MATERNAL	0	None
CERS5	1	chr12	1	chr12_MATERNAL	1	chr12_PATERNAL
PDLIM2	1	chr8	1	chr8_MATERNAL	1	chr8_PATERNAL
DPH1	1	chr17	1	chr17_MATERNAL	1	chr17_PATERNAL
UPP2	1	chr2	1	chr2_MATERNAL	1	chr2_PATERNAL
LYRM1	1	chr16	1	chr16_MATERNAL	1	chr16_PATERNAL
JAM3	1	chr11	1	chr11_MATERNAL	1	chr11_PATERNAL
CTRC	1	chr1	1	chr1_MATERNAL	1	chr1_PATERNAL
CAP2	1	chr6	1	chr6_MATERNAL	1	chr6_PATERNAL
LYRM7	1	chr5	1	chr5_MATERNAL	1	chr5_PATERNAL
HTR2A	1	chr13	1	chr13_MATERNAL	1	chr13_PATERNAL
USP24	1	chr1	1	chr1_MATERNAL	1	chr1_PATERNAL
YBX2	1	chr17	1	chr17_MATERNAL	1	chr17_PATERNAL
KRTAP9-1	1	chr17	1	chr17_MATERNAL	1	chr17_PATERNAL
SRP9	1	chr1	1	chr1_MATERNAL	1	chr1_PATERNAL
ROBO1	1	chr3	1	chr3_MATERNAL	1	chr3_PATERNAL
MAN2C1	1	chr15	1	chr15_MATERNAL	1	chr15_PATERNAL
DNAH7	1	chr2	1	chr2_MATERNAL	1	chr2_PATERNAL
FN3KRP	1	chr17	1	chr17_MATERNAL	1	chr17_PATERNAL
CYB5R4	1	chr6	1	chr6_MATERNAL	1	chr6_PATERNAL
BROX	1	chr1	1	chr1_MATERNAL	1	chr1_PATERNAL
BICDL1	1	chr12	1	chr12_MATERNAL	1	chr12_PATERNAL
PRSS21	1	chr16	1	chr16_MATERNAL	1	chr16_PATERNAL
PXT1	1	chr6	1	chr6_MATERNAL	1	chr6_PATERNAL
ARMCX4	1	chrX	1	chrX_MATERNAL	0	None
EDN3	1	chr20	1	chr20_MATERNAL	1	chr20_PATERNAL
PPM1G	1	chr2	1	chr2_MATERNAL	1	chr2_PATERNAL
BEND7	1	chr10	1	chr10_MATERNAL	1	chr10_PATERNAL
SLC30A8	1	chr8	1	chr8_MATERNAL	1	chr8_PATERNAL
SULT2A1	1	chr19	1	chr19_MATERNAL	1	chr19_PATERNAL
ALPL	1	chr1	1	chr1_MATERNAL	1	chr1_PATERNAL
RRP9	1	chr3	1	chr3_MATERNAL	1	chr3_PATERNAL
ZNF664-RFLNA	1	chr12	1	chr12_MATERNAL	1	chr12_PATERNAL
C12orf4	1	chr12	1	chr12_MATERNAL	1	chr12_PATERNAL
HLA-DOA	1	chr6	1	chr6_MATERNAL	1	chr6_PATERNAL
IGSF21	1	chr1	1	chr1_MATERNAL	1	chr1_PATERNAL
ZNF404	1	chr19	1	chr19_MATERNAL	1	chr19_PATERNAL
SLC27A1	1	chr19	1	chr19_MATERNAL	1	chr19_PATERNAL
TNFSF10	1	chr3	1	chr3_MATERNAL	1	chr3_PATERNAL
ALX3	1	chr1	1	chr1_MATERNAL	1	chr1_PATERNAL
SECTM1	1	chr17	1	chr17_MATERNAL	1	chr17_PATERNAL
SLC22A11	1	chr11	1	chr11_MATERNAL	1	chr11_PATERNAL
SPANXN1	1	chrX	1	chrX_MATERNAL	0	None
TMEM267	1	chr5	1	chr5_MATERNAL	1	chr5_PATERNAL
CLRN1	1	chr3	1	chr3_MATERNAL	1	chr3_PATERNAL
RPS6KA6	1	chrX	1	chrX_MATERNAL	0	None
VAMP4	1	chr1	1	chr1_MATERNAL	1	chr1_PATERNAL
PABPC4L	1	chr4	1	chr4_MATERNAL	1	chr4_PATERNAL
PLCL2	1	chr3	1	chr3_MATERNAL	1	chr3_PATERNAL
SLC35G3	1	chr17	1	chr17_MATERNAL	1	chr17_PATERNAL
FETUB	1	chr3	1	chr3_MATERNAL	1	chr3_PATERNAL
UBE2J2	1	chr1	1	chr1_MATERNAL	1	chr1_PATERNAL
ZNF768	1	chr16	1	chr16_MATERNAL	1	chr16_PATERNAL
BTF3	1	chr5	1	chr5_MATERNAL	1	chr5_PATERNAL
LRRFIP1	1	chr2	1	chr2_MATERNAL	1	chr2_PATERNAL
PERM1	1	chr1	1	chr1_MATERNAL	1	chr1_PATERNAL
UBR1	1	chr15	1	chr15_MATERNAL	1	chr15_PATERNAL
ADCYAP1	1	chr18	1	chr18_MATERNAL	1	chr18_PATERNAL
COL12A1	1	chr6	1	chr6_MATERNAL	1	chr6_PATERNAL
OSMR	1	chr5	1	chr5_MATERNAL	1	chr5_PATERNAL
GOLGA1	1	chr9	1	chr9_MATERNAL	1	chr9_PATERNAL
ARHGAP35	1	chr19	1	chr19_MATERNAL	1	chr19_PATERNAL
NOPCHAP1	1	chr12	1	chr12_MATERNAL	1	chr12_PATERNAL
HUWE1	1	chrX	1	chrX_MATERNAL	0	None
FCF1	1	chr14	1	chr14_MATERNAL	1	chr14_PATERNAL
SEPTIN6	1	chrX	1	chrX_MATERNAL	0	None
PLSCR5	1	chr3	1	chr3_MATERNAL	1	chr3_PATERNAL
LOC107985915	2	chr2,chr2	1	chr2_MATERNAL	1	chr2_PATERNAL
EXOC3L1	1	chr16	1	chr16_MATERNAL	1	chr16_PATERNAL
ZNF530	1	chr19	1	chr19_MATERNAL	1	chr19_PATERNAL
PRKDC	1	chr8	1	chr8_MATERNAL	1	chr8_PATERNAL
MAS1	1	chr6	1	chr6_MATERNAL	1	chr6_PATERNAL
CHRNB1	1	chr17	1	chr17_MATERNAL	1	chr17_PATERNAL
ATP11C	1	chrX	1	chrX_MATERNAL	0	None
MCF2	1	chrX	1	chrX_MATERNAL	0	None
BCL3	1	chr19	1	chr19_MATERNAL	1	chr19_PATERNAL
EMC8	1	chr16	1	chr16_MATERNAL	1	chr16_PATERNAL
SNAPC2	1	chr19	1	chr19_MATERNAL	1	chr19_PATERNAL
RNF148	1	chr7	1	chr7_MATERNAL	1	chr7_PATERNAL
DIO3	1	chr14	1	chr14_MATERNAL	1	chr14_PATERNAL
ZNF746	1	chr7	1	chr7_MATERNAL	1	chr7_PATERNAL
LAYN	1	chr11	1	chr11_MATERNAL	1	chr11_PATERNAL
CLPSL2	1	chr6	1	chr6_MATERNAL	1	chr6_PATERNAL
PIDD1	1	chr11	1	chr11_MATERNAL	1	chr11_PATERNAL
TENT4A	1	chr5	1	chr5_MATERNAL	1	chr5_PATERNAL
PHLPP1	1	chr18	1	chr18_MATERNAL	1	chr18_PATERNAL
TFIP11	1	chr22	1	chr22_MATERNAL	1	chr22_PATERNAL
LILRA6	1	chr19	1	chr19_MATERNAL	1	chr19_PATERNAL
FCSK	1	chr16	1	chr16_MATERNAL	1	chr16_PATERNAL
DCAKD	1	chr17	1	chr17_MATERNAL	1	chr17_PATERNAL
CBLN3	1	chr14	1	chr14_MATERNAL	1	chr14_PATERNAL
FADD	1	chr11	1	chr11_MATERNAL	1	chr11_PATERNAL
FANCM	1	chr14	1	chr14_MATERNAL	1	chr14_PATERNAL
PRAMEF15	1	chr1	2	chr1_MATERNAL,chr1_MATERNAL	1	chr1_PATERNAL
ISM1	1	chr20	1	chr20_MATERNAL	1	chr20_PATERNAL
TRIM28	1	chr19	1	chr19_MATERNAL	1	chr19_PATERNAL
NLGN4Y	1	chrY	0	None	1	chrY_PATERNAL
USP8	1	chr15	1	chr15_MATERNAL	1	chr15_PATERNAL
ANGPTL2	1	chr9	1	chr9_MATERNAL	1	chr9_PATERNAL
KRTAP19-2	1	chr21	1	chr21_MATERNAL	1	chr21_PATERNAL
PRKAG2	1	chr7	1	chr7_MATERNAL	1	chr7_PATERNAL
FTCDNL1	1	chr2	1	chr2_MATERNAL	1	chr2_PATERNAL
ARRDC1	1	chr9	1	chr9_MATERNAL	1	chr9_PATERNAL
JADE2	1	chr5	1	chr5_MATERNAL	1	chr5_PATERNAL
RBM42	1	chr19	1	chr19_MATERNAL	1	chr19_PATERNAL
TCAP	1	chr17	1	chr17_MATERNAL	1	chr17_PATERNAL
TTLL11	1	chr9	1	chr9_MATERNAL	1	chr9_PATERNAL
EIF2AK4	1	chr15	1	chr15_MATERNAL	1	chr15_PATERNAL
UCP3	1	chr11	1	chr11_MATERNAL	1	chr11_PATERNAL
BIK	1	chr22	1	chr22_MATERNAL	1	chr22_PATERNAL
C12orf54	1	chr12	1	chr12_MATERNAL	1	chr12_PATERNAL
SH3YL1	1	chr2	1	chr2_MATERNAL	1	chr2_PATERNAL
THRA	1	chr17	1	chr17_MATERNAL	1	chr17_PATERNAL
CLDN17	1	chr21	1	chr21_MATERNAL	1	chr21_PATERNAL
FASTKD2	1	chr2	1	chr2_MATERNAL	1	chr2_PATERNAL
AAAS	1	chr12	1	chr12_MATERNAL	1	chr12_PATERNAL
TANC2	1	chr17	1	chr17_MATERNAL	1	chr17_PATERNAL
SERPINB5	1	chr18	1	chr18_MATERNAL	1	chr18_PATERNAL
DLGAP5	1	chr14	1	chr14_MATERNAL	1	chr14_PATERNAL
CSF2	1	chr5	1	chr5_MATERNAL	1	chr5_PATERNAL
PATZ1	1	chr22	1	chr22_MATERNAL	1	chr22_PATERNAL
SNX30	1	chr9	1	chr9_MATERNAL	1	chr9_PATERNAL
BMP8A	1	chr1	1	chr1_MATERNAL	1	chr1_PATERNAL
YTHDC2	1	chr5	1	chr5_MATERNAL	1	chr5_PATERNAL
IRX3	1	chr16	1	chr16_MATERNAL	1	chr16_PATERNAL
GGA3	1	chr17	1	chr17_MATERNAL	1	chr17_PATERNAL
RINT1	1	chr7	1	chr7_MATERNAL	1	chr7_PATERNAL
ITPA	1	chr20	1	chr20_MATERNAL	1	chr20_PATERNAL
TBC1D3L	1	chr17	1	chr17_MATERNAL	1	chr17_PATERNAL
ZCCHC8	1	chr12	1	chr12_MATERNAL	1	chr12_PATERNAL
OPRM1	1	chr6	1	chr6_MATERNAL	1	chr6_PATERNAL
RNGTT	1	chr6	1	chr6_MATERNAL	1	chr6_PATERNAL
ZNF852	1	chr3	1	chr3_MATERNAL	1	chr3_PATERNAL
FMO3	1	chr1	1	chr1_MATERNAL	1	chr1_PATERNAL
TRIP11	1	chr14	1	chr14_MATERNAL	1	chr14_PATERNAL
DMD	1	chrX	1	chrX_MATERNAL	0	None
FBXO36	1	chr2	1	chr2_MATERNAL	1	chr2_PATERNAL
INPP4B	1	chr4	1	chr4_MATERNAL	1	chr4_PATERNAL
ATXN1L	1	chr16	1	chr16_MATERNAL	1	chr16_PATERNAL
MOB1A	1	chr2	1	chr2_MATERNAL	1	chr2_PATERNAL
PPIE	1	chr1	1	chr1_MATERNAL	1	chr1_PATERNAL
SLC39A9	1	chr14	1	chr14_MATERNAL	1	chr14_PATERNAL
RPIA	1	chr2	1	chr2_MATERNAL	1	chr2_PATERNAL
HSPB3	1	chr5	1	chr5_MATERNAL	1	chr5_PATERNAL
TBC1D2B	1	chr15	1	chr15_MATERNAL	1	chr15_PATERNAL
SCAP	1	chr3	1	chr3_MATERNAL	1	chr3_PATERNAL
IGSF6	1	chr16	1	chr16_MATERNAL	1	chr16_PATERNAL
RBMY1J	1	chrY	0	None	1	chrY_PATERNAL
ARL14EPL	1	chr5	1	chr5_MATERNAL	1	chr5_PATERNAL
ABCC9	1	chr12	1	chr12_MATERNAL	1	chr12_PATERNAL
LOC124903723	1	chr16	1	chr16_MATERNAL	1	chr16_PATERNAL
FADS6	1	chr17	1	chr17_MATERNAL	1	chr17_PATERNAL
ADSS2	1	chr1	1	chr1_MATERNAL	1	chr1_PATERNAL
UBA3	1	chr3	1	chr3_MATERNAL	1	chr3_PATERNAL
CCDC78	1	chr16	1	chr16_MATERNAL	1	chr16_PATERNAL
CHD5	1	chr1	1	chr1_MATERNAL	1	chr1_PATERNAL
LGALSL	1	chr2	1	chr2_MATERNAL	1	chr2_PATERNAL
USP1	1	chr1	1	chr1_MATERNAL	1	chr1_PATERNAL
SCGN	1	chr6	1	chr6_MATERNAL	1	chr6_PATERNAL
SYT3	1	chr19	1	chr19_MATERNAL	1	chr19_PATERNAL
PLCXD2	1	chr3	1	chr3_MATERNAL	1	chr3_PATERNAL
SLC4A3	1	chr2	1	chr2_MATERNAL	1	chr2_PATERNAL
ZNF239	1	chr10	1	chr10_MATERNAL	1	chr10_PATERNAL
NBPF11	1	chr1	1	chr1_MATERNAL	1	chr1_PATERNAL
KIFC2	1	chr8	1	chr8_MATERNAL	1	chr8_PATERNAL
IRF4	1	chr6	1	chr6_MATERNAL	1	chr6_PATERNAL
TRAPPC13	1	chr5	1	chr5_MATERNAL	1	chr5_PATERNAL
EMC9	1	chr14	1	chr14_MATERNAL	1	chr14_PATERNAL
PCDHGB6	1	chr5	1	chr5_MATERNAL	1	chr5_PATERNAL
LOC105375107	1	chr6	1	chr6_MATERNAL	1	chr6_PATERNAL
IL1RAPL2	1	chrX	1	chrX_MATERNAL	0	None
FRAT1	1	chr10	1	chr10_MATERNAL	1	chr10_PATERNAL
PCSK6	1	chr15	1	chr15_MATERNAL	1	chr15_PATERNAL
TTI1	1	chr20	1	chr20_MATERNAL	1	chr20_PATERNAL
TTC8	1	chr14	1	chr14_MATERNAL	1	chr14_PATERNAL
FCGR2B	1	chr1	1	chr1_MATERNAL	1	chr1_PATERNAL
GRPR	1	chrX	1	chrX_MATERNAL	0	None
SNX19	1	chr11	1	chr11_MATERNAL	1	chr11_PATERNAL
HS6ST3	1	chr13	1	chr13_MATERNAL	1	chr13_PATERNAL
RFXAP	1	chr13	1	chr13_MATERNAL	1	chr13_PATERNAL
BRIP1	1	chr17	1	chr17_MATERNAL	1	chr17_PATERNAL
GOLGA8R	2	chr15,chr15	1	chr15_MATERNAL	1	chr15_PATERNAL
CSDE1	1	chr1	1	chr1_MATERNAL	1	chr1_PATERNAL
TRIM66	1	chr11	1	chr11_MATERNAL	1	chr11_PATERNAL
IL21R	1	chr16	1	chr16_MATERNAL	1	chr16_PATERNAL
USP9Y	1	chrY	0	None	1	chrY_PATERNAL
SLC4A9	1	chr5	1	chr5_MATERNAL	1	chr5_PATERNAL
TAS2R9	1	chr12	1	chr12_MATERNAL	1	chr12_PATERNAL
ZMYND10	1	chr3	1	chr3_MATERNAL	1	chr3_PATERNAL
ADAMTS2	1	chr5	1	chr5_MATERNAL	1	chr5_PATERNAL
HYLS1	1	chr11	1	chr11_MATERNAL	1	chr11_PATERNAL
FBXW12	1	chr3	1	chr3_MATERNAL	1	chr3_PATERNAL
GGPS1	1	chr1	1	chr1_MATERNAL	1	chr1_PATERNAL
TENT5D	1	chrX	1	chrX_MATERNAL	0	None
FGF2	1	chr4	1	chr4_MATERNAL	1	chr4_PATERNAL
SLITRK5	1	chr13	1	chr13_MATERNAL	1	chr13_PATERNAL
RPF1	1	chr1	1	chr1_MATERNAL	1	chr1_PATERNAL
SPAG5	1	chr17	1	chr17_MATERNAL	1	chr17_PATERNAL
DSP	1	chr6	1	chr6_MATERNAL	1	chr6_PATERNAL
RPH3AL	1	chr17	1	chr17_MATERNAL	1	chr17_PATERNAL
SPHKAP	1	chr2	1	chr2_MATERNAL	1	chr2_PATERNAL
MEAK7	1	chr16	1	chr16_MATERNAL	1	chr16_PATERNAL
PRDX1	1	chr1	1	chr1_MATERNAL	1	chr1_PATERNAL
SLC30A5	1	chr5	1	chr5_MATERNAL	1	chr5_PATERNAL
S100A7	1	chr1	1	chr1_MATERNAL	1	chr1_PATERNAL
CYBC1	1	chr17	1	chr17_MATERNAL	1	chr17_PATERNAL
YARS2	1	chr12	1	chr12_MATERNAL	1	chr12_PATERNAL
TSHZ1	1	chr18	1	chr18_MATERNAL	1	chr18_PATERNAL
DENND1B	1	chr1	1	chr1_MATERNAL	1	chr1_PATERNAL
RPRD2	1	chr1	1	chr1_MATERNAL	1	chr1_PATERNAL
GRIK5	1	chr19	1	chr19_MATERNAL	1	chr19_PATERNAL
EMD	1	chrX	1	chrX_MATERNAL	0	None
RBM44	1	chr2	1	chr2_MATERNAL	1	chr2_PATERNAL
RND3	1	chr2	1	chr2_MATERNAL	1	chr2_PATERNAL
SNW1	1	chr14	1	chr14_MATERNAL	1	chr14_PATERNAL
UBQLN3	1	chr11	1	chr11_MATERNAL	1	chr11_PATERNAL
CT45A9	1	chrX	1	chrX_MATERNAL	0	None
MINDY4B	1	chr3	1	chr3_MATERNAL	1	chr3_PATERNAL
VPS26B	1	chr11	1	chr11_MATERNAL	1	chr11_PATERNAL
TLK1	1	chr2	1	chr2_MATERNAL	1	chr2_PATERNAL
TBC1D31	1	chr8	1	chr8_MATERNAL	1	chr8_PATERNAL
ELN	1	chr7	1	chr7_MATERNAL	1	chr7_PATERNAL
ARHGEF6	1	chrX	1	chrX_MATERNAL	0	None
ZNF24	1	chr18	1	chr18_MATERNAL	1	chr18_PATERNAL
CHFR	1	chr12	1	chr12_MATERNAL	1	chr12_PATERNAL
FGF12	1	chr3	1	chr3_MATERNAL	1	chr3_PATERNAL
USP17L12	1	chr4	6	chr4_MATERNAL,chr4_MATERNAL,chr4_MATERNAL,chr4_MATERNAL,chr4_MATERNAL,chr4_MATERNAL	6	chr4_PATERNAL,chr4_PATERNAL,chr4_PATERNAL,chr4_PATERNAL,chr4_PATERNAL,chr4_PATERNAL
HNRNPA1L2	1	chr13	1	chr13_MATERNAL	1	chr13_PATERNAL
CCL28	1	chr5	1	chr5_MATERNAL	1	chr5_PATERNAL
OTUD7A	1	chr15	1	chr15_MATERNAL	1	chr15_PATERNAL
SELENOS	1	chr15	1	chr15_MATERNAL	1	chr15_PATERNAL
FAAH2	1	chrX	1	chrX_MATERNAL	0	None
CRYBA2	1	chr2	1	chr2_MATERNAL	1	chr2_PATERNAL
GABRD	1	chr1	1	chr1_MATERNAL	1	chr1_PATERNAL
LMOD2	1	chr7	1	chr7_MATERNAL	1	chr7_PATERNAL
CIPC	1	chr14	1	chr14_MATERNAL	1	chr14_PATERNAL
SLC66A2	1	chr18	1	chr18_MATERNAL	1	chr18_PATERNAL
ACSF3	1	chr16	1	chr16_MATERNAL	1	chr16_PATERNAL
LGALS4	1	chr19	1	chr19_MATERNAL	1	chr19_PATERNAL
RSBN1L	1	chr7	1	chr7_MATERNAL	1	chr7_PATERNAL
GCM1	1	chr6	1	chr6_MATERNAL	1	chr6_PATERNAL
C10orf53	1	chr10	1	chr10_MATERNAL	1	chr10_PATERNAL
FAM186B	1	chr12	1	chr12_MATERNAL	1	chr12_PATERNAL
REP15	1	chr12	1	chr12_MATERNAL	1	chr12_PATERNAL
SAR1A	1	chr10	1	chr10_MATERNAL	1	chr10_PATERNAL
NLRC3	1	chr16	1	chr16_MATERNAL	1	chr16_PATERNAL
TAFA2	1	chr12	1	chr12_MATERNAL	1	chr12_PATERNAL
DPEP1	1	chr16	1	chr16_MATERNAL	1	chr16_PATERNAL
GSTO1	1	chr10	1	chr10_MATERNAL	1	chr10_PATERNAL
SOCS3	1	chr17	1	chr17_MATERNAL	1	chr17_PATERNAL
EML1	1	chr14	1	chr14_MATERNAL	1	chr14_PATERNAL
SEC31B	1	chr10	1	chr10_MATERNAL	1	chr10_PATERNAL
PIGV	1	chr1	1	chr1_MATERNAL	1	chr1_PATERNAL
MT2A	1	chr16	1	chr16_MATERNAL	1	chr16_PATERNAL
SLC10A7	1	chr4	1	chr4_MATERNAL	1	chr4_PATERNAL
CRYBG1	1	chr6	1	chr6_MATERNAL	1	chr6_PATERNAL
ZNF641	1	chr12	1	chr12_MATERNAL	1	chr12_PATERNAL
HUS1	1	chr7	1	chr7_MATERNAL	1	chr7_PATERNAL
SPDYE6	1	chr7	1	chr7_MATERNAL	1	chr7_PATERNAL
C17orf58	1	chr17	1	chr17_MATERNAL	1	chr17_PATERNAL
OR2T7	1	chr1	1	chr1_MATERNAL	1	chr1_PATERNAL
CEACAM5	1	chr19	1	chr19_MATERNAL	1	chr19_PATERNAL
ZBTB6	1	chr9	1	chr9_MATERNAL	1	chr9_PATERNAL
TCEAL8	1	chrX	1	chrX_MATERNAL	0	None
KLHL12	1	chr1	1	chr1_MATERNAL	1	chr1_PATERNAL
SPICE1	1	chr3	1	chr3_MATERNAL	1	chr3_PATERNAL
C19orf18	1	chr19	1	chr19_MATERNAL	1	chr19_PATERNAL
LOC124900940	1	chr5	1	chr5_MATERNAL	1	chr5_PATERNAL
TNFRSF13B	1	chr17	1	chr17_MATERNAL	1	chr17_PATERNAL
WASL	1	chr7	1	chr7_MATERNAL	1	chr7_PATERNAL
SRBD1	1	chr2	1	chr2_MATERNAL	1	chr2_PATERNAL
IQCE	1	chr7	1	chr7_MATERNAL	1	chr7_PATERNAL
UGT1A3	1	chr2	1	chr2_MATERNAL	1	chr2_PATERNAL
B4GALT6	1	chr18	1	chr18_MATERNAL	1	chr18_PATERNAL
GAP43	1	chr3	1	chr3_MATERNAL	1	chr3_PATERNAL
DNPEP	1	chr2	1	chr2_MATERNAL	1	chr2_PATERNAL
SEMA3C	1	chr7	1	chr7_MATERNAL	1	chr7_PATERNAL
BIN2	1	chr12	1	chr12_MATERNAL	1	chr12_PATERNAL
HTN3	1	chr4	1	chr4_MATERNAL	1	chr4_PATERNAL
MYO1E	1	chr15	1	chr15_MATERNAL	1	chr15_PATERNAL
TRAPPC2	1	chrX	1	chrX_MATERNAL	0	None
HRAS	1	chr11	1	chr11_MATERNAL	1	chr11_PATERNAL
SPATA24	1	chr5	1	chr5_MATERNAL	1	chr5_PATERNAL
TLR7	1	chrX	1	chrX_MATERNAL	0	None
H2BC8	1	chr6	1	chr6_MATERNAL	1	chr6_PATERNAL
EIF4B	1	chr12	1	chr12_MATERNAL	1	chr12_PATERNAL
MMP10	1	chr11	1	chr11_MATERNAL	1	chr11_PATERNAL
CRLF1	1	chr19	1	chr19_MATERNAL	1	chr19_PATERNAL
TM6SF1	1	chr15	1	chr15_MATERNAL	1	chr15_PATERNAL
PPP1R9B	1	chr17	1	chr17_MATERNAL	1	chr17_PATERNAL
LTBP1	1	chr2	1	chr2_MATERNAL	1	chr2_PATERNAL
OR11H2	1	chr14	2	chr14_MATERNAL,chr14_MATERNAL	2	chr14_PATERNAL,chr14_PATERNAL
SOX11	1	chr2	1	chr2_MATERNAL	1	chr2_PATERNAL
LYZL4	1	chr3	1	chr3_MATERNAL	1	chr3_PATERNAL
RNASE11	1	chr14	1	chr14_MATERNAL	1	chr14_PATERNAL
CDY1	1	chrY	0	None	1	chrY_PATERNAL
SPSB3	1	chr16	1	chr16_MATERNAL	1	chr16_PATERNAL
GPR22	1	chr7	1	chr7_MATERNAL	1	chr7_PATERNAL
METTL25	1	chr12	1	chr12_MATERNAL	1	chr12_PATERNAL
LOC124903164	1	chr13	1	chr13_MATERNAL	1	chr13_PATERNAL
TPM1	1	chr15	1	chr15_MATERNAL	1	chr15_PATERNAL
BEGAIN	1	chr14	1	chr14_MATERNAL	1	chr14_PATERNAL
RBPMS2	1	chr15	1	chr15_MATERNAL	1	chr15_PATERNAL
CD244	1	chr1	1	chr1_MATERNAL	1	chr1_PATERNAL
NAIP	1	chr5	1	chr5_MATERNAL	1	chr5_PATERNAL
RAD21	1	chr8	1	chr8_MATERNAL	1	chr8_PATERNAL
PGLYRP1	1	chr19	1	chr19_MATERNAL	1	chr19_PATERNAL
TRPM8	1	chr2	1	chr2_MATERNAL	1	chr2_PATERNAL
PDK2	1	chr17	1	chr17_MATERNAL	1	chr17_PATERNAL
NUDT22	1	chr11	1	chr11_MATERNAL	1	chr11_PATERNAL
DCP1A	1	chr3	1	chr3_MATERNAL	1	chr3_PATERNAL
PLEC	1	chr8	1	chr8_MATERNAL	1	chr8_PATERNAL
HPF1	1	chr4	1	chr4_MATERNAL	1	chr4_PATERNAL
C10orf143	1	chr10	1	chr10_MATERNAL	1	chr10_PATERNAL
BTBD16	1	chr10	1	chr10_MATERNAL	1	chr10_PATERNAL
LOC107987372	3	chr13,chr14,chr21	3	chr14_MATERNAL,chr21_MATERNAL,chr13_MATERNAL	5	chr21_PATERNAL,chr13_PATERNAL,chr14_PATERNAL,chr14_PATERNAL,chr14_PATERNAL
IKZF5	1	chr10	1	chr10_MATERNAL	1	chr10_PATERNAL
USP54	1	chr10	1	chr10_MATERNAL	1	chr10_PATERNAL
SPEN	1	chr1	1	chr1_MATERNAL	1	chr1_PATERNAL
C2orf78	1	chr2	1	chr2_MATERNAL	1	chr2_PATERNAL
IRAK1BP1	1	chr6	1	chr6_MATERNAL	1	chr6_PATERNAL
APPL1	1	chr3	1	chr3_MATERNAL	1	chr3_PATERNAL
PLPPR5	1	chr1	1	chr1_MATERNAL	1	chr1_PATERNAL
IL12A	1	chr3	1	chr3_MATERNAL	1	chr3_PATERNAL
ZNF660	1	chr3	1	chr3_MATERNAL	1	chr3_PATERNAL
CACNA1E	1	chr1	1	chr1_MATERNAL	1	chr1_PATERNAL
POLB	1	chr8	1	chr8_MATERNAL	1	chr8_PATERNAL
LMTK2	1	chr7	1	chr7_MATERNAL	1	chr7_PATERNAL
C6orf120	1	chr6	1	chr6_MATERNAL	1	chr6_PATERNAL
SRGAP2	1	chr1	1	chr1_MATERNAL	1	chr1_PATERNAL
MRPL36	1	chr5	1	chr5_MATERNAL	1	chr5_PATERNAL
GPALPP1	1	chr13	1	chr13_MATERNAL	1	chr13_PATERNAL
CORO7-PAM16	1	chr16	1	chr16_MATERNAL	1	chr16_PATERNAL
HRC	1	chr19	1	chr19_MATERNAL	1	chr19_PATERNAL
ZSCAN16	1	chr6	1	chr6_MATERNAL	1	chr6_PATERNAL
ZFP90	1	chr16	1	chr16_MATERNAL	1	chr16_PATERNAL
OR10D3	1	chr11	1	chr11_MATERNAL	1	chr11_PATERNAL
SYNE2	1	chr14	1	chr14_MATERNAL	1	chr14_PATERNAL
UHRF1BP1L	1	chr12	1	chr12_MATERNAL	1	chr12_PATERNAL
URGCP	1	chr7	1	chr7_MATERNAL	1	chr7_PATERNAL
DMC1	1	chr22	1	chr22_MATERNAL	1	chr22_PATERNAL
GKN1	1	chr2	1	chr2_MATERNAL	1	chr2_PATERNAL
PIEZO1	1	chr16	1	chr16_MATERNAL	1	chr16_PATERNAL
ZWINT	1	chr10	1	chr10_MATERNAL	1	chr10_PATERNAL
ZSWIM6	1	chr5	1	chr5_MATERNAL	1	chr5_PATERNAL
HPCA	1	chr1	1	chr1_MATERNAL	1	chr1_PATERNAL
MCOLN1	1	chr19	1	chr19_MATERNAL	1	chr19_PATERNAL
YWHAB	1	chr20	1	chr20_MATERNAL	1	chr20_PATERNAL
TRPA1	1	chr8	1	chr8_MATERNAL	1	chr8_PATERNAL
CD1B	1	chr1	1	chr1_MATERNAL	1	chr1_PATERNAL
WDR70	1	chr5	1	chr5_MATERNAL	1	chr5_PATERNAL
NBAS	1	chr2	1	chr2_MATERNAL	1	chr2_PATERNAL
ABHD5	1	chr3	1	chr3_MATERNAL	1	chr3_PATERNAL
OSM	1	chr22	1	chr22_MATERNAL	1	chr22_PATERNAL
ARPC5	1	chr1	1	chr1_MATERNAL	1	chr1_PATERNAL
PTP4A2	1	chr1	1	chr1_MATERNAL	1	chr1_PATERNAL
LOC124901041	1	chr5	1	chr5_MATERNAL	1	chr5_PATERNAL
GRAMD1A	1	chr19	1	chr19_MATERNAL	1	chr19_PATERNAL
MCIDAS	1	chr5	1	chr5_MATERNAL	1	chr5_PATERNAL
MMAB	1	chr12	1	chr12_MATERNAL	1	chr12_PATERNAL
THUMPD1	1	chr16	1	chr16_MATERNAL	1	chr16_PATERNAL
NIPBL	1	chr5	1	chr5_MATERNAL	1	chr5_PATERNAL
STKLD1	1	chr9	1	chr9_MATERNAL	1	chr9_PATERNAL
PRPF38B	1	chr1	1	chr1_MATERNAL	1	chr1_PATERNAL
SPP1	1	chr4	1	chr4_MATERNAL	1	chr4_PATERNAL
HSPA13	1	chr21	1	chr21_MATERNAL	1	chr21_PATERNAL
NDUFB7	1	chr19	1	chr19_MATERNAL	1	chr19_PATERNAL
MRPL2	1	chr6	1	chr6_MATERNAL	1	chr6_PATERNAL
SLIT3	1	chr5	1	chr5_MATERNAL	1	chr5_PATERNAL
MAML3	1	chr4	1	chr4_MATERNAL	1	chr4_PATERNAL
OR5I1	1	chr11	1	chr11_MATERNAL	1	chr11_PATERNAL
CTSS	1	chr1	1	chr1_MATERNAL	1	chr1_PATERNAL
ACTR3C	1	chr7	1	chr7_MATERNAL	1	chr7_PATERNAL
FILIP1	1	chr6	1	chr6_MATERNAL	1	chr6_PATERNAL
WRAP73	1	chr1	1	chr1_MATERNAL	1	chr1_PATERNAL
GP1BB	1	chr22	1	chr22_MATERNAL	1	chr22_PATERNAL
HCAR1	1	chr12	1	chr12_MATERNAL	1	chr12_PATERNAL
EMC10	1	chr19	1	chr19_MATERNAL	1	chr19_PATERNAL
TCEAL6	1	chrX	1	chrX_MATERNAL	0	None
SPDYE3	1	chr7	1	chr7_MATERNAL	1	chr7_PATERNAL
C5orf63	1	chr5	1	chr5_MATERNAL	1	chr5_PATERNAL
CFAP251	1	chr12	1	chr12_MATERNAL	1	chr12_PATERNAL
F13A1	1	chr6	1	chr6_MATERNAL	1	chr6_PATERNAL
NBDY	1	chrX	1	chrX_MATERNAL	0	None
FAAP100	1	chr17	1	chr17_MATERNAL	1	chr17_PATERNAL
ZNF334	1	chr20	1	chr20_MATERNAL	1	chr20_PATERNAL
NXPH1	1	chr7	1	chr7_MATERNAL	1	chr7_PATERNAL
PDCD6	1	chr5	1	chr5_MATERNAL	1	chr5_PATERNAL
PRAG1	1	chr8	1	chr8_MATERNAL	1	chr8_PATERNAL
GSC2	1	chr22	1	chr22_MATERNAL	1	chr22_PATERNAL
UNG	1	chr12	1	chr12_MATERNAL	1	chr12_PATERNAL
MAP2K4	1	chr17	1	chr17_MATERNAL	1	chr17_PATERNAL
MYL6	1	chr12	1	chr12_MATERNAL	1	chr12_PATERNAL
SEZ6L2	1	chr16	1	chr16_MATERNAL	1	chr16_PATERNAL
NCEH1	1	chr3	1	chr3_MATERNAL	1	chr3_PATERNAL
SEL1L2	1	chr20	1	chr20_MATERNAL	1	chr20_PATERNAL
DNAJB9	1	chr7	1	chr7_MATERNAL	1	chr7_PATERNAL
HTR6	1	chr1	1	chr1_MATERNAL	1	chr1_PATERNAL
KAT8	1	chr16	1	chr16_MATERNAL	1	chr16_PATERNAL
PPP2R2A	1	chr8	1	chr8_MATERNAL	1	chr8_PATERNAL
ZNF222	1	chr19	1	chr19_MATERNAL	1	chr19_PATERNAL
CNPPD1	1	chr2	1	chr2_MATERNAL	1	chr2_PATERNAL
GATA6	1	chr18	1	chr18_MATERNAL	1	chr18_PATERNAL
RPS12	1	chr6	1	chr6_MATERNAL	1	chr6_PATERNAL
GAST	1	chr17	1	chr17_MATERNAL	1	chr17_PATERNAL
IFT22	1	chr7	1	chr7_MATERNAL	1	chr7_PATERNAL
PTPRH	1	chr19	1	chr19_MATERNAL	1	chr19_PATERNAL
PMM2	1	chr16	1	chr16_MATERNAL	1	chr16_PATERNAL
GPAT2	1	chr2	1	chr2_MATERNAL	1	chr2_PATERNAL
OAS2	1	chr12	1	chr12_MATERNAL	1	chr12_PATERNAL
TMED4	1	chr7	1	chr7_MATERNAL	1	chr7_PATERNAL
NLRP3	1	chr1	1	chr1_MATERNAL	1	chr1_PATERNAL
AP1S3	1	chr2	1	chr2_MATERNAL	1	chr2_PATERNAL
SBNO2	1	chr19	1	chr19_MATERNAL	1	chr19_PATERNAL
EEF1A1	1	chr6	1	chr6_MATERNAL	1	chr6_PATERNAL
LGI4	1	chr19	1	chr19_MATERNAL	1	chr19_PATERNAL
KIF5B	1	chr10	1	chr10_MATERNAL	1	chr10_PATERNAL
THBS3	1	chr1	1	chr1_MATERNAL	1	chr1_PATERNAL
ADAMDEC1	1	chr8	1	chr8_MATERNAL	1	chr8_PATERNAL
DEFB134	1	chr8	1	chr8_MATERNAL	1	chr8_PATERNAL
INPPL1	1	chr11	1	chr11_MATERNAL	1	chr11_PATERNAL
CXCL2	1	chr4	1	chr4_MATERNAL	1	chr4_PATERNAL
CYTH4	1	chr22	1	chr22_MATERNAL	1	chr22_PATERNAL
FOXP4	1	chr6	1	chr6_MATERNAL	1	chr6_PATERNAL
SLCO1A2	1	chr12	1	chr12_MATERNAL	1	chr12_PATERNAL
SHH	1	chr7	1	chr7_MATERNAL	1	chr7_PATERNAL
GOLGA6A	1	chr15	1	chr15_MATERNAL	1	chr15_PATERNAL
C11orf42	1	chr11	1	chr11_MATERNAL	1	chr11_PATERNAL
PPP1R16B	1	chr20	1	chr20_MATERNAL	1	chr20_PATERNAL
AP5S1	1	chr20	1	chr20_MATERNAL	1	chr20_PATERNAL
LOC124901820	1	chr7	1	chr7_MATERNAL	1	chr7_PATERNAL
FNDC4	1	chr2	1	chr2_MATERNAL	1	chr2_PATERNAL
CRYGS	1	chr3	1	chr3_MATERNAL	1	chr3_PATERNAL
SNTG2	1	chr2	1	chr2_MATERNAL	1	chr2_PATERNAL
RILPL2	1	chr12	1	chr12_MATERNAL	1	chr12_PATERNAL
FAM184B	1	chr4	1	chr4_MATERNAL	1	chr4_PATERNAL
IQCJ	1	chr3	1	chr3_MATERNAL	1	chr3_PATERNAL
GIPC2	1	chr1	1	chr1_MATERNAL	1	chr1_PATERNAL
CDH6	1	chr5	1	chr5_MATERNAL	1	chr5_PATERNAL
PHOSPHO2	1	chr2	1	chr2_MATERNAL	1	chr2_PATERNAL
NCLN	1	chr19	1	chr19_MATERNAL	1	chr19_PATERNAL
NMRK1	1	chr9	1	chr9_MATERNAL	1	chr9_PATERNAL
MSANTD5	1	chr5	1	chr5_MATERNAL	1	chr5_PATERNAL
KLHDC7A	1	chr1	1	chr1_MATERNAL	1	chr1_PATERNAL
CCER1	1	chr12	1	chr12_MATERNAL	1	chr12_PATERNAL
TNFRSF14	1	chr1	1	chr1_MATERNAL	1	chr1_PATERNAL
XAF1	1	chr17	1	chr17_MATERNAL	1	chr17_PATERNAL
GCSH	1	chr16	1	chr16_MATERNAL	1	chr16_PATERNAL
GJA5	1	chr1	1	chr1_MATERNAL	1	chr1_PATERNAL
ARHGAP20	1	chr11	1	chr11_MATERNAL	1	chr11_PATERNAL
GALNT8	1	chr12	1	chr12_MATERNAL	1	chr12_PATERNAL
GFPT1	1	chr2	1	chr2_MATERNAL	1	chr2_PATERNAL
PSKH2	1	chr8	1	chr8_MATERNAL	1	chr8_PATERNAL
AKR1C8	1	chr10	1	chr10_MATERNAL	1	chr10_PATERNAL
NPFFR1	1	chr10	1	chr10_MATERNAL	1	chr10_PATERNAL
NARS1	1	chr18	1	chr18_MATERNAL	1	chr18_PATERNAL
GOLT1A	1	chr1	1	chr1_MATERNAL	1	chr1_PATERNAL
INTS12	1	chr4	1	chr4_MATERNAL	1	chr4_PATERNAL
LAMC3	1	chr9	1	chr9_MATERNAL	1	chr9_PATERNAL
SLC7A13	1	chr8	1	chr8_MATERNAL	1	chr8_PATERNAL
PLEKHJ1	1	chr19	1	chr19_MATERNAL	1	chr19_PATERNAL
CFLAR	1	chr2	1	chr2_MATERNAL	1	chr2_PATERNAL
ABHD14A	1	chr3	1	chr3_MATERNAL	1	chr3_PATERNAL
VSIG2	1	chr11	1	chr11_MATERNAL	1	chr11_PATERNAL
CAPG	1	chr2	1	chr2_MATERNAL	1	chr2_PATERNAL
RNF152	1	chr18	1	chr18_MATERNAL	1	chr18_PATERNAL
FAM24B	1	chr10	1	chr10_MATERNAL	1	chr10_PATERNAL
VTCN1	1	chr1	1	chr1_MATERNAL	1	chr1_PATERNAL
WDR72	1	chr15	1	chr15_MATERNAL	1	chr15_PATERNAL
CCKAR	1	chr4	1	chr4_MATERNAL	1	chr4_PATERNAL
CCKBR	1	chr11	1	chr11_MATERNAL	1	chr11_PATERNAL
ASTE1	1	chr3	1	chr3_MATERNAL	1	chr3_PATERNAL
MRPL22	1	chr5	1	chr5_MATERNAL	1	chr5_PATERNAL
SOX10	1	chr22	1	chr22_MATERNAL	1	chr22_PATERNAL
ASPM	1	chr1	1	chr1_MATERNAL	1	chr1_PATERNAL
TEX46	1	chr1	1	chr1_MATERNAL	1	chr1_PATERNAL
KISS1R	1	chr19	1	chr19_MATERNAL	1	chr19_PATERNAL
SMIM36	1	chr17	1	chr17_MATERNAL	1	chr17_PATERNAL
MED17	1	chr11	1	chr11_MATERNAL	1	chr11_PATERNAL
NR1I2	1	chr3	1	chr3_MATERNAL	1	chr3_PATERNAL
GAN	1	chr16	1	chr16_MATERNAL	1	chr16_PATERNAL
OXA1L	1	chr14	1	chr14_MATERNAL	1	chr14_PATERNAL
KRT78	1	chr12	1	chr12_MATERNAL	1	chr12_PATERNAL
C18orf63	1	chr18	1	chr18_MATERNAL	1	chr18_PATERNAL
CTF1	1	chr16	1	chr16_MATERNAL	1	chr16_PATERNAL
ANKLE1	1	chr19	1	chr19_MATERNAL	1	chr19_PATERNAL
PRPF39	1	chr14	1	chr14_MATERNAL	1	chr14_PATERNAL
MPV17L	1	chr16	1	chr16_MATERNAL	1	chr16_PATERNAL
TMEM88	1	chr17	1	chr17_MATERNAL	1	chr17_PATERNAL
FAM133A	1	chrX	1	chrX_MATERNAL	0	None
CS	1	chr12	1	chr12_MATERNAL	1	chr12_PATERNAL
AGA	1	chr4	1	chr4_MATERNAL	1	chr4_PATERNAL
CFAP52	1	chr17	1	chr17_MATERNAL	1	chr17_PATERNAL
LOC105372204	1	chr18	1	chr18_MATERNAL	1	chr18_PATERNAL
R3HDM2	1	chr12	1	chr12_MATERNAL	1	chr12_PATERNAL
TDRD6	1	chr6	1	chr6_MATERNAL	1	chr6_PATERNAL
TBC1D20	1	chr20	1	chr20_MATERNAL	1	chr20_PATERNAL
KCNQ5	1	chr6	1	chr6_MATERNAL	1	chr6_PATERNAL
TRPC6	1	chr11	1	chr11_MATERNAL	1	chr11_PATERNAL
NAA40	1	chr11	1	chr11_MATERNAL	1	chr11_PATERNAL
FGFBP1	1	chr4	1	chr4_MATERNAL	1	chr4_PATERNAL
SFR1	1	chr10	1	chr10_MATERNAL	1	chr10_PATERNAL
S100A9	1	chr1	1	chr1_MATERNAL	1	chr1_PATERNAL
KIF24	1	chr9	1	chr9_MATERNAL	1	chr9_PATERNAL
UQCRB	1	chr8	1	chr8_MATERNAL	1	chr8_PATERNAL
NHS	1	chrX	1	chrX_MATERNAL	0	None
CKS1B	1	chr1	1	chr1_MATERNAL	1	chr1_PATERNAL
OR4K14	1	chr14	1	chr14_MATERNAL	1	chr14_PATERNAL
SPAG9	1	chr17	1	chr17_MATERNAL	1	chr17_PATERNAL
SSX2B	1	chrX	1	chrX_MATERNAL	0	None
BAD	1	chr11	1	chr11_MATERNAL	1	chr11_PATERNAL
PYGO1	1	chr15	1	chr15_MATERNAL	1	chr15_PATERNAL
SERPINF2	1	chr17	1	chr17_MATERNAL	1	chr17_PATERNAL
PTGER4	1	chr5	1	chr5_MATERNAL	1	chr5_PATERNAL
NCOA2	1	chr8	1	chr8_MATERNAL	1	chr8_PATERNAL
TCERG1L	1	chr10	1	chr10_MATERNAL	1	chr10_PATERNAL
MANBAL	1	chr20	1	chr20_MATERNAL	1	chr20_PATERNAL
CCDC103	1	chr17	1	chr17_MATERNAL	1	chr17_PATERNAL
LOC124904333	1	chr18	1	chr18_MATERNAL	1	chr18_PATERNAL
RASA2	1	chr3	1	chr3_MATERNAL	1	chr3_PATERNAL
IRF2BP1	1	chr19	1	chr19_MATERNAL	1	chr19_PATERNAL
GJC3	1	chr7	1	chr7_MATERNAL	1	chr7_PATERNAL
HTATSF1	1	chrX	1	chrX_MATERNAL	0	None
FGL2	1	chr7	1	chr7_MATERNAL	1	chr7_PATERNAL
THOC1	1	chr18	1	chr18_MATERNAL	1	chr18_PATERNAL
LZTFL1	1	chr3	1	chr3_MATERNAL	1	chr3_PATERNAL
ACSS1	1	chr20	1	chr20_MATERNAL	1	chr20_PATERNAL
SARAF	1	chr8	1	chr8_MATERNAL	1	chr8_PATERNAL
TRMU	1	chr22	1	chr22_MATERNAL	1	chr22_PATERNAL
HNRNPR	1	chr1	1	chr1_MATERNAL	1	chr1_PATERNAL
USF3	1	chr3	1	chr3_MATERNAL	1	chr3_PATERNAL
RBCK1	1	chr20	1	chr20_MATERNAL	1	chr20_PATERNAL
FBXO2	1	chr1	1	chr1_MATERNAL	1	chr1_PATERNAL
CCDC153	1	chr11	1	chr11_MATERNAL	1	chr11_PATERNAL
PRKAB1	1	chr12	1	chr12_MATERNAL	1	chr12_PATERNAL
SERTAD1	1	chr19	1	chr19_MATERNAL	1	chr19_PATERNAL
LOC112267897	1	chr13	1	chr13_MATERNAL	1	chr13_PATERNAL
FZD2	1	chr17	1	chr17_MATERNAL	1	chr17_PATERNAL
SYNGAP1	1	chr6	1	chr6_MATERNAL	1	chr6_PATERNAL
FAM163A	1	chr1	1	chr1_MATERNAL	1	chr1_PATERNAL
DCXR	1	chr17	1	chr17_MATERNAL	1	chr17_PATERNAL
GARIN4	1	chr1	1	chr1_MATERNAL	1	chr1_PATERNAL
RRBP1	1	chr20	1	chr20_MATERNAL	1	chr20_PATERNAL
DPM1	1	chr20	1	chr20_MATERNAL	1	chr20_PATERNAL
PLA2G1B	1	chr12	1	chr12_MATERNAL	1	chr12_PATERNAL
COX11	1	chr17	1	chr17_MATERNAL	1	chr17_PATERNAL
DCLRE1A	1	chr10	1	chr10_MATERNAL	1	chr10_PATERNAL
NEFM	1	chr8	1	chr8_MATERNAL	1	chr8_PATERNAL
DACT2	1	chr6	1	chr6_MATERNAL	1	chr6_PATERNAL
MAGEE2	1	chrX	1	chrX_MATERNAL	0	None
IPO5	1	chr13	1	chr13_MATERNAL	1	chr13_PATERNAL
ZNF2	1	chr2	1	chr2_MATERNAL	1	chr2_PATERNAL
SLC25A5	1	chrX	1	chrX_MATERNAL	0	None
SLC13A2	1	chr17	1	chr17_MATERNAL	1	chr17_PATERNAL
IRS1	1	chr2	1	chr2_MATERNAL	1	chr2_PATERNAL
SLC16A5	1	chr17	1	chr17_MATERNAL	1	chr17_PATERNAL
AXIN1	1	chr16	1	chr16_MATERNAL	1	chr16_PATERNAL
ELMOD2	1	chr4	1	chr4_MATERNAL	1	chr4_PATERNAL
RBAK	1	chr7	1	chr7_MATERNAL	1	chr7_PATERNAL
UBE2V1P16	1	chrX	1	chrX_MATERNAL	0	None
ARHGEF18	1	chr19	1	chr19_MATERNAL	1	chr19_PATERNAL
ITPRID1	1	chr7	1	chr7_MATERNAL	1	chr7_PATERNAL
SIPA1L1	1	chr14	1	chr14_MATERNAL	1	chr14_PATERNAL
RRM2	1	chr2	1	chr2_MATERNAL	1	chr2_PATERNAL
IL19	1	chr1	1	chr1_MATERNAL	1	chr1_PATERNAL
FASLG	1	chr1	1	chr1_MATERNAL	1	chr1_PATERNAL
DTWD1	1	chr15	1	chr15_MATERNAL	1	chr15_PATERNAL
CEP170B	1	chr14	1	chr14_MATERNAL	1	chr14_PATERNAL
NAAA	1	chr4	1	chr4_MATERNAL	1	chr4_PATERNAL
CPNE1	1	chr20	1	chr20_MATERNAL	1	chr20_PATERNAL
SMC6	1	chr2	1	chr2_MATERNAL	1	chr2_PATERNAL
RP1	1	chr8	1	chr8_MATERNAL	1	chr8_PATERNAL
MPRIP	1	chr17	1	chr17_MATERNAL	1	chr17_PATERNAL
CDC16	1	chr13	1	chr13_MATERNAL	1	chr13_PATERNAL
C11orf87	1	chr11	1	chr11_MATERNAL	1	chr11_PATERNAL
MRPL33	1	chr2	1	chr2_MATERNAL	1	chr2_PATERNAL
PLEKHN1	1	chr1	1	chr1_MATERNAL	1	chr1_PATERNAL
CASKIN1	1	chr16	1	chr16_MATERNAL	1	chr16_PATERNAL
KDM5D	1	chrY	0	None	1	chrY_PATERNAL
DNAAF3	1	chr19	1	chr19_MATERNAL	1	chr19_PATERNAL
CNGA2	1	chrX	1	chrX_MATERNAL	0	None
LYRM2	1	chr6	1	chr6_MATERNAL	1	chr6_PATERNAL
TPRG1	1	chr3	1	chr3_MATERNAL	1	chr3_PATERNAL
TMPRSS4	1	chr11	1	chr11_MATERNAL	1	chr11_PATERNAL
CACTIN	1	chr19	1	chr19_MATERNAL	1	chr19_PATERNAL
SCML4	1	chr6	1	chr6_MATERNAL	1	chr6_PATERNAL
ATOX1	1	chr5	1	chr5_MATERNAL	1	chr5_PATERNAL
LOC124902135	1	chr9	1	chr9_MATERNAL	1	chr9_PATERNAL
PLEKHS1	1	chr10	1	chr10_MATERNAL	1	chr10_PATERNAL
COX6B2	1	chr19	1	chr19_MATERNAL	1	chr19_PATERNAL
RNF182	1	chr6	1	chr6_MATERNAL	1	chr6_PATERNAL
OR2T2	1	chr1	1	chr1_MATERNAL	1	chr1_PATERNAL
GPATCH2	1	chr1	1	chr1_MATERNAL	1	chr1_PATERNAL
KIR2DL5A	0	None	1	chr19_MATERNAL	1	chr19_PATERNAL
HRNR	1	chr1	1	chr1_MATERNAL	1	chr1_PATERNAL
HAUS8	1	chr19	1	chr19_MATERNAL	1	chr19_PATERNAL
HDDC2	1	chr6	1	chr6_MATERNAL	1	chr6_PATERNAL
COA6	1	chr1	1	chr1_MATERNAL	1	chr1_PATERNAL
USP17L27	1	chr4	1	chr4_MATERNAL	1	chr4_PATERNAL
TMEM106B	1	chr7	1	chr7_MATERNAL	1	chr7_PATERNAL
HOXA3	1	chr7	1	chr7_MATERNAL	1	chr7_PATERNAL
TOR1AIP2	1	chr1	1	chr1_MATERNAL	1	chr1_PATERNAL
GRM4	1	chr6	1	chr6_MATERNAL	1	chr6_PATERNAL
TMLHE	1	chrX	1	chrX_MATERNAL	0	None
MCHR1	1	chr22	1	chr22_MATERNAL	1	chr22_PATERNAL
DUSP19	1	chr2	1	chr2_MATERNAL	1	chr2_PATERNAL
UBL5	1	chr19	1	chr19_MATERNAL	1	chr19_PATERNAL
ODAD2	1	chr10	1	chr10_MATERNAL	1	chr10_PATERNAL
ZNF254	1	chr19	1	chr19_MATERNAL	1	chr19_PATERNAL
LRRC1	1	chr6	1	chr6_MATERNAL	1	chr6_PATERNAL
NR6A1	1	chr9	1	chr9_MATERNAL	1	chr9_PATERNAL
TBP	1	chr6	1	chr6_MATERNAL	1	chr6_PATERNAL
NXPH3	1	chr17	1	chr17_MATERNAL	1	chr17_PATERNAL
LMTK3	1	chr19	1	chr19_MATERNAL	1	chr19_PATERNAL
FUT1	1	chr19	1	chr19_MATERNAL	1	chr19_PATERNAL
FEM1B	1	chr15	1	chr15_MATERNAL	1	chr15_PATERNAL
PSMF1	1	chr20	1	chr20_MATERNAL	1	chr20_PATERNAL
ID1	1	chr20	1	chr20_MATERNAL	1	chr20_PATERNAL
RPS2	1	chr16	1	chr16_MATERNAL	1	chr16_PATERNAL
SLC16A13	1	chr17	1	chr17_MATERNAL	1	chr17_PATERNAL
OR5M11	1	chr11	1	chr11_MATERNAL	1	chr11_PATERNAL
PLA2G10	1	chr16	1	chr16_MATERNAL	1	chr16_PATERNAL
CC2D2A	1	chr4	1	chr4_MATERNAL	1	chr4_PATERNAL
FLT3LG	1	chr19	1	chr19_MATERNAL	1	chr19_PATERNAL
TAF11L8	1	chr5	1	chr5_MATERNAL	1	chr5_PATERNAL
STARD9	1	chr15	1	chr15_MATERNAL	1	chr15_PATERNAL
SOHLH2	1	chr13	1	chr13_MATERNAL	1	chr13_PATERNAL
PROZ	1	chr13	1	chr13_MATERNAL	1	chr13_PATERNAL
KIF7	1	chr15	1	chr15_MATERNAL	1	chr15_PATERNAL
GNRH1	1	chr8	1	chr8_MATERNAL	1	chr8_PATERNAL
SPDYA	1	chr2	1	chr2_MATERNAL	1	chr2_PATERNAL
CD300C	1	chr17	1	chr17_MATERNAL	1	chr17_PATERNAL
LOC124903496	1	chr15	1	chr15_MATERNAL	1	chr15_PATERNAL
RSL24D1	1	chr15	1	chr15_MATERNAL	1	chr15_PATERNAL
CHST6	1	chr16	1	chr16_MATERNAL	1	chr16_PATERNAL
FBXO28	1	chr1	1	chr1_MATERNAL	1	chr1_PATERNAL
OST4	1	chr2	1	chr2_MATERNAL	1	chr2_PATERNAL
SNRNP35	1	chr12	1	chr12_MATERNAL	1	chr12_PATERNAL
TMCO5A	1	chr15	1	chr15_MATERNAL	1	chr15_PATERNAL
PCDHA12	1	chr5	1	chr5_MATERNAL	1	chr5_PATERNAL
YAF2	1	chr12	1	chr12_MATERNAL	1	chr12_PATERNAL
CHST12	1	chr7	1	chr7_MATERNAL	1	chr7_PATERNAL
RNF26	1	chr11	1	chr11_MATERNAL	1	chr11_PATERNAL
CNMD	1	chr13	1	chr13_MATERNAL	1	chr13_PATERNAL
EIF1AX	1	chrX	1	chrX_MATERNAL	0	None
IP6K3	1	chr6	1	chr6_MATERNAL	1	chr6_PATERNAL
PBOV1	1	chr6	1	chr6_MATERNAL	1	chr6_PATERNAL
SORBS3	1	chr8	1	chr8_MATERNAL	1	chr8_PATERNAL
TMX1	1	chr14	1	chr14_MATERNAL	1	chr14_PATERNAL
ADA	1	chr20	1	chr20_MATERNAL	1	chr20_PATERNAL
CHST5	1	chr16	1	chr16_MATERNAL	1	chr16_PATERNAL
TMEM251	1	chr14	1	chr14_MATERNAL	1	chr14_PATERNAL
ARL11	1	chr13	1	chr13_MATERNAL	1	chr13_PATERNAL
TRIM22	1	chr11	1	chr11_MATERNAL	1	chr11_PATERNAL
SCNM1	1	chr1	1	chr1_MATERNAL	1	chr1_PATERNAL
LOC124901498	1	chr6	1	chr6_MATERNAL	1	chr6_PATERNAL
GTF2F2	1	chr13	1	chr13_MATERNAL	1	chr13_PATERNAL
MVB12B	1	chr9	1	chr9_MATERNAL	1	chr9_PATERNAL
PIERCE2	1	chr15	1	chr15_MATERNAL	1	chr15_PATERNAL
GALR3	1	chr22	1	chr22_MATERNAL	1	chr22_PATERNAL
TMEM221	1	chr19	1	chr19_MATERNAL	1	chr19_PATERNAL
C21orf140	1	chr21	1	chr21_MATERNAL	1	chr21_PATERNAL
RNFT1	1	chr17	1	chr17_MATERNAL	1	chr17_PATERNAL
MDC1	1	chr6	1	chr6_MATERNAL	1	chr6_PATERNAL
MAGEB3	1	chrX	1	chrX_MATERNAL	0	None
MKRN2	1	chr3	1	chr3_MATERNAL	1	chr3_PATERNAL
ABCF2	1	chr7	1	chr7_MATERNAL	1	chr7_PATERNAL
SLC9A1	1	chr1	1	chr1_MATERNAL	1	chr1_PATERNAL
METTL2B	1	chr7	1	chr7_MATERNAL	1	chr7_PATERNAL
ME2	1	chr18	1	chr18_MATERNAL	1	chr18_PATERNAL
TDRD5	1	chr1	1	chr1_MATERNAL	1	chr1_PATERNAL
INTU	1	chr4	1	chr4_MATERNAL	1	chr4_PATERNAL
MRPL24	1	chr1	1	chr1_MATERNAL	1	chr1_PATERNAL
SRSF5	1	chr14	1	chr14_MATERNAL	1	chr14_PATERNAL
TBC1D19	1	chr4	1	chr4_MATERNAL	1	chr4_PATERNAL
NANOS3	1	chr19	1	chr19_MATERNAL	1	chr19_PATERNAL
BMP3	1	chr4	1	chr4_MATERNAL	1	chr4_PATERNAL
ZNF615	1	chr19	1	chr19_MATERNAL	1	chr19_PATERNAL
NSFL1C	1	chr20	1	chr20_MATERNAL	1	chr20_PATERNAL
GPR157	1	chr1	1	chr1_MATERNAL	1	chr1_PATERNAL
OR4B1	1	chr11	1	chr11_MATERNAL	1	chr11_PATERNAL
ST7	1	chr7	1	chr7_MATERNAL	1	chr7_PATERNAL
ASAP1	1	chr8	1	chr8_MATERNAL	1	chr8_PATERNAL
CCDC112	1	chr5	1	chr5_MATERNAL	1	chr5_PATERNAL
SH3KBP1	1	chrX	1	chrX_MATERNAL	0	None
ZNF729	1	chr19	1	chr19_MATERNAL	1	chr19_PATERNAL
IGSF11	1	chr3	1	chr3_MATERNAL	1	chr3_PATERNAL
ZNF536	1	chr19	1	chr19_MATERNAL	1	chr19_PATERNAL
TATDN1	1	chr8	1	chr8_MATERNAL	1	chr8_PATERNAL
OR4K15	1	chr14	1	chr14_MATERNAL	1	chr14_PATERNAL
CAMKV	1	chr3	1	chr3_MATERNAL	1	chr3_PATERNAL
SLIT2	1	chr4	1	chr4_MATERNAL	1	chr4_PATERNAL
PLPP6	1	chr9	1	chr9_MATERNAL	1	chr9_PATERNAL
EIF4G1	1	chr3	1	chr3_MATERNAL	1	chr3_PATERNAL
TMEM120A	1	chr7	1	chr7_MATERNAL	1	chr7_PATERNAL
VEZT	1	chr12	1	chr12_MATERNAL	1	chr12_PATERNAL
SPRY3	2	chrX,chrY	1	chrX_MATERNAL	1	chrY_PATERNAL
CKM	1	chr19	1	chr19_MATERNAL	1	chr19_PATERNAL
RTN1	1	chr14	1	chr14_MATERNAL	1	chr14_PATERNAL
NOC2L	1	chr1	1	chr1_MATERNAL	1	chr1_PATERNAL
OR5H6	1	chr3	1	chr3_MATERNAL	1	chr3_PATERNAL
HSPA14	1	chr10	1	chr10_MATERNAL	1	chr10_PATERNAL
RRH	1	chr4	1	chr4_MATERNAL	1	chr4_PATERNAL
LOC124902805	1	chr11	1	chr11_MATERNAL	1	chr11_PATERNAL
VPS37A	1	chr8	1	chr8_MATERNAL	1	chr8_PATERNAL
FAM78A	1	chr9	1	chr9_MATERNAL	1	chr9_PATERNAL
PRMT9	1	chr4	1	chr4_MATERNAL	1	chr4_PATERNAL
MAPK15	1	chr8	1	chr8_MATERNAL	1	chr8_PATERNAL
OSBPL7	1	chr17	1	chr17_MATERNAL	1	chr17_PATERNAL
PPIAL4H	1	chr1	0	None	1	chr1_PATERNAL
NECAB3	1	chr20	1	chr20_MATERNAL	1	chr20_PATERNAL
ZNF628	1	chr19	1	chr19_MATERNAL	1	chr19_PATERNAL
LYZ	1	chr12	1	chr12_MATERNAL	1	chr12_PATERNAL
ZNF707	1	chr8	1	chr8_MATERNAL	1	chr8_PATERNAL
CAPN15	1	chr16	1	chr16_MATERNAL	1	chr16_PATERNAL
SBF2	1	chr11	1	chr11_MATERNAL	1	chr11_PATERNAL
METAP2	1	chr12	1	chr12_MATERNAL	1	chr12_PATERNAL
CLMN	1	chr14	1	chr14_MATERNAL	1	chr14_PATERNAL
CNDP1	1	chr18	1	chr18_MATERNAL	1	chr18_PATERNAL
HOXA5	1	chr7	1	chr7_MATERNAL	1	chr7_PATERNAL
CALCRL	1	chr2	1	chr2_MATERNAL	1	chr2_PATERNAL
GABRR2	1	chr6	1	chr6_MATERNAL	1	chr6_PATERNAL
BFSP2	1	chr3	1	chr3_MATERNAL	1	chr3_PATERNAL
EXOSC4	1	chr8	1	chr8_MATERNAL	1	chr8_PATERNAL
SIN3B	1	chr19	1	chr19_MATERNAL	1	chr19_PATERNAL
RNF141	1	chr11	1	chr11_MATERNAL	1	chr11_PATERNAL
BZW2	1	chr7	1	chr7_MATERNAL	1	chr7_PATERNAL
PRRG1	1	chrX	1	chrX_MATERNAL	0	None
ERV3-1-ZNF117	1	chr7	1	chr7_MATERNAL	1	chr7_PATERNAL
COG3	1	chr13	1	chr13_MATERNAL	1	chr13_PATERNAL
TMEM109	1	chr11	1	chr11_MATERNAL	1	chr11_PATERNAL
C11orf94	1	chr11	1	chr11_MATERNAL	1	chr11_PATERNAL
MMP3	1	chr11	1	chr11_MATERNAL	1	chr11_PATERNAL
ZNF135	1	chr19	1	chr19_MATERNAL	1	chr19_PATERNAL
TMC7	1	chr16	1	chr16_MATERNAL	1	chr16_PATERNAL
FADS3	1	chr11	1	chr11_MATERNAL	1	chr11_PATERNAL
SGSH	1	chr17	1	chr17_MATERNAL	1	chr17_PATERNAL
SLC36A3	1	chr5	1	chr5_MATERNAL	1	chr5_PATERNAL
FGF18	1	chr5	1	chr5_MATERNAL	1	chr5_PATERNAL
SCYGR2	1	chr2	1	chr2_MATERNAL	1	chr2_PATERNAL
GARNL3	1	chr9	1	chr9_MATERNAL	1	chr9_PATERNAL
RAB6D	1	chr2	1	chr2_MATERNAL	1	chr2_PATERNAL
MBTPS2	1	chrX	1	chrX_MATERNAL	0	None
PCDHB4	1	chr5	1	chr5_MATERNAL	1	chr5_PATERNAL
POLL	1	chr10	1	chr10_MATERNAL	1	chr10_PATERNAL
MLH3	1	chr14	1	chr14_MATERNAL	1	chr14_PATERNAL
MAST2	1	chr1	1	chr1_MATERNAL	1	chr1_PATERNAL
PCLO	1	chr7	1	chr7_MATERNAL	1	chr7_PATERNAL
BAG4	1	chr8	1	chr8_MATERNAL	1	chr8_PATERNAL
ECM1	1	chr1	1	chr1_MATERNAL	1	chr1_PATERNAL
GID4	1	chr17	1	chr17_MATERNAL	1	chr17_PATERNAL
ZNF596	1	chr8	1	chr8_MATERNAL	1	chr8_PATERNAL
MRPL16	1	chr11	1	chr11_MATERNAL	1	chr11_PATERNAL
MSL1	1	chr17	1	chr17_MATERNAL	1	chr17_PATERNAL
H2AC17	1	chr6	1	chr6_MATERNAL	1	chr6_PATERNAL
CCR6	1	chr6	1	chr6_MATERNAL	1	chr6_PATERNAL
XPR1	1	chr1	1	chr1_MATERNAL	1	chr1_PATERNAL
ODF2	1	chr9	1	chr9_MATERNAL	1	chr9_PATERNAL
NRXN1	1	chr2	1	chr2_MATERNAL	1	chr2_PATERNAL
LOC124902898	1	chr12	1	chr12_MATERNAL	1	chr12_PATERNAL
CDO1	1	chr5	1	chr5_MATERNAL	1	chr5_PATERNAL
GOT2	1	chr16	1	chr16_MATERNAL	1	chr16_PATERNAL
RCN3	1	chr19	1	chr19_MATERNAL	1	chr19_PATERNAL
RPL39L	1	chr3	1	chr3_MATERNAL	1	chr3_PATERNAL
SPTA1	1	chr1	1	chr1_MATERNAL	1	chr1_PATERNAL
RAX2	1	chr19	1	chr19_MATERNAL	1	chr19_PATERNAL
DGKK	1	chrX	1	chrX_MATERNAL	0	None
CHPF2	1	chr7	1	chr7_MATERNAL	1	chr7_PATERNAL
HSBP1	1	chr16	1	chr16_MATERNAL	1	chr16_PATERNAL
CYCS	1	chr7	1	chr7_MATERNAL	1	chr7_PATERNAL
TACC1	1	chr8	1	chr8_MATERNAL	1	chr8_PATERNAL
IRAK3	1	chr12	1	chr12_MATERNAL	1	chr12_PATERNAL
NTF4	1	chr19	1	chr19_MATERNAL	1	chr19_PATERNAL
CRACDL	1	chr2	1	chr2_MATERNAL	1	chr2_PATERNAL
VSTM2A	1	chr7	1	chr7_MATERNAL	1	chr7_PATERNAL
ADHFE1	1	chr8	1	chr8_MATERNAL	1	chr8_PATERNAL
NDUFA1	1	chrX	1	chrX_MATERNAL	0	None
NKAPD1	1	chr11	1	chr11_MATERNAL	1	chr11_PATERNAL
TGM6	1	chr20	1	chr20_MATERNAL	1	chr20_PATERNAL
FAM9A	1	chrX	1	chrX_MATERNAL	0	None
FAR1	1	chr11	1	chr11_MATERNAL	1	chr11_PATERNAL
NCCRP1	1	chr19	1	chr19_MATERNAL	1	chr19_PATERNAL
SH2D7	1	chr15	1	chr15_MATERNAL	1	chr15_PATERNAL
PYM1	1	chr12	1	chr12_MATERNAL	1	chr12_PATERNAL
FANCA	1	chr16	1	chr16_MATERNAL	1	chr16_PATERNAL
C17orf75	1	chr17	1	chr17_MATERNAL	1	chr17_PATERNAL
STX12	1	chr1	1	chr1_MATERNAL	1	chr1_PATERNAL
ZDHHC21	1	chr9	1	chr9_MATERNAL	1	chr9_PATERNAL
SGTA	1	chr19	1	chr19_MATERNAL	1	chr19_PATERNAL
OR10G9	1	chr11	1	chr11_MATERNAL	1	chr11_PATERNAL
NBPF12	1	chr1	1	chr1_MATERNAL	1	chr1_PATERNAL
PSG1	1	chr19	1	chr19_MATERNAL	1	chr19_PATERNAL
MCTS1	1	chrX	1	chrX_MATERNAL	0	None
MOBP	1	chr3	1	chr3_MATERNAL	1	chr3_PATERNAL
TSEN34	1	chr19	1	chr19_MATERNAL	1	chr19_PATERNAL
FAF1	1	chr1	1	chr1_MATERNAL	1	chr1_PATERNAL
PDPN	1	chr1	1	chr1_MATERNAL	1	chr1_PATERNAL
ZNF212	1	chr7	1	chr7_MATERNAL	1	chr7_PATERNAL
B3GNT4	1	chr12	1	chr12_MATERNAL	1	chr12_PATERNAL
PIM3	1	chr22	1	chr22_MATERNAL	1	chr22_PATERNAL
STX5	1	chr11	1	chr11_MATERNAL	1	chr11_PATERNAL
SULT1A2	1	chr16	1	chr16_MATERNAL	1	chr16_PATERNAL
ALG5	1	chr13	1	chr13_MATERNAL	1	chr13_PATERNAL
ZNF823	1	chr19	1	chr19_MATERNAL	1	chr19_PATERNAL
AGPAT1	1	chr6	1	chr6_MATERNAL	1	chr6_PATERNAL
COPS6	1	chr7	1	chr7_MATERNAL	1	chr7_PATERNAL
HDLBP	1	chr2	1	chr2_MATERNAL	1	chr2_PATERNAL
ATP6V1E2	1	chr2	1	chr2_MATERNAL	1	chr2_PATERNAL
KBTBD6	1	chr13	1	chr13_MATERNAL	1	chr13_PATERNAL
HAO2	1	chr1	1	chr1_MATERNAL	1	chr1_PATERNAL
GPHA2	1	chr11	1	chr11_MATERNAL	1	chr11_PATERNAL
LOC124903372	1	chr14	1	chr14_MATERNAL	1	chr14_PATERNAL
PNO1	1	chr2	1	chr2_MATERNAL	1	chr2_PATERNAL
PDGFD	1	chr11	1	chr11_MATERNAL	1	chr11_PATERNAL
CEP295NL	1	chr17	1	chr17_MATERNAL	1	chr17_PATERNAL
ZNF629	1	chr16	1	chr16_MATERNAL	1	chr16_PATERNAL
COL24A1	1	chr1	1	chr1_MATERNAL	1	chr1_PATERNAL
ZNF232	1	chr17	1	chr17_MATERNAL	1	chr17_PATERNAL
GM2A	1	chr5	1	chr5_MATERNAL	1	chr5_PATERNAL
WIZ	1	chr19	1	chr19_MATERNAL	1	chr19_PATERNAL
OR4C5	1	chr11	1	chr11_MATERNAL	1	chr11_PATERNAL
FAM131A	1	chr3	1	chr3_MATERNAL	1	chr3_PATERNAL
ATF4	1	chr22	1	chr22_MATERNAL	1	chr22_PATERNAL
PSMB11	1	chr14	1	chr14_MATERNAL	1	chr14_PATERNAL
EMILIN3	1	chr20	1	chr20_MATERNAL	1	chr20_PATERNAL
KCNA2	1	chr1	1	chr1_MATERNAL	1	chr1_PATERNAL
SLC22A13	1	chr3	1	chr3_MATERNAL	1	chr3_PATERNAL
ALPK3	1	chr15	1	chr15_MATERNAL	1	chr15_PATERNAL
NMNAT1	1	chr1	1	chr1_MATERNAL	1	chr1_PATERNAL
SRRM2	1	chr16	1	chr16_MATERNAL	1	chr16_PATERNAL
APOA1	1	chr11	1	chr11_MATERNAL	1	chr11_PATERNAL
TGIF2	1	chr20	1	chr20_MATERNAL	1	chr20_PATERNAL
AQP6	1	chr12	1	chr12_MATERNAL	1	chr12_PATERNAL
USP17L29	1	chr4	1	chr4_MATERNAL	1	chr4_PATERNAL
ZNF48	1	chr16	1	chr16_MATERNAL	1	chr16_PATERNAL
TNRC6B	1	chr22	1	chr22_MATERNAL	1	chr22_PATERNAL
PDHB	1	chr3	1	chr3_MATERNAL	1	chr3_PATERNAL
ARFIP2	1	chr11	1	chr11_MATERNAL	1	chr11_PATERNAL
SPATA17	1	chr1	1	chr1_MATERNAL	1	chr1_PATERNAL
PREB	1	chr2	1	chr2_MATERNAL	1	chr2_PATERNAL
TTC39B	1	chr9	1	chr9_MATERNAL	1	chr9_PATERNAL
RYBP	1	chr3	1	chr3_MATERNAL	1	chr3_PATERNAL
ZNF672	1	chr1	1	chr1_MATERNAL	1	chr1_PATERNAL
AIP	1	chr11	1	chr11_MATERNAL	1	chr11_PATERNAL
RANBP1	1	chr22	1	chr22_MATERNAL	1	chr22_PATERNAL
MTARC1	1	chr1	1	chr1_MATERNAL	1	chr1_PATERNAL
FAM126A	1	chr7	1	chr7_MATERNAL	1	chr7_PATERNAL
CCDC160	1	chrX	1	chrX_MATERNAL	0	None
PKIG	1	chr20	1	chr20_MATERNAL	1	chr20_PATERNAL
SLC2A4	1	chr17	1	chr17_MATERNAL	1	chr17_PATERNAL
HAUS7	1	chrX	1	chrX_MATERNAL	0	None
IFT172	1	chr2	1	chr2_MATERNAL	1	chr2_PATERNAL
TCP11X1	1	chrX	1	chrX_MATERNAL	0	None
TNFRSF9	1	chr1	1	chr1_MATERNAL	1	chr1_PATERNAL
OR5M9	1	chr11	1	chr11_MATERNAL	1	chr11_PATERNAL
C11orf71	1	chr11	1	chr11_MATERNAL	1	chr11_PATERNAL
STRN4	1	chr19	1	chr19_MATERNAL	1	chr19_PATERNAL
SGCA	1	chr17	1	chr17_MATERNAL	1	chr17_PATERNAL
CA13	1	chr8	1	chr8_MATERNAL	1	chr8_PATERNAL
GAL3ST4	1	chr7	1	chr7_MATERNAL	1	chr7_PATERNAL
NUP62CL	1	chrX	1	chrX_MATERNAL	0	None
H3Y1	1	chr5	1	chr5_MATERNAL	1	chr5_PATERNAL
TREML2	1	chr6	1	chr6_MATERNAL	1	chr6_PATERNAL
METTL22	1	chr16	1	chr16_MATERNAL	1	chr16_PATERNAL
ZNF785	1	chr16	1	chr16_MATERNAL	1	chr16_PATERNAL
HLA-DQB2	1	chr6	1	chr6_MATERNAL	1	chr6_PATERNAL
ACVRL1	1	chr12	1	chr12_MATERNAL	1	chr12_PATERNAL
PPCS	1	chr1	1	chr1_MATERNAL	1	chr1_PATERNAL
RNASE9	1	chr14	1	chr14_MATERNAL	1	chr14_PATERNAL
GTF2IRD2B	1	chr7	1	chr7_MATERNAL	1	chr7_PATERNAL
USP3	1	chr15	1	chr15_MATERNAL	1	chr15_PATERNAL
FUT9	1	chr6	1	chr6_MATERNAL	1	chr6_PATERNAL
LOC124902048	1	chr8	1	chr8_MATERNAL	1	chr8_PATERNAL
HOXC6	1	chr12	1	chr12_MATERNAL	1	chr12_PATERNAL
TRPV6	1	chr7	1	chr7_MATERNAL	1	chr7_PATERNAL
FCER1G	1	chr1	1	chr1_MATERNAL	1	chr1_PATERNAL
ECHS1	1	chr10	1	chr10_MATERNAL	1	chr10_PATERNAL
CHCHD1	1	chr10	1	chr10_MATERNAL	1	chr10_PATERNAL
SERPINE2	1	chr2	1	chr2_MATERNAL	1	chr2_PATERNAL
INIP	1	chr9	1	chr9_MATERNAL	1	chr9_PATERNAL
P3H1	1	chr1	1	chr1_MATERNAL	1	chr1_PATERNAL
RPRD1B	1	chr20	1	chr20_MATERNAL	1	chr20_PATERNAL
FAM117B	1	chr2	1	chr2_MATERNAL	1	chr2_PATERNAL
MAT1A	1	chr10	1	chr10_MATERNAL	1	chr10_PATERNAL
MAP3K10	1	chr19	1	chr19_MATERNAL	1	chr19_PATERNAL
MBOAT1	1	chr6	1	chr6_MATERNAL	1	chr6_PATERNAL
NDUFB6	1	chr9	1	chr9_MATERNAL	1	chr9_PATERNAL
STAG1	1	chr3	1	chr3_MATERNAL	1	chr3_PATERNAL
PPP1R7	1	chr2	1	chr2_MATERNAL	1	chr2_PATERNAL
ITCH	1	chr20	1	chr20_MATERNAL	1	chr20_PATERNAL
ATP2C2	1	chr16	1	chr16_MATERNAL	1	chr16_PATERNAL
HGH1	1	chr8	1	chr8_MATERNAL	1	chr8_PATERNAL
ACAP1	1	chr17	1	chr17_MATERNAL	1	chr17_PATERNAL
MCMBP	1	chr10	1	chr10_MATERNAL	1	chr10_PATERNAL
JAGN1	1	chr3	1	chr3_MATERNAL	1	chr3_PATERNAL
FBXO41	1	chr2	1	chr2_MATERNAL	1	chr2_PATERNAL
NDUFB10	1	chr16	1	chr16_MATERNAL	1	chr16_PATERNAL
SLC25A25	1	chr9	1	chr9_MATERNAL	1	chr9_PATERNAL
PRLHR	1	chr10	1	chr10_MATERNAL	1	chr10_PATERNAL
ERFE	1	chr2	1	chr2_MATERNAL	1	chr2_PATERNAL
PJA1	1	chrX	1	chrX_MATERNAL	0	None
CDT1	1	chr16	1	chr16_MATERNAL	1	chr16_PATERNAL
KCNE2	1	chr21	1	chr21_MATERNAL	1	chr21_PATERNAL
UBE2D4	1	chr7	1	chr7_MATERNAL	1	chr7_PATERNAL
PITX1	1	chr5	1	chr5_MATERNAL	1	chr5_PATERNAL
BSG	1	chr19	1	chr19_MATERNAL	1	chr19_PATERNAL
C11orf16	1	chr11	1	chr11_MATERNAL	1	chr11_PATERNAL
OR52E6	1	chr11	1	chr11_MATERNAL	1	chr11_PATERNAL
ITIH6	1	chrX	1	chrX_MATERNAL	0	None
KLRD1	1	chr12	1	chr12_MATERNAL	1	chr12_PATERNAL
ANXA2	1	chr15	1	chr15_MATERNAL	1	chr15_PATERNAL
NDFIP2	1	chr13	1	chr13_MATERNAL	1	chr13_PATERNAL
TRIM41	1	chr5	1	chr5_MATERNAL	1	chr5_PATERNAL
ICOSLG	1	chr21	1	chr21_MATERNAL	1	chr21_PATERNAL
BCAP29	1	chr7	1	chr7_MATERNAL	1	chr7_PATERNAL
SMIM11	1	chr21	1	chr21_MATERNAL	1	chr21_PATERNAL
PLAC9	1	chr10	1	chr10_MATERNAL	1	chr10_PATERNAL
ZNF503	1	chr10	1	chr10_MATERNAL	1	chr10_PATERNAL
PGD	1	chr1	1	chr1_MATERNAL	1	chr1_PATERNAL
LOC124904970	1	chr20	1	chr20_MATERNAL	1	chr20_PATERNAL
ICMT	1	chr1	1	chr1_MATERNAL	1	chr1_PATERNAL
IGFBP6	1	chr12	1	chr12_MATERNAL	1	chr12_PATERNAL
HIC2	1	chr22	1	chr22_MATERNAL	1	chr22_PATERNAL
FES	1	chr15	1	chr15_MATERNAL	1	chr15_PATERNAL
PRKN	1	chr6	1	chr6_MATERNAL	1	chr6_PATERNAL
COMMD6	1	chr13	1	chr13_MATERNAL	1	chr13_PATERNAL
PCOLCE2	1	chr3	1	chr3_MATERNAL	1	chr3_PATERNAL
MAPK1	1	chr22	1	chr22_MATERNAL	1	chr22_PATERNAL
DNAJA2	1	chr16	1	chr16_MATERNAL	1	chr16_PATERNAL
PCDHB9	1	chr5	1	chr5_MATERNAL	1	chr5_PATERNAL
CDC42SE2	1	chr5	1	chr5_MATERNAL	1	chr5_PATERNAL
SNX9	1	chr6	1	chr6_MATERNAL	1	chr6_PATERNAL
GSKIP	1	chr14	1	chr14_MATERNAL	1	chr14_PATERNAL
PRICKLE2	1	chr3	1	chr3_MATERNAL	1	chr3_PATERNAL
SERPINA7	1	chrX	1	chrX_MATERNAL	0	None
LMBRD1	1	chr6	1	chr6_MATERNAL	1	chr6_PATERNAL
AK3	1	chr9	1	chr9_MATERNAL	1	chr9_PATERNAL
DMAC2L	1	chr14	1	chr14_MATERNAL	1	chr14_PATERNAL
ZNF701	1	chr19	1	chr19_MATERNAL	1	chr19_PATERNAL
DNAJA4	1	chr15	1	chr15_MATERNAL	1	chr15_PATERNAL
TTYH2	1	chr17	1	chr17_MATERNAL	1	chr17_PATERNAL
TAF13	1	chr1	1	chr1_MATERNAL	1	chr1_PATERNAL
CLIP1	1	chr12	1	chr12_MATERNAL	1	chr12_PATERNAL
POLR2H	1	chr3	1	chr3_MATERNAL	1	chr3_PATERNAL
ANO4	1	chr12	1	chr12_MATERNAL	1	chr12_PATERNAL
ZNF461	1	chr19	1	chr19_MATERNAL	1	chr19_PATERNAL
UQCRH	1	chr1	1	chr1_MATERNAL	1	chr1_PATERNAL
HENMT1	1	chr1	1	chr1_MATERNAL	1	chr1_PATERNAL
KRTAP3-1	1	chr17	1	chr17_MATERNAL	1	chr17_PATERNAL
FYTTD1	1	chr3	1	chr3_MATERNAL	1	chr3_PATERNAL
WNK1	1	chr12	1	chr12_MATERNAL	1	chr12_PATERNAL
ZMYM6	1	chr1	1	chr1_MATERNAL	1	chr1_PATERNAL
SLC47A1	1	chr17	1	chr17_MATERNAL	1	chr17_PATERNAL
ETNK1	1	chr12	1	chr12_MATERNAL	1	chr12_PATERNAL
DMWD	1	chr19	1	chr19_MATERNAL	1	chr19_PATERNAL
HACD3	1	chr15	1	chr15_MATERNAL	1	chr15_PATERNAL
GUCY2D	1	chr17	1	chr17_MATERNAL	1	chr17_PATERNAL
LOC124903206	1	chr13	1	chr13_MATERNAL	1	chr13_PATERNAL
KRTAP4-6	1	chr17	1	chr17_MATERNAL	1	chr17_PATERNAL
RAB34	1	chr17	1	chr17_MATERNAL	1	chr17_PATERNAL
ANKFY1	1	chr17	1	chr17_MATERNAL	1	chr17_PATERNAL
AGPAT2	1	chr9	1	chr9_MATERNAL	1	chr9_PATERNAL
ADD2	1	chr2	1	chr2_MATERNAL	1	chr2_PATERNAL
LOC100507221	1	chr16	1	chr16_MATERNAL	1	chr16_PATERNAL
ANKRD13A	1	chr12	1	chr12_MATERNAL	1	chr12_PATERNAL
LCE2B	1	chr1	1	chr1_MATERNAL	1	chr1_PATERNAL
ACP3	1	chr3	1	chr3_MATERNAL	1	chr3_PATERNAL
UQCRC1	1	chr3	1	chr3_MATERNAL	1	chr3_PATERNAL
ZNF215	1	chr11	1	chr11_MATERNAL	1	chr11_PATERNAL
KRTAP9-7	1	chr17	1	chr17_MATERNAL	1	chr17_PATERNAL
RFC4	1	chr3	1	chr3_MATERNAL	1	chr3_PATERNAL
CDRT4	1	chr17	1	chr17_MATERNAL	1	chr17_PATERNAL
LGMN	1	chr14	1	chr14_MATERNAL	1	chr14_PATERNAL
MCM3	1	chr6	1	chr6_MATERNAL	1	chr6_PATERNAL
APOBEC3H	1	chr22	1	chr22_MATERNAL	1	chr22_PATERNAL
USPL1	1	chr13	1	chr13_MATERNAL	1	chr13_PATERNAL
TYRO3	1	chr15	1	chr15_MATERNAL	1	chr15_PATERNAL
CCNG1	1	chr5	1	chr5_MATERNAL	1	chr5_PATERNAL
STIM2	1	chr4	1	chr4_MATERNAL	1	chr4_PATERNAL
FAM47E	1	chr4	1	chr4_MATERNAL	1	chr4_PATERNAL
HIPK2	1	chr7	1	chr7_MATERNAL	1	chr7_PATERNAL
HOXB9	1	chr17	1	chr17_MATERNAL	1	chr17_PATERNAL
LOC112268317	3	chr15,chr21,chr22	4	chr21_MATERNAL,chr22_MATERNAL,chr13_MATERNAL,chr15_MATERNAL	5	chr21_PATERNAL,chr22_PATERNAL,chr13_PATERNAL,chr14_PATERNAL,chr14_PATERNAL
HNRNPCL3	1	chr1	2	chr1_MATERNAL,chr1_MATERNAL	1	chr1_PATERNAL
LOC124900837	1	chr4	1	chr4_MATERNAL	1	chr4_PATERNAL
ZFAND1	1	chr8	1	chr8_MATERNAL	1	chr8_PATERNAL
GMPR2	1	chr14	1	chr14_MATERNAL	1	chr14_PATERNAL
TAOK2	1	chr16	1	chr16_MATERNAL	1	chr16_PATERNAL
NKIRAS2	1	chr17	1	chr17_MATERNAL	1	chr17_PATERNAL
TOP1	1	chr20	1	chr20_MATERNAL	1	chr20_PATERNAL
UBL7	1	chr15	1	chr15_MATERNAL	1	chr15_PATERNAL
SLC22A7	1	chr6	1	chr6_MATERNAL	1	chr6_PATERNAL
CBX7	1	chr22	1	chr22_MATERNAL	1	chr22_PATERNAL
ABCF1	1	chr6	1	chr6_MATERNAL	1	chr6_PATERNAL
SYT5	1	chr19	1	chr19_MATERNAL	1	chr19_PATERNAL
SIRT7	1	chr17	1	chr17_MATERNAL	1	chr17_PATERNAL
ABI3	1	chr17	1	chr17_MATERNAL	1	chr17_PATERNAL
KCNRG	1	chr13	1	chr13_MATERNAL	1	chr13_PATERNAL
SELENOT	1	chr3	1	chr3_MATERNAL	1	chr3_PATERNAL
NEUROG3	1	chr10	1	chr10_MATERNAL	1	chr10_PATERNAL
PTGFR	1	chr1	1	chr1_MATERNAL	1	chr1_PATERNAL
ZNHIT2	1	chr11	1	chr11_MATERNAL	1	chr11_PATERNAL
LHFPL5	1	chr6	1	chr6_MATERNAL	1	chr6_PATERNAL
CCDC25	1	chr8	1	chr8_MATERNAL	1	chr8_PATERNAL
OSGIN2	1	chr8	1	chr8_MATERNAL	1	chr8_PATERNAL
USP19	1	chr3	1	chr3_MATERNAL	1	chr3_PATERNAL
PHLDA1	1	chr12	1	chr12_MATERNAL	1	chr12_PATERNAL
STK31	1	chr7	1	chr7_MATERNAL	1	chr7_PATERNAL
POLR2E	1	chr19	1	chr19_MATERNAL	1	chr19_PATERNAL
MZB1	1	chr5	1	chr5_MATERNAL	1	chr5_PATERNAL
DUS3L	1	chr19	1	chr19_MATERNAL	1	chr19_PATERNAL
LIN7C	1	chr11	1	chr11_MATERNAL	1	chr11_PATERNAL
ESR1	1	chr6	1	chr6_MATERNAL	1	chr6_PATERNAL
RGS12	1	chr4	1	chr4_MATERNAL	1	chr4_PATERNAL
MSRB3	1	chr12	1	chr12_MATERNAL	1	chr12_PATERNAL
ADGRL2	1	chr1	1	chr1_MATERNAL	1	chr1_PATERNAL
TRIT1	1	chr1	1	chr1_MATERNAL	1	chr1_PATERNAL
FLT3	1	chr13	1	chr13_MATERNAL	1	chr13_PATERNAL
LMO7	1	chr13	1	chr13_MATERNAL	1	chr13_PATERNAL
ZFYVE26	1	chr14	1	chr14_MATERNAL	1	chr14_PATERNAL
UFM1	1	chr13	1	chr13_MATERNAL	1	chr13_PATERNAL
FBXL15	1	chr10	1	chr10_MATERNAL	1	chr10_PATERNAL
KCND2	1	chr7	1	chr7_MATERNAL	1	chr7_PATERNAL
GPI	1	chr19	1	chr19_MATERNAL	1	chr19_PATERNAL
CCDC149	1	chr4	1	chr4_MATERNAL	1	chr4_PATERNAL
ADAP1	1	chr7	1	chr7_MATERNAL	1	chr7_PATERNAL
PCP2	1	chr19	1	chr19_MATERNAL	1	chr19_PATERNAL
LDHB	1	chr12	1	chr12_MATERNAL	1	chr12_PATERNAL
UNC45A	1	chr15	1	chr15_MATERNAL	1	chr15_PATERNAL
LOC124903856	1	chr1	2	chr1_MATERNAL,chr1_MATERNAL	2	chr1_PATERNAL,chr1_PATERNAL
MARCHF10	1	chr17	1	chr17_MATERNAL	1	chr17_PATERNAL
ZNF280A	1	chr22	1	chr22_MATERNAL	1	chr22_PATERNAL
DPP7	1	chr9	1	chr9_MATERNAL	1	chr9_PATERNAL
LOC84773	1	chr8	1	chr8_MATERNAL	1	chr8_PATERNAL
IL1RL2	1	chr2	1	chr2_MATERNAL	1	chr2_PATERNAL
BET1	1	chr7	1	chr7_MATERNAL	1	chr7_PATERNAL
LUC7L	1	chr16	1	chr16_MATERNAL	1	chr16_PATERNAL
CCDC150	1	chr2	1	chr2_MATERNAL	1	chr2_PATERNAL
WAC	1	chr10	1	chr10_MATERNAL	1	chr10_PATERNAL
GTSF1L	1	chr20	1	chr20_MATERNAL	1	chr20_PATERNAL
BCL2L10	1	chr15	1	chr15_MATERNAL	1	chr15_PATERNAL
RAB8A	1	chr19	1	chr19_MATERNAL	1	chr19_PATERNAL
TMEM121B	1	chr22	1	chr22_MATERNAL	1	chr22_PATERNAL
GABRB1	1	chr4	1	chr4_MATERNAL	1	chr4_PATERNAL
TAT	1	chr16	1	chr16_MATERNAL	1	chr16_PATERNAL
SPRTN	1	chr1	1	chr1_MATERNAL	1	chr1_PATERNAL
PTPN3	1	chr9	1	chr9_MATERNAL	1	chr9_PATERNAL
COL8A1	1	chr3	1	chr3_MATERNAL	1	chr3_PATERNAL
LOC124903857	5	chr1,chr1,chr1,chr1,chr1	5	chr1_MATERNAL,chr1_MATERNAL,chr1_MATERNAL,chr1_MATERNAL,chr1_MATERNAL	5	chr1_PATERNAL,chr1_PATERNAL,chr1_PATERNAL,chr1_PATERNAL,chr1_PATERNAL
SP110	1	chr2	1	chr2_MATERNAL	1	chr2_PATERNAL
LOC124902894	1	chr12	1	chr12_MATERNAL	1	chr12_PATERNAL
CLXN	1	chr8	1	chr8_MATERNAL	1	chr8_PATERNAL
VSIR	1	chr10	1	chr10_MATERNAL	1	chr10_PATERNAL
RABL2A	1	chr2	1	chr2_MATERNAL	1	chr2_PATERNAL
EPS15	1	chr1	1	chr1_MATERNAL	1	chr1_PATERNAL
MRRF	1	chr9	1	chr9_MATERNAL	1	chr9_PATERNAL
ADIG	1	chr20	1	chr20_MATERNAL	1	chr20_PATERNAL
UTP20	1	chr12	1	chr12_MATERNAL	1	chr12_PATERNAL
LPA	1	chr6	1	chr6_MATERNAL	1	chr6_PATERNAL
CLIC3	1	chr9	1	chr9_MATERNAL	1	chr9_PATERNAL
ALDH1A1	1	chr9	1	chr9_MATERNAL	1	chr9_PATERNAL
BAZ2B	1	chr2	1	chr2_MATERNAL	1	chr2_PATERNAL
CDC6	1	chr17	1	chr17_MATERNAL	1	chr17_PATERNAL
NPFFR2	1	chr4	1	chr4_MATERNAL	1	chr4_PATERNAL
PCMT1	1	chr6	1	chr6_MATERNAL	1	chr6_PATERNAL
RMDN1	1	chr8	1	chr8_MATERNAL	1	chr8_PATERNAL
FUZ	1	chr19	1	chr19_MATERNAL	1	chr19_PATERNAL
ZNF454	1	chr5	1	chr5_MATERNAL	1	chr5_PATERNAL
RIN2	1	chr20	1	chr20_MATERNAL	1	chr20_PATERNAL
ZNF177	1	chr19	1	chr19_MATERNAL	1	chr19_PATERNAL
HOXB1	1	chr17	1	chr17_MATERNAL	1	chr17_PATERNAL
ARAP2	1	chr4	1	chr4_MATERNAL	1	chr4_PATERNAL
C2orf92	1	chr2	1	chr2_MATERNAL	1	chr2_PATERNAL
RTL3	1	chrX	1	chrX_MATERNAL	0	None
PRSS36	1	chr16	1	chr16_MATERNAL	1	chr16_PATERNAL
EPB41L4B	1	chr9	1	chr9_MATERNAL	1	chr9_PATERNAL
NT5C3A	1	chr7	1	chr7_MATERNAL	1	chr7_PATERNAL
NECAP2	1	chr1	1	chr1_MATERNAL	1	chr1_PATERNAL
R3HCC1L	1	chr10	1	chr10_MATERNAL	1	chr10_PATERNAL
DSPP	1	chr4	1	chr4_MATERNAL	1	chr4_PATERNAL
SPTY2D1OS	1	chr11	1	chr11_MATERNAL	1	chr11_PATERNAL
ZNF70	1	chr22	1	chr22_MATERNAL	1	chr22_PATERNAL
RABEP2	1	chr16	1	chr16_MATERNAL	1	chr16_PATERNAL
RAB30	1	chr11	1	chr11_MATERNAL	1	chr11_PATERNAL
C1orf74	1	chr1	1	chr1_MATERNAL	1	chr1_PATERNAL
MMP27	1	chr11	1	chr11_MATERNAL	1	chr11_PATERNAL
B3GNT2	1	chr2	1	chr2_MATERNAL	1	chr2_PATERNAL
SLF1	1	chr5	1	chr5_MATERNAL	1	chr5_PATERNAL
UBR5	1	chr8	1	chr8_MATERNAL	1	chr8_PATERNAL
GLYCTK	1	chr3	1	chr3_MATERNAL	1	chr3_PATERNAL
NEIL1	1	chr15	1	chr15_MATERNAL	1	chr15_PATERNAL
BHLHA9	1	chr17	1	chr17_MATERNAL	1	chr17_PATERNAL
SPPL2A	1	chr15	1	chr15_MATERNAL	1	chr15_PATERNAL
MRPS30	1	chr5	1	chr5_MATERNAL	1	chr5_PATERNAL
TBC1D3	1	chr17	3	chr17_MATERNAL,chr17_MATERNAL,chr17_MATERNAL	3	chr17_PATERNAL,chr17_PATERNAL,chr17_PATERNAL
DNAJC14	1	chr12	1	chr12_MATERNAL	1	chr12_PATERNAL
TNNI3K	1	chr1	1	chr1_MATERNAL	1	chr1_PATERNAL
BPGM	1	chr7	1	chr7_MATERNAL	1	chr7_PATERNAL
BST2	1	chr19	1	chr19_MATERNAL	1	chr19_PATERNAL
POLR1F	1	chr7	1	chr7_MATERNAL	1	chr7_PATERNAL
ULK4	1	chr3	1	chr3_MATERNAL	1	chr3_PATERNAL
LRRC41	1	chr1	1	chr1_MATERNAL	1	chr1_PATERNAL
MRPL48	1	chr11	1	chr11_MATERNAL	1	chr11_PATERNAL
PAK4	1	chr19	1	chr19_MATERNAL	1	chr19_PATERNAL
GPR101	1	chrX	1	chrX_MATERNAL	0	None
KIAA0040	1	chr1	1	chr1_MATERNAL	1	chr1_PATERNAL
RSRP1	1	chr1	1	chr1_MATERNAL	1	chr1_PATERNAL
DTX2	1	chr7	1	chr7_MATERNAL	1	chr7_PATERNAL
ZC2HC1C	1	chr14	1	chr14_MATERNAL	1	chr14_PATERNAL
VASP	1	chr19	1	chr19_MATERNAL	1	chr19_PATERNAL
S100A6	1	chr1	1	chr1_MATERNAL	1	chr1_PATERNAL
PIGO	1	chr9	1	chr9_MATERNAL	1	chr9_PATERNAL
ID2	1	chr2	1	chr2_MATERNAL	1	chr2_PATERNAL
UQCRC2	1	chr16	1	chr16_MATERNAL	1	chr16_PATERNAL
SFSWAP	1	chr12	1	chr12_MATERNAL	1	chr12_PATERNAL
CCNO	1	chr5	1	chr5_MATERNAL	1	chr5_PATERNAL
DUSP29	1	chr10	1	chr10_MATERNAL	1	chr10_PATERNAL
ORC3	1	chr6	1	chr6_MATERNAL	1	chr6_PATERNAL
MAN2B1	1	chr19	1	chr19_MATERNAL	1	chr19_PATERNAL
CD200R1L	1	chr3	1	chr3_MATERNAL	1	chr3_PATERNAL
SEMA5A	1	chr5	1	chr5_MATERNAL	1	chr5_PATERNAL
PGGT1B	1	chr5	1	chr5_MATERNAL	1	chr5_PATERNAL
ESPL1	1	chr12	1	chr12_MATERNAL	1	chr12_PATERNAL
ZNF318	1	chr6	1	chr6_MATERNAL	1	chr6_PATERNAL
KRT32	1	chr17	1	chr17_MATERNAL	1	chr17_PATERNAL
WDR83OS	1	chr19	1	chr19_MATERNAL	1	chr19_PATERNAL
RDH13	1	chr19	1	chr19_MATERNAL	1	chr19_PATERNAL
PIP4K2C	1	chr12	1	chr12_MATERNAL	1	chr12_PATERNAL
MYBPH	1	chr1	1	chr1_MATERNAL	1	chr1_PATERNAL
METTL3	1	chr14	1	chr14_MATERNAL	1	chr14_PATERNAL
UPK1A	1	chr19	1	chr19_MATERNAL	1	chr19_PATERNAL
FAM78B	1	chr1	1	chr1_MATERNAL	1	chr1_PATERNAL
SEPHS1	1	chr10	1	chr10_MATERNAL	1	chr10_PATERNAL
TMEM223	1	chr11	1	chr11_MATERNAL	1	chr11_PATERNAL
FAM90A16	4	chr8,chr8,chr8,chr8	1	chr8_MATERNAL	1	chr8_PATERNAL
METTL14	1	chr4	1	chr4_MATERNAL	1	chr4_PATERNAL
ERI2	1	chr16	1	chr16_MATERNAL	1	chr16_PATERNAL
CISD3	1	chr17	1	chr17_MATERNAL	1	chr17_PATERNAL
CALCB	1	chr11	1	chr11_MATERNAL	1	chr11_PATERNAL
BBOF1	1	chr14	1	chr14_MATERNAL	1	chr14_PATERNAL
TES	1	chr7	1	chr7_MATERNAL	1	chr7_PATERNAL
NEU1	1	chr6	1	chr6_MATERNAL	1	chr6_PATERNAL
LRRC23	1	chr12	1	chr12_MATERNAL	1	chr12_PATERNAL
AHCYL2	1	chr7	1	chr7_MATERNAL	1	chr7_PATERNAL
PSD3	1	chr8	1	chr8_MATERNAL	1	chr8_PATERNAL
UNC45B	1	chr17	1	chr17_MATERNAL	1	chr17_PATERNAL
MSMO1	1	chr4	1	chr4_MATERNAL	1	chr4_PATERNAL
HAAO	1	chr2	1	chr2_MATERNAL	1	chr2_PATERNAL
RTKN	1	chr2	1	chr2_MATERNAL	1	chr2_PATERNAL
SPOCD1	1	chr1	1	chr1_MATERNAL	1	chr1_PATERNAL
NONO	1	chrX	1	chrX_MATERNAL	0	None
ZNF483	1	chr9	1	chr9_MATERNAL	1	chr9_PATERNAL
PHF6	1	chrX	1	chrX_MATERNAL	0	None
OTOP2	1	chr17	1	chr17_MATERNAL	1	chr17_PATERNAL
TNFAIP8	1	chr5	1	chr5_MATERNAL	1	chr5_PATERNAL
MPG	1	chr16	1	chr16_MATERNAL	1	chr16_PATERNAL
FAM210A	1	chr18	1	chr18_MATERNAL	1	chr18_PATERNAL
IMPG1	1	chr6	1	chr6_MATERNAL	1	chr6_PATERNAL
MAGEA3	1	chrX	1	chrX_MATERNAL	0	None
TJP1	1	chr15	1	chr15_MATERNAL	1	chr15_PATERNAL
ACTL9	1	chr19	1	chr19_MATERNAL	1	chr19_PATERNAL
CCDC24	1	chr1	1	chr1_MATERNAL	1	chr1_PATERNAL
EVPL	1	chr17	1	chr17_MATERNAL	1	chr17_PATERNAL
IL6ST	1	chr5	1	chr5_MATERNAL	1	chr5_PATERNAL
ADGRL1	1	chr19	1	chr19_MATERNAL	1	chr19_PATERNAL
HECA	1	chr6	1	chr6_MATERNAL	1	chr6_PATERNAL
SIGLEC11	1	chr19	1	chr19_MATERNAL	1	chr19_PATERNAL
BCL7B	1	chr7	1	chr7_MATERNAL	1	chr7_PATERNAL
DDX39A	1	chr19	1	chr19_MATERNAL	1	chr19_PATERNAL
C3orf22	1	chr3	1	chr3_MATERNAL	1	chr3_PATERNAL
GTF2IRD2	1	chr7	1	chr7_MATERNAL	1	chr7_PATERNAL
XYLT2	1	chr17	1	chr17_MATERNAL	1	chr17_PATERNAL
TAOK1	1	chr17	1	chr17_MATERNAL	1	chr17_PATERNAL
LOC124903573	1	chr15	1	chr15_MATERNAL	1	chr15_PATERNAL
LEKR1	1	chr3	1	chr3_MATERNAL	1	chr3_PATERNAL
S100G	1	chrX	1	chrX_MATERNAL	0	None
CENPS-CORT	1	chr1	1	chr1_MATERNAL	1	chr1_PATERNAL
CLDN16	1	chr3	1	chr3_MATERNAL	1	chr3_PATERNAL
DTX1	1	chr12	1	chr12_MATERNAL	1	chr12_PATERNAL
ARMCX1	1	chrX	1	chrX_MATERNAL	0	None
NR2F6	1	chr19	1	chr19_MATERNAL	1	chr19_PATERNAL
CDC40	1	chr6	1	chr6_MATERNAL	1	chr6_PATERNAL
OR8J1	1	chr11	1	chr11_MATERNAL	1	chr11_PATERNAL
LAMA1	1	chr18	1	chr18_MATERNAL	1	chr18_PATERNAL
MAPK4	1	chr18	1	chr18_MATERNAL	1	chr18_PATERNAL
C19orf84	1	chr19	1	chr19_MATERNAL	1	chr19_PATERNAL
BCL2	1	chr18	1	chr18_MATERNAL	1	chr18_PATERNAL
PABPC1L2A	1	chrX	1	chrX_MATERNAL	0	None
SH2D5	1	chr1	1	chr1_MATERNAL	1	chr1_PATERNAL
FAM89A	1	chr1	1	chr1_MATERNAL	1	chr1_PATERNAL
TMEM239	1	chr20	1	chr20_MATERNAL	1	chr20_PATERNAL
HECTD4	1	chr12	1	chr12_MATERNAL	1	chr12_PATERNAL
MAP7D3	1	chrX	1	chrX_MATERNAL	0	None
CORT	1	chr1	1	chr1_MATERNAL	1	chr1_PATERNAL
TRAPPC6A	1	chr19	1	chr19_MATERNAL	1	chr19_PATERNAL
METTL27	1	chr7	1	chr7_MATERNAL	1	chr7_PATERNAL
ANKRD7	1	chr7	1	chr7_MATERNAL	1	chr7_PATERNAL
RBAK-RBAKDN	1	chr7	1	chr7_MATERNAL	1	chr7_PATERNAL
TNNC2	1	chr20	1	chr20_MATERNAL	1	chr20_PATERNAL
TNKS	1	chr8	1	chr8_MATERNAL	1	chr8_PATERNAL
VEGFA	1	chr6	1	chr6_MATERNAL	1	chr6_PATERNAL
TBC1D8	1	chr2	1	chr2_MATERNAL	1	chr2_PATERNAL
LOC124900844	1	chr4	1	chr4_MATERNAL	1	chr4_PATERNAL
HAVCR1	1	chr5	1	chr5_MATERNAL	1	chr5_PATERNAL
DAB1	1	chr1	1	chr1_MATERNAL	1	chr1_PATERNAL
AFP	1	chr4	1	chr4_MATERNAL	1	chr4_PATERNAL
DDX46	1	chr5	1	chr5_MATERNAL	1	chr5_PATERNAL
ZNF3	1	chr7	1	chr7_MATERNAL	1	chr7_PATERNAL
UBXN10	1	chr1	1	chr1_MATERNAL	1	chr1_PATERNAL
URGCP-MRPS24	1	chr7	1	chr7_MATERNAL	1	chr7_PATERNAL
OR51E2	1	chr11	1	chr11_MATERNAL	1	chr11_PATERNAL
STX4	1	chr16	1	chr16_MATERNAL	1	chr16_PATERNAL
DNAAF11	1	chr8	1	chr8_MATERNAL	1	chr8_PATERNAL
ETFA	1	chr15	1	chr15_MATERNAL	1	chr15_PATERNAL
HS2ST1	1	chr1	1	chr1_MATERNAL	1	chr1_PATERNAL
NUDT1	1	chr7	1	chr7_MATERNAL	1	chr7_PATERNAL
MXRA7	1	chr17	1	chr17_MATERNAL	1	chr17_PATERNAL
LOC124904774	1	chr19	1	chr19_MATERNAL	1	chr19_PATERNAL
CST8	1	chr20	1	chr20_MATERNAL	1	chr20_PATERNAL
MRPS2	1	chr9	1	chr9_MATERNAL	1	chr9_PATERNAL
KRTDAP	1	chr19	1	chr19_MATERNAL	1	chr19_PATERNAL
MFSD3	1	chr8	1	chr8_MATERNAL	1	chr8_PATERNAL
SLF2	1	chr10	1	chr10_MATERNAL	1	chr10_PATERNAL
BHMT2	1	chr5	1	chr5_MATERNAL	1	chr5_PATERNAL
FRS3	1	chr6	1	chr6_MATERNAL	1	chr6_PATERNAL
MAF1	1	chr8	1	chr8_MATERNAL	1	chr8_PATERNAL
UTS2	1	chr1	1	chr1_MATERNAL	1	chr1_PATERNAL
ATP10A	1	chr15	1	chr15_MATERNAL	1	chr15_PATERNAL
SELENOP	1	chr5	1	chr5_MATERNAL	1	chr5_PATERNAL
PSMB1	1	chr6	1	chr6_MATERNAL	1	chr6_PATERNAL
R3HDM1	1	chr2	1	chr2_MATERNAL	1	chr2_PATERNAL
NBEAL2	1	chr3	1	chr3_MATERNAL	1	chr3_PATERNAL
ESD	1	chr13	1	chr13_MATERNAL	1	chr13_PATERNAL
TMC4	1	chr19	1	chr19_MATERNAL	1	chr19_PATERNAL
HSDL2	1	chr9	1	chr9_MATERNAL	1	chr9_PATERNAL
OR5H1	1	chr3	1	chr3_MATERNAL	1	chr3_PATERNAL
C20orf27	1	chr20	1	chr20_MATERNAL	1	chr20_PATERNAL
MCFD2	1	chr2	1	chr2_MATERNAL	1	chr2_PATERNAL
AKAP14	1	chrX	1	chrX_MATERNAL	0	None
RNF165	1	chr18	1	chr18_MATERNAL	1	chr18_PATERNAL
FABP5	1	chr8	1	chr8_MATERNAL	1	chr8_PATERNAL
SSU72	1	chr1	1	chr1_MATERNAL	1	chr1_PATERNAL
MIIP	1	chr1	1	chr1_MATERNAL	1	chr1_PATERNAL
FMOD	1	chr1	1	chr1_MATERNAL	1	chr1_PATERNAL
FNIP1	1	chr5	1	chr5_MATERNAL	1	chr5_PATERNAL
OR6C68	1	chr12	1	chr12_MATERNAL	1	chr12_PATERNAL
RAD9A	1	chr11	1	chr11_MATERNAL	1	chr11_PATERNAL
KLHL18	1	chr3	1	chr3_MATERNAL	1	chr3_PATERNAL
KRTAP19-8	1	chr21	1	chr21_MATERNAL	1	chr21_PATERNAL
ZFP69	1	chr1	1	chr1_MATERNAL	1	chr1_PATERNAL
DPP4	1	chr2	1	chr2_MATERNAL	1	chr2_PATERNAL
POMK	1	chr8	1	chr8_MATERNAL	1	chr8_PATERNAL
RAB27B	1	chr18	1	chr18_MATERNAL	1	chr18_PATERNAL
EI24	1	chr11	1	chr11_MATERNAL	1	chr11_PATERNAL
CARD16	1	chr11	1	chr11_MATERNAL	1	chr11_PATERNAL
MYOF	1	chr10	1	chr10_MATERNAL	1	chr10_PATERNAL
ITGB2	1	chr21	1	chr21_MATERNAL	1	chr21_PATERNAL
PTPRR	1	chr12	1	chr12_MATERNAL	1	chr12_PATERNAL
OR4D2	1	chr17	1	chr17_MATERNAL	1	chr17_PATERNAL
H2BC14	1	chr6	1	chr6_MATERNAL	1	chr6_PATERNAL
RPS27A	1	chr2	1	chr2_MATERNAL	1	chr2_PATERNAL
MTRES1	1	chr6	1	chr6_MATERNAL	1	chr6_PATERNAL
PMF1-BGLAP	1	chr1	1	chr1_MATERNAL	1	chr1_PATERNAL
CDCA2	1	chr8	1	chr8_MATERNAL	1	chr8_PATERNAL
NOL11	1	chr17	1	chr17_MATERNAL	1	chr17_PATERNAL
ALG8	1	chr11	1	chr11_MATERNAL	1	chr11_PATERNAL
SLC35E2B	1	chr1	1	chr1_MATERNAL	1	chr1_PATERNAL
MYO1H	1	chr12	1	chr12_MATERNAL	1	chr12_PATERNAL
UBE2G1	1	chr17	1	chr17_MATERNAL	1	chr17_PATERNAL
RPS6KB2	1	chr11	1	chr11_MATERNAL	1	chr11_PATERNAL
CUL5	1	chr11	1	chr11_MATERNAL	1	chr11_PATERNAL
ULBP2	1	chr6	1	chr6_MATERNAL	1	chr6_PATERNAL
LEUTX	1	chr19	1	chr19_MATERNAL	1	chr19_PATERNAL
STX7	1	chr6	1	chr6_MATERNAL	1	chr6_PATERNAL
SPTBN1	1	chr2	1	chr2_MATERNAL	1	chr2_PATERNAL
RPL32	1	chr3	1	chr3_MATERNAL	1	chr3_PATERNAL
IRX4	1	chr5	1	chr5_MATERNAL	1	chr5_PATERNAL
GDF2	1	chr10	1	chr10_MATERNAL	1	chr10_PATERNAL
SYNPO2L	1	chr10	1	chr10_MATERNAL	1	chr10_PATERNAL
MT3	1	chr16	1	chr16_MATERNAL	1	chr16_PATERNAL
PLEKHF1	1	chr19	1	chr19_MATERNAL	1	chr19_PATERNAL
ERF	1	chr19	1	chr19_MATERNAL	1	chr19_PATERNAL
DPYSL3	1	chr5	1	chr5_MATERNAL	1	chr5_PATERNAL
PTPRN	1	chr2	1	chr2_MATERNAL	1	chr2_PATERNAL
TMEM171	1	chr5	1	chr5_MATERNAL	1	chr5_PATERNAL
THAP7	1	chr22	1	chr22_MATERNAL	1	chr22_PATERNAL
EDEM2	1	chr20	1	chr20_MATERNAL	1	chr20_PATERNAL
IGFBP3	1	chr7	1	chr7_MATERNAL	1	chr7_PATERNAL
NEK11	1	chr3	1	chr3_MATERNAL	1	chr3_PATERNAL
B3GALT6	1	chr1	1	chr1_MATERNAL	1	chr1_PATERNAL
ANKRD30A	1	chr10	1	chr10_MATERNAL	1	chr10_PATERNAL
EBI3	1	chr19	1	chr19_MATERNAL	1	chr19_PATERNAL
IGDCC4	1	chr15	1	chr15_MATERNAL	1	chr15_PATERNAL
SHD	1	chr19	1	chr19_MATERNAL	1	chr19_PATERNAL
ZFYVE27	1	chr10	1	chr10_MATERNAL	1	chr10_PATERNAL
CPA4	1	chr7	1	chr7_MATERNAL	1	chr7_PATERNAL
BBIP1	1	chr10	1	chr10_MATERNAL	1	chr10_PATERNAL
PCDHGB1	1	chr5	1	chr5_MATERNAL	1	chr5_PATERNAL
AK1	1	chr9	1	chr9_MATERNAL	1	chr9_PATERNAL
TRIM8	1	chr10	1	chr10_MATERNAL	1	chr10_PATERNAL
THSD8	1	chr19	1	chr19_MATERNAL	1	chr19_PATERNAL
C11orf65	1	chr11	1	chr11_MATERNAL	1	chr11_PATERNAL
POTEA	1	chr8	1	chr8_MATERNAL	1	chr8_PATERNAL
AKR1D1	1	chr7	1	chr7_MATERNAL	1	chr7_PATERNAL
PTGDR	1	chr14	1	chr14_MATERNAL	1	chr14_PATERNAL
LOC124903130	1	chr13	1	chr13_MATERNAL	0	None
TOPORS	1	chr9	1	chr9_MATERNAL	1	chr9_PATERNAL
ZNF423	1	chr16	1	chr16_MATERNAL	1	chr16_PATERNAL
CREBRF	1	chr5	1	chr5_MATERNAL	1	chr5_PATERNAL
SLC25A28	1	chr10	1	chr10_MATERNAL	1	chr10_PATERNAL
DCST1	1	chr1	1	chr1_MATERNAL	1	chr1_PATERNAL
PLPP4	1	chr10	1	chr10_MATERNAL	1	chr10_PATERNAL
COX7A2L	1	chr2	1	chr2_MATERNAL	1	chr2_PATERNAL
LGALS1	1	chr22	1	chr22_MATERNAL	1	chr22_PATERNAL
CFAP97D2	1	chr13	1	chr13_MATERNAL	1	chr13_PATERNAL
DIRAS2	1	chr9	1	chr9_MATERNAL	1	chr9_PATERNAL
FAM25A	1	chr10	1	chr10_MATERNAL	1	chr10_PATERNAL
PLEKHH1	1	chr14	1	chr14_MATERNAL	1	chr14_PATERNAL
RIOX1	1	chr14	1	chr14_MATERNAL	1	chr14_PATERNAL
TNFRSF11A	1	chr18	1	chr18_MATERNAL	1	chr18_PATERNAL
C8B	1	chr1	1	chr1_MATERNAL	1	chr1_PATERNAL
OR52B6	1	chr11	1	chr11_MATERNAL	1	chr11_PATERNAL
GPLD1	1	chr6	1	chr6_MATERNAL	1	chr6_PATERNAL
PIK3C2B	1	chr1	1	chr1_MATERNAL	1	chr1_PATERNAL
TUT7	1	chr9	1	chr9_MATERNAL	1	chr9_PATERNAL
CD247	1	chr1	1	chr1_MATERNAL	1	chr1_PATERNAL
SAMD1	1	chr19	1	chr19_MATERNAL	1	chr19_PATERNAL
CDADC1	1	chr13	1	chr13_MATERNAL	1	chr13_PATERNAL
C5AR1	1	chr19	1	chr19_MATERNAL	1	chr19_PATERNAL
MGAT4C	1	chr12	1	chr12_MATERNAL	1	chr12_PATERNAL
PLEKHG3	1	chr14	1	chr14_MATERNAL	1	chr14_PATERNAL
ADAD2	1	chr16	1	chr16_MATERNAL	1	chr16_PATERNAL
LRRC9	1	chr14	1	chr14_MATERNAL	1	chr14_PATERNAL
TICAM2	1	chr5	1	chr5_MATERNAL	1	chr5_PATERNAL
TRIM39	1	chr6	1	chr6_MATERNAL	1	chr6_PATERNAL
CXCL11	1	chr4	1	chr4_MATERNAL	1	chr4_PATERNAL
TWSG1	1	chr18	1	chr18_MATERNAL	1	chr18_PATERNAL
ATP5MF	1	chr7	1	chr7_MATERNAL	1	chr7_PATERNAL
OMP	1	chr11	1	chr11_MATERNAL	1	chr11_PATERNAL
LMLN	1	chr3	1	chr3_MATERNAL	1	chr3_PATERNAL
ABCC2	1	chr10	1	chr10_MATERNAL	1	chr10_PATERNAL
UQCRQ	1	chr5	1	chr5_MATERNAL	1	chr5_PATERNAL
RAET1G	1	chr6	1	chr6_MATERNAL	1	chr6_PATERNAL
CTTNBP2	1	chr7	1	chr7_MATERNAL	1	chr7_PATERNAL
GAPT	1	chr5	1	chr5_MATERNAL	1	chr5_PATERNAL
IFI27	1	chr14	1	chr14_MATERNAL	1	chr14_PATERNAL
CHTOP	1	chr1	1	chr1_MATERNAL	1	chr1_PATERNAL
PRDM12	1	chr9	1	chr9_MATERNAL	1	chr9_PATERNAL
TMEM94	1	chr17	1	chr17_MATERNAL	1	chr17_PATERNAL
NHLH1	1	chr1	1	chr1_MATERNAL	1	chr1_PATERNAL
ZNF280B	1	chr22	1	chr22_MATERNAL	1	chr22_PATERNAL
BMP1	1	chr8	1	chr8_MATERNAL	1	chr8_PATERNAL
MEP1B	1	chr18	1	chr18_MATERNAL	1	chr18_PATERNAL
CLIC2	1	chrX	1	chrX_MATERNAL	0	None
TIGAR	1	chr12	1	chr12_MATERNAL	1	chr12_PATERNAL
ALX4	1	chr11	1	chr11_MATERNAL	1	chr11_PATERNAL
GRN	1	chr17	1	chr17_MATERNAL	1	chr17_PATERNAL
RAB3GAP2	1	chr1	1	chr1_MATERNAL	1	chr1_PATERNAL
ARHGAP40	1	chr20	1	chr20_MATERNAL	1	chr20_PATERNAL
PURA	1	chr5	1	chr5_MATERNAL	1	chr5_PATERNAL
NUDT21	1	chr16	1	chr16_MATERNAL	1	chr16_PATERNAL
LRRC37B	1	chr17	1	chr17_MATERNAL	1	chr17_PATERNAL
ETV3	1	chr1	1	chr1_MATERNAL	1	chr1_PATERNAL
TMEM39B	1	chr1	1	chr1_MATERNAL	1	chr1_PATERNAL
RUSF1	1	chr16	1	chr16_MATERNAL	1	chr16_PATERNAL
CEP43	1	chr6	1	chr6_MATERNAL	1	chr6_PATERNAL
SLC22A5	1	chr5	1	chr5_MATERNAL	1	chr5_PATERNAL
ZNF266	1	chr19	1	chr19_MATERNAL	1	chr19_PATERNAL
SDR42E2	1	chr16	1	chr16_MATERNAL	1	chr16_PATERNAL
PDIK1L	1	chr1	1	chr1_MATERNAL	1	chr1_PATERNAL
PLK3	1	chr1	1	chr1_MATERNAL	1	chr1_PATERNAL
SNX7	1	chr1	1	chr1_MATERNAL	1	chr1_PATERNAL
GANAB	1	chr11	1	chr11_MATERNAL	1	chr11_PATERNAL
ITIH3	1	chr3	1	chr3_MATERNAL	1	chr3_PATERNAL
LETM2	1	chr8	1	chr8_MATERNAL	1	chr8_PATERNAL
SNX21	1	chr20	1	chr20_MATERNAL	1	chr20_PATERNAL
TXLNG	1	chrX	1	chrX_MATERNAL	0	None
MRPL21	1	chr11	1	chr11_MATERNAL	1	chr11_PATERNAL
IQCG	1	chr3	1	chr3_MATERNAL	1	chr3_PATERNAL
NDUFAB1	1	chr16	1	chr16_MATERNAL	1	chr16_PATERNAL
NOL4L	1	chr20	1	chr20_MATERNAL	1	chr20_PATERNAL
LOC107985876	1	chr2	1	chr2_MATERNAL	1	chr2_PATERNAL
LRP1	1	chr12	1	chr12_MATERNAL	1	chr12_PATERNAL
RNF145	1	chr5	1	chr5_MATERNAL	1	chr5_PATERNAL
TBK1	1	chr12	1	chr12_MATERNAL	1	chr12_PATERNAL
ENTPD4	1	chr8	1	chr8_MATERNAL	1	chr8_PATERNAL
PICALM	1	chr11	1	chr11_MATERNAL	1	chr11_PATERNAL
ZDHHC9	1	chrX	1	chrX_MATERNAL	0	None
ACKR3	1	chr2	1	chr2_MATERNAL	1	chr2_PATERNAL
FRMD3	1	chr9	1	chr9_MATERNAL	1	chr9_PATERNAL
GLIPR2	1	chr9	1	chr9_MATERNAL	1	chr9_PATERNAL
KNDC1	1	chr10	1	chr10_MATERNAL	1	chr10_PATERNAL
CSNK1G2	1	chr19	1	chr19_MATERNAL	1	chr19_PATERNAL
APBA1	1	chr9	1	chr9_MATERNAL	1	chr9_PATERNAL
MMP2	1	chr16	1	chr16_MATERNAL	1	chr16_PATERNAL
PORCN	1	chrX	1	chrX_MATERNAL	0	None
ZPBP	1	chr7	1	chr7_MATERNAL	1	chr7_PATERNAL
EGR4	1	chr2	1	chr2_MATERNAL	1	chr2_PATERNAL
GABRG3	1	chr15	1	chr15_MATERNAL	1	chr15_PATERNAL
SLC36A4	1	chr11	1	chr11_MATERNAL	1	chr11_PATERNAL
ADSS1	1	chr14	1	chr14_MATERNAL	1	chr14_PATERNAL
TBX19	1	chr1	1	chr1_MATERNAL	1	chr1_PATERNAL
MPPED1	1	chr22	1	chr22_MATERNAL	1	chr22_PATERNAL
RHOXF1	1	chrX	1	chrX_MATERNAL	0	None
LRRC8B	1	chr1	1	chr1_MATERNAL	1	chr1_PATERNAL
MBOAT7	1	chr19	1	chr19_MATERNAL	1	chr19_PATERNAL
OR14A16	1	chr1	1	chr1_MATERNAL	1	chr1_PATERNAL
STK36	1	chr2	1	chr2_MATERNAL	1	chr2_PATERNAL
OR4A15	1	chr11	1	chr11_MATERNAL	1	chr11_PATERNAL
CPLX3	1	chr15	1	chr15_MATERNAL	1	chr15_PATERNAL
LARGE1	1	chr22	1	chr22_MATERNAL	1	chr22_PATERNAL
YTHDF3	1	chr8	1	chr8_MATERNAL	1	chr8_PATERNAL
BAG6	1	chr6	1	chr6_MATERNAL	1	chr6_PATERNAL
DDX18	1	chr2	1	chr2_MATERNAL	1	chr2_PATERNAL
OR10R2	1	chr1	1	chr1_MATERNAL	1	chr1_PATERNAL
HAP1	1	chr17	1	chr17_MATERNAL	1	chr17_PATERNAL
ERICH5	1	chr8	1	chr8_MATERNAL	1	chr8_PATERNAL
LOC124903827	1	chr1	1	chr1_MATERNAL	1	chr1_PATERNAL
CTBP2	1	chr10	1	chr10_MATERNAL	1	chr10_PATERNAL
PATE3	1	chr11	1	chr11_MATERNAL	1	chr11_PATERNAL
FLVCR1	1	chr1	1	chr1_MATERNAL	1	chr1_PATERNAL
CHAD	1	chr17	1	chr17_MATERNAL	1	chr17_PATERNAL
KNCN	1	chr1	1	chr1_MATERNAL	1	chr1_PATERNAL
RAVER1	1	chr19	1	chr19_MATERNAL	1	chr19_PATERNAL
DSCAM	1	chr21	1	chr21_MATERNAL	1	chr21_PATERNAL
TP53INP1	1	chr8	1	chr8_MATERNAL	1	chr8_PATERNAL
F8A1	1	chrX	1	chrX_MATERNAL	0	None
KCNH1	1	chr1	1	chr1_MATERNAL	1	chr1_PATERNAL
ACSL6	1	chr5	1	chr5_MATERNAL	1	chr5_PATERNAL
LCN15	1	chr9	1	chr9_MATERNAL	1	chr9_PATERNAL
SNX20	1	chr16	1	chr16_MATERNAL	1	chr16_PATERNAL
AQP2	1	chr12	1	chr12_MATERNAL	1	chr12_PATERNAL
RPS6KB1	1	chr17	1	chr17_MATERNAL	1	chr17_PATERNAL
PLEKHB1	1	chr11	1	chr11_MATERNAL	1	chr11_PATERNAL
MAN1A2	1	chr1	1	chr1_MATERNAL	1	chr1_PATERNAL
LACC1	1	chr13	1	chr13_MATERNAL	1	chr13_PATERNAL
ITM2A	1	chrX	1	chrX_MATERNAL	0	None
DTD2	1	chr14	1	chr14_MATERNAL	1	chr14_PATERNAL
OR1D2	1	chr17	1	chr17_MATERNAL	1	chr17_PATERNAL
LOC101927180	1	chr12	1	chr12_MATERNAL	1	chr12_PATERNAL
HOXA9	1	chr7	1	chr7_MATERNAL	1	chr7_PATERNAL
SEC24D	1	chr4	1	chr4_MATERNAL	1	chr4_PATERNAL
PC	1	chr11	1	chr11_MATERNAL	1	chr11_PATERNAL
SAPCD1	1	chr6	1	chr6_MATERNAL	1	chr6_PATERNAL
CDKAL1	1	chr6	1	chr6_MATERNAL	1	chr6_PATERNAL
MRNIP	1	chr5	1	chr5_MATERNAL	1	chr5_PATERNAL
PSG2	1	chr19	1	chr19_MATERNAL	1	chr19_PATERNAL
PSMD8	1	chr19	1	chr19_MATERNAL	1	chr19_PATERNAL
S100A3	1	chr1	1	chr1_MATERNAL	1	chr1_PATERNAL
C10orf67	1	chr10	1	chr10_MATERNAL	1	chr10_PATERNAL
HHATL	1	chr3	1	chr3_MATERNAL	1	chr3_PATERNAL
DNAJC25	1	chr9	1	chr9_MATERNAL	1	chr9_PATERNAL
RCAN2	1	chr6	1	chr6_MATERNAL	1	chr6_PATERNAL
SLC43A1	1	chr11	1	chr11_MATERNAL	1	chr11_PATERNAL
HADHA	1	chr2	1	chr2_MATERNAL	1	chr2_PATERNAL
MRPL35	1	chr2	1	chr2_MATERNAL	1	chr2_PATERNAL
HMGB1	1	chr13	1	chr13_MATERNAL	1	chr13_PATERNAL
AIF1L	1	chr9	1	chr9_MATERNAL	1	chr9_PATERNAL
POTEI	1	chr2	1	chr2_MATERNAL	1	chr2_PATERNAL
RIPPLY3	1	chr21	1	chr21_MATERNAL	1	chr21_PATERNAL
OR2T27	1	chr1	2	chr1_MATERNAL,chr1_MATERNAL	1	chr1_PATERNAL
LY6G6C	1	chr6	1	chr6_MATERNAL	1	chr6_PATERNAL
PLAGL1	1	chr6	1	chr6_MATERNAL	1	chr6_PATERNAL
LSP1	1	chr11	1	chr11_MATERNAL	1	chr11_PATERNAL
TMEM134	1	chr11	1	chr11_MATERNAL	1	chr11_PATERNAL
VENTX	1	chr10	1	chr10_MATERNAL	1	chr10_PATERNAL
ZNF181	1	chr19	1	chr19_MATERNAL	1	chr19_PATERNAL
MECR	1	chr1	1	chr1_MATERNAL	1	chr1_PATERNAL
H3-7	1	chr1	2	chr1_MATERNAL,chr1_MATERNAL	0	None
HIC1	1	chr17	1	chr17_MATERNAL	1	chr17_PATERNAL
PROSER1	1	chr13	1	chr13_MATERNAL	1	chr13_PATERNAL
ABHD13	1	chr13	1	chr13_MATERNAL	1	chr13_PATERNAL
IFNA14	1	chr9	1	chr9_MATERNAL	1	chr9_PATERNAL
CDCA5	1	chr11	1	chr11_MATERNAL	1	chr11_PATERNAL
FAM90A23	5	chr8,chr8,chr8,chr8,chr8	1	chr8_MATERNAL	1	chr8_PATERNAL
RREB1	1	chr6	1	chr6_MATERNAL	1	chr6_PATERNAL
AMELX	1	chrX	1	chrX_MATERNAL	0	None
NFATC2	1	chr20	1	chr20_MATERNAL	1	chr20_PATERNAL
RPL36	1	chr19	1	chr19_MATERNAL	1	chr19_PATERNAL
C10orf95	1	chr10	1	chr10_MATERNAL	1	chr10_PATERNAL
NADSYN1	1	chr11	1	chr11_MATERNAL	1	chr11_PATERNAL
ANAPC11	1	chr17	1	chr17_MATERNAL	1	chr17_PATERNAL
IZUMO2	1	chr19	1	chr19_MATERNAL	1	chr19_PATERNAL
CIZ1	1	chr9	1	chr9_MATERNAL	1	chr9_PATERNAL
BEST1	1	chr11	1	chr11_MATERNAL	1	chr11_PATERNAL
PHYH	1	chr10	1	chr10_MATERNAL	1	chr10_PATERNAL
EBLN2	1	chr3	1	chr3_MATERNAL	1	chr3_PATERNAL
CATSPER2	1	chr15	1	chr15_MATERNAL	1	chr15_PATERNAL
SIRT5	1	chr6	1	chr6_MATERNAL	1	chr6_PATERNAL
HCRT	1	chr17	1	chr17_MATERNAL	1	chr17_PATERNAL
NOL10	1	chr2	1	chr2_MATERNAL	1	chr2_PATERNAL
MOB1B	1	chr4	1	chr4_MATERNAL	1	chr4_PATERNAL
EPHB1	1	chr3	1	chr3_MATERNAL	1	chr3_PATERNAL
MMP20	1	chr11	1	chr11_MATERNAL	1	chr11_PATERNAL
HCK	1	chr20	1	chr20_MATERNAL	1	chr20_PATERNAL
PDE1C	1	chr7	1	chr7_MATERNAL	1	chr7_PATERNAL
STEEP1	1	chrX	1	chrX_MATERNAL	0	None
LOC124903173	1	chr13	1	chr13_MATERNAL	1	chr13_PATERNAL
ZW10	1	chr11	1	chr11_MATERNAL	1	chr11_PATERNAL
FBLN1	1	chr22	1	chr22_MATERNAL	1	chr22_PATERNAL
WSB2	1	chr12	1	chr12_MATERNAL	1	chr12_PATERNAL
PARG	1	chr10	1	chr10_MATERNAL	1	chr10_PATERNAL
C10orf71	1	chr10	1	chr10_MATERNAL	1	chr10_PATERNAL
SRRD	1	chr22	1	chr22_MATERNAL	1	chr22_PATERNAL
GOLGA6L6	1	chr15	1	chr15_MATERNAL	1	chr15_PATERNAL
LYRM9	1	chr17	1	chr17_MATERNAL	1	chr17_PATERNAL
SASH1	1	chr6	1	chr6_MATERNAL	1	chr6_PATERNAL
ZFHX4	1	chr8	1	chr8_MATERNAL	1	chr8_PATERNAL
ZFP36L1	1	chr14	1	chr14_MATERNAL	1	chr14_PATERNAL
CDHR2	1	chr5	1	chr5_MATERNAL	1	chr5_PATERNAL
XPO4	1	chr13	1	chr13_MATERNAL	1	chr13_PATERNAL
TANK	1	chr2	1	chr2_MATERNAL	1	chr2_PATERNAL
SEC61A2	1	chr10	1	chr10_MATERNAL	1	chr10_PATERNAL
LOC105373146	1	chrX	1	chrX_MATERNAL	0	None
SERPINB13	1	chr18	1	chr18_MATERNAL	1	chr18_PATERNAL
BANP	1	chr16	1	chr16_MATERNAL	1	chr16_PATERNAL
FBN2	1	chr5	1	chr5_MATERNAL	1	chr5_PATERNAL
PTPRN2	1	chr7	1	chr7_MATERNAL	1	chr7_PATERNAL
MED13	1	chr17	1	chr17_MATERNAL	1	chr17_PATERNAL
ALPI	1	chr2	1	chr2_MATERNAL	1	chr2_PATERNAL
IL6	1	chr7	1	chr7_MATERNAL	1	chr7_PATERNAL
MAP1LC3B2	1	chr12	1	chr12_MATERNAL	1	chr12_PATERNAL
TXNDC16	1	chr14	1	chr14_MATERNAL	1	chr14_PATERNAL
LOC124902886	1	chr12	1	chr12_MATERNAL	1	chr12_PATERNAL
SSH3	1	chr11	1	chr11_MATERNAL	1	chr11_PATERNAL
GNA14	1	chr9	1	chr9_MATERNAL	1	chr9_PATERNAL
FAM219B	1	chr15	1	chr15_MATERNAL	1	chr15_PATERNAL
NLN	1	chr5	1	chr5_MATERNAL	1	chr5_PATERNAL
TIMM8A	1	chrX	1	chrX_MATERNAL	0	None
RANBP9	1	chr6	1	chr6_MATERNAL	1	chr6_PATERNAL
GUCA1B	1	chr6	1	chr6_MATERNAL	1	chr6_PATERNAL
PRR14	1	chr16	1	chr16_MATERNAL	1	chr16_PATERNAL
NPFF	1	chr12	1	chr12_MATERNAL	1	chr12_PATERNAL
CFAP54	1	chr12	1	chr12_MATERNAL	1	chr12_PATERNAL
MYC	1	chr8	1	chr8_MATERNAL	1	chr8_PATERNAL
GRK7	1	chr3	1	chr3_MATERNAL	1	chr3_PATERNAL
MFSD2B	1	chr2	1	chr2_MATERNAL	1	chr2_PATERNAL
KHSRP	1	chr19	1	chr19_MATERNAL	1	chr19_PATERNAL
CLEC2L	1	chr7	1	chr7_MATERNAL	1	chr7_PATERNAL
CHID1	1	chr11	1	chr11_MATERNAL	1	chr11_PATERNAL
EFCAB9	1	chr5	1	chr5_MATERNAL	1	chr5_PATERNAL
BEND3	1	chr6	1	chr6_MATERNAL	1	chr6_PATERNAL
POU4F2	1	chr4	1	chr4_MATERNAL	1	chr4_PATERNAL
FEZF1	1	chr7	1	chr7_MATERNAL	1	chr7_PATERNAL
PLCXD3	1	chr5	1	chr5_MATERNAL	1	chr5_PATERNAL
TMEM270	1	chr7	1	chr7_MATERNAL	1	chr7_PATERNAL
HTRA4	1	chr8	1	chr8_MATERNAL	1	chr8_PATERNAL
RAB36	1	chr22	1	chr22_MATERNAL	1	chr22_PATERNAL
ARHGAP25	1	chr2	1	chr2_MATERNAL	1	chr2_PATERNAL
LCOR	1	chr10	1	chr10_MATERNAL	1	chr10_PATERNAL
C1orf56	1	chr1	1	chr1_MATERNAL	1	chr1_PATERNAL
TMEM144	1	chr4	1	chr4_MATERNAL	1	chr4_PATERNAL
FAM184A	1	chr6	1	chr6_MATERNAL	1	chr6_PATERNAL
PROCR	1	chr20	1	chr20_MATERNAL	1	chr20_PATERNAL
RPL7A	1	chr9	1	chr9_MATERNAL	1	chr9_PATERNAL
BCL11B	1	chr14	1	chr14_MATERNAL	1	chr14_PATERNAL
TMEM248	1	chr7	1	chr7_MATERNAL	1	chr7_PATERNAL
C1orf52	1	chr1	1	chr1_MATERNAL	1	chr1_PATERNAL
TMEM14B	1	chr6	1	chr6_MATERNAL	1	chr6_PATERNAL
INSM2	1	chr14	1	chr14_MATERNAL	1	chr14_PATERNAL
SDC4	1	chr20	1	chr20_MATERNAL	1	chr20_PATERNAL
UBXN7	1	chr3	1	chr3_MATERNAL	1	chr3_PATERNAL
AUTS2	1	chr7	1	chr7_MATERNAL	1	chr7_PATERNAL
ELAVL3	1	chr19	1	chr19_MATERNAL	1	chr19_PATERNAL
NTNG2	1	chr9	1	chr9_MATERNAL	1	chr9_PATERNAL
CD300A	1	chr17	1	chr17_MATERNAL	1	chr17_PATERNAL
ZPBP2	1	chr17	1	chr17_MATERNAL	1	chr17_PATERNAL
FUT11	1	chr10	1	chr10_MATERNAL	1	chr10_PATERNAL
SGCZ	1	chr8	1	chr8_MATERNAL	1	chr8_PATERNAL
ALDH3A1	1	chr17	1	chr17_MATERNAL	1	chr17_PATERNAL
NUDCD2	1	chr5	1	chr5_MATERNAL	1	chr5_PATERNAL
OR4F29	1	chr1	1	chr1_MATERNAL	1	chr1_PATERNAL
PKP2	1	chr12	1	chr12_MATERNAL	1	chr12_PATERNAL
KCNJ4	1	chr22	1	chr22_MATERNAL	1	chr22_PATERNAL
CPSF1	1	chr8	1	chr8_MATERNAL	1	chr8_PATERNAL
C1QL1	1	chr17	1	chr17_MATERNAL	1	chr17_PATERNAL
GDPD4	1	chr11	1	chr11_MATERNAL	1	chr11_PATERNAL
HAMP	1	chr19	1	chr19_MATERNAL	1	chr19_PATERNAL
MAEL	1	chr1	1	chr1_MATERNAL	1	chr1_PATERNAL
GTPBP8	1	chr3	1	chr3_MATERNAL	1	chr3_PATERNAL
COG1	1	chr17	1	chr17_MATERNAL	1	chr17_PATERNAL
CNFN	1	chr19	1	chr19_MATERNAL	1	chr19_PATERNAL
ZMYM5	1	chr13	1	chr13_MATERNAL	1	chr13_PATERNAL
LOC124901867	1	chr8	1	chr8_MATERNAL	1	chr8_PATERNAL
RUBCN	1	chr3	1	chr3_MATERNAL	1	chr3_PATERNAL
EXOSC5	1	chr19	1	chr19_MATERNAL	1	chr19_PATERNAL
CEBPB	1	chr20	1	chr20_MATERNAL	1	chr20_PATERNAL
PARVB	1	chr22	1	chr22_MATERNAL	1	chr22_PATERNAL
MRPS6	1	chr21	1	chr21_MATERNAL	1	chr21_PATERNAL
RXFP3	1	chr5	1	chr5_MATERNAL	1	chr5_PATERNAL
ENTPD8	1	chr9	1	chr9_MATERNAL	1	chr9_PATERNAL
PSORS1C1	1	chr6	1	chr6_MATERNAL	1	chr6_PATERNAL
FAH	1	chr15	1	chr15_MATERNAL	1	chr15_PATERNAL
ANO8	1	chr19	1	chr19_MATERNAL	1	chr19_PATERNAL
ENTPD1	1	chr10	1	chr10_MATERNAL	1	chr10_PATERNAL
TRIM11	1	chr1	1	chr1_MATERNAL	1	chr1_PATERNAL
CRHR1	1	chr17	1	chr17_MATERNAL	1	chr17_PATERNAL
SLC22A17	1	chr14	1	chr14_MATERNAL	1	chr14_PATERNAL
NIPSNAP3A	1	chr9	1	chr9_MATERNAL	1	chr9_PATERNAL
DNMBP	1	chr10	1	chr10_MATERNAL	1	chr10_PATERNAL
ANKS6	1	chr9	1	chr9_MATERNAL	1	chr9_PATERNAL
KLRG2	1	chr7	1	chr7_MATERNAL	1	chr7_PATERNAL
CACNB2	1	chr10	1	chr10_MATERNAL	1	chr10_PATERNAL
RLN2	1	chr9	1	chr9_MATERNAL	1	chr9_PATERNAL
RABGAP1L	1	chr1	1	chr1_MATERNAL	1	chr1_PATERNAL
GOLGA8O	1	chr15	1	chr15_MATERNAL	1	chr15_PATERNAL
ABTB1	1	chr3	1	chr3_MATERNAL	1	chr3_PATERNAL
CSTPP1	1	chr11	1	chr11_MATERNAL	1	chr11_PATERNAL
IFIT5	1	chr10	1	chr10_MATERNAL	1	chr10_PATERNAL
ZBTB34	1	chr9	1	chr9_MATERNAL	1	chr9_PATERNAL
OR11G2	1	chr14	1	chr14_MATERNAL	1	chr14_PATERNAL
C17orf114	1	chr17	1	chr17_MATERNAL	1	chr17_PATERNAL
PIK3CA	1	chr3	1	chr3_MATERNAL	1	chr3_PATERNAL
F5	1	chr1	1	chr1_MATERNAL	1	chr1_PATERNAL
SRSF3	1	chr6	1	chr6_MATERNAL	1	chr6_PATERNAL
ERO1B	1	chr1	1	chr1_MATERNAL	1	chr1_PATERNAL
SLC34A2	1	chr4	1	chr4_MATERNAL	1	chr4_PATERNAL
DVL3	1	chr3	1	chr3_MATERNAL	1	chr3_PATERNAL
MGLL	1	chr3	1	chr3_MATERNAL	1	chr3_PATERNAL
CASP6	1	chr4	1	chr4_MATERNAL	1	chr4_PATERNAL
TIMM10	1	chr11	1	chr11_MATERNAL	1	chr11_PATERNAL
ANP32B	1	chr9	1	chr9_MATERNAL	1	chr9_PATERNAL
RASD2	1	chr22	1	chr22_MATERNAL	1	chr22_PATERNAL
HTR3B	1	chr11	1	chr11_MATERNAL	1	chr11_PATERNAL
BUB3	1	chr10	1	chr10_MATERNAL	1	chr10_PATERNAL
PCNT	1	chr21	1	chr21_MATERNAL	1	chr21_PATERNAL
MYBPC3	1	chr11	1	chr11_MATERNAL	1	chr11_PATERNAL
EEF1A2	1	chr20	1	chr20_MATERNAL	1	chr20_PATERNAL
UNCX	1	chr7	1	chr7_MATERNAL	1	chr7_PATERNAL
RPP25	1	chr15	1	chr15_MATERNAL	1	chr15_PATERNAL
PRAMEF20	1	chr1	1	chr1_MATERNAL	1	chr1_PATERNAL
FEN1	1	chr11	1	chr11_MATERNAL	1	chr11_PATERNAL
CASP5	1	chr11	1	chr11_MATERNAL	1	chr11_PATERNAL
ADAMTSL1	1	chr9	1	chr9_MATERNAL	1	chr9_PATERNAL
XRRA1	1	chr11	1	chr11_MATERNAL	1	chr11_PATERNAL
TCHH	1	chr1	1	chr1_MATERNAL	1	chr1_PATERNAL
HDX	1	chrX	1	chrX_MATERNAL	0	None
SLC26A5	1	chr7	1	chr7_MATERNAL	1	chr7_PATERNAL
NFKBIZ	1	chr3	1	chr3_MATERNAL	1	chr3_PATERNAL
TIPARP	1	chr3	1	chr3_MATERNAL	1	chr3_PATERNAL
TOGARAM2	1	chr2	1	chr2_MATERNAL	1	chr2_PATERNAL
SETD7	1	chr4	1	chr4_MATERNAL	1	chr4_PATERNAL
ATP5F1B	1	chr12	1	chr12_MATERNAL	1	chr12_PATERNAL
IKBKE	1	chr1	1	chr1_MATERNAL	1	chr1_PATERNAL
STAT5B	1	chr17	1	chr17_MATERNAL	1	chr17_PATERNAL
CFAP206	1	chr6	1	chr6_MATERNAL	1	chr6_PATERNAL
RHOD	1	chr11	1	chr11_MATERNAL	1	chr11_PATERNAL
TBL1XR1	1	chr3	1	chr3_MATERNAL	1	chr3_PATERNAL
C4orf46	1	chr4	1	chr4_MATERNAL	1	chr4_PATERNAL
ZNF436	1	chr1	1	chr1_MATERNAL	1	chr1_PATERNAL
ROR1	1	chr1	1	chr1_MATERNAL	1	chr1_PATERNAL
ZNF777	1	chr7	1	chr7_MATERNAL	1	chr7_PATERNAL
HEY2	1	chr6	1	chr6_MATERNAL	1	chr6_PATERNAL
OR51D1	1	chr11	1	chr11_MATERNAL	1	chr11_PATERNAL
GNPDA2	1	chr4	1	chr4_MATERNAL	1	chr4_PATERNAL
VCL	1	chr10	1	chr10_MATERNAL	1	chr10_PATERNAL
CDK5R2	1	chr2	1	chr2_MATERNAL	1	chr2_PATERNAL
TNK1	1	chr17	1	chr17_MATERNAL	1	chr17_PATERNAL
MMP12	1	chr11	1	chr11_MATERNAL	1	chr11_PATERNAL
ORMDL3	1	chr17	1	chr17_MATERNAL	1	chr17_PATERNAL
HNRNPD	1	chr4	1	chr4_MATERNAL	1	chr4_PATERNAL
RPL30	1	chr8	1	chr8_MATERNAL	1	chr8_PATERNAL
GSTZ1	1	chr14	1	chr14_MATERNAL	1	chr14_PATERNAL
CD59	1	chr11	1	chr11_MATERNAL	1	chr11_PATERNAL
LYST	1	chr1	1	chr1_MATERNAL	1	chr1_PATERNAL
TBC1D7-LOC100130357	1	chr6	1	chr6_MATERNAL	1	chr6_PATERNAL
ERAP2	1	chr5	1	chr5_MATERNAL	1	chr5_PATERNAL
CABCOCO1	1	chr10	1	chr10_MATERNAL	1	chr10_PATERNAL
UGCG	1	chr9	1	chr9_MATERNAL	1	chr9_PATERNAL
LIAS	1	chr4	1	chr4_MATERNAL	1	chr4_PATERNAL
C5orf58	1	chr5	1	chr5_MATERNAL	1	chr5_PATERNAL
MLXIPL	1	chr7	1	chr7_MATERNAL	1	chr7_PATERNAL
NTS	1	chr12	1	chr12_MATERNAL	1	chr12_PATERNAL
C1orf141	1	chr1	1	chr1_MATERNAL	1	chr1_PATERNAL
DDIT3	1	chr12	1	chr12_MATERNAL	1	chr12_PATERNAL
PF4	1	chr4	1	chr4_MATERNAL	1	chr4_PATERNAL
PFN3	1	chr5	1	chr5_MATERNAL	1	chr5_PATERNAL
AVPR1B	1	chr1	1	chr1_MATERNAL	1	chr1_PATERNAL
CHCHD7	1	chr8	1	chr8_MATERNAL	1	chr8_PATERNAL
CAMK2B	1	chr7	1	chr7_MATERNAL	1	chr7_PATERNAL
ENAM	1	chr4	1	chr4_MATERNAL	1	chr4_PATERNAL
MAP6	1	chr11	1	chr11_MATERNAL	1	chr11_PATERNAL
ARGLU1	1	chr13	1	chr13_MATERNAL	1	chr13_PATERNAL
FAM114A1	1	chr4	1	chr4_MATERNAL	1	chr4_PATERNAL
FAM209A	1	chr20	1	chr20_MATERNAL	1	chr20_PATERNAL
TMEM30B	1	chr14	1	chr14_MATERNAL	1	chr14_PATERNAL
DIS3	1	chr13	1	chr13_MATERNAL	1	chr13_PATERNAL
CPSF7	1	chr11	1	chr11_MATERNAL	1	chr11_PATERNAL
GNAS	1	chr20	1	chr20_MATERNAL	1	chr20_PATERNAL
OR5D14	1	chr11	1	chr11_MATERNAL	1	chr11_PATERNAL
LOC112267855	1	chr5	1	chr5_MATERNAL	1	chr5_PATERNAL
PGRMC2	1	chr4	1	chr4_MATERNAL	1	chr4_PATERNAL
TMEM150B	1	chr19	1	chr19_MATERNAL	1	chr19_PATERNAL
CELSR2	1	chr1	1	chr1_MATERNAL	1	chr1_PATERNAL
RASA1	1	chr5	1	chr5_MATERNAL	1	chr5_PATERNAL
STK33	1	chr11	1	chr11_MATERNAL	1	chr11_PATERNAL
RNF20	1	chr9	1	chr9_MATERNAL	1	chr9_PATERNAL
FBXO3	1	chr11	1	chr11_MATERNAL	1	chr11_PATERNAL
C1GALT1	1	chr7	1	chr7_MATERNAL	1	chr7_PATERNAL
CD99L2	1	chrX	1	chrX_MATERNAL	0	None
IVNS1ABP	1	chr1	1	chr1_MATERNAL	1	chr1_PATERNAL
NES	1	chr1	1	chr1_MATERNAL	1	chr1_PATERNAL
GREP1	1	chr16	1	chr16_MATERNAL	1	chr16_PATERNAL
CCAR1	1	chr10	1	chr10_MATERNAL	1	chr10_PATERNAL
FAM193B	1	chr5	1	chr5_MATERNAL	1	chr5_PATERNAL
ERLIN2	1	chr8	1	chr8_MATERNAL	1	chr8_PATERNAL
IFT122	1	chr3	1	chr3_MATERNAL	1	chr3_PATERNAL
ZNF778	1	chr16	1	chr16_MATERNAL	1	chr16_PATERNAL
SPINK9	1	chr5	1	chr5_MATERNAL	1	chr5_PATERNAL
LOC100533997	1	chrX	1	chrX_MATERNAL	0	None
ZNF578	1	chr19	1	chr19_MATERNAL	1	chr19_PATERNAL
LOC107985729	1	chr1	1	chr1_MATERNAL	1	chr1_PATERNAL
SECISBP2L	1	chr15	1	chr15_MATERNAL	1	chr15_PATERNAL
SEMA3B	1	chr3	1	chr3_MATERNAL	1	chr3_PATERNAL
PIEZO2	1	chr18	1	chr18_MATERNAL	1	chr18_PATERNAL
PBX1	1	chr1	1	chr1_MATERNAL	1	chr1_PATERNAL
NUDT7	1	chr16	1	chr16_MATERNAL	1	chr16_PATERNAL
BRD1	1	chr22	1	chr22_MATERNAL	1	chr22_PATERNAL
CEP350	1	chr1	1	chr1_MATERNAL	1	chr1_PATERNAL
ZDHHC1	1	chr16	1	chr16_MATERNAL	1	chr16_PATERNAL
COPZ2	1	chr17	1	chr17_MATERNAL	1	chr17_PATERNAL
KMT5A	1	chr12	1	chr12_MATERNAL	1	chr12_PATERNAL
LRRC39	1	chr1	1	chr1_MATERNAL	1	chr1_PATERNAL
RNPEPL1	1	chr2	1	chr2_MATERNAL	1	chr2_PATERNAL
ENKD1	1	chr16	1	chr16_MATERNAL	1	chr16_PATERNAL
ST8SIA1	1	chr12	1	chr12_MATERNAL	1	chr12_PATERNAL
ATP6V1G1	1	chr9	1	chr9_MATERNAL	1	chr9_PATERNAL
HTR3A	1	chr11	1	chr11_MATERNAL	1	chr11_PATERNAL
GPR180	1	chr13	1	chr13_MATERNAL	1	chr13_PATERNAL
C1orf146	1	chr1	1	chr1_MATERNAL	1	chr1_PATERNAL
CEP57	1	chr11	1	chr11_MATERNAL	1	chr11_PATERNAL
RSPO1	1	chr1	1	chr1_MATERNAL	1	chr1_PATERNAL
SLC4A10	1	chr2	1	chr2_MATERNAL	1	chr2_PATERNAL
DHX35	1	chr20	1	chr20_MATERNAL	1	chr20_PATERNAL
UNC5CL	1	chr6	1	chr6_MATERNAL	1	chr6_PATERNAL
KDM1B	1	chr6	1	chr6_MATERNAL	1	chr6_PATERNAL
LOC124900286	1	chr10	1	chr10_MATERNAL	1	chr10_PATERNAL
LOC105379198	1	chr5	1	chr5_MATERNAL	1	chr5_PATERNAL
PRDM5	1	chr4	1	chr4_MATERNAL	1	chr4_PATERNAL
TMC8	1	chr17	1	chr17_MATERNAL	1	chr17_PATERNAL
POLA2	1	chr11	1	chr11_MATERNAL	1	chr11_PATERNAL
HNRNPH2	1	chrX	1	chrX_MATERNAL	0	None
ITGA2	1	chr5	1	chr5_MATERNAL	1	chr5_PATERNAL
PSG6	1	chr19	1	chr19_MATERNAL	1	chr19_PATERNAL
CETN2	1	chrX	1	chrX_MATERNAL	0	None
SART3	1	chr12	1	chr12_MATERNAL	1	chr12_PATERNAL
ALPK2	1	chr18	1	chr18_MATERNAL	1	chr18_PATERNAL
VAT1L	1	chr16	1	chr16_MATERNAL	1	chr16_PATERNAL
FBXO30	1	chr6	1	chr6_MATERNAL	1	chr6_PATERNAL
DYNC2LI1	1	chr2	1	chr2_MATERNAL	1	chr2_PATERNAL
AOC3	1	chr17	1	chr17_MATERNAL	1	chr17_PATERNAL
SLC24A3	1	chr20	1	chr20_MATERNAL	1	chr20_PATERNAL
GET1-SH3BGR	1	chr21	1	chr21_MATERNAL	1	chr21_PATERNAL
PRSS12	1	chr4	1	chr4_MATERNAL	1	chr4_PATERNAL
ALG1	1	chr16	1	chr16_MATERNAL	1	chr16_PATERNAL
SLC16A7	1	chr12	1	chr12_MATERNAL	1	chr12_PATERNAL
RASL12	1	chr15	1	chr15_MATERNAL	1	chr15_PATERNAL
XAGE1A	2	chrX,chrX	2	chrX_MATERNAL,chrX_MATERNAL	0	None
RGSL1	1	chr1	1	chr1_MATERNAL	1	chr1_PATERNAL
UNC5D	1	chr8	1	chr8_MATERNAL	1	chr8_PATERNAL
THY1	1	chr11	1	chr11_MATERNAL	1	chr11_PATERNAL
TRIM73	1	chr7	1	chr7_MATERNAL	1	chr7_PATERNAL
TRRAP	1	chr7	1	chr7_MATERNAL	1	chr7_PATERNAL
MIER1	1	chr1	1	chr1_MATERNAL	1	chr1_PATERNAL
CHD1	1	chr5	1	chr5_MATERNAL	1	chr5_PATERNAL
GK	1	chrX	1	chrX_MATERNAL	0	None
PRDM4	1	chr12	1	chr12_MATERNAL	1	chr12_PATERNAL
SOX5	1	chr12	1	chr12_MATERNAL	1	chr12_PATERNAL
CCL22	1	chr16	1	chr16_MATERNAL	1	chr16_PATERNAL
UCKL1	1	chr20	1	chr20_MATERNAL	1	chr20_PATERNAL
TEP1	1	chr14	1	chr14_MATERNAL	1	chr14_PATERNAL
TPPP	1	chr5	1	chr5_MATERNAL	1	chr5_PATERNAL
CHKA	1	chr11	1	chr11_MATERNAL	1	chr11_PATERNAL
F7	1	chr13	1	chr13_MATERNAL	1	chr13_PATERNAL
CLEC19A	1	chr16	1	chr16_MATERNAL	1	chr16_PATERNAL
LIPG	1	chr18	1	chr18_MATERNAL	1	chr18_PATERNAL
PDE2A	1	chr11	1	chr11_MATERNAL	1	chr11_PATERNAL
EPM2A	1	chr6	1	chr6_MATERNAL	1	chr6_PATERNAL
TRIM65	1	chr17	1	chr17_MATERNAL	1	chr17_PATERNAL
ZNF559-ZNF177	1	chr19	1	chr19_MATERNAL	1	chr19_PATERNAL
HSD17B3	1	chr9	1	chr9_MATERNAL	1	chr9_PATERNAL
ZNF682	1	chr19	1	chr19_MATERNAL	1	chr19_PATERNAL
PCGF1	1	chr2	1	chr2_MATERNAL	1	chr2_PATERNAL
PPP1R8	1	chr1	1	chr1_MATERNAL	1	chr1_PATERNAL
ACER1	1	chr19	1	chr19_MATERNAL	1	chr19_PATERNAL
CALHM3	1	chr10	1	chr10_MATERNAL	1	chr10_PATERNAL
ARSK	1	chr5	1	chr5_MATERNAL	1	chr5_PATERNAL
ASTN2	1	chr9	1	chr9_MATERNAL	1	chr9_PATERNAL
IRF5	1	chr7	1	chr7_MATERNAL	1	chr7_PATERNAL
CAPN11	1	chr6	1	chr6_MATERNAL	1	chr6_PATERNAL
SALL1	1	chr16	1	chr16_MATERNAL	1	chr16_PATERNAL
ALKBH1	1	chr14	1	chr14_MATERNAL	1	chr14_PATERNAL
VPS33A	1	chr12	1	chr12_MATERNAL	1	chr12_PATERNAL
PRR14L	1	chr22	1	chr22_MATERNAL	1	chr22_PATERNAL
SYT2	1	chr1	1	chr1_MATERNAL	1	chr1_PATERNAL
NCKAP5	1	chr2	1	chr2_MATERNAL	1	chr2_PATERNAL
MGAT4D	1	chr4	1	chr4_MATERNAL	1	chr4_PATERNAL
PNMT	1	chr17	1	chr17_MATERNAL	1	chr17_PATERNAL
HSPA12A	1	chr10	1	chr10_MATERNAL	1	chr10_PATERNAL
LMOD3	1	chr3	1	chr3_MATERNAL	1	chr3_PATERNAL
NLGN4X	1	chrX	1	chrX_MATERNAL	0	None
ELAPOR2	1	chr7	1	chr7_MATERNAL	1	chr7_PATERNAL
HDAC1	1	chr1	1	chr1_MATERNAL	1	chr1_PATERNAL
SDHD	1	chr11	1	chr11_MATERNAL	1	chr11_PATERNAL
PILRA	1	chr7	1	chr7_MATERNAL	1	chr7_PATERNAL
SIGLEC10	1	chr19	1	chr19_MATERNAL	1	chr19_PATERNAL
LOC124900867	1	chr4	1	chr4_MATERNAL	1	chr4_PATERNAL
CD200	1	chr3	1	chr3_MATERNAL	1	chr3_PATERNAL
HJV	1	chr1	1	chr1_MATERNAL	1	chr1_PATERNAL
PRPF40B	1	chr12	1	chr12_MATERNAL	1	chr12_PATERNAL
ANO1	1	chr11	1	chr11_MATERNAL	1	chr11_PATERNAL
DUS1L	1	chr17	1	chr17_MATERNAL	1	chr17_PATERNAL
GOLGA6L10	1	chr15	1	chr15_MATERNAL	1	chr15_PATERNAL
C21orf62	1	chr21	1	chr21_MATERNAL	1	chr21_PATERNAL
MAD2L1BP	1	chr6	1	chr6_MATERNAL	1	chr6_PATERNAL
NCR3	1	chr6	1	chr6_MATERNAL	1	chr6_PATERNAL
ACYP1	1	chr14	1	chr14_MATERNAL	1	chr14_PATERNAL
SPEM3	1	chr17	1	chr17_MATERNAL	1	chr17_PATERNAL
SSTR1	1	chr14	1	chr14_MATERNAL	1	chr14_PATERNAL
LRRC42	1	chr1	1	chr1_MATERNAL	1	chr1_PATERNAL
PRR15	1	chr7	1	chr7_MATERNAL	1	chr7_PATERNAL
INPP1	1	chr2	1	chr2_MATERNAL	1	chr2_PATERNAL
PALS2	1	chr7	1	chr7_MATERNAL	1	chr7_PATERNAL
GALNT14	1	chr2	1	chr2_MATERNAL	1	chr2_PATERNAL
SNAP29	1	chr22	1	chr22_MATERNAL	1	chr22_PATERNAL
SGSM3	1	chr22	1	chr22_MATERNAL	1	chr22_PATERNAL
ENDOG	1	chr9	1	chr9_MATERNAL	1	chr9_PATERNAL
OVCH1	1	chr12	1	chr12_MATERNAL	1	chr12_PATERNAL
ADAM29	1	chr4	1	chr4_MATERNAL	1	chr4_PATERNAL
OR8J3	1	chr11	1	chr11_MATERNAL	1	chr11_PATERNAL
TMEM268	1	chr9	1	chr9_MATERNAL	1	chr9_PATERNAL
ATAD1	1	chr10	1	chr10_MATERNAL	1	chr10_PATERNAL
FSCB	1	chr14	1	chr14_MATERNAL	1	chr14_PATERNAL
NME6	1	chr3	1	chr3_MATERNAL	1	chr3_PATERNAL
BAALC	1	chr8	1	chr8_MATERNAL	1	chr8_PATERNAL
GPHB5	1	chr14	1	chr14_MATERNAL	1	chr14_PATERNAL
LOC112268119	1	chr13	1	chr13_MATERNAL	1	chr13_PATERNAL
VRK2	1	chr2	1	chr2_MATERNAL	1	chr2_PATERNAL
SEC14L6	1	chr22	1	chr22_MATERNAL	1	chr22_PATERNAL
CEP70	1	chr3	1	chr3_MATERNAL	1	chr3_PATERNAL
OR51A2	0	None	0	None	1	chr11_PATERNAL
PDC	1	chr1	1	chr1_MATERNAL	1	chr1_PATERNAL
CELF5	1	chr19	1	chr19_MATERNAL	1	chr19_PATERNAL
IKBKG	1	chrX	1	chrX_MATERNAL	0	None
H4C4	1	chr6	1	chr6_MATERNAL	1	chr6_PATERNAL
WDR5	1	chr9	1	chr9_MATERNAL	1	chr9_PATERNAL
CLDN23	1	chr8	1	chr8_MATERNAL	1	chr8_PATERNAL
KIAA0825	1	chr5	1	chr5_MATERNAL	1	chr5_PATERNAL
PRTN3	1	chr19	1	chr19_MATERNAL	1	chr19_PATERNAL
DCAF6	1	chr1	1	chr1_MATERNAL	1	chr1_PATERNAL
TTBK2	1	chr15	1	chr15_MATERNAL	1	chr15_PATERNAL
GNG3	1	chr11	1	chr11_MATERNAL	1	chr11_PATERNAL
ABHD4	1	chr14	1	chr14_MATERNAL	1	chr14_PATERNAL
PRR19	1	chr19	1	chr19_MATERNAL	1	chr19_PATERNAL
DHRS3	1	chr1	1	chr1_MATERNAL	1	chr1_PATERNAL
KL	1	chr13	1	chr13_MATERNAL	1	chr13_PATERNAL
CLEC18A	1	chr16	1	chr16_MATERNAL	1	chr16_PATERNAL
ABCG4	1	chr11	1	chr11_MATERNAL	1	chr11_PATERNAL
RALA	1	chr7	1	chr7_MATERNAL	1	chr7_PATERNAL
TM4SF20	1	chr2	1	chr2_MATERNAL	1	chr2_PATERNAL
CNKSR1	1	chr1	1	chr1_MATERNAL	1	chr1_PATERNAL
ST8SIA3	1	chr18	1	chr18_MATERNAL	1	chr18_PATERNAL
ZNRF1	1	chr16	1	chr16_MATERNAL	1	chr16_PATERNAL
ADH6	1	chr4	1	chr4_MATERNAL	1	chr4_PATERNAL
ARRB2	1	chr17	1	chr17_MATERNAL	1	chr17_PATERNAL
HTN1	1	chr4	1	chr4_MATERNAL	1	chr4_PATERNAL
SEPSECS	1	chr4	1	chr4_MATERNAL	1	chr4_PATERNAL
ZNF587B	1	chr19	1	chr19_MATERNAL	1	chr19_PATERNAL
OR1J4	1	chr9	1	chr9_MATERNAL	1	chr9_PATERNAL
UTP25	1	chr1	1	chr1_MATERNAL	1	chr1_PATERNAL
PLD2	1	chr17	1	chr17_MATERNAL	1	chr17_PATERNAL
KRT7	1	chr12	1	chr12_MATERNAL	1	chr12_PATERNAL
KIR2DS4	1	chr19	1	chr19_MATERNAL	1	chr19_PATERNAL
CYHR1	1	chr8	1	chr8_MATERNAL	1	chr8_PATERNAL
FOXI1	1	chr5	1	chr5_MATERNAL	1	chr5_PATERNAL
SEMA4A	1	chr1	1	chr1_MATERNAL	1	chr1_PATERNAL
KRTAP4-7	1	chr17	1	chr17_MATERNAL	1	chr17_PATERNAL
LOC112268293	1	chr22	1	chr22_MATERNAL	1	chr22_PATERNAL
GRIK4	1	chr11	1	chr11_MATERNAL	1	chr11_PATERNAL
MYL1	1	chr2	1	chr2_MATERNAL	1	chr2_PATERNAL
CACNA1B	1	chr9	1	chr9_MATERNAL	1	chr9_PATERNAL
VPS41	1	chr7	1	chr7_MATERNAL	1	chr7_PATERNAL
UVSSA	1	chr4	1	chr4_MATERNAL	1	chr4_PATERNAL
MEX3A	1	chr1	1	chr1_MATERNAL	1	chr1_PATERNAL
RANGAP1	1	chr22	1	chr22_MATERNAL	1	chr22_PATERNAL
IL7R	1	chr5	1	chr5_MATERNAL	1	chr5_PATERNAL
TBL3	1	chr16	1	chr16_MATERNAL	1	chr16_PATERNAL
FAM222B	1	chr17	1	chr17_MATERNAL	1	chr17_PATERNAL
UGT2B11	1	chr4	1	chr4_MATERNAL	1	chr4_PATERNAL
ZNF548	1	chr19	1	chr19_MATERNAL	1	chr19_PATERNAL
DHRS7C	1	chr17	1	chr17_MATERNAL	1	chr17_PATERNAL
GPR3	1	chr1	1	chr1_MATERNAL	1	chr1_PATERNAL
GABRB3	1	chr15	1	chr15_MATERNAL	1	chr15_PATERNAL
OR4E2	1	chr14	1	chr14_MATERNAL	1	chr14_PATERNAL
SULT6B1	1	chr2	1	chr2_MATERNAL	1	chr2_PATERNAL
DDR1	1	chr6	1	chr6_MATERNAL	1	chr6_PATERNAL
GFOD1	1	chr6	1	chr6_MATERNAL	1	chr6_PATERNAL
TMEM185B	1	chr2	1	chr2_MATERNAL	1	chr2_PATERNAL
LOC124906252	1	chr3	1	chr3_MATERNAL	1	chr3_PATERNAL
TMEM106A	1	chr17	1	chr17_MATERNAL	1	chr17_PATERNAL
ILDR2	1	chr1	1	chr1_MATERNAL	1	chr1_PATERNAL
LYPD2	1	chr8	1	chr8_MATERNAL	1	chr8_PATERNAL
LOC107986800	1	chr7	1	chr7_MATERNAL	1	chr7_PATERNAL
ZNF84	1	chr12	1	chr12_MATERNAL	1	chr12_PATERNAL
CSNKA2IP	1	chr3	1	chr3_MATERNAL	1	chr3_PATERNAL
TLR2	1	chr4	1	chr4_MATERNAL	1	chr4_PATERNAL
TRIM48	1	chr11	1	chr11_MATERNAL	1	chr11_PATERNAL
PRPF18	1	chr10	1	chr10_MATERNAL	1	chr10_PATERNAL
LOC124903067	1	chr12	1	chr12_MATERNAL	1	chr12_PATERNAL
GSDMC	1	chr8	1	chr8_MATERNAL	1	chr8_PATERNAL
ALCAM	1	chr3	1	chr3_MATERNAL	1	chr3_PATERNAL
LIPI	1	chr21	1	chr21_MATERNAL	1	chr21_PATERNAL
HS3ST3A1	1	chr17	1	chr17_MATERNAL	1	chr17_PATERNAL
RHPN1	1	chr8	1	chr8_MATERNAL	1	chr8_PATERNAL
BRD3OS	1	chr9	1	chr9_MATERNAL	1	chr9_PATERNAL
RANGRF	1	chr17	1	chr17_MATERNAL	1	chr17_PATERNAL
TRIM60	1	chr4	1	chr4_MATERNAL	1	chr4_PATERNAL
ATXN1	1	chr6	1	chr6_MATERNAL	1	chr6_PATERNAL
ZNF569	1	chr19	1	chr19_MATERNAL	1	chr19_PATERNAL
TACR3	1	chr4	1	chr4_MATERNAL	1	chr4_PATERNAL
CHST11	1	chr12	1	chr12_MATERNAL	1	chr12_PATERNAL
RAB6A	1	chr11	1	chr11_MATERNAL	1	chr11_PATERNAL
USP17L3	1	chr8	1	chr8_MATERNAL	1	chr8_PATERNAL
HECTD1	1	chr14	1	chr14_MATERNAL	1	chr14_PATERNAL
IFNA17	1	chr9	1	chr9_MATERNAL	1	chr9_PATERNAL
CNGB1	1	chr16	1	chr16_MATERNAL	1	chr16_PATERNAL
LOC105371206	1	chr1	1	chr1_MATERNAL	1	chr1_PATERNAL
OPRPN	1	chr4	1	chr4_MATERNAL	1	chr4_PATERNAL
OR4D1	1	chr17	1	chr17_MATERNAL	1	chr17_PATERNAL
HTRA2	1	chr2	1	chr2_MATERNAL	1	chr2_PATERNAL
ARL5C	1	chr17	1	chr17_MATERNAL	1	chr17_PATERNAL
NEURL1	1	chr10	1	chr10_MATERNAL	1	chr10_PATERNAL
SMG1	1	chr16	1	chr16_MATERNAL	1	chr16_PATERNAL
SPRR2A	1	chr1	1	chr1_MATERNAL	1	chr1_PATERNAL
LRTM1	1	chr3	1	chr3_MATERNAL	1	chr3_PATERNAL
NTM	1	chr11	1	chr11_MATERNAL	1	chr11_PATERNAL
KRTAP9-4	1	chr17	1	chr17_MATERNAL	1	chr17_PATERNAL
ACTL7B	1	chr9	1	chr9_MATERNAL	1	chr9_PATERNAL
GPR162	1	chr12	1	chr12_MATERNAL	1	chr12_PATERNAL
LGR6	1	chr1	1	chr1_MATERNAL	1	chr1_PATERNAL
ECH1	1	chr19	1	chr19_MATERNAL	1	chr19_PATERNAL
MATN4	1	chr20	1	chr20_MATERNAL	1	chr20_PATERNAL
PELP1	1	chr17	1	chr17_MATERNAL	1	chr17_PATERNAL
MTFP1	1	chr22	1	chr22_MATERNAL	1	chr22_PATERNAL
HTR5A	1	chr7	1	chr7_MATERNAL	1	chr7_PATERNAL
DEFB107B	1	chr8	1	chr8_MATERNAL	1	chr8_PATERNAL
PIGY	1	chr4	1	chr4_MATERNAL	1	chr4_PATERNAL
NFS1	1	chr20	1	chr20_MATERNAL	1	chr20_PATERNAL
NDUFAF1	1	chr15	1	chr15_MATERNAL	1	chr15_PATERNAL
MMADHC	1	chr2	1	chr2_MATERNAL	1	chr2_PATERNAL
MSMB	1	chr10	1	chr10_MATERNAL	1	chr10_PATERNAL
SPIN4	1	chrX	1	chrX_MATERNAL	0	None
ZNF850	1	chr19	1	chr19_MATERNAL	1	chr19_PATERNAL
TMEM126A	1	chr11	1	chr11_MATERNAL	1	chr11_PATERNAL
ANP32D	1	chr12	1	chr12_MATERNAL	1	chr12_PATERNAL
ZNF669	1	chr1	1	chr1_MATERNAL	1	chr1_PATERNAL
ANXA6	1	chr5	1	chr5_MATERNAL	1	chr5_PATERNAL
GMNN	1	chr6	1	chr6_MATERNAL	1	chr6_PATERNAL
DEFB105A	1	chr8	1	chr8_MATERNAL	1	chr8_PATERNAL
FRA10AC1	1	chr10	1	chr10_MATERNAL	1	chr10_PATERNAL
LZTS2	1	chr10	1	chr10_MATERNAL	1	chr10_PATERNAL
DOCK7	1	chr1	1	chr1_MATERNAL	1	chr1_PATERNAL
MC1R	1	chr16	1	chr16_MATERNAL	1	chr16_PATERNAL
TUBGCP2	1	chr10	1	chr10_MATERNAL	1	chr10_PATERNAL
TAF7	1	chr5	1	chr5_MATERNAL	1	chr5_PATERNAL
OLA1	1	chr2	1	chr2_MATERNAL	1	chr2_PATERNAL
C17orf80	1	chr17	1	chr17_MATERNAL	1	chr17_PATERNAL
TLR3	1	chr4	1	chr4_MATERNAL	1	chr4_PATERNAL
LOC112268307	1	chrX	1	chrX_MATERNAL	0	None
ZNF711	1	chrX	1	chrX_MATERNAL	0	None
SEPTIN5	1	chr22	1	chr22_MATERNAL	1	chr22_PATERNAL
SLC25A36	1	chr3	1	chr3_MATERNAL	1	chr3_PATERNAL
CLASP2	1	chr3	1	chr3_MATERNAL	1	chr3_PATERNAL
CYB561	1	chr17	1	chr17_MATERNAL	1	chr17_PATERNAL
CLDN24	1	chr4	1	chr4_MATERNAL	1	chr4_PATERNAL
LAS1L	1	chrX	1	chrX_MATERNAL	0	None
OR2D2	1	chr11	1	chr11_MATERNAL	1	chr11_PATERNAL
ZNF568	1	chr19	1	chr19_MATERNAL	1	chr19_PATERNAL
TAF11L9	1	chr5	1	chr5_MATERNAL	1	chr5_PATERNAL
CCDC106	1	chr19	1	chr19_MATERNAL	1	chr19_PATERNAL
PARP8	1	chr5	1	chr5_MATERNAL	1	chr5_PATERNAL
MERTK	1	chr2	1	chr2_MATERNAL	1	chr2_PATERNAL
OPN1SW	1	chr7	1	chr7_MATERNAL	1	chr7_PATERNAL
KDM6A	1	chrX	1	chrX_MATERNAL	0	None
PLEKHD1	1	chr14	1	chr14_MATERNAL	1	chr14_PATERNAL
DNAJC5G	1	chr2	1	chr2_MATERNAL	1	chr2_PATERNAL
ITPR2	1	chr12	1	chr12_MATERNAL	1	chr12_PATERNAL
SERPINA4	1	chr14	1	chr14_MATERNAL	1	chr14_PATERNAL
ZSCAN1	1	chr19	1	chr19_MATERNAL	1	chr19_PATERNAL
FHOD3	1	chr18	1	chr18_MATERNAL	1	chr18_PATERNAL
ADAMTS18	1	chr16	1	chr16_MATERNAL	1	chr16_PATERNAL
BCL2L13	1	chr22	1	chr22_MATERNAL	1	chr22_PATERNAL
OR9A4	1	chr7	1	chr7_MATERNAL	1	chr7_PATERNAL
SIK3	1	chr11	1	chr11_MATERNAL	1	chr11_PATERNAL
CAMK4	1	chr5	1	chr5_MATERNAL	1	chr5_PATERNAL
JAK1	1	chr1	1	chr1_MATERNAL	1	chr1_PATERNAL
PDZD11	1	chrX	1	chrX_MATERNAL	0	None
PCGF3	1	chr4	1	chr4_MATERNAL	1	chr4_PATERNAL
POTEB	1	chr15	1	chr15_MATERNAL	0	None
PSMB8	1	chr6	1	chr6_MATERNAL	1	chr6_PATERNAL
ZNF174	1	chr16	1	chr16_MATERNAL	1	chr16_PATERNAL
THEM6	1	chr8	1	chr8_MATERNAL	1	chr8_PATERNAL
CRIP2	1	chr14	1	chr14_MATERNAL	1	chr14_PATERNAL
GPBAR1	1	chr2	1	chr2_MATERNAL	1	chr2_PATERNAL
CNOT7	1	chr8	1	chr8_MATERNAL	1	chr8_PATERNAL
CHST8	1	chr19	1	chr19_MATERNAL	1	chr19_PATERNAL
AZIN2	1	chr1	1	chr1_MATERNAL	1	chr1_PATERNAL
GAGE12J	1	chrX	1	chrX_MATERNAL	0	None
CRTAM	1	chr11	1	chr11_MATERNAL	1	chr11_PATERNAL
KRT15	1	chr17	1	chr17_MATERNAL	1	chr17_PATERNAL
SRP19	1	chr5	1	chr5_MATERNAL	1	chr5_PATERNAL
KANK3	1	chr19	1	chr19_MATERNAL	1	chr19_PATERNAL
SPAAR	1	chr9	1	chr9_MATERNAL	1	chr9_PATERNAL
ACRBP	1	chr12	1	chr12_MATERNAL	1	chr12_PATERNAL
NIPAL3	1	chr1	1	chr1_MATERNAL	1	chr1_PATERNAL
TRPC1	1	chr3	1	chr3_MATERNAL	1	chr3_PATERNAL
CSNK2A1	1	chr20	1	chr20_MATERNAL	1	chr20_PATERNAL
RNF144B	1	chr6	1	chr6_MATERNAL	1	chr6_PATERNAL
LPP	1	chr3	1	chr3_MATERNAL	1	chr3_PATERNAL
EPHA8	1	chr1	1	chr1_MATERNAL	1	chr1_PATERNAL
VPS35	1	chr16	1	chr16_MATERNAL	1	chr16_PATERNAL
RFESD	1	chr5	1	chr5_MATERNAL	1	chr5_PATERNAL
LEPROTL1	1	chr8	1	chr8_MATERNAL	1	chr8_PATERNAL
CHMP6	1	chr17	1	chr17_MATERNAL	1	chr17_PATERNAL
ERVV-1	1	chr19	0	None	1	chr19_PATERNAL
GNB1L	1	chr22	1	chr22_MATERNAL	1	chr22_PATERNAL
LOC124900647	1	chr4	1	chr4_MATERNAL	1	chr4_PATERNAL
ARNT2	1	chr15	1	chr15_MATERNAL	1	chr15_PATERNAL
MAP3K12	1	chr12	1	chr12_MATERNAL	1	chr12_PATERNAL
BAIAP2	1	chr17	1	chr17_MATERNAL	1	chr17_PATERNAL
LENG9	1	chr19	1	chr19_MATERNAL	1	chr19_PATERNAL
MOSPD1	1	chrX	1	chrX_MATERNAL	0	None
EBF1	1	chr5	1	chr5_MATERNAL	1	chr5_PATERNAL
ADORA3	1	chr1	1	chr1_MATERNAL	1	chr1_PATERNAL
RSU1	1	chr10	1	chr10_MATERNAL	1	chr10_PATERNAL
SEMA3D	1	chr7	1	chr7_MATERNAL	1	chr7_PATERNAL
MYOG	1	chr1	1	chr1_MATERNAL	1	chr1_PATERNAL
GJE1	1	chr6	1	chr6_MATERNAL	1	chr6_PATERNAL
ZHX3	1	chr20	1	chr20_MATERNAL	1	chr20_PATERNAL
ZBTB47	1	chr3	1	chr3_MATERNAL	1	chr3_PATERNAL
HKDC1	1	chr10	1	chr10_MATERNAL	1	chr10_PATERNAL
JPH2	1	chr20	1	chr20_MATERNAL	1	chr20_PATERNAL
DDX19A	1	chr16	1	chr16_MATERNAL	1	chr16_PATERNAL
CARD19	1	chr9	1	chr9_MATERNAL	1	chr9_PATERNAL
SMPD4	1	chr2	1	chr2_MATERNAL	1	chr2_PATERNAL
NKX6-2	1	chr10	1	chr10_MATERNAL	1	chr10_PATERNAL
SPATA20	1	chr17	1	chr17_MATERNAL	1	chr17_PATERNAL
FLYWCH1	1	chr16	1	chr16_MATERNAL	1	chr16_PATERNAL
DUSP16	1	chr12	1	chr12_MATERNAL	1	chr12_PATERNAL
COL5A3	1	chr19	1	chr19_MATERNAL	1	chr19_PATERNAL
ERBB4	1	chr2	1	chr2_MATERNAL	1	chr2_PATERNAL
TMED5	1	chr1	1	chr1_MATERNAL	1	chr1_PATERNAL
JCHAIN	1	chr4	1	chr4_MATERNAL	1	chr4_PATERNAL
CFAP157	1	chr9	1	chr9_MATERNAL	1	chr9_PATERNAL
ANKHD1	1	chr5	1	chr5_MATERNAL	1	chr5_PATERNAL
MUC3A	1	chr7	1	chr7_MATERNAL	1	chr7_PATERNAL
ZNF680	1	chr7	1	chr7_MATERNAL	1	chr7_PATERNAL
TNFAIP8L2-SCNM1	1	chr1	1	chr1_MATERNAL	1	chr1_PATERNAL
ALG14	1	chr1	1	chr1_MATERNAL	1	chr1_PATERNAL
LOC124900165	1	chr4	1	chr4_MATERNAL	1	chr4_PATERNAL
GPR137B	1	chr1	1	chr1_MATERNAL	1	chr1_PATERNAL
C12orf75	1	chr12	1	chr12_MATERNAL	1	chr12_PATERNAL
CRAMP1	1	chr16	1	chr16_MATERNAL	1	chr16_PATERNAL
KCNU1	1	chr8	1	chr8_MATERNAL	1	chr8_PATERNAL
ADAMTS9	1	chr3	1	chr3_MATERNAL	1	chr3_PATERNAL
TRIM23	1	chr5	1	chr5_MATERNAL	1	chr5_PATERNAL
NHLH2	1	chr1	1	chr1_MATERNAL	1	chr1_PATERNAL
KCNIP4	1	chr4	1	chr4_MATERNAL	1	chr4_PATERNAL
F2R	1	chr5	1	chr5_MATERNAL	1	chr5_PATERNAL
SLC35G5	1	chr8	1	chr8_MATERNAL	1	chr8_PATERNAL
LOXL2	1	chr8	1	chr8_MATERNAL	1	chr8_PATERNAL
COQ3	1	chr6	1	chr6_MATERNAL	1	chr6_PATERNAL
ORC6	1	chr16	1	chr16_MATERNAL	1	chr16_PATERNAL
FSIP1	1	chr15	1	chr15_MATERNAL	1	chr15_PATERNAL
CD300LG	1	chr17	1	chr17_MATERNAL	1	chr17_PATERNAL
CUL3	1	chr2	1	chr2_MATERNAL	1	chr2_PATERNAL
CDS2	1	chr20	1	chr20_MATERNAL	1	chr20_PATERNAL
WDFY2	1	chr13	1	chr13_MATERNAL	1	chr13_PATERNAL
TMEM87B	1	chr2	1	chr2_MATERNAL	1	chr2_PATERNAL
DEFB115	1	chr20	1	chr20_MATERNAL	1	chr20_PATERNAL
CKLF	1	chr16	1	chr16_MATERNAL	1	chr16_PATERNAL
LOC102724877	1	chr3	1	chr3_MATERNAL	1	chr3_PATERNAL
OR5AN1	1	chr11	1	chr11_MATERNAL	1	chr11_PATERNAL
MUTYH	1	chr1	1	chr1_MATERNAL	1	chr1_PATERNAL
MORF4L1	1	chr15	1	chr15_MATERNAL	1	chr15_PATERNAL
TUBB3	1	chr16	1	chr16_MATERNAL	1	chr16_PATERNAL
REL	1	chr2	1	chr2_MATERNAL	1	chr2_PATERNAL
ERAS	1	chrX	1	chrX_MATERNAL	0	None
UBN1	1	chr16	1	chr16_MATERNAL	1	chr16_PATERNAL
PFN2	1	chr3	1	chr3_MATERNAL	1	chr3_PATERNAL
ZNF816	1	chr19	1	chr19_MATERNAL	1	chr19_PATERNAL
TMEM225B	1	chr7	1	chr7_MATERNAL	1	chr7_PATERNAL
BOLA1	1	chr1	1	chr1_MATERNAL	1	chr1_PATERNAL
MICU3	1	chr8	1	chr8_MATERNAL	1	chr8_PATERNAL
DUSP23	1	chr1	1	chr1_MATERNAL	1	chr1_PATERNAL
ZNF226	1	chr19	1	chr19_MATERNAL	1	chr19_PATERNAL
PPL	1	chr16	1	chr16_MATERNAL	1	chr16_PATERNAL
FOXD1	1	chr5	1	chr5_MATERNAL	1	chr5_PATERNAL
WNT9A	1	chr1	1	chr1_MATERNAL	1	chr1_PATERNAL
PTCD3	1	chr2	1	chr2_MATERNAL	1	chr2_PATERNAL
ABHD14B	1	chr3	1	chr3_MATERNAL	1	chr3_PATERNAL
PAX5	1	chr9	1	chr9_MATERNAL	1	chr9_PATERNAL
DMXL2	1	chr15	1	chr15_MATERNAL	1	chr15_PATERNAL
TYK2	1	chr19	1	chr19_MATERNAL	1	chr19_PATERNAL
MIDEAS	1	chr14	1	chr14_MATERNAL	1	chr14_PATERNAL
ATG5	1	chr6	1	chr6_MATERNAL	1	chr6_PATERNAL
TMEM108	1	chr3	1	chr3_MATERNAL	1	chr3_PATERNAL
SERPIND1	1	chr22	1	chr22_MATERNAL	1	chr22_PATERNAL
ZNF26	1	chr12	1	chr12_MATERNAL	1	chr12_PATERNAL
SOX12	1	chr20	1	chr20_MATERNAL	1	chr20_PATERNAL
DAZ2	1	chrY	0	None	1	chrY_PATERNAL
DPP8	1	chr15	1	chr15_MATERNAL	1	chr15_PATERNAL
USP21	1	chr1	1	chr1_MATERNAL	1	chr1_PATERNAL
RAB40AL	1	chrX	1	chrX_MATERNAL	0	None
REV3L	1	chr6	1	chr6_MATERNAL	1	chr6_PATERNAL
FBXO46	1	chr19	1	chr19_MATERNAL	1	chr19_PATERNAL
RAMP3	1	chr7	1	chr7_MATERNAL	1	chr7_PATERNAL
DPEP2NB	1	chr16	1	chr16_MATERNAL	1	chr16_PATERNAL
CXorf51A	1	chrX	1	chrX_MATERNAL	0	None
KRTAP4-4	1	chr17	1	chr17_MATERNAL	1	chr17_PATERNAL
SMAD2	1	chr18	1	chr18_MATERNAL	1	chr18_PATERNAL
RBM41	1	chrX	1	chrX_MATERNAL	0	None
STRN	1	chr2	1	chr2_MATERNAL	1	chr2_PATERNAL
PDE5A	1	chr4	1	chr4_MATERNAL	1	chr4_PATERNAL
CLSTN2	1	chr3	1	chr3_MATERNAL	1	chr3_PATERNAL
ASB12	1	chrX	1	chrX_MATERNAL	0	None
LOC100996598	1	chr22	1	chr22_MATERNAL	1	chr22_PATERNAL
MLLT11	1	chr1	1	chr1_MATERNAL	1	chr1_PATERNAL
TAS2R14	1	chr12	1	chr12_MATERNAL	1	chr12_PATERNAL
NEIL3	1	chr4	1	chr4_MATERNAL	1	chr4_PATERNAL
WRN	1	chr8	1	chr8_MATERNAL	1	chr8_PATERNAL
DUSP22	2	chr6,chr16	2	chr16_MATERNAL,chr6_MATERNAL	1	chr6_PATERNAL
THBD	1	chr20	1	chr20_MATERNAL	1	chr20_PATERNAL
L3MBTL3	1	chr6	1	chr6_MATERNAL	1	chr6_PATERNAL
LMO1	1	chr11	1	chr11_MATERNAL	1	chr11_PATERNAL
FCGBP	0	None	1	chr19_MATERNAL	1	chr19_PATERNAL
FCMR	1	chr1	1	chr1_MATERNAL	1	chr1_PATERNAL
SLC7A2	1	chr8	1	chr8_MATERNAL	1	chr8_PATERNAL
ZNF488	1	chr10	1	chr10_MATERNAL	1	chr10_PATERNAL
EIF3A	1	chr10	1	chr10_MATERNAL	1	chr10_PATERNAL
CACFD1	1	chr9	1	chr9_MATERNAL	1	chr9_PATERNAL
CNBD1	1	chr8	1	chr8_MATERNAL	1	chr8_PATERNAL
LOC105369669	1	chr12	1	chr12_MATERNAL	1	chr12_PATERNAL
LOC124900752	1	chr4	1	chr4_MATERNAL	1	chr4_PATERNAL
POLR2C	1	chr16	1	chr16_MATERNAL	1	chr16_PATERNAL
MTIF3	1	chr13	1	chr13_MATERNAL	1	chr13_PATERNAL
THOC3	1	chr5	1	chr5_MATERNAL	1	chr5_PATERNAL
RARA	1	chr17	1	chr17_MATERNAL	1	chr17_PATERNAL
MGARP	1	chr4	1	chr4_MATERNAL	1	chr4_PATERNAL
ZNF564	1	chr19	1	chr19_MATERNAL	1	chr19_PATERNAL
RPRML	1	chr17	1	chr17_MATERNAL	1	chr17_PATERNAL
TBRG1	1	chr11	1	chr11_MATERNAL	1	chr11_PATERNAL
SHANK1	1	chr19	1	chr19_MATERNAL	1	chr19_PATERNAL
DHX37	1	chr12	1	chr12_MATERNAL	1	chr12_PATERNAL
PAN3	1	chr13	1	chr13_MATERNAL	1	chr13_PATERNAL
FOXD4L1	1	chr2	1	chr2_MATERNAL	1	chr2_PATERNAL
PRELID2	1	chr5	1	chr5_MATERNAL	1	chr5_PATERNAL
SYS1	1	chr20	1	chr20_MATERNAL	1	chr20_PATERNAL
MED23	1	chr6	1	chr6_MATERNAL	1	chr6_PATERNAL
VANGL2	1	chr1	1	chr1_MATERNAL	1	chr1_PATERNAL
LHX3	1	chr9	1	chr9_MATERNAL	1	chr9_PATERNAL
PEX16	1	chr11	1	chr11_MATERNAL	1	chr11_PATERNAL
TNFRSF10B	1	chr8	1	chr8_MATERNAL	1	chr8_PATERNAL
KRT71	1	chr12	1	chr12_MATERNAL	1	chr12_PATERNAL
ZYG11A	1	chr1	1	chr1_MATERNAL	1	chr1_PATERNAL
VWF	1	chr12	1	chr12_MATERNAL	1	chr12_PATERNAL
SLC6A8	1	chrX	1	chrX_MATERNAL	0	None
SPDYE17	1	chr7	1	chr7_MATERNAL	1	chr7_PATERNAL
FAM83E	1	chr19	1	chr19_MATERNAL	1	chr19_PATERNAL
IER3IP1	1	chr18	1	chr18_MATERNAL	1	chr18_PATERNAL
ATP5PD	1	chr17	1	chr17_MATERNAL	1	chr17_PATERNAL
MCUB	1	chr4	1	chr4_MATERNAL	1	chr4_PATERNAL
CLHC1	1	chr2	1	chr2_MATERNAL	1	chr2_PATERNAL
CSH1	1	chr17	1	chr17_MATERNAL	1	chr17_PATERNAL
DHRS9	1	chr2	1	chr2_MATERNAL	1	chr2_PATERNAL
FCGR3B	2	chr1,chr1	1	chr1_MATERNAL	1	chr1_PATERNAL
PLLP	1	chr16	1	chr16_MATERNAL	1	chr16_PATERNAL
FBXW7	1	chr4	1	chr4_MATERNAL	1	chr4_PATERNAL
XYLT1	1	chr16	1	chr16_MATERNAL	1	chr16_PATERNAL
ERP29	1	chr12	1	chr12_MATERNAL	1	chr12_PATERNAL
EMC6	1	chr17	1	chr17_MATERNAL	1	chr17_PATERNAL
ADGRG3	1	chr16	1	chr16_MATERNAL	1	chr16_PATERNAL
MAVS	1	chr20	1	chr20_MATERNAL	1	chr20_PATERNAL
CEP72	1	chr5	1	chr5_MATERNAL	1	chr5_PATERNAL
CMKLR2	1	chr2	1	chr2_MATERNAL	1	chr2_PATERNAL
MED7	1	chr5	1	chr5_MATERNAL	1	chr5_PATERNAL
RBM43	1	chr2	1	chr2_MATERNAL	1	chr2_PATERNAL
ZP2	1	chr16	1	chr16_MATERNAL	1	chr16_PATERNAL
CRLS1	1	chr20	1	chr20_MATERNAL	1	chr20_PATERNAL
FBXL5	1	chr4	1	chr4_MATERNAL	1	chr4_PATERNAL
OR13C8	1	chr9	1	chr9_MATERNAL	1	chr9_PATERNAL
AEBP1	1	chr7	1	chr7_MATERNAL	1	chr7_PATERNAL
KRTAP12-2	1	chr21	1	chr21_MATERNAL	1	chr21_PATERNAL
ADGRF1	1	chr6	1	chr6_MATERNAL	1	chr6_PATERNAL
RALGDS	1	chr9	1	chr9_MATERNAL	1	chr9_PATERNAL
PBLD	1	chr10	1	chr10_MATERNAL	1	chr10_PATERNAL
LUC7L3	1	chr17	1	chr17_MATERNAL	1	chr17_PATERNAL
LOC124900597	1	chrX	1	chrX_MATERNAL	0	None
C15orf61	1	chr15	1	chr15_MATERNAL	1	chr15_PATERNAL
NT5DC4	1	chr2	1	chr2_MATERNAL	1	chr2_PATERNAL
APOA5	1	chr11	1	chr11_MATERNAL	1	chr11_PATERNAL
PDCD2L	1	chr19	1	chr19_MATERNAL	1	chr19_PATERNAL
CORO2B	1	chr15	1	chr15_MATERNAL	1	chr15_PATERNAL
ARHGAP1	1	chr11	1	chr11_MATERNAL	1	chr11_PATERNAL
IL32	1	chr16	1	chr16_MATERNAL	1	chr16_PATERNAL
LOC102724023	1	chr21	1	chr21_MATERNAL	1	chr21_PATERNAL
TWF2	1	chr3	1	chr3_MATERNAL	1	chr3_PATERNAL
LRRC52	1	chr1	1	chr1_MATERNAL	1	chr1_PATERNAL
GEMIN8	1	chrX	1	chrX_MATERNAL	0	None
PGAP1	1	chr2	1	chr2_MATERNAL	1	chr2_PATERNAL
CEP83	1	chr12	1	chr12_MATERNAL	1	chr12_PATERNAL
DAPL1	1	chr2	1	chr2_MATERNAL	1	chr2_PATERNAL
CAPS2	1	chr12	1	chr12_MATERNAL	1	chr12_PATERNAL
NDUFAF7	1	chr2	1	chr2_MATERNAL	1	chr2_PATERNAL
PKD2L2	1	chr5	1	chr5_MATERNAL	1	chr5_PATERNAL
PAEP	1	chr9	1	chr9_MATERNAL	1	chr9_PATERNAL
C1orf35	1	chr1	1	chr1_MATERNAL	1	chr1_PATERNAL
PARS2	1	chr1	1	chr1_MATERNAL	1	chr1_PATERNAL
KCNF1	1	chr2	1	chr2_MATERNAL	1	chr2_PATERNAL
TUBB2A	1	chr6	1	chr6_MATERNAL	1	chr6_PATERNAL
ZNF816-ZNF321P	1	chr19	1	chr19_MATERNAL	1	chr19_PATERNAL
POTEF	1	chr2	1	chr2_MATERNAL	1	chr2_PATERNAL
TAAR5	1	chr6	1	chr6_MATERNAL	1	chr6_PATERNAL
ST6GALNAC5	1	chr1	1	chr1_MATERNAL	1	chr1_PATERNAL
TRIP4	1	chr15	1	chr15_MATERNAL	1	chr15_PATERNAL
FAM170A	1	chr5	1	chr5_MATERNAL	1	chr5_PATERNAL
CDK2AP1	1	chr12	1	chr12_MATERNAL	1	chr12_PATERNAL
TAS1R2	1	chr1	1	chr1_MATERNAL	1	chr1_PATERNAL
HS3ST1	1	chr4	1	chr4_MATERNAL	1	chr4_PATERNAL
RGS21	1	chr1	1	chr1_MATERNAL	1	chr1_PATERNAL
NDFIP1	1	chr5	1	chr5_MATERNAL	1	chr5_PATERNAL
DDX6	1	chr11	1	chr11_MATERNAL	1	chr11_PATERNAL
MYH9	1	chr22	1	chr22_MATERNAL	1	chr22_PATERNAL
TSSK6	1	chr19	1	chr19_MATERNAL	1	chr19_PATERNAL
CCDC88C	1	chr14	1	chr14_MATERNAL	1	chr14_PATERNAL
TMEM253	1	chr14	1	chr14_MATERNAL	1	chr14_PATERNAL
PRSS35	1	chr6	1	chr6_MATERNAL	1	chr6_PATERNAL
CKAP2L	1	chr2	1	chr2_MATERNAL	1	chr2_PATERNAL
TSPYL6	1	chr2	1	chr2_MATERNAL	1	chr2_PATERNAL
TCF20	1	chr22	1	chr22_MATERNAL	1	chr22_PATERNAL
CYB5R1	1	chr1	1	chr1_MATERNAL	1	chr1_PATERNAL
H3-4	1	chr1	1	chr1_MATERNAL	1	chr1_PATERNAL
ECPAS	1	chr9	1	chr9_MATERNAL	1	chr9_PATERNAL
PRMT3	1	chr11	1	chr11_MATERNAL	1	chr11_PATERNAL
NGEF	1	chr2	1	chr2_MATERNAL	1	chr2_PATERNAL
SSR1	1	chr6	1	chr6_MATERNAL	1	chr6_PATERNAL
DEFB118	1	chr20	1	chr20_MATERNAL	1	chr20_PATERNAL
LSM2	1	chr6	1	chr6_MATERNAL	1	chr6_PATERNAL
OR5M1	1	chr11	1	chr11_MATERNAL	1	chr11_PATERNAL
SLC24A2	1	chr9	1	chr9_MATERNAL	1	chr9_PATERNAL
TOPAZ1	1	chr3	1	chr3_MATERNAL	1	chr3_PATERNAL
MTBP	1	chr8	1	chr8_MATERNAL	1	chr8_PATERNAL
ENC1	1	chr5	1	chr5_MATERNAL	1	chr5_PATERNAL
ELMO3	1	chr16	1	chr16_MATERNAL	1	chr16_PATERNAL
STOX1	1	chr10	1	chr10_MATERNAL	1	chr10_PATERNAL
TRDMT1	1	chr10	1	chr10_MATERNAL	1	chr10_PATERNAL
MSLN	1	chr16	1	chr16_MATERNAL	1	chr16_PATERNAL
NUDT13	1	chr10	1	chr10_MATERNAL	1	chr10_PATERNAL
ALKBH4	1	chr7	1	chr7_MATERNAL	1	chr7_PATERNAL
GRIN3B	1	chr19	1	chr19_MATERNAL	1	chr19_PATERNAL
ZNF566	1	chr19	1	chr19_MATERNAL	1	chr19_PATERNAL
HNRNPLL	1	chr2	1	chr2_MATERNAL	1	chr2_PATERNAL
BMI1	1	chr10	1	chr10_MATERNAL	1	chr10_PATERNAL
SUCLG1	1	chr2	1	chr2_MATERNAL	1	chr2_PATERNAL
ITIH4	1	chr3	1	chr3_MATERNAL	1	chr3_PATERNAL
NME8	1	chr7	1	chr7_MATERNAL	1	chr7_PATERNAL
RFPL4AL1	1	chr19	1	chr19_MATERNAL	1	chr19_PATERNAL
MEDAG	1	chr13	1	chr13_MATERNAL	1	chr13_PATERNAL
FBXO39	1	chr17	1	chr17_MATERNAL	1	chr17_PATERNAL
KCNQ2	1	chr20	1	chr20_MATERNAL	1	chr20_PATERNAL
KRTAP20-2	1	chr21	1	chr21_MATERNAL	1	chr21_PATERNAL
BTG3	1	chr21	1	chr21_MATERNAL	1	chr21_PATERNAL
IFNA7	1	chr9	1	chr9_MATERNAL	1	chr9_PATERNAL
C20orf96	1	chr20	1	chr20_MATERNAL	1	chr20_PATERNAL
GPR137C	1	chr14	1	chr14_MATERNAL	1	chr14_PATERNAL
CIDEB	1	chr14	1	chr14_MATERNAL	1	chr14_PATERNAL
PIGX	1	chr3	1	chr3_MATERNAL	1	chr3_PATERNAL
ADAMTS7	1	chr15	1	chr15_MATERNAL	1	chr15_PATERNAL
CD180	1	chr5	1	chr5_MATERNAL	1	chr5_PATERNAL
FASTK	1	chr7	1	chr7_MATERNAL	1	chr7_PATERNAL
IGFL3	1	chr19	1	chr19_MATERNAL	1	chr19_PATERNAL
MYO6	1	chr6	1	chr6_MATERNAL	1	chr6_PATERNAL
NAGA	1	chr22	1	chr22_MATERNAL	1	chr22_PATERNAL
TBCCD1	1	chr3	1	chr3_MATERNAL	1	chr3_PATERNAL
LCE3B	1	chr1	1	chr1_MATERNAL	0	None
C22orf42	1	chr22	1	chr22_MATERNAL	1	chr22_PATERNAL
SFTPB	1	chr2	1	chr2_MATERNAL	1	chr2_PATERNAL
LOC441239	1	chr7	1	chr7_MATERNAL	1	chr7_PATERNAL
GOT1L1	1	chr8	1	chr8_MATERNAL	1	chr8_PATERNAL
RCAN3	1	chr1	1	chr1_MATERNAL	1	chr1_PATERNAL
LYG2	1	chr2	1	chr2_MATERNAL	1	chr2_PATERNAL
SPG11	1	chr15	1	chr15_MATERNAL	1	chr15_PATERNAL
BDH2	1	chr4	1	chr4_MATERNAL	1	chr4_PATERNAL
DNAJB5	1	chr9	1	chr9_MATERNAL	1	chr9_PATERNAL
CDK15	1	chr2	1	chr2_MATERNAL	1	chr2_PATERNAL
PLBD2	1	chr12	1	chr12_MATERNAL	1	chr12_PATERNAL
DHFR	1	chr5	1	chr5_MATERNAL	1	chr5_PATERNAL
RPUSD2	1	chr15	1	chr15_MATERNAL	1	chr15_PATERNAL
CCDC144A	1	chr17	1	chr17_MATERNAL	1	chr17_PATERNAL
KHDC1	1	chr6	1	chr6_MATERNAL	1	chr6_PATERNAL
SSX2	1	chrX	1	chrX_MATERNAL	0	None
TTPA	1	chr8	1	chr8_MATERNAL	1	chr8_PATERNAL
SOHLH1	1	chr9	1	chr9_MATERNAL	1	chr9_PATERNAL
ERBB2	1	chr17	1	chr17_MATERNAL	1	chr17_PATERNAL
DUXB	1	chr16	1	chr16_MATERNAL	1	chr16_PATERNAL
BCL2L15	1	chr1	1	chr1_MATERNAL	1	chr1_PATERNAL
PAGE4	1	chrX	1	chrX_MATERNAL	0	None
FMO5	1	chr1	1	chr1_MATERNAL	1	chr1_PATERNAL
POU1F1	1	chr3	1	chr3_MATERNAL	1	chr3_PATERNAL
TTC17	1	chr11	1	chr11_MATERNAL	1	chr11_PATERNAL
TTC30B	1	chr2	1	chr2_MATERNAL	1	chr2_PATERNAL
FADS1	1	chr11	1	chr11_MATERNAL	1	chr11_PATERNAL
SLC25A17	1	chr22	1	chr22_MATERNAL	1	chr22_PATERNAL
TMEM199	1	chr17	1	chr17_MATERNAL	1	chr17_PATERNAL
RRS1	1	chr8	1	chr8_MATERNAL	1	chr8_PATERNAL
SAP18	1	chr13	1	chr13_MATERNAL	1	chr13_PATERNAL
RBM19	1	chr12	1	chr12_MATERNAL	1	chr12_PATERNAL
MACO1	1	chr1	1	chr1_MATERNAL	1	chr1_PATERNAL
RPL12	1	chr9	1	chr9_MATERNAL	1	chr9_PATERNAL
CLEC2B	1	chr12	1	chr12_MATERNAL	1	chr12_PATERNAL
ARL9	1	chr4	1	chr4_MATERNAL	1	chr4_PATERNAL
SPTLC3	1	chr20	1	chr20_MATERNAL	1	chr20_PATERNAL
CCNYL1	1	chr2	1	chr2_MATERNAL	1	chr2_PATERNAL
TMCO1	1	chr1	1	chr1_MATERNAL	1	chr1_PATERNAL
ADAMTSL2	1	chr9	1	chr9_MATERNAL	1	chr9_PATERNAL
HTR3C	1	chr3	1	chr3_MATERNAL	1	chr3_PATERNAL
GDI1	1	chrX	1	chrX_MATERNAL	0	None
BLACAT1	1	chr1	1	chr1_MATERNAL	1	chr1_PATERNAL
NAT16	1	chr7	1	chr7_MATERNAL	1	chr7_PATERNAL
PSMB10	1	chr16	1	chr16_MATERNAL	1	chr16_PATERNAL
PAIP1	1	chr5	1	chr5_MATERNAL	1	chr5_PATERNAL
OPHN1	1	chrX	1	chrX_MATERNAL	0	None
ZRANB1	1	chr10	1	chr10_MATERNAL	1	chr10_PATERNAL
CITED4	1	chr1	1	chr1_MATERNAL	1	chr1_PATERNAL
NPC1	1	chr18	1	chr18_MATERNAL	1	chr18_PATERNAL
VCY1B	1	chrY	0	None	1	chrY_PATERNAL
LMNB2	1	chr19	1	chr19_MATERNAL	1	chr19_PATERNAL
ATP1A4	1	chr1	1	chr1_MATERNAL	1	chr1_PATERNAL
ZFYVE9	1	chr1	1	chr1_MATERNAL	1	chr1_PATERNAL
LRRC69	1	chr8	1	chr8_MATERNAL	1	chr8_PATERNAL
B4GALT7	1	chr5	1	chr5_MATERNAL	1	chr5_PATERNAL
MPC1L	1	chrX	1	chrX_MATERNAL	0	None
RETSAT	1	chr2	1	chr2_MATERNAL	1	chr2_PATERNAL
PFAS	1	chr17	1	chr17_MATERNAL	1	chr17_PATERNAL
RMI2	1	chr16	1	chr16_MATERNAL	1	chr16_PATERNAL
APOB	1	chr2	1	chr2_MATERNAL	1	chr2_PATERNAL
HSPA9	1	chr5	1	chr5_MATERNAL	1	chr5_PATERNAL
RGL3	1	chr19	1	chr19_MATERNAL	1	chr19_PATERNAL
SCYGR5	1	chr2	1	chr2_MATERNAL	1	chr2_PATERNAL
TOMM40	1	chr19	1	chr19_MATERNAL	1	chr19_PATERNAL
CCDC125	1	chr5	1	chr5_MATERNAL	1	chr5_PATERNAL
HPS4	1	chr22	1	chr22_MATERNAL	1	chr22_PATERNAL
GREB1L	1	chr18	1	chr18_MATERNAL	1	chr18_PATERNAL
CYP2U1	1	chr4	1	chr4_MATERNAL	1	chr4_PATERNAL
EPB41L2	1	chr6	1	chr6_MATERNAL	1	chr6_PATERNAL
LOC124901797	1	chr7	2	chr7_MATERNAL,chr7_MATERNAL	2	chr7_PATERNAL,chr7_PATERNAL
MUC4	1	chr3	1	chr3_MATERNAL	1	chr3_PATERNAL
PAQR6	1	chr1	1	chr1_MATERNAL	1	chr1_PATERNAL
CSTL1	1	chr20	1	chr20_MATERNAL	1	chr20_PATERNAL
ASPH	1	chr8	1	chr8_MATERNAL	1	chr8_PATERNAL
LRRN3	1	chr7	1	chr7_MATERNAL	1	chr7_PATERNAL
LRRC8E	1	chr19	1	chr19_MATERNAL	1	chr19_PATERNAL
JKAMP	1	chr14	1	chr14_MATERNAL	1	chr14_PATERNAL
ATP5F1A	1	chr18	1	chr18_MATERNAL	1	chr18_PATERNAL
CD40LG	1	chrX	1	chrX_MATERNAL	0	None
H3C15	1	chr1	1	chr1_MATERNAL	1	chr1_PATERNAL
BORCS7	1	chr10	1	chr10_MATERNAL	1	chr10_PATERNAL
H2AC18	1	chr1	1	chr1_MATERNAL	1	chr1_PATERNAL
CXCL17	1	chr19	1	chr19_MATERNAL	1	chr19_PATERNAL
SLC17A3	1	chr6	1	chr6_MATERNAL	1	chr6_PATERNAL
P2RY14	1	chr3	1	chr3_MATERNAL	1	chr3_PATERNAL
KCND1	1	chrX	1	chrX_MATERNAL	0	None
GNAI3	1	chr1	1	chr1_MATERNAL	1	chr1_PATERNAL
CLTA	1	chr9	1	chr9_MATERNAL	1	chr9_PATERNAL
APCDD1L	1	chr20	1	chr20_MATERNAL	1	chr20_PATERNAL
TMED10	1	chr14	1	chr14_MATERNAL	1	chr14_PATERNAL
SLC12A5	1	chr20	1	chr20_MATERNAL	1	chr20_PATERNAL
MAPK13	1	chr6	1	chr6_MATERNAL	1	chr6_PATERNAL
OR6C76	1	chr12	1	chr12_MATERNAL	1	chr12_PATERNAL
CHD4	1	chr12	1	chr12_MATERNAL	1	chr12_PATERNAL
ATAD2B	1	chr2	1	chr2_MATERNAL	1	chr2_PATERNAL
OR52E4	1	chr11	1	chr11_MATERNAL	1	chr11_PATERNAL
CALHM4	1	chr6	1	chr6_MATERNAL	1	chr6_PATERNAL
DIXDC1	1	chr11	1	chr11_MATERNAL	1	chr11_PATERNAL
OR5AR1	1	chr11	1	chr11_MATERNAL	1	chr11_PATERNAL
GALNT9	1	chr12	1	chr12_MATERNAL	1	chr12_PATERNAL
CD248	1	chr11	1	chr11_MATERNAL	1	chr11_PATERNAL
EP300	1	chr22	1	chr22_MATERNAL	1	chr22_PATERNAL
LNPEP	1	chr5	1	chr5_MATERNAL	1	chr5_PATERNAL
TRIM26	1	chr6	1	chr6_MATERNAL	1	chr6_PATERNAL
FAM180B	1	chr11	1	chr11_MATERNAL	1	chr11_PATERNAL
HSPA4	1	chr5	1	chr5_MATERNAL	1	chr5_PATERNAL
MNDA	1	chr1	1	chr1_MATERNAL	1	chr1_PATERNAL
C8orf33	1	chr8	1	chr8_MATERNAL	1	chr8_PATERNAL
CENPK	1	chr5	1	chr5_MATERNAL	1	chr5_PATERNAL
FUOM	1	chr10	1	chr10_MATERNAL	1	chr10_PATERNAL
MICU2	1	chr13	1	chr13_MATERNAL	1	chr13_PATERNAL
OPA1	1	chr3	1	chr3_MATERNAL	1	chr3_PATERNAL
ESM1	1	chr5	1	chr5_MATERNAL	1	chr5_PATERNAL
GTF3C2	1	chr2	1	chr2_MATERNAL	1	chr2_PATERNAL
RABL2B	1	chr22	1	chr22_MATERNAL	1	chr22_PATERNAL
TAF4B	1	chr18	1	chr18_MATERNAL	1	chr18_PATERNAL
ANKRD53	1	chr2	1	chr2_MATERNAL	1	chr2_PATERNAL
SLC51A	1	chr3	1	chr3_MATERNAL	1	chr3_PATERNAL
TRAPPC9	1	chr8	1	chr8_MATERNAL	1	chr8_PATERNAL
CYGB	1	chr17	1	chr17_MATERNAL	1	chr17_PATERNAL
TEX9	1	chr15	1	chr15_MATERNAL	1	chr15_PATERNAL
CELF4	1	chr18	1	chr18_MATERNAL	1	chr18_PATERNAL
MAP3K2	1	chr2	1	chr2_MATERNAL	1	chr2_PATERNAL
PPP1R2	1	chr3	1	chr3_MATERNAL	1	chr3_PATERNAL
TMEM86B	1	chr19	1	chr19_MATERNAL	1	chr19_PATERNAL
PAFAH1B1	1	chr17	1	chr17_MATERNAL	1	chr17_PATERNAL
HCAR3	1	chr12	1	chr12_MATERNAL	1	chr12_PATERNAL
POU5F1	1	chr6	1	chr6_MATERNAL	1	chr6_PATERNAL
CAMK1D	1	chr10	1	chr10_MATERNAL	1	chr10_PATERNAL
SNRPB2	1	chr20	1	chr20_MATERNAL	1	chr20_PATERNAL
IMPDH1	1	chr7	1	chr7_MATERNAL	1	chr7_PATERNAL
TAF3	1	chr10	1	chr10_MATERNAL	1	chr10_PATERNAL
NLRP14	1	chr11	1	chr11_MATERNAL	1	chr11_PATERNAL
GIMAP1	1	chr7	1	chr7_MATERNAL	1	chr7_PATERNAL
DYNC2H1	1	chr11	1	chr11_MATERNAL	1	chr11_PATERNAL
CSN1S1	1	chr4	1	chr4_MATERNAL	1	chr4_PATERNAL
CIAO2A	1	chr15	1	chr15_MATERNAL	1	chr15_PATERNAL
ZNF580	1	chr19	1	chr19_MATERNAL	1	chr19_PATERNAL
SLC25A29	1	chr14	1	chr14_MATERNAL	1	chr14_PATERNAL
FKBP1C	1	chr6	1	chr6_MATERNAL	1	chr6_PATERNAL
ST6GALNAC1	1	chr17	1	chr17_MATERNAL	1	chr17_PATERNAL
GINS1	1	chr20	1	chr20_MATERNAL	1	chr20_PATERNAL
UEVLD	1	chr11	1	chr11_MATERNAL	1	chr11_PATERNAL
CCL1	1	chr17	1	chr17_MATERNAL	1	chr17_PATERNAL
INTS8	1	chr8	1	chr8_MATERNAL	1	chr8_PATERNAL
SURF6	1	chr9	1	chr9_MATERNAL	1	chr9_PATERNAL
ANXA1	1	chr9	1	chr9_MATERNAL	1	chr9_PATERNAL
SCPEP1	1	chr17	1	chr17_MATERNAL	1	chr17_PATERNAL
CACNA1G	1	chr17	1	chr17_MATERNAL	1	chr17_PATERNAL
SUV39H1	1	chrX	1	chrX_MATERNAL	0	None
SDC2	1	chr8	1	chr8_MATERNAL	1	chr8_PATERNAL
FXR1	1	chr3	1	chr3_MATERNAL	1	chr3_PATERNAL
SH3BP4	1	chr2	1	chr2_MATERNAL	1	chr2_PATERNAL
ZYX	1	chr7	1	chr7_MATERNAL	1	chr7_PATERNAL
YY2	1	chrX	1	chrX_MATERNAL	0	None
DNAH14	1	chr1	1	chr1_MATERNAL	1	chr1_PATERNAL
H2BC4	1	chr6	1	chr6_MATERNAL	1	chr6_PATERNAL
MYL12BP2	1	chr4	1	chr4_MATERNAL	1	chr4_PATERNAL
MAMLD1	1	chrX	1	chrX_MATERNAL	0	None
STARD5	1	chr15	1	chr15_MATERNAL	1	chr15_PATERNAL
C1orf174	1	chr1	1	chr1_MATERNAL	1	chr1_PATERNAL
SLC30A2	1	chr1	1	chr1_MATERNAL	1	chr1_PATERNAL
USP17L22	1	chr4	1	chr4_MATERNAL	1	chr4_PATERNAL
LSM10	1	chr1	1	chr1_MATERNAL	1	chr1_PATERNAL
SMARCC1	1	chr3	1	chr3_MATERNAL	1	chr3_PATERNAL
LYRM4	1	chr6	1	chr6_MATERNAL	1	chr6_PATERNAL
KIF25	1	chr6	1	chr6_MATERNAL	1	chr6_PATERNAL
BSPRY	1	chr9	1	chr9_MATERNAL	1	chr9_PATERNAL
COL3A1	1	chr2	1	chr2_MATERNAL	1	chr2_PATERNAL
RWDD4	1	chr4	1	chr4_MATERNAL	1	chr4_PATERNAL
TRIM62	1	chr1	1	chr1_MATERNAL	1	chr1_PATERNAL
TDRD15	1	chr2	1	chr2_MATERNAL	1	chr2_PATERNAL
PCYOX1	1	chr2	1	chr2_MATERNAL	1	chr2_PATERNAL
ATP11B	1	chr3	1	chr3_MATERNAL	1	chr3_PATERNAL
NELFA	1	chr4	1	chr4_MATERNAL	1	chr4_PATERNAL
SMIM27	1	chr9	1	chr9_MATERNAL	1	chr9_PATERNAL
CATSPER3	1	chr5	1	chr5_MATERNAL	1	chr5_PATERNAL
EEFSEC	1	chr3	1	chr3_MATERNAL	1	chr3_PATERNAL
GUF1	1	chr4	1	chr4_MATERNAL	1	chr4_PATERNAL
TNNC1	1	chr3	1	chr3_MATERNAL	1	chr3_PATERNAL
ILRUN	1	chr6	1	chr6_MATERNAL	1	chr6_PATERNAL
ZSCAN25	1	chr7	1	chr7_MATERNAL	1	chr7_PATERNAL
ATP6V1C2	1	chr2	1	chr2_MATERNAL	1	chr2_PATERNAL
SGF29	1	chr16	1	chr16_MATERNAL	1	chr16_PATERNAL
OR52K2	1	chr11	1	chr11_MATERNAL	1	chr11_PATERNAL
TOP3A	1	chr17	1	chr17_MATERNAL	1	chr17_PATERNAL
PPFIBP1	1	chr12	1	chr12_MATERNAL	1	chr12_PATERNAL
ANKDD1B	1	chr5	1	chr5_MATERNAL	1	chr5_PATERNAL
EPO	1	chr7	1	chr7_MATERNAL	1	chr7_PATERNAL
KRT33A	1	chr17	1	chr17_MATERNAL	1	chr17_PATERNAL
NOB1	1	chr16	1	chr16_MATERNAL	1	chr16_PATERNAL
GSTCD	1	chr4	1	chr4_MATERNAL	1	chr4_PATERNAL
CLPTM1	1	chr19	1	chr19_MATERNAL	1	chr19_PATERNAL
FAM111A	1	chr11	1	chr11_MATERNAL	1	chr11_PATERNAL
CUX1	1	chr7	1	chr7_MATERNAL	1	chr7_PATERNAL
HSPBP1	1	chr19	1	chr19_MATERNAL	1	chr19_PATERNAL
ZBTB49	1	chr4	1	chr4_MATERNAL	1	chr4_PATERNAL
CLRN3	1	chr10	1	chr10_MATERNAL	1	chr10_PATERNAL
ZNF264	1	chr19	1	chr19_MATERNAL	1	chr19_PATERNAL
TARP	1	chr7	1	chr7_MATERNAL	1	chr7_PATERNAL
XKR3	1	chr22	1	chr22_MATERNAL	1	chr22_PATERNAL
NDUFA8	1	chr9	1	chr9_MATERNAL	1	chr9_PATERNAL
TDP1	1	chr14	1	chr14_MATERNAL	1	chr14_PATERNAL
SMIM10L2A	1	chrX	1	chrX_MATERNAL	0	None
FJX1	1	chr11	1	chr11_MATERNAL	1	chr11_PATERNAL
TH	1	chr11	1	chr11_MATERNAL	1	chr11_PATERNAL
FLT1	1	chr13	1	chr13_MATERNAL	1	chr13_PATERNAL
NKRF	1	chrX	1	chrX_MATERNAL	0	None
CNTROB	1	chr17	1	chr17_MATERNAL	1	chr17_PATERNAL
CRISPLD2	1	chr16	1	chr16_MATERNAL	1	chr16_PATERNAL
LRG1	1	chr19	1	chr19_MATERNAL	1	chr19_PATERNAL
TBXA2R	1	chr19	1	chr19_MATERNAL	1	chr19_PATERNAL
H2AC14	1	chr6	1	chr6_MATERNAL	1	chr6_PATERNAL
CCL3	1	chr17	1	chr17_MATERNAL	1	chr17_PATERNAL
BAG3	1	chr10	1	chr10_MATERNAL	1	chr10_PATERNAL
XPOT	1	chr12	1	chr12_MATERNAL	1	chr12_PATERNAL
NFILZ	1	chr19	1	chr19_MATERNAL	1	chr19_PATERNAL
SPIN2B	1	chrX	1	chrX_MATERNAL	0	None
GAL3ST2	1	chr2	1	chr2_MATERNAL	1	chr2_PATERNAL
SLC17A2	1	chr6	1	chr6_MATERNAL	1	chr6_PATERNAL
TAAR6	1	chr6	1	chr6_MATERNAL	1	chr6_PATERNAL
PRR11	1	chr17	1	chr17_MATERNAL	1	chr17_PATERNAL
SYNPO2	1	chr4	1	chr4_MATERNAL	1	chr4_PATERNAL
KCNIP2	1	chr10	1	chr10_MATERNAL	1	chr10_PATERNAL
HIKESHI	1	chr11	1	chr11_MATERNAL	1	chr11_PATERNAL
NICN1	1	chr3	1	chr3_MATERNAL	1	chr3_PATERNAL
C4orf54	1	chr4	1	chr4_MATERNAL	1	chr4_PATERNAL
PPP1CA	1	chr11	1	chr11_MATERNAL	1	chr11_PATERNAL
PIAS2	1	chr18	1	chr18_MATERNAL	1	chr18_PATERNAL
CFAP73	1	chr12	1	chr12_MATERNAL	1	chr12_PATERNAL
SLC12A1	1	chr15	1	chr15_MATERNAL	1	chr15_PATERNAL
VPS37C	1	chr11	1	chr11_MATERNAL	1	chr11_PATERNAL
RP2	1	chrX	1	chrX_MATERNAL	0	None
CEPT1	1	chr1	1	chr1_MATERNAL	1	chr1_PATERNAL
BTN2A1	1	chr6	1	chr6_MATERNAL	1	chr6_PATERNAL
ANKRD12	1	chr18	1	chr18_MATERNAL	1	chr18_PATERNAL
SERHL2	1	chr22	1	chr22_MATERNAL	1	chr22_PATERNAL
OR5P3	1	chr11	1	chr11_MATERNAL	1	chr11_PATERNAL
WDR55	1	chr5	1	chr5_MATERNAL	1	chr5_PATERNAL
RILP	1	chr17	1	chr17_MATERNAL	1	chr17_PATERNAL
PPIC	1	chr5	1	chr5_MATERNAL	1	chr5_PATERNAL
SLC25A34	1	chr1	1	chr1_MATERNAL	1	chr1_PATERNAL
FBXO47	1	chr17	1	chr17_MATERNAL	1	chr17_PATERNAL
LOC124903725	1	chr16	1	chr16_MATERNAL	1	chr16_PATERNAL
ING4	1	chr12	1	chr12_MATERNAL	1	chr12_PATERNAL
PCDHB2	1	chr5	1	chr5_MATERNAL	1	chr5_PATERNAL
OR8D1	1	chr11	1	chr11_MATERNAL	1	chr11_PATERNAL
GLT6D1	1	chr9	1	chr9_MATERNAL	1	chr9_PATERNAL
EHD4	1	chr15	1	chr15_MATERNAL	1	chr15_PATERNAL
MCAT	1	chr22	1	chr22_MATERNAL	1	chr22_PATERNAL
INAVA	1	chr1	1	chr1_MATERNAL	1	chr1_PATERNAL
CD163L1	1	chr12	1	chr12_MATERNAL	1	chr12_PATERNAL
C16orf78	1	chr16	1	chr16_MATERNAL	1	chr16_PATERNAL
GCK	1	chr7	1	chr7_MATERNAL	1	chr7_PATERNAL
CDH3	1	chr16	1	chr16_MATERNAL	1	chr16_PATERNAL
SGPP2	1	chr2	1	chr2_MATERNAL	1	chr2_PATERNAL
INTS15	1	chr7	1	chr7_MATERNAL	1	chr7_PATERNAL
RELB	1	chr19	1	chr19_MATERNAL	1	chr19_PATERNAL
SETD2	1	chr3	1	chr3_MATERNAL	1	chr3_PATERNAL
PSEN1	1	chr14	1	chr14_MATERNAL	1	chr14_PATERNAL
KCNK18	1	chr10	1	chr10_MATERNAL	1	chr10_PATERNAL
RAB27A	1	chr15	1	chr15_MATERNAL	1	chr15_PATERNAL
DPAGT1	1	chr11	1	chr11_MATERNAL	1	chr11_PATERNAL
GPR18	1	chr13	1	chr13_MATERNAL	1	chr13_PATERNAL
G3BP1	1	chr5	1	chr5_MATERNAL	1	chr5_PATERNAL
CAPS	1	chr19	1	chr19_MATERNAL	1	chr19_PATERNAL
UGT1A6	1	chr2	1	chr2_MATERNAL	1	chr2_PATERNAL
SLC6A16	1	chr19	1	chr19_MATERNAL	1	chr19_PATERNAL
SHCBP1L	1	chr1	1	chr1_MATERNAL	1	chr1_PATERNAL
MUC5B	1	chr11	1	chr11_MATERNAL	1	chr11_PATERNAL
RAC2	1	chr22	1	chr22_MATERNAL	1	chr22_PATERNAL
CDKL5	1	chrX	1	chrX_MATERNAL	0	None
ANKK1	1	chr11	1	chr11_MATERNAL	1	chr11_PATERNAL
ABR	1	chr17	1	chr17_MATERNAL	1	chr17_PATERNAL
MAGEH1	1	chrX	1	chrX_MATERNAL	0	None
ADAMTS15	1	chr11	1	chr11_MATERNAL	1	chr11_PATERNAL
TRIM61	1	chr4	1	chr4_MATERNAL	1	chr4_PATERNAL
ZNF496	1	chr1	1	chr1_MATERNAL	1	chr1_PATERNAL
CCDC91	1	chr12	1	chr12_MATERNAL	1	chr12_PATERNAL
CA9	1	chr9	1	chr9_MATERNAL	1	chr9_PATERNAL
KRTAP21-3	1	chr21	1	chr21_MATERNAL	1	chr21_PATERNAL
PPM1M	1	chr3	1	chr3_MATERNAL	1	chr3_PATERNAL
PKP3	1	chr11	1	chr11_MATERNAL	1	chr11_PATERNAL
ABCF2-H2BK1	1	chr7	1	chr7_MATERNAL	1	chr7_PATERNAL
CINP	1	chr14	1	chr14_MATERNAL	1	chr14_PATERNAL
TTLL7	1	chr1	1	chr1_MATERNAL	1	chr1_PATERNAL
HLA-DMA	1	chr6	1	chr6_MATERNAL	1	chr6_PATERNAL
CYP4B1	1	chr1	1	chr1_MATERNAL	1	chr1_PATERNAL
SIMC1	1	chr5	1	chr5_MATERNAL	1	chr5_PATERNAL
TRIM27	1	chr6	1	chr6_MATERNAL	1	chr6_PATERNAL
ADARB2	1	chr10	1	chr10_MATERNAL	1	chr10_PATERNAL
PITX3	1	chr10	1	chr10_MATERNAL	1	chr10_PATERNAL
YY1	1	chr14	1	chr14_MATERNAL	1	chr14_PATERNAL
CLDN5	1	chr22	1	chr22_MATERNAL	1	chr22_PATERNAL
LOC105375012	1	chr6	1	chr6_MATERNAL	1	chr6_PATERNAL
DDX58	1	chr9	1	chr9_MATERNAL	1	chr9_PATERNAL
SRPK3	1	chrX	1	chrX_MATERNAL	0	None
YIPF6	1	chrX	1	chrX_MATERNAL	0	None
NUP210L	1	chr1	1	chr1_MATERNAL	1	chr1_PATERNAL
ACSBG1	1	chr15	1	chr15_MATERNAL	1	chr15_PATERNAL
AKR7A3	1	chr1	1	chr1_MATERNAL	1	chr1_PATERNAL
MRM3	1	chr17	1	chr17_MATERNAL	1	chr17_PATERNAL
DNAAF2	1	chr14	1	chr14_MATERNAL	1	chr14_PATERNAL
FFAR1	1	chr19	1	chr19_MATERNAL	1	chr19_PATERNAL
FNDC1	1	chr6	1	chr6_MATERNAL	1	chr6_PATERNAL
VPS11	1	chr11	1	chr11_MATERNAL	1	chr11_PATERNAL
CLEC4C	1	chr12	1	chr12_MATERNAL	1	chr12_PATERNAL
LCORL	1	chr4	1	chr4_MATERNAL	1	chr4_PATERNAL
FGFR1	1	chr8	1	chr8_MATERNAL	1	chr8_PATERNAL
BCKDHB	1	chr6	1	chr6_MATERNAL	1	chr6_PATERNAL
SRXN1	1	chr20	1	chr20_MATERNAL	1	chr20_PATERNAL
HOXA4	1	chr7	1	chr7_MATERNAL	1	chr7_PATERNAL
DOCK1	1	chr10	1	chr10_MATERNAL	1	chr10_PATERNAL
SPOUT1	1	chr9	1	chr9_MATERNAL	1	chr9_PATERNAL
CSF2RB	1	chr22	1	chr22_MATERNAL	1	chr22_PATERNAL
ESS2	1	chr22	1	chr22_MATERNAL	1	chr22_PATERNAL
KLK10	1	chr19	1	chr19_MATERNAL	1	chr19_PATERNAL
TXK	1	chr4	1	chr4_MATERNAL	1	chr4_PATERNAL
RNF44	1	chr5	1	chr5_MATERNAL	1	chr5_PATERNAL
PVRIG	1	chr7	1	chr7_MATERNAL	1	chr7_PATERNAL
C8orf76	1	chr8	1	chr8_MATERNAL	1	chr8_PATERNAL
TECTB	1	chr10	1	chr10_MATERNAL	1	chr10_PATERNAL
FKRP	1	chr19	1	chr19_MATERNAL	1	chr19_PATERNAL
GPBP1L1	1	chr1	1	chr1_MATERNAL	1	chr1_PATERNAL
CLASP1	1	chr2	1	chr2_MATERNAL	1	chr2_PATERNAL
ADAM8	1	chr10	1	chr10_MATERNAL	1	chr10_PATERNAL
LOC105376722	1	chr15	1	chr15_MATERNAL	1	chr15_PATERNAL
ILDR1	1	chr3	1	chr3_MATERNAL	1	chr3_PATERNAL
NPW	1	chr16	1	chr16_MATERNAL	1	chr16_PATERNAL
AVEN	1	chr15	1	chr15_MATERNAL	1	chr15_PATERNAL
OOSP4B	1	chr11	1	chr11_MATERNAL	1	chr11_PATERNAL
SLCO4A1	1	chr20	1	chr20_MATERNAL	1	chr20_PATERNAL
SMIM19	1	chr8	1	chr8_MATERNAL	1	chr8_PATERNAL
ECEL1	1	chr2	1	chr2_MATERNAL	1	chr2_PATERNAL
LAMP1	1	chr13	1	chr13_MATERNAL	1	chr13_PATERNAL
DCTN6	1	chr8	1	chr8_MATERNAL	1	chr8_PATERNAL
CSAG3	1	chrX	1	chrX_MATERNAL	0	None
ARSB	1	chr5	1	chr5_MATERNAL	1	chr5_PATERNAL
PSAT1	1	chr9	1	chr9_MATERNAL	1	chr9_PATERNAL
ANK2	1	chr4	1	chr4_MATERNAL	1	chr4_PATERNAL
ACVR1C	1	chr2	1	chr2_MATERNAL	1	chr2_PATERNAL
ETNK2	1	chr1	1	chr1_MATERNAL	1	chr1_PATERNAL
RALGAPA1	1	chr14	1	chr14_MATERNAL	1	chr14_PATERNAL
NUMB	1	chr14	1	chr14_MATERNAL	1	chr14_PATERNAL
ICAM4	1	chr19	1	chr19_MATERNAL	1	chr19_PATERNAL
SLMAP	1	chr3	1	chr3_MATERNAL	1	chr3_PATERNAL
MX1	1	chr21	1	chr21_MATERNAL	1	chr21_PATERNAL
MAN1B1	1	chr9	1	chr9_MATERNAL	1	chr9_PATERNAL
OR6Q1	1	chr11	1	chr11_MATERNAL	1	chr11_PATERNAL
NFE2L1	1	chr17	1	chr17_MATERNAL	1	chr17_PATERNAL
EIF3F	1	chr11	1	chr11_MATERNAL	1	chr11_PATERNAL
PKNOX1	1	chr21	1	chr21_MATERNAL	1	chr21_PATERNAL
CLDN22	1	chr4	1	chr4_MATERNAL	1	chr4_PATERNAL
RBP5	1	chr12	1	chr12_MATERNAL	1	chr12_PATERNAL
EHMT1	1	chr9	1	chr9_MATERNAL	1	chr9_PATERNAL
DOP1A	1	chr6	1	chr6_MATERNAL	1	chr6_PATERNAL
MFSD9	1	chr2	1	chr2_MATERNAL	1	chr2_PATERNAL
RNF121	1	chr11	1	chr11_MATERNAL	1	chr11_PATERNAL
USP46	1	chr4	1	chr4_MATERNAL	1	chr4_PATERNAL
HCN3	1	chr1	1	chr1_MATERNAL	1	chr1_PATERNAL
MZF1	1	chr19	1	chr19_MATERNAL	1	chr19_PATERNAL
PIWIL2	1	chr8	1	chr8_MATERNAL	1	chr8_PATERNAL
TAS2R20	1	chr12	1	chr12_MATERNAL	1	chr12_PATERNAL
OMA1	1	chr1	1	chr1_MATERNAL	1	chr1_PATERNAL
HOXC5	1	chr12	1	chr12_MATERNAL	1	chr12_PATERNAL
WDR59	1	chr16	1	chr16_MATERNAL	1	chr16_PATERNAL
LOC100505841	1	chr5	1	chr5_MATERNAL	1	chr5_PATERNAL
TFB2M	1	chr1	1	chr1_MATERNAL	1	chr1_PATERNAL
LOC124901446	1	chr6	1	chr6_MATERNAL	1	chr6_PATERNAL
TAS1R1	1	chr1	1	chr1_MATERNAL	1	chr1_PATERNAL
OR4F3	1	chr5	2	chr5_MATERNAL,chr8_MATERNAL	2	chr5_PATERNAL,chr8_PATERNAL
RTP4	1	chr3	1	chr3_MATERNAL	1	chr3_PATERNAL
SLC16A14	1	chr2	1	chr2_MATERNAL	1	chr2_PATERNAL
POTEC	1	chr18	1	chr18_MATERNAL	1	chr18_PATERNAL
CCDC14	1	chr3	1	chr3_MATERNAL	1	chr3_PATERNAL
PARP12	1	chr7	1	chr7_MATERNAL	1	chr7_PATERNAL
PIGB	1	chr15	1	chr15_MATERNAL	1	chr15_PATERNAL
SLC35E1	1	chr19	1	chr19_MATERNAL	1	chr19_PATERNAL
MS4A8	1	chr11	1	chr11_MATERNAL	1	chr11_PATERNAL
OR1J2	1	chr9	1	chr9_MATERNAL	1	chr9_PATERNAL
TCTE1	1	chr6	1	chr6_MATERNAL	1	chr6_PATERNAL
CD36	1	chr7	1	chr7_MATERNAL	1	chr7_PATERNAL
PRAMEF4	1	chr1	1	chr1_MATERNAL	1	chr1_PATERNAL
TRABD	1	chr22	1	chr22_MATERNAL	1	chr22_PATERNAL
GLRX3	1	chr10	1	chr10_MATERNAL	1	chr10_PATERNAL
BMP8B	1	chr1	1	chr1_MATERNAL	1	chr1_PATERNAL
PHKA2	1	chrX	1	chrX_MATERNAL	0	None
ZNF16	1	chr8	1	chr8_MATERNAL	1	chr8_PATERNAL
ZNF609	1	chr15	1	chr15_MATERNAL	1	chr15_PATERNAL
SLC25A37	1	chr8	1	chr8_MATERNAL	1	chr8_PATERNAL
TTLL3	1	chr3	1	chr3_MATERNAL	1	chr3_PATERNAL
BRSK2	1	chr11	1	chr11_MATERNAL	1	chr11_PATERNAL
ATG12	1	chr5	1	chr5_MATERNAL	1	chr5_PATERNAL
PPIL4	1	chr6	1	chr6_MATERNAL	1	chr6_PATERNAL
RGS17	1	chr6	1	chr6_MATERNAL	1	chr6_PATERNAL
RNF223	1	chr1	1	chr1_MATERNAL	1	chr1_PATERNAL
AP4B1	1	chr1	1	chr1_MATERNAL	1	chr1_PATERNAL
EPHA1	1	chr7	1	chr7_MATERNAL	1	chr7_PATERNAL
LOC124900275	1	chr9	1	chr9_MATERNAL	1	chr9_PATERNAL
GAREM1	1	chr18	1	chr18_MATERNAL	1	chr18_PATERNAL
SNORC	1	chr2	1	chr2_MATERNAL	1	chr2_PATERNAL
CYC1	1	chr8	1	chr8_MATERNAL	1	chr8_PATERNAL
KIF26B	1	chr1	1	chr1_MATERNAL	1	chr1_PATERNAL
FAM90A10	1	chr8	1	chr8_MATERNAL	1	chr8_PATERNAL
IPO9	1	chr1	1	chr1_MATERNAL	1	chr1_PATERNAL
LHB	1	chr19	1	chr19_MATERNAL	1	chr19_PATERNAL
PGBD4	1	chr15	1	chr15_MATERNAL	1	chr15_PATERNAL
CCDC167	1	chr6	1	chr6_MATERNAL	1	chr6_PATERNAL
NR1D1	1	chr17	1	chr17_MATERNAL	1	chr17_PATERNAL
TMEM97	1	chr17	1	chr17_MATERNAL	1	chr17_PATERNAL
WDR1	1	chr4	1	chr4_MATERNAL	1	chr4_PATERNAL
SLC41A3	1	chr3	1	chr3_MATERNAL	1	chr3_PATERNAL
NR2C1	1	chr12	1	chr12_MATERNAL	1	chr12_PATERNAL
EME1	1	chr17	1	chr17_MATERNAL	1	chr17_PATERNAL
MAPK6	1	chr15	1	chr15_MATERNAL	1	chr15_PATERNAL
AP3M1	1	chr10	1	chr10_MATERNAL	1	chr10_PATERNAL
GNA13	1	chr17	1	chr17_MATERNAL	1	chr17_PATERNAL
LANCL2	1	chr7	1	chr7_MATERNAL	1	chr7_PATERNAL
CSNK1G3	1	chr5	1	chr5_MATERNAL	1	chr5_PATERNAL
DDX53	1	chrX	1	chrX_MATERNAL	0	None
TACC3	1	chr4	1	chr4_MATERNAL	1	chr4_PATERNAL
C5	1	chr9	1	chr9_MATERNAL	1	chr9_PATERNAL
NR3C2	1	chr4	1	chr4_MATERNAL	1	chr4_PATERNAL
LIN52	1	chr14	1	chr14_MATERNAL	1	chr14_PATERNAL
SLC26A3	1	chr7	1	chr7_MATERNAL	1	chr7_PATERNAL
LOC124901670	1	chr7	0	None	1	chr7_PATERNAL
MOS	1	chr8	1	chr8_MATERNAL	1	chr8_PATERNAL
GBA	1	chr1	1	chr1_MATERNAL	1	chr1_PATERNAL
PSD2	1	chr5	1	chr5_MATERNAL	1	chr5_PATERNAL
CTNS	1	chr17	1	chr17_MATERNAL	1	chr17_PATERNAL
ADCK5	1	chr8	1	chr8_MATERNAL	1	chr8_PATERNAL
SLC38A3	1	chr3	1	chr3_MATERNAL	1	chr3_PATERNAL
ENPEP	1	chr4	1	chr4_MATERNAL	1	chr4_PATERNAL
SOGA1	1	chr20	1	chr20_MATERNAL	1	chr20_PATERNAL
NR0B2	1	chr1	1	chr1_MATERNAL	1	chr1_PATERNAL
CDY2A	1	chrY	0	None	1	chrY_PATERNAL
TMEM25	1	chr11	1	chr11_MATERNAL	1	chr11_PATERNAL
TBC1D5	1	chr3	1	chr3_MATERNAL	1	chr3_PATERNAL
FAM124B	1	chr2	1	chr2_MATERNAL	1	chr2_PATERNAL
TAF12	1	chr1	1	chr1_MATERNAL	1	chr1_PATERNAL
AGAP2	1	chr12	1	chr12_MATERNAL	1	chr12_PATERNAL
ISOC1	1	chr5	1	chr5_MATERNAL	1	chr5_PATERNAL
PAQR5	1	chr15	1	chr15_MATERNAL	1	chr15_PATERNAL
TCEAL5	1	chrX	1	chrX_MATERNAL	0	None
TBC1D3G	1	chr17	1	chr17_MATERNAL	1	chr17_PATERNAL
C11orf96	1	chr11	1	chr11_MATERNAL	1	chr11_PATERNAL
IKBKB	1	chr8	1	chr8_MATERNAL	1	chr8_PATERNAL
SHISA5	1	chr3	1	chr3_MATERNAL	1	chr3_PATERNAL
CSTF2T	1	chr10	1	chr10_MATERNAL	1	chr10_PATERNAL
CHD1L	1	chr1	1	chr1_MATERNAL	1	chr1_PATERNAL
AGAP4	1	chr10	1	chr10_MATERNAL	1	chr10_PATERNAL
ZNF608	1	chr5	1	chr5_MATERNAL	1	chr5_PATERNAL
PPY	1	chr17	1	chr17_MATERNAL	1	chr17_PATERNAL
PEX5	1	chr12	1	chr12_MATERNAL	1	chr12_PATERNAL
ART4	1	chr12	1	chr12_MATERNAL	1	chr12_PATERNAL
USP18	1	chr22	1	chr22_MATERNAL	1	chr22_PATERNAL
GUCA1A	1	chr6	1	chr6_MATERNAL	1	chr6_PATERNAL
ABI3BP	1	chr3	1	chr3_MATERNAL	1	chr3_PATERNAL
UTP3	1	chr4	1	chr4_MATERNAL	1	chr4_PATERNAL
CAPN2	1	chr1	1	chr1_MATERNAL	1	chr1_PATERNAL
ARAP1	1	chr11	1	chr11_MATERNAL	1	chr11_PATERNAL
SLC13A4	1	chr7	1	chr7_MATERNAL	1	chr7_PATERNAL
FAM151B	1	chr5	1	chr5_MATERNAL	1	chr5_PATERNAL
TP53I3	1	chr2	1	chr2_MATERNAL	1	chr2_PATERNAL
CFAP100	1	chr3	1	chr3_MATERNAL	1	chr3_PATERNAL
CLIP4	1	chr2	1	chr2_MATERNAL	1	chr2_PATERNAL
PLCH2	1	chr1	1	chr1_MATERNAL	1	chr1_PATERNAL
SELE	1	chr1	1	chr1_MATERNAL	1	chr1_PATERNAL
MXD1	1	chr2	1	chr2_MATERNAL	1	chr2_PATERNAL
SUPT4H1	1	chr17	1	chr17_MATERNAL	1	chr17_PATERNAL
RPS4Y1	1	chrY	0	None	1	chrY_PATERNAL
PASD1	1	chrX	1	chrX_MATERNAL	0	None
C19orf54	1	chr19	1	chr19_MATERNAL	1	chr19_PATERNAL
H2BC18	1	chr1	1	chr1_MATERNAL	1	chr1_PATERNAL
ZNF710	1	chr15	1	chr15_MATERNAL	1	chr15_PATERNAL
DENND2C	1	chr1	1	chr1_MATERNAL	1	chr1_PATERNAL
LOC93622	1	chr4	1	chr4_MATERNAL	1	chr4_PATERNAL
ZNFX1	1	chr20	1	chr20_MATERNAL	1	chr20_PATERNAL
OR6C74	1	chr12	1	chr12_MATERNAL	1	chr12_PATERNAL
BMF	1	chr15	1	chr15_MATERNAL	1	chr15_PATERNAL
BGLAP	1	chr1	1	chr1_MATERNAL	1	chr1_PATERNAL
HBD	1	chr11	1	chr11_MATERNAL	1	chr11_PATERNAL
FSTL5	1	chr4	1	chr4_MATERNAL	1	chr4_PATERNAL
ZNF510	1	chr9	1	chr9_MATERNAL	1	chr9_PATERNAL
CENPL	1	chr1	1	chr1_MATERNAL	1	chr1_PATERNAL
HSF2	1	chr6	1	chr6_MATERNAL	1	chr6_PATERNAL
IMP4	1	chr2	1	chr2_MATERNAL	1	chr2_PATERNAL
NME2	1	chr17	1	chr17_MATERNAL	1	chr17_PATERNAL
DGUOK	1	chr2	1	chr2_MATERNAL	1	chr2_PATERNAL
ACLY	1	chr17	1	chr17_MATERNAL	1	chr17_PATERNAL
GAD1	1	chr2	1	chr2_MATERNAL	1	chr2_PATERNAL
SLC17A1	1	chr6	1	chr6_MATERNAL	1	chr6_PATERNAL
KDSR	1	chr18	1	chr18_MATERNAL	1	chr18_PATERNAL
PRND	1	chr20	1	chr20_MATERNAL	1	chr20_PATERNAL
MRPL47	1	chr3	1	chr3_MATERNAL	1	chr3_PATERNAL
B4GALT3	1	chr1	1	chr1_MATERNAL	1	chr1_PATERNAL
PPP1R14C	1	chr6	1	chr6_MATERNAL	1	chr6_PATERNAL
TNN	1	chr1	1	chr1_MATERNAL	1	chr1_PATERNAL
GTSE1	1	chr22	1	chr22_MATERNAL	1	chr22_PATERNAL
ZKSCAN7	1	chr3	1	chr3_MATERNAL	1	chr3_PATERNAL
PCDHA4	1	chr5	1	chr5_MATERNAL	1	chr5_PATERNAL
MFSD12	1	chr19	1	chr19_MATERNAL	1	chr19_PATERNAL
RRAD	1	chr16	1	chr16_MATERNAL	1	chr16_PATERNAL
C19orf73	1	chr19	1	chr19_MATERNAL	1	chr19_PATERNAL
PEX12	1	chr17	1	chr17_MATERNAL	1	chr17_PATERNAL
B3GNT9	1	chr16	1	chr16_MATERNAL	1	chr16_PATERNAL
TTC39C	1	chr18	1	chr18_MATERNAL	1	chr18_PATERNAL
NEB	1	chr2	1	chr2_MATERNAL	1	chr2_PATERNAL
CRX	1	chr19	1	chr19_MATERNAL	1	chr19_PATERNAL
NPEPL1	1	chr20	1	chr20_MATERNAL	1	chr20_PATERNAL
DENR	1	chr12	1	chr12_MATERNAL	1	chr12_PATERNAL
BMP10	1	chr2	1	chr2_MATERNAL	1	chr2_PATERNAL
STYK1	1	chr12	1	chr12_MATERNAL	1	chr12_PATERNAL
GLYATL3	1	chr6	1	chr6_MATERNAL	1	chr6_PATERNAL
YBX1	1	chr1	1	chr1_MATERNAL	1	chr1_PATERNAL
AADAC	1	chr3	1	chr3_MATERNAL	1	chr3_PATERNAL
CD37	1	chr19	1	chr19_MATERNAL	1	chr19_PATERNAL
TAF5	1	chr10	1	chr10_MATERNAL	1	chr10_PATERNAL
MYO19	1	chr17	1	chr17_MATERNAL	1	chr17_PATERNAL
SPINK7	1	chr5	1	chr5_MATERNAL	1	chr5_PATERNAL
NKX3-1	1	chr8	1	chr8_MATERNAL	1	chr8_PATERNAL
NDUFB2	1	chr7	1	chr7_MATERNAL	1	chr7_PATERNAL
ITGA5	1	chr12	1	chr12_MATERNAL	1	chr12_PATERNAL
LOC124900173	1	chr4	1	chr4_MATERNAL	1	chr4_PATERNAL
KLHL33	1	chr14	1	chr14_MATERNAL	1	chr14_PATERNAL
ADAT3	1	chr19	1	chr19_MATERNAL	1	chr19_PATERNAL
GOLT1B	1	chr12	1	chr12_MATERNAL	1	chr12_PATERNAL
FAM187B	1	chr19	1	chr19_MATERNAL	1	chr19_PATERNAL
CNOT6L	1	chr4	1	chr4_MATERNAL	1	chr4_PATERNAL
FBXL13	1	chr7	1	chr7_MATERNAL	1	chr7_PATERNAL
ZNF500	1	chr16	1	chr16_MATERNAL	1	chr16_PATERNAL
MATR3	1	chr5	1	chr5_MATERNAL	1	chr5_PATERNAL
GP2	1	chr16	1	chr16_MATERNAL	1	chr16_PATERNAL
LOC105375116	1	chr7	1	chr7_MATERNAL	1	chr7_PATERNAL
C18orf54	1	chr18	1	chr18_MATERNAL	1	chr18_PATERNAL
SP100	1	chr2	1	chr2_MATERNAL	1	chr2_PATERNAL
FAM221B	1	chr9	1	chr9_MATERNAL	1	chr9_PATERNAL
DHRS7B	1	chr17	1	chr17_MATERNAL	1	chr17_PATERNAL
OR14I1	1	chr1	1	chr1_MATERNAL	1	chr1_PATERNAL
GDE1	1	chr16	1	chr16_MATERNAL	1	chr16_PATERNAL
HSPB11	1	chr1	1	chr1_MATERNAL	1	chr1_PATERNAL
CYP19A1	1	chr15	1	chr15_MATERNAL	1	chr15_PATERNAL
ACP5	1	chr19	1	chr19_MATERNAL	1	chr19_PATERNAL
FDPS	1	chr1	1	chr1_MATERNAL	1	chr1_PATERNAL
AMTN	1	chr4	1	chr4_MATERNAL	1	chr4_PATERNAL
ERI3	1	chr1	1	chr1_MATERNAL	1	chr1_PATERNAL
ZNF561	1	chr19	1	chr19_MATERNAL	1	chr19_PATERNAL
KIAA0319	1	chr6	1	chr6_MATERNAL	1	chr6_PATERNAL
SPPL2C	1	chr17	1	chr17_MATERNAL	1	chr17_PATERNAL
HNF4A	1	chr20	1	chr20_MATERNAL	1	chr20_PATERNAL
NFKBID	1	chr19	1	chr19_MATERNAL	1	chr19_PATERNAL
HBA1	1	chr16	1	chr16_MATERNAL	1	chr16_PATERNAL
ARMH2	1	chr6	1	chr6_MATERNAL	1	chr6_PATERNAL
ST3GAL2	1	chr16	1	chr16_MATERNAL	1	chr16_PATERNAL
DLG5	1	chr10	1	chr10_MATERNAL	1	chr10_PATERNAL
ODAM	1	chr4	1	chr4_MATERNAL	1	chr4_PATERNAL
ACTA1	1	chr1	1	chr1_MATERNAL	1	chr1_PATERNAL
TMEM53	1	chr1	1	chr1_MATERNAL	1	chr1_PATERNAL
MID2	1	chrX	1	chrX_MATERNAL	0	None
ZFAND2A	1	chr7	1	chr7_MATERNAL	1	chr7_PATERNAL
PNISR	1	chr6	1	chr6_MATERNAL	1	chr6_PATERNAL
CPED1	1	chr7	1	chr7_MATERNAL	1	chr7_PATERNAL
RNASE12	1	chr14	1	chr14_MATERNAL	1	chr14_PATERNAL
KLK5	1	chr19	1	chr19_MATERNAL	1	chr19_PATERNAL
FAM220A	1	chr7	1	chr7_MATERNAL	1	chr7_PATERNAL
LDLRAD1	1	chr1	1	chr1_MATERNAL	1	chr1_PATERNAL
NXPE1	1	chr11	1	chr11_MATERNAL	1	chr11_PATERNAL
CYP7A1	1	chr8	1	chr8_MATERNAL	1	chr8_PATERNAL
POU2F2	1	chr19	1	chr19_MATERNAL	1	chr19_PATERNAL
MFSD4B	1	chr6	1	chr6_MATERNAL	1	chr6_PATERNAL
SH2D1B	1	chr1	1	chr1_MATERNAL	1	chr1_PATERNAL
TRIQK	1	chr8	1	chr8_MATERNAL	1	chr8_PATERNAL
EFEMP1	1	chr2	1	chr2_MATERNAL	1	chr2_PATERNAL
RPS14	1	chr5	1	chr5_MATERNAL	1	chr5_PATERNAL
ARHGAP42	1	chr11	1	chr11_MATERNAL	1	chr11_PATERNAL
GAB1	1	chr4	1	chr4_MATERNAL	1	chr4_PATERNAL
KIF1A	1	chr2	1	chr2_MATERNAL	1	chr2_PATERNAL
ZFHX2	1	chr14	1	chr14_MATERNAL	1	chr14_PATERNAL
ARHGAP33	1	chr19	1	chr19_MATERNAL	1	chr19_PATERNAL
PRDM1	1	chr6	1	chr6_MATERNAL	1	chr6_PATERNAL
GCNT1	1	chr9	1	chr9_MATERNAL	1	chr9_PATERNAL
ARHGAP22	1	chr10	1	chr10_MATERNAL	1	chr10_PATERNAL
ZNF735	1	chr7	1	chr7_MATERNAL	1	chr7_PATERNAL
KCNS3	1	chr2	1	chr2_MATERNAL	1	chr2_PATERNAL
RECQL4	1	chr8	1	chr8_MATERNAL	1	chr8_PATERNAL
HPCAL1	1	chr2	1	chr2_MATERNAL	1	chr2_PATERNAL
AANAT	1	chr17	1	chr17_MATERNAL	1	chr17_PATERNAL
THAP12	1	chr11	1	chr11_MATERNAL	1	chr11_PATERNAL
TYW1	1	chr7	1	chr7_MATERNAL	1	chr7_PATERNAL
SCAF4	1	chr21	1	chr21_MATERNAL	1	chr21_PATERNAL
CFAP300	1	chr11	1	chr11_MATERNAL	1	chr11_PATERNAL
PLAAT3	1	chr11	1	chr11_MATERNAL	1	chr11_PATERNAL
PYGL	1	chr14	1	chr14_MATERNAL	1	chr14_PATERNAL
ADGRF3	1	chr2	1	chr2_MATERNAL	1	chr2_PATERNAL
PTOV1	1	chr19	1	chr19_MATERNAL	1	chr19_PATERNAL
DGLUCY	1	chr14	1	chr14_MATERNAL	1	chr14_PATERNAL
DNAJC9	1	chr10	1	chr10_MATERNAL	1	chr10_PATERNAL
MTERF3	1	chr8	1	chr8_MATERNAL	1	chr8_PATERNAL
MRGPRG	1	chr11	1	chr11_MATERNAL	1	chr11_PATERNAL
CR2	1	chr1	1	chr1_MATERNAL	1	chr1_PATERNAL
CAD	1	chr2	1	chr2_MATERNAL	1	chr2_PATERNAL
KERA	1	chr12	1	chr12_MATERNAL	1	chr12_PATERNAL
PDGFRB	1	chr5	1	chr5_MATERNAL	1	chr5_PATERNAL
VSX2	1	chr14	1	chr14_MATERNAL	1	chr14_PATERNAL
DLL3	1	chr19	1	chr19_MATERNAL	1	chr19_PATERNAL
NSD1	1	chr5	1	chr5_MATERNAL	1	chr5_PATERNAL
SPRYD4	1	chr12	1	chr12_MATERNAL	1	chr12_PATERNAL
OR5H14	1	chr3	1	chr3_MATERNAL	1	chr3_PATERNAL
REX1BD	1	chr19	1	chr19_MATERNAL	1	chr19_PATERNAL
MOV10	1	chr1	1	chr1_MATERNAL	1	chr1_PATERNAL
PPAN	1	chr19	1	chr19_MATERNAL	1	chr19_PATERNAL
LDHAL6A	1	chr11	1	chr11_MATERNAL	1	chr11_PATERNAL
ZNF845	1	chr19	1	chr19_MATERNAL	1	chr19_PATERNAL
SAPCD2	1	chr9	1	chr9_MATERNAL	1	chr9_PATERNAL
HSPB8	1	chr12	1	chr12_MATERNAL	1	chr12_PATERNAL
RALBP1	1	chr18	1	chr18_MATERNAL	1	chr18_PATERNAL
AFF1	1	chr4	1	chr4_MATERNAL	1	chr4_PATERNAL
CPNE5	1	chr6	1	chr6_MATERNAL	1	chr6_PATERNAL
OR6C65	1	chr12	1	chr12_MATERNAL	1	chr12_PATERNAL
TERB2	1	chr15	1	chr15_MATERNAL	1	chr15_PATERNAL
TMEM241	1	chr18	1	chr18_MATERNAL	1	chr18_PATERNAL
PPIH	1	chr1	1	chr1_MATERNAL	1	chr1_PATERNAL
LOC124904927	1	chr20	1	chr20_MATERNAL	1	chr20_PATERNAL
UCP1	1	chr4	1	chr4_MATERNAL	1	chr4_PATERNAL
CCDC191	1	chr3	1	chr3_MATERNAL	1	chr3_PATERNAL
TAC1	1	chr7	1	chr7_MATERNAL	1	chr7_PATERNAL
AP5B1	1	chr11	1	chr11_MATERNAL	1	chr11_PATERNAL
SLC16A10	1	chr6	1	chr6_MATERNAL	1	chr6_PATERNAL
PRKAG1	1	chr12	1	chr12_MATERNAL	1	chr12_PATERNAL
ZNF217	1	chr20	1	chr20_MATERNAL	1	chr20_PATERNAL
SDR42E1	1	chr16	1	chr16_MATERNAL	1	chr16_PATERNAL
FLYWCH2	1	chr16	1	chr16_MATERNAL	1	chr16_PATERNAL
ATXN7L1	1	chr7	1	chr7_MATERNAL	1	chr7_PATERNAL
COPS5	1	chr8	1	chr8_MATERNAL	1	chr8_PATERNAL
KCNG3	1	chr2	1	chr2_MATERNAL	1	chr2_PATERNAL
C2orf74	1	chr2	1	chr2_MATERNAL	1	chr2_PATERNAL
SYT4	1	chr18	1	chr18_MATERNAL	1	chr18_PATERNAL
PRELID3A	1	chr18	1	chr18_MATERNAL	1	chr18_PATERNAL
NACAD	1	chr7	1	chr7_MATERNAL	1	chr7_PATERNAL
ZSCAN29	1	chr15	1	chr15_MATERNAL	1	chr15_PATERNAL
BPNT1	1	chr1	1	chr1_MATERNAL	1	chr1_PATERNAL
METTL23	1	chr17	1	chr17_MATERNAL	1	chr17_PATERNAL
RBBP7	1	chrX	1	chrX_MATERNAL	0	None
MCOLN2	1	chr1	1	chr1_MATERNAL	1	chr1_PATERNAL
KIAA0895	1	chr7	1	chr7_MATERNAL	1	chr7_PATERNAL
ZNF679	1	chr7	1	chr7_MATERNAL	1	chr7_PATERNAL
CRYBB3	1	chr22	1	chr22_MATERNAL	1	chr22_PATERNAL
LOC124906010	1	chr2	1	chr2_MATERNAL	1	chr2_PATERNAL
SPAG8	1	chr9	1	chr9_MATERNAL	1	chr9_PATERNAL
GZMM	1	chr19	1	chr19_MATERNAL	1	chr19_PATERNAL
FCRL1	1	chr1	1	chr1_MATERNAL	1	chr1_PATERNAL
RGS18	1	chr1	1	chr1_MATERNAL	1	chr1_PATERNAL
COL18A1	1	chr21	1	chr21_MATERNAL	1	chr21_PATERNAL
SRA1	1	chr5	1	chr5_MATERNAL	1	chr5_PATERNAL
SHMT1	1	chr17	1	chr17_MATERNAL	1	chr17_PATERNAL
NSUN2	1	chr5	1	chr5_MATERNAL	1	chr5_PATERNAL
DNM2	1	chr19	1	chr19_MATERNAL	1	chr19_PATERNAL
WT1	1	chr11	1	chr11_MATERNAL	1	chr11_PATERNAL
DNLZ	1	chr9	1	chr9_MATERNAL	1	chr9_PATERNAL
C1orf116	1	chr1	1	chr1_MATERNAL	1	chr1_PATERNAL
RNASEH1	1	chr2	1	chr2_MATERNAL	1	chr2_PATERNAL
AQP11	1	chr11	1	chr11_MATERNAL	1	chr11_PATERNAL
AKR1A1	1	chr1	1	chr1_MATERNAL	1	chr1_PATERNAL
LIMS3	2	chr2,chr2	2	chr2_MATERNAL,chr2_MATERNAL	2	chr2_PATERNAL,chr2_PATERNAL
SLCO6A1	1	chr5	1	chr5_MATERNAL	1	chr5_PATERNAL
CNR2	1	chr1	1	chr1_MATERNAL	1	chr1_PATERNAL
FOXP2	1	chr7	1	chr7_MATERNAL	1	chr7_PATERNAL
TIGD4	1	chr4	1	chr4_MATERNAL	1	chr4_PATERNAL
TBXAS1	1	chr7	1	chr7_MATERNAL	1	chr7_PATERNAL
TF	1	chr3	1	chr3_MATERNAL	1	chr3_PATERNAL
LOC102723382	2	chr13,chr14	2	chr14_MATERNAL,chr13_MATERNAL	2	chr13_PATERNAL,chr14_PATERNAL
RGL1	1	chr1	1	chr1_MATERNAL	1	chr1_PATERNAL
RORA	1	chr15	1	chr15_MATERNAL	1	chr15_PATERNAL
VCPIP1	1	chr8	1	chr8_MATERNAL	1	chr8_PATERNAL
CCT5	1	chr5	1	chr5_MATERNAL	1	chr5_PATERNAL
FAM118B	1	chr11	1	chr11_MATERNAL	1	chr11_PATERNAL
PIK3AP1	1	chr10	1	chr10_MATERNAL	1	chr10_PATERNAL
MYNN	1	chr3	1	chr3_MATERNAL	1	chr3_PATERNAL
AKR1B1	1	chr7	1	chr7_MATERNAL	1	chr7_PATERNAL
MYO7B	1	chr2	1	chr2_MATERNAL	1	chr2_PATERNAL
PDYN	1	chr20	1	chr20_MATERNAL	1	chr20_PATERNAL
MVB12A	1	chr19	1	chr19_MATERNAL	1	chr19_PATERNAL
MRPS12	1	chr19	1	chr19_MATERNAL	1	chr19_PATERNAL
NQO2	1	chr6	1	chr6_MATERNAL	1	chr6_PATERNAL
RGPD2	1	chr2	1	chr2_MATERNAL	1	chr2_PATERNAL
EFCC1	1	chr3	1	chr3_MATERNAL	1	chr3_PATERNAL
PGLS	1	chr19	1	chr19_MATERNAL	1	chr19_PATERNAL
MROH6	1	chr8	1	chr8_MATERNAL	1	chr8_PATERNAL
CCNB3	1	chrX	1	chrX_MATERNAL	0	None
CT47A12	1	chrX	1	chrX_MATERNAL	0	None
OTUD1	1	chr10	1	chr10_MATERNAL	1	chr10_PATERNAL
RLN3	1	chr19	1	chr19_MATERNAL	1	chr19_PATERNAL
MRAP	1	chr21	1	chr21_MATERNAL	1	chr21_PATERNAL
MRAS	1	chr3	1	chr3_MATERNAL	1	chr3_PATERNAL
ERVMER34-1	1	chr4	1	chr4_MATERNAL	1	chr4_PATERNAL
PISD	1	chr22	1	chr22_MATERNAL	1	chr22_PATERNAL
CADM4	1	chr19	1	chr19_MATERNAL	1	chr19_PATERNAL
MAP2K7	1	chr19	1	chr19_MATERNAL	1	chr19_PATERNAL
WDR17	1	chr4	1	chr4_MATERNAL	1	chr4_PATERNAL
DNASE1L1	1	chrX	1	chrX_MATERNAL	0	None
ATXN7L3	1	chr17	1	chr17_MATERNAL	1	chr17_PATERNAL
ARIH1	1	chr15	1	chr15_MATERNAL	1	chr15_PATERNAL
RIPK2	1	chr8	1	chr8_MATERNAL	1	chr8_PATERNAL
TPMT	1	chr6	1	chr6_MATERNAL	1	chr6_PATERNAL
SDHAF3	1	chr7	1	chr7_MATERNAL	1	chr7_PATERNAL
H1-5	1	chr6	1	chr6_MATERNAL	1	chr6_PATERNAL
PTHLH	1	chr12	1	chr12_MATERNAL	1	chr12_PATERNAL
PIP5K1A	1	chr1	1	chr1_MATERNAL	1	chr1_PATERNAL
GLT1D1	1	chr12	1	chr12_MATERNAL	1	chr12_PATERNAL
KIF13B	1	chr8	1	chr8_MATERNAL	1	chr8_PATERNAL
POLD4	1	chr11	1	chr11_MATERNAL	1	chr11_PATERNAL
PSMB2	1	chr1	1	chr1_MATERNAL	1	chr1_PATERNAL
MRPS7	1	chr17	1	chr17_MATERNAL	1	chr17_PATERNAL
METTL4	1	chr18	1	chr18_MATERNAL	1	chr18_PATERNAL
PLAC1	1	chrX	1	chrX_MATERNAL	0	None
DRG2	1	chr17	1	chr17_MATERNAL	1	chr17_PATERNAL
RNASE4	1	chr14	1	chr14_MATERNAL	1	chr14_PATERNAL
CLCA2	1	chr1	1	chr1_MATERNAL	1	chr1_PATERNAL
SETDB2	1	chr13	1	chr13_MATERNAL	1	chr13_PATERNAL
RPL19	1	chr17	1	chr17_MATERNAL	1	chr17_PATERNAL
ARHGEF19	1	chr1	1	chr1_MATERNAL	1	chr1_PATERNAL
LOC105379199	1	chr5	1	chr5_MATERNAL	1	chr5_PATERNAL
CCDC59	1	chr12	1	chr12_MATERNAL	1	chr12_PATERNAL
ZNF134	1	chr19	1	chr19_MATERNAL	1	chr19_PATERNAL
CACNA1H	1	chr16	1	chr16_MATERNAL	1	chr16_PATERNAL
UAP1	1	chr1	1	chr1_MATERNAL	1	chr1_PATERNAL
APOBEC3C	1	chr22	1	chr22_MATERNAL	1	chr22_PATERNAL
LAMTOR4	1	chr7	1	chr7_MATERNAL	1	chr7_PATERNAL
ZNF85	1	chr19	1	chr19_MATERNAL	1	chr19_PATERNAL
TACSTD2	1	chr1	1	chr1_MATERNAL	1	chr1_PATERNAL
RPL27A	1	chr11	1	chr11_MATERNAL	1	chr11_PATERNAL
XKRX	1	chrX	1	chrX_MATERNAL	0	None
ANKRD49	1	chr11	1	chr11_MATERNAL	1	chr11_PATERNAL
GPR89A	1	chr1	1	chr1_MATERNAL	1	chr1_PATERNAL
NADK2	1	chr5	1	chr5_MATERNAL	1	chr5_PATERNAL
TMEM115	1	chr3	1	chr3_MATERNAL	1	chr3_PATERNAL
GPBP1	1	chr5	1	chr5_MATERNAL	1	chr5_PATERNAL
LOC124900995	1	chr5	1	chr5_MATERNAL	1	chr5_PATERNAL
NTSR2	1	chr2	1	chr2_MATERNAL	1	chr2_PATERNAL
ZFP69B	1	chr1	1	chr1_MATERNAL	1	chr1_PATERNAL
DYNC1I1	1	chr7	1	chr7_MATERNAL	1	chr7_PATERNAL
GGNBP2	1	chr17	1	chr17_MATERNAL	1	chr17_PATERNAL
DPYSL4	1	chr10	1	chr10_MATERNAL	1	chr10_PATERNAL
OAZ1	1	chr19	1	chr19_MATERNAL	1	chr19_PATERNAL
GRIA4	1	chr11	1	chr11_MATERNAL	1	chr11_PATERNAL
ZSCAN23	1	chr6	1	chr6_MATERNAL	1	chr6_PATERNAL
OR5B17	1	chr11	1	chr11_MATERNAL	1	chr11_PATERNAL
MYCT1	1	chr6	1	chr6_MATERNAL	1	chr6_PATERNAL
RPL15	1	chr3	1	chr3_MATERNAL	1	chr3_PATERNAL
TRHR	1	chr8	1	chr8_MATERNAL	1	chr8_PATERNAL
MAP4K3	1	chr2	1	chr2_MATERNAL	1	chr2_PATERNAL
YIPF3	1	chr6	1	chr6_MATERNAL	1	chr6_PATERNAL
SEPTIN12	1	chr16	1	chr16_MATERNAL	1	chr16_PATERNAL
ABCA7	1	chr19	1	chr19_MATERNAL	1	chr19_PATERNAL
SCN4A	1	chr17	1	chr17_MATERNAL	1	chr17_PATERNAL
OR4X1	1	chr11	1	chr11_MATERNAL	1	chr11_PATERNAL
CYS1	1	chr2	1	chr2_MATERNAL	1	chr2_PATERNAL
ASCC2	1	chr22	1	chr22_MATERNAL	1	chr22_PATERNAL
CLEC2D	1	chr12	1	chr12_MATERNAL	1	chr12_PATERNAL
GPRASP2	1	chrX	1	chrX_MATERNAL	0	None
ERI1	1	chr8	1	chr8_MATERNAL	1	chr8_PATERNAL
BACH1	1	chr21	1	chr21_MATERNAL	1	chr21_PATERNAL
UBE2I	1	chr16	1	chr16_MATERNAL	1	chr16_PATERNAL
OSTCP2	1	chr1	1	chr1_MATERNAL	1	chr1_PATERNAL
SPDYE5	1	chr7	1	chr7_MATERNAL	1	chr7_PATERNAL
UBP1	1	chr3	1	chr3_MATERNAL	1	chr3_PATERNAL
SNX17	1	chr2	1	chr2_MATERNAL	1	chr2_PATERNAL
AGO2	1	chr8	1	chr8_MATERNAL	1	chr8_PATERNAL
LYZL1	1	chr10	1	chr10_MATERNAL	1	chr10_PATERNAL
RNF169	1	chr11	1	chr11_MATERNAL	1	chr11_PATERNAL
CHMP5	1	chr9	1	chr9_MATERNAL	1	chr9_PATERNAL
DTD1	1	chr20	1	chr20_MATERNAL	1	chr20_PATERNAL
NCR2	1	chr6	1	chr6_MATERNAL	1	chr6_PATERNAL
GCLC	1	chr6	1	chr6_MATERNAL	1	chr6_PATERNAL
TCTN2	1	chr12	1	chr12_MATERNAL	1	chr12_PATERNAL
ERICH6	1	chr3	1	chr3_MATERNAL	1	chr3_PATERNAL
ERP44	1	chr9	1	chr9_MATERNAL	1	chr9_PATERNAL
NYAP1	1	chr7	1	chr7_MATERNAL	1	chr7_PATERNAL
KRT38	1	chr17	1	chr17_MATERNAL	1	chr17_PATERNAL
ZNF20	1	chr19	1	chr19_MATERNAL	1	chr19_PATERNAL
NOX1	1	chrX	1	chrX_MATERNAL	0	None
SEC31A	1	chr4	1	chr4_MATERNAL	1	chr4_PATERNAL
CASR	1	chr3	1	chr3_MATERNAL	1	chr3_PATERNAL
LOC124901235	1	chr6	1	chr6_MATERNAL	1	chr6_PATERNAL
TRIM44	1	chr11	1	chr11_MATERNAL	1	chr11_PATERNAL
SEMA6B	1	chr19	1	chr19_MATERNAL	1	chr19_PATERNAL
LRFN5	1	chr14	1	chr14_MATERNAL	1	chr14_PATERNAL
ROS1	1	chr6	1	chr6_MATERNAL	1	chr6_PATERNAL
FPGT	1	chr1	1	chr1_MATERNAL	1	chr1_PATERNAL
HSCB	1	chr22	1	chr22_MATERNAL	1	chr22_PATERNAL
LOC124901141	1	chr5	1	chr5_MATERNAL	1	chr5_PATERNAL
ZNF140	1	chr12	1	chr12_MATERNAL	1	chr12_PATERNAL
GPR174	1	chrX	1	chrX_MATERNAL	0	None
ZNF524	1	chr19	1	chr19_MATERNAL	1	chr19_PATERNAL
EGLN1	1	chr1	1	chr1_MATERNAL	1	chr1_PATERNAL
ASCL3	1	chr11	1	chr11_MATERNAL	1	chr11_PATERNAL
TRIOBP	1	chr22	1	chr22_MATERNAL	1	chr22_PATERNAL
GIMAP5	1	chr7	1	chr7_MATERNAL	1	chr7_PATERNAL
RIMKLA	1	chr1	1	chr1_MATERNAL	1	chr1_PATERNAL
KRTAP10-7	1	chr21	1	chr21_MATERNAL	1	chr21_PATERNAL
BTN3A1	1	chr6	1	chr6_MATERNAL	1	chr6_PATERNAL
TMEM11	1	chr17	1	chr17_MATERNAL	1	chr17_PATERNAL
TMEM208	1	chr16	1	chr16_MATERNAL	1	chr16_PATERNAL
LANCL1	1	chr2	1	chr2_MATERNAL	1	chr2_PATERNAL
DZIP1L	1	chr3	1	chr3_MATERNAL	1	chr3_PATERNAL
CTXND2	1	chr1	1	chr1_MATERNAL	1	chr1_PATERNAL
LAIR2	1	chr19	1	chr19_MATERNAL	1	chr19_PATERNAL
PM20D1	1	chr1	1	chr1_MATERNAL	1	chr1_PATERNAL
TNFAIP8L1	1	chr19	1	chr19_MATERNAL	1	chr19_PATERNAL
PSPH	1	chr7	1	chr7_MATERNAL	1	chr7_PATERNAL
IL5RA	1	chr3	1	chr3_MATERNAL	1	chr3_PATERNAL
ADRB3	1	chr8	1	chr8_MATERNAL	1	chr8_PATERNAL
ANGEL1	1	chr14	1	chr14_MATERNAL	1	chr14_PATERNAL
TYW3	1	chr1	1	chr1_MATERNAL	1	chr1_PATERNAL
NR2E3	1	chr15	1	chr15_MATERNAL	1	chr15_PATERNAL
OAS1	1	chr12	1	chr12_MATERNAL	1	chr12_PATERNAL
BUD23	1	chr7	1	chr7_MATERNAL	1	chr7_PATERNAL
CALHM6	1	chr6	1	chr6_MATERNAL	1	chr6_PATERNAL
DCDC2C	1	chr2	1	chr2_MATERNAL	1	chr2_PATERNAL
ATP6V0E2	1	chr7	1	chr7_MATERNAL	1	chr7_PATERNAL
BECN2	1	chr1	1	chr1_MATERNAL	1	chr1_PATERNAL
ANKRD20A1	1	chr9	1	chr9_MATERNAL	1	chr9_PATERNAL
PPAN-P2RY11	1	chr19	1	chr19_MATERNAL	1	chr19_PATERNAL
PRPF4B	1	chr6	1	chr6_MATERNAL	1	chr6_PATERNAL
C5orf52	1	chr5	1	chr5_MATERNAL	1	chr5_PATERNAL
ZDHHC5	1	chr11	1	chr11_MATERNAL	1	chr11_PATERNAL
SCHIP1	1	chr3	1	chr3_MATERNAL	1	chr3_PATERNAL
ADAMTS17	1	chr15	1	chr15_MATERNAL	1	chr15_PATERNAL
CCNB2	1	chr15	1	chr15_MATERNAL	1	chr15_PATERNAL
COQ10A	1	chr12	1	chr12_MATERNAL	1	chr12_PATERNAL
YJEFN3	1	chr19	1	chr19_MATERNAL	1	chr19_PATERNAL
CXADR	1	chr21	1	chr21_MATERNAL	1	chr21_PATERNAL
C1orf109	1	chr1	1	chr1_MATERNAL	1	chr1_PATERNAL
KCND3	1	chr1	1	chr1_MATERNAL	1	chr1_PATERNAL
ATP8B3	1	chr19	1	chr19_MATERNAL	1	chr19_PATERNAL
FXYD6	1	chr11	1	chr11_MATERNAL	1	chr11_PATERNAL
VN1R2	1	chr19	1	chr19_MATERNAL	1	chr19_PATERNAL
RASSF2	1	chr20	1	chr20_MATERNAL	1	chr20_PATERNAL
LIME1	1	chr20	1	chr20_MATERNAL	1	chr20_PATERNAL
CSPG5	1	chr3	1	chr3_MATERNAL	1	chr3_PATERNAL
MESP2	1	chr15	1	chr15_MATERNAL	1	chr15_PATERNAL
EIPR1	1	chr2	1	chr2_MATERNAL	1	chr2_PATERNAL
GOLIM4	1	chr3	1	chr3_MATERNAL	1	chr3_PATERNAL
BRAF	1	chr7	1	chr7_MATERNAL	1	chr7_PATERNAL
ASB10	1	chr7	1	chr7_MATERNAL	1	chr7_PATERNAL
GALNT5	1	chr2	1	chr2_MATERNAL	1	chr2_PATERNAL
KRT36	1	chr17	1	chr17_MATERNAL	1	chr17_PATERNAL
KIF2A	1	chr5	1	chr5_MATERNAL	1	chr5_PATERNAL
SYCE3	1	chr22	1	chr22_MATERNAL	1	chr22_PATERNAL
ZNF197	1	chr3	1	chr3_MATERNAL	1	chr3_PATERNAL
SIDT1	1	chr3	1	chr3_MATERNAL	1	chr3_PATERNAL
RSPH6A	1	chr19	1	chr19_MATERNAL	1	chr19_PATERNAL
FAT3	1	chr11	1	chr11_MATERNAL	1	chr11_PATERNAL
LOC124903276	1	chr14	1	chr14_MATERNAL	1	chr14_PATERNAL
TAF11L14	1	chr5	1	chr5_MATERNAL	1	chr5_PATERNAL
GPR17	1	chr2	1	chr2_MATERNAL	1	chr2_PATERNAL
CDK14	1	chr7	1	chr7_MATERNAL	1	chr7_PATERNAL
CUTA	1	chr6	1	chr6_MATERNAL	1	chr6_PATERNAL
AREG	1	chr4	1	chr4_MATERNAL	1	chr4_PATERNAL
TANC1	1	chr2	1	chr2_MATERNAL	1	chr2_PATERNAL
CXCL14	1	chr5	1	chr5_MATERNAL	1	chr5_PATERNAL
XPA	1	chr9	1	chr9_MATERNAL	1	chr9_PATERNAL
SMIM1	1	chr1	1	chr1_MATERNAL	1	chr1_PATERNAL
PPM1B	1	chr2	1	chr2_MATERNAL	1	chr2_PATERNAL
ANTXR2	1	chr4	1	chr4_MATERNAL	1	chr4_PATERNAL
FBXL19	1	chr16	1	chr16_MATERNAL	1	chr16_PATERNAL
PRR18	1	chr6	1	chr6_MATERNAL	1	chr6_PATERNAL
DEFB135	1	chr8	1	chr8_MATERNAL	1	chr8_PATERNAL
PSPN	1	chr19	1	chr19_MATERNAL	1	chr19_PATERNAL
KRTAP10-2	1	chr21	1	chr21_MATERNAL	1	chr21_PATERNAL
TNFSF14	1	chr19	1	chr19_MATERNAL	1	chr19_PATERNAL
SNX15	1	chr11	1	chr11_MATERNAL	1	chr11_PATERNAL
CLEC4F	1	chr2	1	chr2_MATERNAL	1	chr2_PATERNAL
HHIPL2	1	chr1	1	chr1_MATERNAL	1	chr1_PATERNAL
OR51M1	1	chr11	1	chr11_MATERNAL	1	chr11_PATERNAL
NTMT1	1	chr9	1	chr9_MATERNAL	1	chr9_PATERNAL
ZNF593OS	1	chr1	1	chr1_MATERNAL	1	chr1_PATERNAL
DEPDC5	1	chr22	1	chr22_MATERNAL	1	chr22_PATERNAL
CD72	1	chr9	1	chr9_MATERNAL	1	chr9_PATERNAL
ALG6	1	chr1	1	chr1_MATERNAL	1	chr1_PATERNAL
SH2B3	1	chr12	1	chr12_MATERNAL	1	chr12_PATERNAL
AMMECR1L	1	chr2	1	chr2_MATERNAL	1	chr2_PATERNAL
LAMB2	1	chr3	1	chr3_MATERNAL	1	chr3_PATERNAL
NRG2	1	chr5	1	chr5_MATERNAL	1	chr5_PATERNAL
ERCC5	1	chr13	1	chr13_MATERNAL	1	chr13_PATERNAL
MBD1	1	chr18	1	chr18_MATERNAL	1	chr18_PATERNAL
PMS1	1	chr2	1	chr2_MATERNAL	1	chr2_PATERNAL
AKAP8L	1	chr19	1	chr19_MATERNAL	1	chr19_PATERNAL
LSG1	1	chr3	1	chr3_MATERNAL	1	chr3_PATERNAL
KIRREL1	1	chr1	1	chr1_MATERNAL	1	chr1_PATERNAL
ZBED9	1	chr6	1	chr6_MATERNAL	1	chr6_PATERNAL
ZNF681	1	chr19	1	chr19_MATERNAL	1	chr19_PATERNAL
HOXB13	1	chr17	1	chr17_MATERNAL	1	chr17_PATERNAL
MBD3L2	1	chr19	3	chr19_MATERNAL,chr19_MATERNAL,chr19_MATERNAL	1	chr19_PATERNAL
DNAJC18	1	chr5	1	chr5_MATERNAL	1	chr5_PATERNAL
RUVBL2	1	chr19	1	chr19_MATERNAL	1	chr19_PATERNAL
CFAP107	1	chr1	1	chr1_MATERNAL	1	chr1_PATERNAL
RYR1	1	chr19	1	chr19_MATERNAL	1	chr19_PATERNAL
OPTN	1	chr10	1	chr10_MATERNAL	1	chr10_PATERNAL
OXSR1	1	chr3	1	chr3_MATERNAL	1	chr3_PATERNAL
GSDMD	1	chr8	1	chr8_MATERNAL	1	chr8_PATERNAL
SBSN	1	chr19	1	chr19_MATERNAL	1	chr19_PATERNAL
HOXD11	1	chr2	1	chr2_MATERNAL	1	chr2_PATERNAL
PHOSPHO2-KLHL23	1	chr2	1	chr2_MATERNAL	1	chr2_PATERNAL
LEAP2	1	chr5	1	chr5_MATERNAL	1	chr5_PATERNAL
PPA1	1	chr10	1	chr10_MATERNAL	1	chr10_PATERNAL
FSCN1	1	chr7	1	chr7_MATERNAL	1	chr7_PATERNAL
NECTIN4	1	chr1	1	chr1_MATERNAL	1	chr1_PATERNAL
ABHD17B	1	chr9	1	chr9_MATERNAL	1	chr9_PATERNAL
C14orf119	1	chr14	1	chr14_MATERNAL	1	chr14_PATERNAL
LOC107986373	1	chr5	1	chr5_MATERNAL	1	chr5_PATERNAL
LRRCC1	1	chr8	1	chr8_MATERNAL	1	chr8_PATERNAL
OR10Q1	1	chr11	1	chr11_MATERNAL	1	chr11_PATERNAL
TMF1	1	chr3	1	chr3_MATERNAL	1	chr3_PATERNAL
STAB1	1	chr3	1	chr3_MATERNAL	1	chr3_PATERNAL
SCYGR6	1	chr2	1	chr2_MATERNAL	1	chr2_PATERNAL
KRTAP4-11	1	chr17	1	chr17_MATERNAL	1	chr17_PATERNAL
HTD2	1	chr3	1	chr3_MATERNAL	1	chr3_PATERNAL
CFAP276	1	chr1	1	chr1_MATERNAL	1	chr1_PATERNAL
SPTAN1	1	chr9	1	chr9_MATERNAL	1	chr9_PATERNAL
NFE2L2	1	chr2	1	chr2_MATERNAL	1	chr2_PATERNAL
IQGAP3	1	chr1	1	chr1_MATERNAL	1	chr1_PATERNAL
FOXN2	1	chr2	1	chr2_MATERNAL	1	chr2_PATERNAL
CALM3	1	chr19	1	chr19_MATERNAL	1	chr19_PATERNAL
MAPKAPK2	1	chr1	1	chr1_MATERNAL	1	chr1_PATERNAL
MYO1G	1	chr7	1	chr7_MATERNAL	1	chr7_PATERNAL
MGAT3	1	chr22	1	chr22_MATERNAL	1	chr22_PATERNAL
GALM	1	chr2	1	chr2_MATERNAL	1	chr2_PATERNAL
CDC123	1	chr10	1	chr10_MATERNAL	1	chr10_PATERNAL
CLDN12	1	chr7	1	chr7_MATERNAL	1	chr7_PATERNAL
LSM8	1	chr7	1	chr7_MATERNAL	1	chr7_PATERNAL
PXDC1	1	chr6	1	chr6_MATERNAL	1	chr6_PATERNAL
CPE	1	chr4	1	chr4_MATERNAL	1	chr4_PATERNAL
SLC6A14	1	chrX	1	chrX_MATERNAL	0	None
COP1	1	chr1	1	chr1_MATERNAL	1	chr1_PATERNAL
GPR31	1	chr6	1	chr6_MATERNAL	1	chr6_PATERNAL
AGFG1	1	chr2	1	chr2_MATERNAL	1	chr2_PATERNAL
CLCC1	1	chr1	1	chr1_MATERNAL	1	chr1_PATERNAL
TMEM88B	1	chr1	1	chr1_MATERNAL	1	chr1_PATERNAL
PI16	1	chr6	1	chr6_MATERNAL	1	chr6_PATERNAL
OXGR1	1	chr13	1	chr13_MATERNAL	1	chr13_PATERNAL
B3GALNT2	1	chr1	1	chr1_MATERNAL	1	chr1_PATERNAL
B3GALT9	1	chr9	1	chr9_MATERNAL	1	chr9_PATERNAL
CCDC196	1	chr14	1	chr14_MATERNAL	1	chr14_PATERNAL
ZNF585A	1	chr19	1	chr19_MATERNAL	1	chr19_PATERNAL
SLITRK4	1	chrX	1	chrX_MATERNAL	0	None
LOC124905948	1	chr2	1	chr2_MATERNAL	1	chr2_PATERNAL
PDLIM7	1	chr5	1	chr5_MATERNAL	1	chr5_PATERNAL
SLC9A3R2	1	chr16	1	chr16_MATERNAL	1	chr16_PATERNAL
SPRR4	1	chr1	1	chr1_MATERNAL	1	chr1_PATERNAL
ARFGEF3	1	chr6	1	chr6_MATERNAL	1	chr6_PATERNAL
RBL2	1	chr16	1	chr16_MATERNAL	1	chr16_PATERNAL
ZNF728	1	chr19	1	chr19_MATERNAL	1	chr19_PATERNAL
FSHB	1	chr11	1	chr11_MATERNAL	1	chr11_PATERNAL
PGM5	1	chr9	1	chr9_MATERNAL	1	chr9_PATERNAL
NFKBIB	1	chr19	1	chr19_MATERNAL	1	chr19_PATERNAL
MTG1	1	chr10	1	chr10_MATERNAL	1	chr10_PATERNAL
SEC62	1	chr3	1	chr3_MATERNAL	1	chr3_PATERNAL
RERE	1	chr1	1	chr1_MATERNAL	1	chr1_PATERNAL
FXR2	1	chr17	1	chr17_MATERNAL	1	chr17_PATERNAL
IFT57	1	chr3	1	chr3_MATERNAL	1	chr3_PATERNAL
DRD1	1	chr5	1	chr5_MATERNAL	1	chr5_PATERNAL
PAX2	1	chr10	1	chr10_MATERNAL	1	chr10_PATERNAL
TOP2A	1	chr17	1	chr17_MATERNAL	1	chr17_PATERNAL
PRR30	1	chr2	1	chr2_MATERNAL	1	chr2_PATERNAL
TFR2	1	chr7	1	chr7_MATERNAL	1	chr7_PATERNAL
CIDEC	1	chr3	1	chr3_MATERNAL	1	chr3_PATERNAL
SHISA7	1	chr19	1	chr19_MATERNAL	1	chr19_PATERNAL
LGR5	1	chr12	1	chr12_MATERNAL	1	chr12_PATERNAL
IQCN	1	chr19	1	chr19_MATERNAL	1	chr19_PATERNAL
LOC124901355	1	chr6	1	chr6_MATERNAL	1	chr6_PATERNAL
OLIG1	1	chr21	1	chr21_MATERNAL	1	chr21_PATERNAL
CT45A1	1	chrX	1	chrX_MATERNAL	0	None
NT5DC3	1	chr12	1	chr12_MATERNAL	1	chr12_PATERNAL
FAM13A	1	chr4	1	chr4_MATERNAL	1	chr4_PATERNAL
DIS3L	1	chr15	1	chr15_MATERNAL	1	chr15_PATERNAL
ARC	1	chr8	1	chr8_MATERNAL	1	chr8_PATERNAL
MSH6	1	chr2	1	chr2_MATERNAL	1	chr2_PATERNAL
C12orf50	1	chr12	1	chr12_MATERNAL	1	chr12_PATERNAL
ERCC6L	1	chrX	1	chrX_MATERNAL	0	None
ZNF805	1	chr19	1	chr19_MATERNAL	1	chr19_PATERNAL
FASTKD1	1	chr2	1	chr2_MATERNAL	1	chr2_PATERNAL
KYAT3	1	chr1	1	chr1_MATERNAL	1	chr1_PATERNAL
POPDC3	1	chr6	1	chr6_MATERNAL	1	chr6_PATERNAL
TCTN3	1	chr10	1	chr10_MATERNAL	1	chr10_PATERNAL
FOXL1	1	chr16	1	chr16_MATERNAL	1	chr16_PATERNAL
MBD4	1	chr3	1	chr3_MATERNAL	1	chr3_PATERNAL
DPH5	1	chr1	1	chr1_MATERNAL	1	chr1_PATERNAL
RAD51C	1	chr17	1	chr17_MATERNAL	1	chr17_PATERNAL
SLC30A10	1	chr1	1	chr1_MATERNAL	1	chr1_PATERNAL
ARL3	1	chr10	1	chr10_MATERNAL	1	chr10_PATERNAL
TMEM42	1	chr3	1	chr3_MATERNAL	1	chr3_PATERNAL
TRIM69	1	chr15	1	chr15_MATERNAL	1	chr15_PATERNAL
PRG4	1	chr1	1	chr1_MATERNAL	1	chr1_PATERNAL
BOLA2	2	chr16,chr16	2	chr16_MATERNAL,chr16_MATERNAL	2	chr16_PATERNAL,chr16_PATERNAL
SGMS2	1	chr4	1	chr4_MATERNAL	1	chr4_PATERNAL
CC2D1A	1	chr19	1	chr19_MATERNAL	1	chr19_PATERNAL
PET100	1	chr19	1	chr19_MATERNAL	1	chr19_PATERNAL
CNTLN	1	chr9	1	chr9_MATERNAL	1	chr9_PATERNAL
LOC124905156	1	chr22	1	chr22_MATERNAL	1	chr22_PATERNAL
FITM2	1	chr20	1	chr20_MATERNAL	1	chr20_PATERNAL
IQGAP1	1	chr15	1	chr15_MATERNAL	1	chr15_PATERNAL
BCLAF1P2	1	chr16	1	chr16_MATERNAL	1	chr16_PATERNAL
NPS	1	chr10	1	chr10_MATERNAL	1	chr10_PATERNAL
CDIPT	1	chr16	1	chr16_MATERNAL	1	chr16_PATERNAL
LOC122455340	1	chr12	1	chr12_MATERNAL	1	chr12_PATERNAL
IGFALS	1	chr16	1	chr16_MATERNAL	1	chr16_PATERNAL
CARS2	1	chr13	1	chr13_MATERNAL	1	chr13_PATERNAL
ENTPD5	1	chr14	1	chr14_MATERNAL	1	chr14_PATERNAL
SLC66A1	1	chr1	1	chr1_MATERNAL	1	chr1_PATERNAL
A4GNT	1	chr3	1	chr3_MATERNAL	1	chr3_PATERNAL
ONECUT3	1	chr19	1	chr19_MATERNAL	1	chr19_PATERNAL
EPS15L1	1	chr19	1	chr19_MATERNAL	1	chr19_PATERNAL
KRTAP2-3	1	chr17	1	chr17_MATERNAL	1	chr17_PATERNAL
PSG5	1	chr19	1	chr19_MATERNAL	1	chr19_PATERNAL
RNF111	1	chr15	1	chr15_MATERNAL	1	chr15_PATERNAL
IRF6	1	chr1	1	chr1_MATERNAL	1	chr1_PATERNAL
PPP1R14B	1	chr11	1	chr11_MATERNAL	1	chr11_PATERNAL
ANKRD62	1	chr18	1	chr18_MATERNAL	1	chr18_PATERNAL
XRCC5	1	chr2	1	chr2_MATERNAL	1	chr2_PATERNAL
TMC5	1	chr16	1	chr16_MATERNAL	1	chr16_PATERNAL
ZNF417	1	chr19	1	chr19_MATERNAL	1	chr19_PATERNAL
VPS29	1	chr12	1	chr12_MATERNAL	1	chr12_PATERNAL
ELOB	1	chr16	1	chr16_MATERNAL	1	chr16_PATERNAL
TUBA3D	1	chr2	1	chr2_MATERNAL	1	chr2_PATERNAL
P2RX1	1	chr17	1	chr17_MATERNAL	1	chr17_PATERNAL
DPF3	1	chr14	1	chr14_MATERNAL	1	chr14_PATERNAL
PDE8A	1	chr15	1	chr15_MATERNAL	1	chr15_PATERNAL
KCNG4	1	chr16	1	chr16_MATERNAL	1	chr16_PATERNAL
ALX1	1	chr12	1	chr12_MATERNAL	1	chr12_PATERNAL
LOC124904395	1	chr1	1	chr1_MATERNAL	1	chr1_PATERNAL
HNRNPA0	1	chr5	1	chr5_MATERNAL	1	chr5_PATERNAL
GPR84	1	chr12	1	chr12_MATERNAL	1	chr12_PATERNAL
VCAM1	1	chr1	1	chr1_MATERNAL	1	chr1_PATERNAL
KRT24	1	chr17	1	chr17_MATERNAL	1	chr17_PATERNAL
SLC26A6	1	chr3	1	chr3_MATERNAL	1	chr3_PATERNAL
ARHGAP32	1	chr11	1	chr11_MATERNAL	1	chr11_PATERNAL
DDX42	1	chr17	1	chr17_MATERNAL	1	chr17_PATERNAL
GXYLT1	1	chr12	1	chr12_MATERNAL	1	chr12_PATERNAL
AADAT	1	chr4	1	chr4_MATERNAL	1	chr4_PATERNAL
NECTIN1	1	chr11	1	chr11_MATERNAL	1	chr11_PATERNAL
RPL8	1	chr8	1	chr8_MATERNAL	1	chr8_PATERNAL
PYROXD1	1	chr12	1	chr12_MATERNAL	1	chr12_PATERNAL
XNDC1N	1	chr11	1	chr11_MATERNAL	1	chr11_PATERNAL
CTCF	1	chr16	1	chr16_MATERNAL	1	chr16_PATERNAL
HMGB2	1	chr4	1	chr4_MATERNAL	1	chr4_PATERNAL
CNGA1	1	chr4	1	chr4_MATERNAL	1	chr4_PATERNAL
SMC3	1	chr10	1	chr10_MATERNAL	1	chr10_PATERNAL
ACTR3B	1	chr7	1	chr7_MATERNAL	1	chr7_PATERNAL
ATP5F1E	1	chr20	1	chr20_MATERNAL	1	chr20_PATERNAL
CREB3L3	1	chr19	1	chr19_MATERNAL	1	chr19_PATERNAL
NR4A3	1	chr9	1	chr9_MATERNAL	1	chr9_PATERNAL
SLCO1C1	1	chr12	1	chr12_MATERNAL	1	chr12_PATERNAL
MARCHF8	1	chr10	1	chr10_MATERNAL	1	chr10_PATERNAL
S100A7A	1	chr1	1	chr1_MATERNAL	1	chr1_PATERNAL
GPR179	1	chr17	1	chr17_MATERNAL	1	chr17_PATERNAL
DAP3	1	chr1	1	chr1_MATERNAL	1	chr1_PATERNAL
C9orf78	1	chr9	1	chr9_MATERNAL	1	chr9_PATERNAL
GAREM2	1	chr2	1	chr2_MATERNAL	1	chr2_PATERNAL
CCDC82	1	chr11	1	chr11_MATERNAL	1	chr11_PATERNAL
DEPDC4	1	chr12	1	chr12_MATERNAL	1	chr12_PATERNAL
POMC	1	chr2	1	chr2_MATERNAL	1	chr2_PATERNAL
SNAPC1	1	chr14	1	chr14_MATERNAL	1	chr14_PATERNAL
TECPR2	1	chr14	1	chr14_MATERNAL	1	chr14_PATERNAL
VCAN	1	chr5	1	chr5_MATERNAL	1	chr5_PATERNAL
B4GALNT1	1	chr12	1	chr12_MATERNAL	1	chr12_PATERNAL
CGB5	1	chr19	1	chr19_MATERNAL	1	chr19_PATERNAL
TMEM161B	1	chr5	1	chr5_MATERNAL	1	chr5_PATERNAL
ZMIZ2	1	chr7	1	chr7_MATERNAL	1	chr7_PATERNAL
CCDC74B	1	chr2	1	chr2_MATERNAL	1	chr2_PATERNAL
CA14	1	chr1	1	chr1_MATERNAL	1	chr1_PATERNAL
CDH8	1	chr16	1	chr16_MATERNAL	1	chr16_PATERNAL
PCDHGB3	1	chr5	1	chr5_MATERNAL	1	chr5_PATERNAL
SAMM50	1	chr22	1	chr22_MATERNAL	1	chr22_PATERNAL
FGF6	1	chr12	1	chr12_MATERNAL	1	chr12_PATERNAL
GRIK3	1	chr1	1	chr1_MATERNAL	1	chr1_PATERNAL
LOC105376335	1	chr9	1	chr9_MATERNAL	1	chr9_PATERNAL
ZNF470-DT	1	chr19	1	chr19_MATERNAL	1	chr19_PATERNAL
GLRA2	1	chrX	1	chrX_MATERNAL	0	None
CABLES1	1	chr18	1	chr18_MATERNAL	1	chr18_PATERNAL
PKN3	1	chr9	1	chr9_MATERNAL	1	chr9_PATERNAL
TLCD4-RWDD3	1	chr1	1	chr1_MATERNAL	1	chr1_PATERNAL
GABRB2	1	chr5	1	chr5_MATERNAL	1	chr5_PATERNAL
PDILT	1	chr16	1	chr16_MATERNAL	1	chr16_PATERNAL
LRRK1	1	chr15	1	chr15_MATERNAL	1	chr15_PATERNAL
DGCR8	1	chr22	1	chr22_MATERNAL	1	chr22_PATERNAL
SDS	1	chr12	1	chr12_MATERNAL	1	chr12_PATERNAL
USP17L8	1	chr4	1	chr4_MATERNAL	1	chr4_PATERNAL
SLC5A9	1	chr1	1	chr1_MATERNAL	1	chr1_PATERNAL
HSDL1	1	chr16	1	chr16_MATERNAL	1	chr16_PATERNAL
OR1G1	1	chr17	1	chr17_MATERNAL	1	chr17_PATERNAL
NBR1	1	chr17	1	chr17_MATERNAL	1	chr17_PATERNAL
PRMT6	1	chr1	1	chr1_MATERNAL	1	chr1_PATERNAL
ANGPTL1	1	chr1	1	chr1_MATERNAL	1	chr1_PATERNAL
CAPN1	1	chr11	1	chr11_MATERNAL	1	chr11_PATERNAL
APOM	1	chr6	1	chr6_MATERNAL	1	chr6_PATERNAL
SLC9A4	1	chr2	1	chr2_MATERNAL	1	chr2_PATERNAL
COPS9	1	chr2	1	chr2_MATERNAL	1	chr2_PATERNAL
FSIP2	1	chr2	1	chr2_MATERNAL	1	chr2_PATERNAL
FAM209B	1	chr20	1	chr20_MATERNAL	1	chr20_PATERNAL
LOC124900992	3	chr5,chr5,chr5	11	chr5_MATERNAL,chr5_MATERNAL,chr5_MATERNAL,chr5_MATERNAL,chr5_MATERNAL,chr5_MATERNAL,chr5_MATERNAL,chr5_MATERNAL,chr5_MATERNAL,chr5_MATERNAL,chr5_MATERNAL	7	chr5_PATERNAL,chr5_PATERNAL,chr5_PATERNAL,chr5_PATERNAL,chr5_PATERNAL,chr5_PATERNAL,chr5_PATERNAL
ABHD12	1	chr20	1	chr20_MATERNAL	1	chr20_PATERNAL
CD207	1	chr2	1	chr2_MATERNAL	1	chr2_PATERNAL
METAP1	1	chr4	1	chr4_MATERNAL	1	chr4_PATERNAL
HIBADH	1	chr7	1	chr7_MATERNAL	1	chr7_PATERNAL
GALNS	1	chr16	1	chr16_MATERNAL	1	chr16_PATERNAL
CIAO2B	1	chr16	1	chr16_MATERNAL	1	chr16_PATERNAL
MC5R	1	chr18	1	chr18_MATERNAL	1	chr18_PATERNAL
KIRREL3	1	chr11	1	chr11_MATERNAL	1	chr11_PATERNAL
PIK3R4	1	chr3	1	chr3_MATERNAL	1	chr3_PATERNAL
DNALI1	1	chr1	1	chr1_MATERNAL	1	chr1_PATERNAL
GLRX	1	chr5	1	chr5_MATERNAL	1	chr5_PATERNAL
TLL2	1	chr10	1	chr10_MATERNAL	1	chr10_PATERNAL
KCNK7	1	chr11	1	chr11_MATERNAL	1	chr11_PATERNAL
ZNF492	1	chr19	1	chr19_MATERNAL	1	chr19_PATERNAL
TPM3	1	chr1	1	chr1_MATERNAL	1	chr1_PATERNAL
DACT1	1	chr14	1	chr14_MATERNAL	1	chr14_PATERNAL
CR1	1	chr1	1	chr1_MATERNAL	1	chr1_PATERNAL
MAP3K7CL	1	chr21	1	chr21_MATERNAL	1	chr21_PATERNAL
TCHP	1	chr12	1	chr12_MATERNAL	1	chr12_PATERNAL
DNAH10	1	chr12	1	chr12_MATERNAL	1	chr12_PATERNAL
PNN	1	chr14	1	chr14_MATERNAL	1	chr14_PATERNAL
LOC122394732	1	chr9	1	chr9_MATERNAL	1	chr9_PATERNAL
SETD5	1	chr3	1	chr3_MATERNAL	1	chr3_PATERNAL
SPIDR	1	chr8	1	chr8_MATERNAL	1	chr8_PATERNAL
COX16	1	chr14	1	chr14_MATERNAL	1	chr14_PATERNAL
HERC5	1	chr4	1	chr4_MATERNAL	1	chr4_PATERNAL
SF3A2	1	chr19	1	chr19_MATERNAL	1	chr19_PATERNAL
LYSMD2	1	chr15	1	chr15_MATERNAL	1	chr15_PATERNAL
NUTM2B	1	chr10	1	chr10_MATERNAL	1	chr10_PATERNAL
LY6G6D	1	chr6	1	chr6_MATERNAL	1	chr6_PATERNAL
ANGPT4	1	chr20	1	chr20_MATERNAL	1	chr20_PATERNAL
PIGL	1	chr17	1	chr17_MATERNAL	1	chr17_PATERNAL
DZIP1	1	chr13	1	chr13_MATERNAL	1	chr13_PATERNAL
FGD5	1	chr3	1	chr3_MATERNAL	1	chr3_PATERNAL
CSMD2	1	chr1	1	chr1_MATERNAL	1	chr1_PATERNAL
DNAAF6	1	chrX	1	chrX_MATERNAL	0	None
KDELR1	1	chr19	1	chr19_MATERNAL	1	chr19_PATERNAL
RAP1B	1	chr12	1	chr12_MATERNAL	1	chr12_PATERNAL
ATRNL1	1	chr10	1	chr10_MATERNAL	1	chr10_PATERNAL
TRMT9B	1	chr8	1	chr8_MATERNAL	1	chr8_PATERNAL
CTCFL	1	chr20	1	chr20_MATERNAL	1	chr20_PATERNAL
GLA	1	chrX	1	chrX_MATERNAL	0	None
ZNF251	1	chr8	1	chr8_MATERNAL	1	chr8_PATERNAL
C1QA	1	chr1	1	chr1_MATERNAL	1	chr1_PATERNAL
ENO4	1	chr10	1	chr10_MATERNAL	1	chr10_PATERNAL
ADGRL3	1	chr4	1	chr4_MATERNAL	1	chr4_PATERNAL
LSR	1	chr19	1	chr19_MATERNAL	1	chr19_PATERNAL
ELMOD1	1	chr11	1	chr11_MATERNAL	1	chr11_PATERNAL
TMEM200C	1	chr18	1	chr18_MATERNAL	1	chr18_PATERNAL
LOC124902608	1	chr11	1	chr11_MATERNAL	1	chr11_PATERNAL
PCDHGA10	1	chr5	1	chr5_MATERNAL	1	chr5_PATERNAL
C2orf66	1	chr2	1	chr2_MATERNAL	1	chr2_PATERNAL
SIGLEC12	1	chr19	1	chr19_MATERNAL	1	chr19_PATERNAL
AKAP5	1	chr14	1	chr14_MATERNAL	1	chr14_PATERNAL
CDK17	1	chr12	1	chr12_MATERNAL	1	chr12_PATERNAL
DLG4	1	chr17	1	chr17_MATERNAL	1	chr17_PATERNAL
MAP3K5	1	chr6	1	chr6_MATERNAL	1	chr6_PATERNAL
EMX1	1	chr2	1	chr2_MATERNAL	1	chr2_PATERNAL
OSR1	1	chr2	1	chr2_MATERNAL	1	chr2_PATERNAL
NPNT	1	chr4	1	chr4_MATERNAL	1	chr4_PATERNAL
MRM1	1	chr17	1	chr17_MATERNAL	1	chr17_PATERNAL
OR2W1	1	chr6	1	chr6_MATERNAL	1	chr6_PATERNAL
ZSCAN21	1	chr7	1	chr7_MATERNAL	1	chr7_PATERNAL
TLCD5	1	chr11	1	chr11_MATERNAL	1	chr11_PATERNAL
BNIP3	1	chr10	1	chr10_MATERNAL	1	chr10_PATERNAL
HHLA1	1	chr8	1	chr8_MATERNAL	1	chr8_PATERNAL
ZBBX	1	chr3	1	chr3_MATERNAL	1	chr3_PATERNAL
LONRF1	1	chr8	1	chr8_MATERNAL	1	chr8_PATERNAL
IMMT	1	chr2	1	chr2_MATERNAL	1	chr2_PATERNAL
TNK2	1	chr3	1	chr3_MATERNAL	1	chr3_PATERNAL
SRGAP2C	1	chr1	1	chr1_MATERNAL	1	chr1_PATERNAL
SPATA46	1	chr1	1	chr1_MATERNAL	1	chr1_PATERNAL
CDR2	1	chr16	1	chr16_MATERNAL	1	chr16_PATERNAL
SFXN4	1	chr10	1	chr10_MATERNAL	1	chr10_PATERNAL
RNF150	1	chr4	1	chr4_MATERNAL	1	chr4_PATERNAL
ZFAND3	1	chr6	1	chr6_MATERNAL	1	chr6_PATERNAL
ABRAXAS2	1	chr10	1	chr10_MATERNAL	1	chr10_PATERNAL
CRCT1	1	chr1	1	chr1_MATERNAL	1	chr1_PATERNAL
ENPP4	1	chr6	1	chr6_MATERNAL	1	chr6_PATERNAL
MYL5	1	chr4	1	chr4_MATERNAL	1	chr4_PATERNAL
SMYD2	1	chr1	1	chr1_MATERNAL	1	chr1_PATERNAL
TAS2R10	1	chr12	1	chr12_MATERNAL	1	chr12_PATERNAL
RARRES1	1	chr3	1	chr3_MATERNAL	1	chr3_PATERNAL
SLC25A4	1	chr4	1	chr4_MATERNAL	1	chr4_PATERNAL
HMGN4	1	chr6	1	chr6_MATERNAL	1	chr6_PATERNAL
GJB1	1	chrX	1	chrX_MATERNAL	0	None
STOML1	1	chr15	1	chr15_MATERNAL	1	chr15_PATERNAL
PKIA	1	chr8	1	chr8_MATERNAL	1	chr8_PATERNAL
BTK	1	chrX	1	chrX_MATERNAL	0	None
PRDM7	1	chr16	1	chr16_MATERNAL	1	chr16_PATERNAL
HSPA6	1	chr1	1	chr1_MATERNAL	1	chr1_PATERNAL
RDH16	1	chr12	1	chr12_MATERNAL	1	chr12_PATERNAL
MYO5B	1	chr18	1	chr18_MATERNAL	1	chr18_PATERNAL
SRF	1	chr6	1	chr6_MATERNAL	1	chr6_PATERNAL
GPR88	1	chr1	1	chr1_MATERNAL	1	chr1_PATERNAL
RDH11	1	chr14	1	chr14_MATERNAL	1	chr14_PATERNAL
LOC124909484	1	chr3	1	chr3_MATERNAL	1	chr3_PATERNAL
MYADML2	1	chr17	1	chr17_MATERNAL	1	chr17_PATERNAL
TMPRSS7	1	chr3	1	chr3_MATERNAL	1	chr3_PATERNAL
LIMA1	1	chr12	1	chr12_MATERNAL	1	chr12_PATERNAL
CDK5R1	1	chr17	1	chr17_MATERNAL	1	chr17_PATERNAL
BRWD1	1	chr21	1	chr21_MATERNAL	1	chr21_PATERNAL
BRMS1L	1	chr14	1	chr14_MATERNAL	1	chr14_PATERNAL
BAK1	1	chr6	1	chr6_MATERNAL	1	chr6_PATERNAL
GIPR	1	chr19	1	chr19_MATERNAL	1	chr19_PATERNAL
CCL5	1	chr17	1	chr17_MATERNAL	1	chr17_PATERNAL
E2F8	1	chr11	1	chr11_MATERNAL	1	chr11_PATERNAL
TRIM64	1	chr11	1	chr11_MATERNAL	1	chr11_PATERNAL
DLGAP1	1	chr18	1	chr18_MATERNAL	1	chr18_PATERNAL
FAM236A	1	chrX	1	chrX_MATERNAL	0	None
SLX9	1	chr21	1	chr21_MATERNAL	1	chr21_PATERNAL
LOC107985222	1	chr1	1	chr1_MATERNAL	1	chr1_PATERNAL
DEPDC1B	1	chr5	1	chr5_MATERNAL	1	chr5_PATERNAL
KRT73	1	chr12	1	chr12_MATERNAL	1	chr12_PATERNAL
SIGLEC7	1	chr19	1	chr19_MATERNAL	1	chr19_PATERNAL
LOC124903757	1	chr16	1	chr16_MATERNAL	1	chr16_PATERNAL
LURAP1	1	chr1	1	chr1_MATERNAL	1	chr1_PATERNAL
SLC17A8	1	chr12	1	chr12_MATERNAL	1	chr12_PATERNAL
MTTP	1	chr4	1	chr4_MATERNAL	1	chr4_PATERNAL
DOC2B	1	chr17	1	chr17_MATERNAL	1	chr17_PATERNAL
YARS1	1	chr1	1	chr1_MATERNAL	1	chr1_PATERNAL
PHF7	1	chr3	1	chr3_MATERNAL	1	chr3_PATERNAL
VWA8	1	chr13	1	chr13_MATERNAL	1	chr13_PATERNAL
PEX3	1	chr6	1	chr6_MATERNAL	1	chr6_PATERNAL
SHLD3	1	chr5	1	chr5_MATERNAL	1	chr5_PATERNAL
FAM187A	1	chr17	1	chr17_MATERNAL	1	chr17_PATERNAL
OGG1	1	chr3	1	chr3_MATERNAL	1	chr3_PATERNAL
VARS1	1	chr6	1	chr6_MATERNAL	1	chr6_PATERNAL
GEM	1	chr8	1	chr8_MATERNAL	1	chr8_PATERNAL
PRSS3	1	chr9	1	chr9_MATERNAL	1	chr9_PATERNAL
FAM161B	1	chr14	1	chr14_MATERNAL	1	chr14_PATERNAL
OR5K2	1	chr3	1	chr3_MATERNAL	1	chr3_PATERNAL
HRCT1	1	chr9	1	chr9_MATERNAL	1	chr9_PATERNAL
GAK	1	chr4	1	chr4_MATERNAL	1	chr4_PATERNAL
ITGB4	1	chr17	1	chr17_MATERNAL	1	chr17_PATERNAL
HAGH	1	chr16	1	chr16_MATERNAL	1	chr16_PATERNAL
KLF5	1	chr13	1	chr13_MATERNAL	1	chr13_PATERNAL
PACSIN1	1	chr6	1	chr6_MATERNAL	1	chr6_PATERNAL
MKNK2	1	chr19	1	chr19_MATERNAL	1	chr19_PATERNAL
EMP2	1	chr16	1	chr16_MATERNAL	1	chr16_PATERNAL
RPL10	1	chrX	1	chrX_MATERNAL	0	None
SKOR1	1	chr15	1	chr15_MATERNAL	1	chr15_PATERNAL
CTSB	1	chr8	1	chr8_MATERNAL	1	chr8_PATERNAL
MIS18BP1	1	chr14	1	chr14_MATERNAL	1	chr14_PATERNAL
PPIL2	1	chr22	1	chr22_MATERNAL	1	chr22_PATERNAL
OR1L4	1	chr9	1	chr9_MATERNAL	1	chr9_PATERNAL
ITM2B	1	chr13	1	chr13_MATERNAL	1	chr13_PATERNAL
KMT2C	1	chr7	1	chr7_MATERNAL	1	chr7_PATERNAL
XPNPEP3	1	chr22	1	chr22_MATERNAL	1	chr22_PATERNAL
MAX	1	chr14	1	chr14_MATERNAL	1	chr14_PATERNAL
NDUFS1	1	chr2	1	chr2_MATERNAL	1	chr2_PATERNAL
PRCD	1	chr17	1	chr17_MATERNAL	1	chr17_PATERNAL
H4-16	1	chr12	1	chr12_MATERNAL	1	chr12_PATERNAL
EMG1	1	chr12	1	chr12_MATERNAL	1	chr12_PATERNAL
TINCR	1	chr19	1	chr19_MATERNAL	1	chr19_PATERNAL
ZNF695	1	chr1	1	chr1_MATERNAL	1	chr1_PATERNAL
COQ9	1	chr16	1	chr16_MATERNAL	1	chr16_PATERNAL
DAAM1	1	chr14	1	chr14_MATERNAL	1	chr14_PATERNAL
SMIM13	1	chr6	1	chr6_MATERNAL	1	chr6_PATERNAL
PFKP	1	chr10	1	chr10_MATERNAL	1	chr10_PATERNAL
COL11A1	1	chr1	1	chr1_MATERNAL	1	chr1_PATERNAL
HPSE	1	chr4	1	chr4_MATERNAL	1	chr4_PATERNAL
GJC1	1	chr17	1	chr17_MATERNAL	1	chr17_PATERNAL
MLANA	1	chr9	1	chr9_MATERNAL	1	chr9_PATERNAL
URM1	1	chr9	1	chr9_MATERNAL	1	chr9_PATERNAL
PVALEF	1	chr17	1	chr17_MATERNAL	1	chr17_PATERNAL
ADAM17	1	chr2	1	chr2_MATERNAL	1	chr2_PATERNAL
HSD17B12	1	chr11	1	chr11_MATERNAL	1	chr11_PATERNAL
ENPP6	1	chr4	1	chr4_MATERNAL	1	chr4_PATERNAL
EXOSC1	1	chr10	1	chr10_MATERNAL	1	chr10_PATERNAL
PAX8	1	chr2	1	chr2_MATERNAL	1	chr2_PATERNAL
COASY	1	chr17	1	chr17_MATERNAL	1	chr17_PATERNAL
MRPL18	1	chr6	1	chr6_MATERNAL	1	chr6_PATERNAL
ZNF383	1	chr19	1	chr19_MATERNAL	1	chr19_PATERNAL
RSKR	1	chr17	1	chr17_MATERNAL	1	chr17_PATERNAL
ARAP3	1	chr5	1	chr5_MATERNAL	1	chr5_PATERNAL
IFT43	1	chr14	1	chr14_MATERNAL	1	chr14_PATERNAL
TTC19	1	chr17	1	chr17_MATERNAL	1	chr17_PATERNAL
CLN6	1	chr15	1	chr15_MATERNAL	1	chr15_PATERNAL
ZNF219	1	chr14	1	chr14_MATERNAL	1	chr14_PATERNAL
MRPS9	1	chr2	1	chr2_MATERNAL	1	chr2_PATERNAL
MRPS18A	1	chr6	1	chr6_MATERNAL	1	chr6_PATERNAL
BCAT2	1	chr19	1	chr19_MATERNAL	1	chr19_PATERNAL
COX7C	1	chr5	1	chr5_MATERNAL	1	chr5_PATERNAL
ARL6IP5	1	chr3	1	chr3_MATERNAL	1	chr3_PATERNAL
TSPAN19	1	chr12	1	chr12_MATERNAL	1	chr12_PATERNAL
RNF25	1	chr2	1	chr2_MATERNAL	1	chr2_PATERNAL
PDZD8	1	chr10	1	chr10_MATERNAL	1	chr10_PATERNAL
CTDSPL2	1	chr15	1	chr15_MATERNAL	1	chr15_PATERNAL
LILRA3	0	None	1	chr19_MATERNAL	1	chr19_PATERNAL
APOL4	1	chr22	1	chr22_MATERNAL	1	chr22_PATERNAL
ZNF233	1	chr19	1	chr19_MATERNAL	1	chr19_PATERNAL
C2orf73	1	chr2	1	chr2_MATERNAL	1	chr2_PATERNAL
PIGT	1	chr20	1	chr20_MATERNAL	1	chr20_PATERNAL
TRIM45	1	chr1	1	chr1_MATERNAL	1	chr1_PATERNAL
MYBL2	1	chr20	1	chr20_MATERNAL	1	chr20_PATERNAL
TAF4	1	chr20	1	chr20_MATERNAL	1	chr20_PATERNAL
TMEM247	1	chr2	1	chr2_MATERNAL	1	chr2_PATERNAL
WASHC1	1	chr9	1	chr9_MATERNAL	1	chr9_PATERNAL
STRIP1	1	chr1	1	chr1_MATERNAL	1	chr1_PATERNAL
OR3A2	1	chr17	1	chr17_MATERNAL	1	chr17_PATERNAL
PLA2R1	1	chr2	1	chr2_MATERNAL	1	chr2_PATERNAL
SORCS3	1	chr10	1	chr10_MATERNAL	1	chr10_PATERNAL
BCL2L2	1	chr14	1	chr14_MATERNAL	1	chr14_PATERNAL
KCNA10	1	chr1	1	chr1_MATERNAL	1	chr1_PATERNAL
CFAP119	1	chr16	1	chr16_MATERNAL	1	chr16_PATERNAL
PTPRK	1	chr6	1	chr6_MATERNAL	1	chr6_PATERNAL
MTFR1	1	chr8	1	chr8_MATERNAL	1	chr8_PATERNAL
MTCP1	1	chrX	1	chrX_MATERNAL	0	None
CD3E	1	chr11	1	chr11_MATERNAL	1	chr11_PATERNAL
GNPDA1	1	chr5	1	chr5_MATERNAL	1	chr5_PATERNAL
GUCA2A	1	chr1	1	chr1_MATERNAL	1	chr1_PATERNAL
CYP11A1	1	chr15	1	chr15_MATERNAL	1	chr15_PATERNAL
NAALAD2	1	chr11	1	chr11_MATERNAL	1	chr11_PATERNAL
DBI	1	chr2	1	chr2_MATERNAL	1	chr2_PATERNAL
KCNH4	1	chr17	1	chr17_MATERNAL	1	chr17_PATERNAL
IMMP1L	1	chr11	1	chr11_MATERNAL	1	chr11_PATERNAL
H4C5	1	chr6	1	chr6_MATERNAL	1	chr6_PATERNAL
OR5AK2	1	chr11	1	chr11_MATERNAL	1	chr11_PATERNAL
IFNE	1	chr9	1	chr9_MATERNAL	1	chr9_PATERNAL
LOC124903671	1	chr16	1	chr16_MATERNAL	1	chr16_PATERNAL
MPL	1	chr1	1	chr1_MATERNAL	1	chr1_PATERNAL
HOMER2	1	chr15	1	chr15_MATERNAL	1	chr15_PATERNAL
DBX2	1	chr12	1	chr12_MATERNAL	1	chr12_PATERNAL
MYBL1	1	chr8	1	chr8_MATERNAL	1	chr8_PATERNAL
FOXA2	1	chr20	1	chr20_MATERNAL	1	chr20_PATERNAL
HCLS1	1	chr3	1	chr3_MATERNAL	1	chr3_PATERNAL
ACACB	1	chr12	1	chr12_MATERNAL	1	chr12_PATERNAL
BHLHB9	1	chrX	1	chrX_MATERNAL	0	None
USP12	1	chr13	1	chr13_MATERNAL	1	chr13_PATERNAL
FAM234A	1	chr16	1	chr16_MATERNAL	1	chr16_PATERNAL
DYRK2	1	chr12	1	chr12_MATERNAL	1	chr12_PATERNAL
TMEM82	1	chr1	1	chr1_MATERNAL	1	chr1_PATERNAL
CALB2	1	chr16	1	chr16_MATERNAL	1	chr16_PATERNAL
PAWR	1	chr12	1	chr12_MATERNAL	1	chr12_PATERNAL
PPIAL4E	1	chr1	1	chr1_MATERNAL	1	chr1_PATERNAL
PLA2G5	1	chr1	1	chr1_MATERNAL	1	chr1_PATERNAL
IL26	1	chr12	1	chr12_MATERNAL	1	chr12_PATERNAL
LOC124904011	1	chr17	1	chr17_MATERNAL	1	chr17_PATERNAL
C2orf88	1	chr2	1	chr2_MATERNAL	1	chr2_PATERNAL
ACADVL	1	chr17	1	chr17_MATERNAL	1	chr17_PATERNAL
DCTN3	1	chr9	1	chr9_MATERNAL	1	chr9_PATERNAL
TEX37	1	chr2	1	chr2_MATERNAL	1	chr2_PATERNAL
SPRR3	1	chr1	1	chr1_MATERNAL	1	chr1_PATERNAL
DDX59	1	chr1	1	chr1_MATERNAL	1	chr1_PATERNAL
ZNF563	1	chr19	1	chr19_MATERNAL	1	chr19_PATERNAL
APOL3	1	chr22	1	chr22_MATERNAL	1	chr22_PATERNAL
RBFOX1	1	chr16	1	chr16_MATERNAL	1	chr16_PATERNAL
STXBP5	1	chr6	1	chr6_MATERNAL	1	chr6_PATERNAL
ZCWPW1	1	chr7	1	chr7_MATERNAL	1	chr7_PATERNAL
TRPM3	1	chr9	1	chr9_MATERNAL	1	chr9_PATERNAL
FBXL18	1	chr7	1	chr7_MATERNAL	1	chr7_PATERNAL
LCN1	1	chr9	1	chr9_MATERNAL	1	chr9_PATERNAL
C14orf180	1	chr14	1	chr14_MATERNAL	1	chr14_PATERNAL
FBP2	1	chr9	1	chr9_MATERNAL	1	chr9_PATERNAL
CTC1	1	chr17	1	chr17_MATERNAL	1	chr17_PATERNAL
MRGPRF	1	chr11	1	chr11_MATERNAL	1	chr11_PATERNAL
NBPF3	1	chr1	1	chr1_MATERNAL	1	chr1_PATERNAL
DEFA1B	1	chr8	1	chr8_MATERNAL	1	chr8_PATERNAL
INHBC	1	chr12	1	chr12_MATERNAL	1	chr12_PATERNAL
STXBP2	1	chr19	1	chr19_MATERNAL	1	chr19_PATERNAL
FTSJ3	1	chr17	1	chr17_MATERNAL	1	chr17_PATERNAL
TEX43	1	chr5	1	chr5_MATERNAL	1	chr5_PATERNAL
FOXO6	1	chr1	1	chr1_MATERNAL	1	chr1_PATERNAL
NRN1	1	chr6	1	chr6_MATERNAL	1	chr6_PATERNAL
WNT3	1	chr17	1	chr17_MATERNAL	1	chr17_PATERNAL
PPP1R3E	1	chr14	1	chr14_MATERNAL	1	chr14_PATERNAL
RPS21	1	chr20	1	chr20_MATERNAL	1	chr20_PATERNAL
JAML	1	chr11	1	chr11_MATERNAL	1	chr11_PATERNAL
VSTM2B	1	chr19	1	chr19_MATERNAL	1	chr19_PATERNAL
ATXN10	1	chr22	1	chr22_MATERNAL	1	chr22_PATERNAL
CCL15	1	chr17	1	chr17_MATERNAL	1	chr17_PATERNAL
CCDC154	1	chr16	1	chr16_MATERNAL	1	chr16_PATERNAL
ASGR1	1	chr17	1	chr17_MATERNAL	1	chr17_PATERNAL
RLN1	1	chr9	1	chr9_MATERNAL	1	chr9_PATERNAL
DBH	1	chr9	1	chr9_MATERNAL	1	chr9_PATERNAL
GJB3	1	chr1	1	chr1_MATERNAL	1	chr1_PATERNAL
TAFA4	1	chr3	1	chr3_MATERNAL	1	chr3_PATERNAL
CALML5	1	chr10	1	chr10_MATERNAL	1	chr10_PATERNAL
RAB37	1	chr17	1	chr17_MATERNAL	1	chr17_PATERNAL
RNF122	1	chr8	1	chr8_MATERNAL	1	chr8_PATERNAL
TMSB4Y	1	chrY	0	None	1	chrY_PATERNAL
FAM174B	1	chr15	1	chr15_MATERNAL	1	chr15_PATERNAL
ARHGEF10L	1	chr1	1	chr1_MATERNAL	1	chr1_PATERNAL
LOC105371216	1	chr1	1	chr1_MATERNAL	1	chr1_PATERNAL
ADAR	1	chr1	1	chr1_MATERNAL	1	chr1_PATERNAL
GPSM2	1	chr1	1	chr1_MATERNAL	1	chr1_PATERNAL
PDIA6	1	chr2	1	chr2_MATERNAL	1	chr2_PATERNAL
TTC3	1	chr21	1	chr21_MATERNAL	1	chr21_PATERNAL
SPNS3	1	chr17	1	chr17_MATERNAL	1	chr17_PATERNAL
GPN3	1	chr12	1	chr12_MATERNAL	1	chr12_PATERNAL
TXNL4B	1	chr16	1	chr16_MATERNAL	1	chr16_PATERNAL
NDUFA12	1	chr12	1	chr12_MATERNAL	1	chr12_PATERNAL
LOC124901807	1	chr7	1	chr7_MATERNAL	1	chr7_PATERNAL
COPG1	1	chr3	1	chr3_MATERNAL	1	chr3_PATERNAL
LOC124909487	1	chr3	1	chr3_MATERNAL	1	chr3_PATERNAL
DAOA	1	chr13	1	chr13_MATERNAL	1	chr13_PATERNAL
HERC3	1	chr4	1	chr4_MATERNAL	1	chr4_PATERNAL
RXFP1	1	chr4	1	chr4_MATERNAL	1	chr4_PATERNAL
SPDEF	1	chr6	1	chr6_MATERNAL	1	chr6_PATERNAL
LYZL2	1	chr10	1	chr10_MATERNAL	1	chr10_PATERNAL
PALD1	1	chr10	1	chr10_MATERNAL	1	chr10_PATERNAL
JOSD1	1	chr22	1	chr22_MATERNAL	1	chr22_PATERNAL
CXCL12	1	chr10	1	chr10_MATERNAL	1	chr10_PATERNAL
PRSS55	1	chr8	1	chr8_MATERNAL	1	chr8_PATERNAL
KHDC1L	1	chr6	1	chr6_MATERNAL	1	chr6_PATERNAL
RNF112	1	chr17	1	chr17_MATERNAL	1	chr17_PATERNAL
HSPA1B	1	chr6	1	chr6_MATERNAL	1	chr6_PATERNAL
EXOG	1	chr3	1	chr3_MATERNAL	1	chr3_PATERNAL
IRX6	1	chr16	1	chr16_MATERNAL	1	chr16_PATERNAL
CD81	1	chr11	1	chr11_MATERNAL	1	chr11_PATERNAL
PAIP2B	1	chr2	1	chr2_MATERNAL	1	chr2_PATERNAL
GDI2	1	chr10	1	chr10_MATERNAL	1	chr10_PATERNAL
INTS5	1	chr11	1	chr11_MATERNAL	1	chr11_PATERNAL
UBE4A	1	chr11	1	chr11_MATERNAL	1	chr11_PATERNAL
TMEM145	1	chr19	1	chr19_MATERNAL	1	chr19_PATERNAL
KIZ	1	chr20	1	chr20_MATERNAL	1	chr20_PATERNAL
DERL2	1	chr17	1	chr17_MATERNAL	1	chr17_PATERNAL
TMC6	1	chr17	1	chr17_MATERNAL	1	chr17_PATERNAL
LIX1	1	chr5	1	chr5_MATERNAL	1	chr5_PATERNAL
MFSD14B	1	chr9	1	chr9_MATERNAL	1	chr9_PATERNAL
DTNA	1	chr18	1	chr18_MATERNAL	1	chr18_PATERNAL
ATRN	1	chr20	1	chr20_MATERNAL	1	chr20_PATERNAL
NKX1-2	1	chr10	1	chr10_MATERNAL	1	chr10_PATERNAL
LOC122539214	1	chr19	1	chr19_MATERNAL	1	chr19_PATERNAL
SPDYE16	1	chr7	1	chr7_MATERNAL	1	chr7_PATERNAL
TMEM231	1	chr16	1	chr16_MATERNAL	1	chr16_PATERNAL
FOXD2	1	chr1	1	chr1_MATERNAL	1	chr1_PATERNAL
FUNDC1	1	chrX	1	chrX_MATERNAL	0	None
SLC35F5	1	chr2	1	chr2_MATERNAL	1	chr2_PATERNAL
SPATA12	1	chr3	1	chr3_MATERNAL	1	chr3_PATERNAL
CRYL1	1	chr13	1	chr13_MATERNAL	1	chr13_PATERNAL
MUC5AC	1	chr11	1	chr11_MATERNAL	1	chr11_PATERNAL
BIRC2	1	chr11	1	chr11_MATERNAL	1	chr11_PATERNAL
WDR88	1	chr19	1	chr19_MATERNAL	1	chr19_PATERNAL
SVIP	1	chr11	1	chr11_MATERNAL	1	chr11_PATERNAL
RAP1GAP	1	chr1	1	chr1_MATERNAL	1	chr1_PATERNAL
CCNP	1	chr19	1	chr19_MATERNAL	1	chr19_PATERNAL
DENND3	1	chr8	1	chr8_MATERNAL	1	chr8_PATERNAL
GRHL1	1	chr2	1	chr2_MATERNAL	1	chr2_PATERNAL
WDR11	1	chr10	1	chr10_MATERNAL	1	chr10_PATERNAL
KLK3	1	chr19	1	chr19_MATERNAL	1	chr19_PATERNAL
WDR53	1	chr3	1	chr3_MATERNAL	1	chr3_PATERNAL
PLEKHG4	1	chr16	1	chr16_MATERNAL	1	chr16_PATERNAL
GTPBP1	1	chr22	1	chr22_MATERNAL	1	chr22_PATERNAL
TMEM63A	1	chr1	1	chr1_MATERNAL	1	chr1_PATERNAL
TNFRSF6B	1	chr20	1	chr20_MATERNAL	1	chr20_PATERNAL
CHMP4C	1	chr8	1	chr8_MATERNAL	1	chr8_PATERNAL
LTK	1	chr15	1	chr15_MATERNAL	1	chr15_PATERNAL
B3GNT3	1	chr19	1	chr19_MATERNAL	1	chr19_PATERNAL
ZDHHC6	1	chr10	1	chr10_MATERNAL	1	chr10_PATERNAL
LYAR	1	chr4	1	chr4_MATERNAL	1	chr4_PATERNAL
TEPP	1	chr16	1	chr16_MATERNAL	1	chr16_PATERNAL
MDN1	1	chr6	1	chr6_MATERNAL	1	chr6_PATERNAL
TSPAN16	1	chr19	1	chr19_MATERNAL	1	chr19_PATERNAL
HIGD1B	1	chr17	1	chr17_MATERNAL	1	chr17_PATERNAL
TMEM262	1	chr11	1	chr11_MATERNAL	1	chr11_PATERNAL
GPR85	1	chr7	1	chr7_MATERNAL	1	chr7_PATERNAL
MDGA1	1	chr6	1	chr6_MATERNAL	1	chr6_PATERNAL
SPATA31A1	1	chr9	1	chr9_MATERNAL	1	chr9_PATERNAL
ACR	1	chr22	1	chr22_MATERNAL	1	chr22_PATERNAL
IFNB1	1	chr9	1	chr9_MATERNAL	1	chr9_PATERNAL
SP140	1	chr2	1	chr2_MATERNAL	1	chr2_PATERNAL
MTSS2	1	chr16	1	chr16_MATERNAL	1	chr16_PATERNAL
SMIM34	1	chr21	1	chr21_MATERNAL	1	chr21_PATERNAL
SHFL	1	chr19	1	chr19_MATERNAL	1	chr19_PATERNAL
TTL	1	chr2	1	chr2_MATERNAL	1	chr2_PATERNAL
OR13C2	1	chr9	1	chr9_MATERNAL	1	chr9_PATERNAL
UBE4B	1	chr1	1	chr1_MATERNAL	1	chr1_PATERNAL
GPS1	1	chr17	1	chr17_MATERNAL	1	chr17_PATERNAL
PLXNB1	1	chr3	1	chr3_MATERNAL	1	chr3_PATERNAL
ITPRIPL2	1	chr16	1	chr16_MATERNAL	1	chr16_PATERNAL
OTUD4	1	chr4	1	chr4_MATERNAL	1	chr4_PATERNAL
B4GALT1	1	chr9	1	chr9_MATERNAL	1	chr9_PATERNAL
GORAB	1	chr1	1	chr1_MATERNAL	1	chr1_PATERNAL
RNASE10	1	chr14	1	chr14_MATERNAL	1	chr14_PATERNAL
ADAM7	1	chr8	1	chr8_MATERNAL	1	chr8_PATERNAL
CLCN7	1	chr16	1	chr16_MATERNAL	1	chr16_PATERNAL
POLE3	1	chr9	1	chr9_MATERNAL	1	chr9_PATERNAL
SNX4	1	chr3	1	chr3_MATERNAL	1	chr3_PATERNAL
LOC124901165	1	chr5	1	chr5_MATERNAL	1	chr5_PATERNAL
ARF6	1	chr14	1	chr14_MATERNAL	1	chr14_PATERNAL
NLRP1	1	chr17	1	chr17_MATERNAL	1	chr17_PATERNAL
THUMPD3	1	chr3	1	chr3_MATERNAL	1	chr3_PATERNAL
SI	1	chr3	1	chr3_MATERNAL	1	chr3_PATERNAL
GFAP	1	chr17	1	chr17_MATERNAL	1	chr17_PATERNAL
LOXL3	1	chr2	1	chr2_MATERNAL	1	chr2_PATERNAL
EIF5B	1	chr2	1	chr2_MATERNAL	1	chr2_PATERNAL
FOXJ1	1	chr17	1	chr17_MATERNAL	1	chr17_PATERNAL
PLEKHH3	1	chr17	1	chr17_MATERNAL	1	chr17_PATERNAL
DNAJB8	1	chr3	1	chr3_MATERNAL	1	chr3_PATERNAL
TSPAN17	1	chr5	1	chr5_MATERNAL	1	chr5_PATERNAL
PYCR1	1	chr17	1	chr17_MATERNAL	1	chr17_PATERNAL
KIAA1328	1	chr18	1	chr18_MATERNAL	1	chr18_PATERNAL
SLC22A18	1	chr11	1	chr11_MATERNAL	1	chr11_PATERNAL
GOLGA7	1	chr8	1	chr8_MATERNAL	1	chr8_PATERNAL
RTP1	1	chr3	1	chr3_MATERNAL	1	chr3_PATERNAL
ZDHHC16	1	chr10	1	chr10_MATERNAL	1	chr10_PATERNAL
LOC124905115	1	chr22	1	chr22_MATERNAL	1	chr22_PATERNAL
F3	1	chr1	1	chr1_MATERNAL	1	chr1_PATERNAL
CDK11A	1	chr1	1	chr1_MATERNAL	1	chr1_PATERNAL
BLZF1	1	chr1	1	chr1_MATERNAL	1	chr1_PATERNAL
AIG1	1	chr6	1	chr6_MATERNAL	1	chr6_PATERNAL
MESP1	1	chr15	1	chr15_MATERNAL	1	chr15_PATERNAL
SPRR5	1	chr1	1	chr1_MATERNAL	1	chr1_PATERNAL
C16orf91	1	chr16	1	chr16_MATERNAL	1	chr16_PATERNAL
PSMC3IP	1	chr17	1	chr17_MATERNAL	1	chr17_PATERNAL
LOC124902508	1	chr10	1	chr10_MATERNAL	1	chr10_PATERNAL
SELENOI	1	chr2	1	chr2_MATERNAL	1	chr2_PATERNAL
PIN4	1	chrX	1	chrX_MATERNAL	0	None
SPATS2	1	chr12	1	chr12_MATERNAL	1	chr12_PATERNAL
B9D2	1	chr19	1	chr19_MATERNAL	1	chr19_PATERNAL
ELL	1	chr19	1	chr19_MATERNAL	1	chr19_PATERNAL
PEMT	1	chr17	1	chr17_MATERNAL	1	chr17_PATERNAL
SLC5A11	1	chr16	1	chr16_MATERNAL	1	chr16_PATERNAL
PADI3	1	chr1	1	chr1_MATERNAL	1	chr1_PATERNAL
CSRNP2	1	chr12	1	chr12_MATERNAL	1	chr12_PATERNAL
KATNIP	1	chr16	1	chr16_MATERNAL	1	chr16_PATERNAL
TSSK4	1	chr14	1	chr14_MATERNAL	1	chr14_PATERNAL
CCDC163	1	chr1	1	chr1_MATERNAL	1	chr1_PATERNAL
OR11H4	1	chr14	1	chr14_MATERNAL	1	chr14_PATERNAL
HEATR9	1	chr17	1	chr17_MATERNAL	1	chr17_PATERNAL
SPRED2	1	chr2	1	chr2_MATERNAL	1	chr2_PATERNAL
KLK4	1	chr19	1	chr19_MATERNAL	1	chr19_PATERNAL
C11orf24	1	chr11	1	chr11_MATERNAL	1	chr11_PATERNAL
GREB1	1	chr2	1	chr2_MATERNAL	1	chr2_PATERNAL
RPS6KA3	1	chrX	1	chrX_MATERNAL	0	None
HAGHL	1	chr16	1	chr16_MATERNAL	1	chr16_PATERNAL
OR7G3	1	chr19	1	chr19_MATERNAL	1	chr19_PATERNAL
SPN	1	chr16	1	chr16_MATERNAL	1	chr16_PATERNAL
LRRC32	1	chr11	1	chr11_MATERNAL	1	chr11_PATERNAL
CEACAM7	1	chr19	1	chr19_MATERNAL	1	chr19_PATERNAL
PDK1	1	chr2	1	chr2_MATERNAL	1	chr2_PATERNAL
NUDT15	1	chr13	1	chr13_MATERNAL	1	chr13_PATERNAL
SMARCA1	1	chrX	1	chrX_MATERNAL	0	None
GPR161	1	chr1	1	chr1_MATERNAL	1	chr1_PATERNAL
NAPA	1	chr19	1	chr19_MATERNAL	1	chr19_PATERNAL
KLHL30	1	chr2	1	chr2_MATERNAL	1	chr2_PATERNAL
PITPNM3	1	chr17	1	chr17_MATERNAL	1	chr17_PATERNAL
BFSP1	1	chr20	1	chr20_MATERNAL	1	chr20_PATERNAL
LAMB4	1	chr7	1	chr7_MATERNAL	1	chr7_PATERNAL
BHLHE41	1	chr12	1	chr12_MATERNAL	1	chr12_PATERNAL
MFAP4	1	chr17	1	chr17_MATERNAL	1	chr17_PATERNAL
ZNF397	1	chr18	1	chr18_MATERNAL	1	chr18_PATERNAL
GYS2	1	chr12	1	chr12_MATERNAL	1	chr12_PATERNAL
LOC124902531	1	chr10	1	chr10_MATERNAL	1	chr10_PATERNAL
CBLIF	1	chr11	1	chr11_MATERNAL	1	chr11_PATERNAL
HSF4	1	chr16	1	chr16_MATERNAL	1	chr16_PATERNAL
PRAMEF9	1	chr1	1	chr1_MATERNAL	1	chr1_PATERNAL
SYMPK	1	chr19	1	chr19_MATERNAL	1	chr19_PATERNAL
KCNA7	1	chr19	1	chr19_MATERNAL	1	chr19_PATERNAL
FZD7	1	chr2	1	chr2_MATERNAL	1	chr2_PATERNAL
LAX1	1	chr1	1	chr1_MATERNAL	1	chr1_PATERNAL
LOC124901227	1	chr6	1	chr6_MATERNAL	1	chr6_PATERNAL
DHX30	1	chr3	1	chr3_MATERNAL	1	chr3_PATERNAL
MAN1C1	1	chr1	1	chr1_MATERNAL	1	chr1_PATERNAL
CAMTA1	1	chr1	1	chr1_MATERNAL	1	chr1_PATERNAL
CBY2	1	chr13	1	chr13_MATERNAL	1	chr13_PATERNAL
CLIC1	1	chr6	1	chr6_MATERNAL	1	chr6_PATERNAL
KIR2DL1	1	chr19	1	chr19_MATERNAL	1	chr19_PATERNAL
VOPP1	1	chr7	1	chr7_MATERNAL	1	chr7_PATERNAL
UPF2	1	chr10	1	chr10_MATERNAL	1	chr10_PATERNAL
HNRNPUL1	1	chr19	1	chr19_MATERNAL	1	chr19_PATERNAL
RGS16	1	chr1	1	chr1_MATERNAL	1	chr1_PATERNAL
CNBP	1	chr3	1	chr3_MATERNAL	1	chr3_PATERNAL
PML	1	chr15	1	chr15_MATERNAL	1	chr15_PATERNAL
CCNDBP1	1	chr15	1	chr15_MATERNAL	1	chr15_PATERNAL
PNMA8A	1	chr19	1	chr19_MATERNAL	1	chr19_PATERNAL
NKX6-1	1	chr4	1	chr4_MATERNAL	1	chr4_PATERNAL
SIGLEC8	1	chr19	1	chr19_MATERNAL	1	chr19_PATERNAL
AMBP	1	chr9	1	chr9_MATERNAL	1	chr9_PATERNAL
STAU2	1	chr8	1	chr8_MATERNAL	1	chr8_PATERNAL
RSRC2	1	chr12	1	chr12_MATERNAL	1	chr12_PATERNAL
PLS3	1	chrX	1	chrX_MATERNAL	0	None
PXN	1	chr12	1	chr12_MATERNAL	1	chr12_PATERNAL
EOLA2	1	chrX	1	chrX_MATERNAL	0	None
KCTD11	1	chr17	1	chr17_MATERNAL	1	chr17_PATERNAL
CHRM2	1	chr7	1	chr7_MATERNAL	1	chr7_PATERNAL
CGGBP1	1	chr3	1	chr3_MATERNAL	1	chr3_PATERNAL
CAMKMT	1	chr2	1	chr2_MATERNAL	1	chr2_PATERNAL
GPR75-ASB3	1	chr2	1	chr2_MATERNAL	1	chr2_PATERNAL
ING5	1	chr2	1	chr2_MATERNAL	1	chr2_PATERNAL
BPNT2	1	chr8	1	chr8_MATERNAL	1	chr8_PATERNAL
SETD6	1	chr16	1	chr16_MATERNAL	1	chr16_PATERNAL
GCDH	1	chr19	1	chr19_MATERNAL	1	chr19_PATERNAL
LOC105379473	1	chr16	1	chr16_MATERNAL	1	chr16_PATERNAL
ADRA1A	1	chr8	1	chr8_MATERNAL	1	chr8_PATERNAL
ISG15	1	chr1	1	chr1_MATERNAL	1	chr1_PATERNAL
TCERG1	1	chr5	1	chr5_MATERNAL	1	chr5_PATERNAL
CDA	1	chr1	1	chr1_MATERNAL	1	chr1_PATERNAL
PRM1	1	chr16	1	chr16_MATERNAL	1	chr16_PATERNAL
IGFN1	1	chr1	1	chr1_MATERNAL	1	chr1_PATERNAL
FARSA	1	chr19	1	chr19_MATERNAL	1	chr19_PATERNAL
IFITM5	1	chr11	1	chr11_MATERNAL	1	chr11_PATERNAL
CDKN3	1	chr14	1	chr14_MATERNAL	1	chr14_PATERNAL
ZNF44	1	chr19	1	chr19_MATERNAL	1	chr19_PATERNAL
VRTN	1	chr14	1	chr14_MATERNAL	1	chr14_PATERNAL
AP2A1	1	chr19	1	chr19_MATERNAL	1	chr19_PATERNAL
CACNA1F	1	chrX	1	chrX_MATERNAL	0	None
ASB15	1	chr7	1	chr7_MATERNAL	1	chr7_PATERNAL
TRIM49B	1	chr11	1	chr11_MATERNAL	1	chr11_PATERNAL
ADAM30	1	chr1	1	chr1_MATERNAL	1	chr1_PATERNAL
TRIM58	1	chr1	1	chr1_MATERNAL	1	chr1_PATERNAL
COMMD4	1	chr15	1	chr15_MATERNAL	1	chr15_PATERNAL
ITPK1	1	chr14	1	chr14_MATERNAL	1	chr14_PATERNAL
LRRC58	1	chr3	1	chr3_MATERNAL	1	chr3_PATERNAL
NIPA1	1	chr15	1	chr15_MATERNAL	1	chr15_PATERNAL
OR2T35	1	chr1	2	chr1_MATERNAL,chr1_MATERNAL	1	chr1_PATERNAL
BTN2A2	1	chr6	1	chr6_MATERNAL	1	chr6_PATERNAL
UPF3B	1	chrX	1	chrX_MATERNAL	0	None
PCED1A	1	chr20	1	chr20_MATERNAL	1	chr20_PATERNAL
HERC1	1	chr15	1	chr15_MATERNAL	1	chr15_PATERNAL
CDC73	1	chr1	1	chr1_MATERNAL	1	chr1_PATERNAL
POLR2I	1	chr19	1	chr19_MATERNAL	1	chr19_PATERNAL
EFNA1	1	chr1	1	chr1_MATERNAL	1	chr1_PATERNAL
CLK4	1	chr5	1	chr5_MATERNAL	1	chr5_PATERNAL
VPS72	1	chr1	1	chr1_MATERNAL	1	chr1_PATERNAL
ZGLP1	1	chr19	1	chr19_MATERNAL	1	chr19_PATERNAL
TMEM50A	1	chr1	1	chr1_MATERNAL	1	chr1_PATERNAL
GLB1L3	1	chr11	1	chr11_MATERNAL	1	chr11_PATERNAL
VGLL1	1	chrX	1	chrX_MATERNAL	0	None
TMEM217	1	chr6	1	chr6_MATERNAL	1	chr6_PATERNAL
ROGDI	1	chr16	1	chr16_MATERNAL	1	chr16_PATERNAL
TOMM22	1	chr22	1	chr22_MATERNAL	1	chr22_PATERNAL
ATG4C	1	chr1	1	chr1_MATERNAL	1	chr1_PATERNAL
ARHGEF37	1	chr5	1	chr5_MATERNAL	1	chr5_PATERNAL
TRABD2A	1	chr2	1	chr2_MATERNAL	1	chr2_PATERNAL
NDC80	1	chr18	1	chr18_MATERNAL	1	chr18_PATERNAL
FOXA3	1	chr19	1	chr19_MATERNAL	1	chr19_PATERNAL
NADK	1	chr1	1	chr1_MATERNAL	1	chr1_PATERNAL
DEFB119	1	chr20	1	chr20_MATERNAL	1	chr20_PATERNAL
KAT5	1	chr11	1	chr11_MATERNAL	1	chr11_PATERNAL
COPB2	1	chr3	1	chr3_MATERNAL	1	chr3_PATERNAL
BICC1	1	chr10	1	chr10_MATERNAL	1	chr10_PATERNAL
UACA	1	chr15	1	chr15_MATERNAL	1	chr15_PATERNAL
MAP3K4	1	chr6	1	chr6_MATERNAL	1	chr6_PATERNAL
CDHR1	1	chr10	1	chr10_MATERNAL	1	chr10_PATERNAL
C14orf93	1	chr14	1	chr14_MATERNAL	1	chr14_PATERNAL
SEC14L4	1	chr22	1	chr22_MATERNAL	1	chr22_PATERNAL
IL18	1	chr11	1	chr11_MATERNAL	1	chr11_PATERNAL
SLC41A1	1	chr1	1	chr1_MATERNAL	1	chr1_PATERNAL
GLUD1	1	chr10	1	chr10_MATERNAL	1	chr10_PATERNAL
ARFIP1	1	chr4	1	chr4_MATERNAL	1	chr4_PATERNAL
PSMD14	1	chr2	1	chr2_MATERNAL	1	chr2_PATERNAL
MAP3K20	1	chr2	1	chr2_MATERNAL	1	chr2_PATERNAL
TFCP2	1	chr12	1	chr12_MATERNAL	1	chr12_PATERNAL
SP7	1	chr12	1	chr12_MATERNAL	1	chr12_PATERNAL
KCTD17	1	chr22	1	chr22_MATERNAL	1	chr22_PATERNAL
ASPHD2	1	chr22	1	chr22_MATERNAL	1	chr22_PATERNAL
HK2	1	chr2	1	chr2_MATERNAL	1	chr2_PATERNAL
TKTL1	1	chrX	1	chrX_MATERNAL	0	None
PHKB	1	chr16	1	chr16_MATERNAL	1	chr16_PATERNAL
TSPYL2	1	chrX	1	chrX_MATERNAL	0	None
LINC02798	1	chr1	1	chr1_MATERNAL	1	chr1_PATERNAL
SOX4	1	chr6	1	chr6_MATERNAL	1	chr6_PATERNAL
MBLAC2	1	chr5	1	chr5_MATERNAL	1	chr5_PATERNAL
ZNRF4	1	chr19	1	chr19_MATERNAL	1	chr19_PATERNAL
CRISP2	1	chr6	1	chr6_MATERNAL	1	chr6_PATERNAL
CDH22	1	chr20	1	chr20_MATERNAL	1	chr20_PATERNAL
FMNL2	1	chr2	1	chr2_MATERNAL	1	chr2_PATERNAL
EPB41L4A	1	chr5	1	chr5_MATERNAL	1	chr5_PATERNAL
FGD4	1	chr12	1	chr12_MATERNAL	1	chr12_PATERNAL
ZNF69	1	chr19	1	chr19_MATERNAL	1	chr19_PATERNAL
OR10G3	1	chr14	1	chr14_MATERNAL	1	chr14_PATERNAL
CCDC166	1	chr8	1	chr8_MATERNAL	1	chr8_PATERNAL
PLIN3	1	chr19	1	chr19_MATERNAL	1	chr19_PATERNAL
EDNRA	1	chr4	1	chr4_MATERNAL	1	chr4_PATERNAL
CMAS	1	chr12	1	chr12_MATERNAL	1	chr12_PATERNAL
DMRTA2	1	chr1	1	chr1_MATERNAL	1	chr1_PATERNAL
COL22A1	1	chr8	1	chr8_MATERNAL	1	chr8_PATERNAL
ADGRE1	1	chr19	1	chr19_MATERNAL	1	chr19_PATERNAL
MORC3	1	chr21	1	chr21_MATERNAL	1	chr21_PATERNAL
HRG	1	chr3	1	chr3_MATERNAL	1	chr3_PATERNAL
RPSAP58	1	chr19	1	chr19_MATERNAL	1	chr19_PATERNAL
DIAPH1	1	chr5	1	chr5_MATERNAL	1	chr5_PATERNAL
CXCR6	1	chr3	1	chr3_MATERNAL	1	chr3_PATERNAL
PPP1R1C	1	chr2	1	chr2_MATERNAL	1	chr2_PATERNAL
OXNAD1	1	chr3	1	chr3_MATERNAL	1	chr3_PATERNAL
SLC27A4	1	chr9	1	chr9_MATERNAL	1	chr9_PATERNAL
NPIPB6	1	chr16	1	chr16_MATERNAL	1	chr16_PATERNAL
TXNDC8	1	chr9	1	chr9_MATERNAL	1	chr9_PATERNAL
HAUS6	1	chr9	1	chr9_MATERNAL	1	chr9_PATERNAL
RALGAPA2	1	chr20	1	chr20_MATERNAL	1	chr20_PATERNAL
RNF225	1	chr19	1	chr19_MATERNAL	1	chr19_PATERNAL
SCAPER	1	chr15	1	chr15_MATERNAL	1	chr15_PATERNAL
LCE4A	1	chr1	1	chr1_MATERNAL	1	chr1_PATERNAL
OR8G1	1	chr11	1	chr11_MATERNAL	1	chr11_PATERNAL
EFCAB12	1	chr3	1	chr3_MATERNAL	1	chr3_PATERNAL
CAV1	1	chr7	1	chr7_MATERNAL	1	chr7_PATERNAL
PLCE1	1	chr10	1	chr10_MATERNAL	1	chr10_PATERNAL
ETV7	1	chr6	1	chr6_MATERNAL	1	chr6_PATERNAL
ARHGAP15	1	chr2	1	chr2_MATERNAL	1	chr2_PATERNAL
DEFB123	1	chr20	1	chr20_MATERNAL	1	chr20_PATERNAL
SCYGR8	1	chr2	1	chr2_MATERNAL	1	chr2_PATERNAL
SHISA9	1	chr16	1	chr16_MATERNAL	1	chr16_PATERNAL
ZNF280D	1	chr15	1	chr15_MATERNAL	1	chr15_PATERNAL
SF3A1	1	chr22	1	chr22_MATERNAL	1	chr22_PATERNAL
CAPN7	1	chr3	1	chr3_MATERNAL	1	chr3_PATERNAL
RALGPS2	1	chr1	1	chr1_MATERNAL	1	chr1_PATERNAL
XIAP	1	chrX	1	chrX_MATERNAL	0	None
APC	1	chr5	1	chr5_MATERNAL	1	chr5_PATERNAL
RAB2B	1	chr14	1	chr14_MATERNAL	1	chr14_PATERNAL
TAMM41	1	chr3	1	chr3_MATERNAL	1	chr3_PATERNAL
ZMYM2	1	chr13	1	chr13_MATERNAL	1	chr13_PATERNAL
KREMEN1	1	chr22	1	chr22_MATERNAL	1	chr22_PATERNAL
TNPO2	1	chr19	1	chr19_MATERNAL	1	chr19_PATERNAL
COPS8	1	chr2	1	chr2_MATERNAL	1	chr2_PATERNAL
SERINC1	1	chr6	1	chr6_MATERNAL	1	chr6_PATERNAL
POLR2F	1	chr22	1	chr22_MATERNAL	1	chr22_PATERNAL
DISP2	1	chr15	1	chr15_MATERNAL	1	chr15_PATERNAL
CCDC86	1	chr11	1	chr11_MATERNAL	1	chr11_PATERNAL
TMPRSS2	1	chr21	1	chr21_MATERNAL	1	chr21_PATERNAL
ABCA10	1	chr17	1	chr17_MATERNAL	1	chr17_PATERNAL
TCF7L2	1	chr10	1	chr10_MATERNAL	1	chr10_PATERNAL
C9orf85	1	chr9	1	chr9_MATERNAL	1	chr9_PATERNAL
EFTUD2	1	chr17	1	chr17_MATERNAL	1	chr17_PATERNAL
HOMER3	1	chr19	1	chr19_MATERNAL	1	chr19_PATERNAL
TWIST1	1	chr7	1	chr7_MATERNAL	1	chr7_PATERNAL
IMPACT	1	chr18	1	chr18_MATERNAL	1	chr18_PATERNAL
BCDIN3D	1	chr12	1	chr12_MATERNAL	1	chr12_PATERNAL
MYOD1	1	chr11	1	chr11_MATERNAL	1	chr11_PATERNAL
ARRDC4	1	chr15	1	chr15_MATERNAL	1	chr15_PATERNAL
CES2	1	chr16	1	chr16_MATERNAL	1	chr16_PATERNAL
ALKBH5	1	chr17	1	chr17_MATERNAL	1	chr17_PATERNAL
WFIKKN1	1	chr16	1	chr16_MATERNAL	1	chr16_PATERNAL
HOOK2	1	chr19	1	chr19_MATERNAL	1	chr19_PATERNAL
XBP1	1	chr22	1	chr22_MATERNAL	1	chr22_PATERNAL
ZNF883	1	chr9	1	chr9_MATERNAL	1	chr9_PATERNAL
PHPT1	1	chr9	1	chr9_MATERNAL	1	chr9_PATERNAL
RIN1	1	chr11	1	chr11_MATERNAL	1	chr11_PATERNAL
SLC39A11	1	chr17	1	chr17_MATERNAL	1	chr17_PATERNAL
SEC23IP	1	chr10	1	chr10_MATERNAL	1	chr10_PATERNAL
SREBF2	1	chr22	1	chr22_MATERNAL	1	chr22_PATERNAL
LOC107984936	1	chr1	1	chr1_MATERNAL	1	chr1_PATERNAL
ARHGAP30	1	chr1	1	chr1_MATERNAL	1	chr1_PATERNAL
API5	1	chr11	1	chr11_MATERNAL	1	chr11_PATERNAL
DNHD1	1	chr11	1	chr11_MATERNAL	1	chr11_PATERNAL
FHL3	1	chr1	1	chr1_MATERNAL	1	chr1_PATERNAL
ZC3H12A	1	chr1	1	chr1_MATERNAL	1	chr1_PATERNAL
SLC7A6OS	1	chr16	1	chr16_MATERNAL	1	chr16_PATERNAL
CALCOCO1	1	chr12	1	chr12_MATERNAL	1	chr12_PATERNAL
SH3BP5	1	chr3	1	chr3_MATERNAL	1	chr3_PATERNAL
XRN1	1	chr3	1	chr3_MATERNAL	1	chr3_PATERNAL
GABRR1	1	chr6	1	chr6_MATERNAL	1	chr6_PATERNAL
NDP	1	chrX	1	chrX_MATERNAL	0	None
RTF1	1	chr15	1	chr15_MATERNAL	1	chr15_PATERNAL
PRDX5	1	chr11	1	chr11_MATERNAL	1	chr11_PATERNAL
CAMKK1	1	chr17	1	chr17_MATERNAL	1	chr17_PATERNAL
PDE4B	1	chr1	1	chr1_MATERNAL	1	chr1_PATERNAL
KCNN3	1	chr1	1	chr1_MATERNAL	1	chr1_PATERNAL
IARS2	1	chr1	1	chr1_MATERNAL	1	chr1_PATERNAL
GHRL	1	chr3	1	chr3_MATERNAL	1	chr3_PATERNAL
LOC124903061	1	chr12	1	chr12_MATERNAL	1	chr12_PATERNAL
SH3RF1	1	chr4	1	chr4_MATERNAL	1	chr4_PATERNAL
TAF6L	1	chr11	1	chr11_MATERNAL	1	chr11_PATERNAL
BEST3	1	chr12	1	chr12_MATERNAL	1	chr12_PATERNAL
ARNTL2	1	chr12	1	chr12_MATERNAL	1	chr12_PATERNAL
PRKAB2	1	chr1	1	chr1_MATERNAL	1	chr1_PATERNAL
AOC1	1	chr7	1	chr7_MATERNAL	1	chr7_PATERNAL
GIT2	1	chr12	1	chr12_MATERNAL	1	chr12_PATERNAL
FRS2	1	chr12	1	chr12_MATERNAL	1	chr12_PATERNAL
USP40	1	chr2	1	chr2_MATERNAL	1	chr2_PATERNAL
YLPM1	1	chr14	1	chr14_MATERNAL	1	chr14_PATERNAL
GDF1	1	chr19	1	chr19_MATERNAL	1	chr19_PATERNAL
RAB5A	1	chr3	1	chr3_MATERNAL	1	chr3_PATERNAL
ARCN1	1	chr11	1	chr11_MATERNAL	1	chr11_PATERNAL
FBLN7	1	chr2	1	chr2_MATERNAL	1	chr2_PATERNAL
WWC1	1	chr5	1	chr5_MATERNAL	1	chr5_PATERNAL
LOC105369591	1	chr11	1	chr11_MATERNAL	1	chr11_PATERNAL
LOC107987004	1	chr9	2	chr2_MATERNAL,chr9_MATERNAL	1	chr9_PATERNAL
SUSD5	1	chr3	1	chr3_MATERNAL	1	chr3_PATERNAL
FCER1A	1	chr1	1	chr1_MATERNAL	1	chr1_PATERNAL
USP7	1	chr16	1	chr16_MATERNAL	1	chr16_PATERNAL
CCDC42	1	chr17	1	chr17_MATERNAL	1	chr17_PATERNAL
SF3B2	1	chr11	1	chr11_MATERNAL	1	chr11_PATERNAL
SDF2	1	chr17	1	chr17_MATERNAL	1	chr17_PATERNAL
USP9X	1	chrX	1	chrX_MATERNAL	0	None
CGB3	1	chr19	1	chr19_MATERNAL	1	chr19_PATERNAL
C1RL	1	chr12	1	chr12_MATERNAL	1	chr12_PATERNAL
PAX3	1	chr2	1	chr2_MATERNAL	1	chr2_PATERNAL
CREB3L4	1	chr1	1	chr1_MATERNAL	1	chr1_PATERNAL
ZNF709	1	chr19	1	chr19_MATERNAL	1	chr19_PATERNAL
RNF128	1	chrX	1	chrX_MATERNAL	0	None
SRARP	1	chr1	1	chr1_MATERNAL	1	chr1_PATERNAL
SLIRP	1	chr14	1	chr14_MATERNAL	1	chr14_PATERNAL
FCN2	1	chr9	1	chr9_MATERNAL	1	chr9_PATERNAL
ERVFC1	1	chrX	1	chrX_MATERNAL	0	None
TXLNA	1	chr1	1	chr1_MATERNAL	1	chr1_PATERNAL
CTDP1	1	chr18	1	chr18_MATERNAL	1	chr18_PATERNAL
HCFC2	1	chr12	1	chr12_MATERNAL	1	chr12_PATERNAL
CCL8	1	chr17	1	chr17_MATERNAL	1	chr17_PATERNAL
OR4D11	1	chr11	1	chr11_MATERNAL	1	chr11_PATERNAL
NLRP12	1	chr19	1	chr19_MATERNAL	1	chr19_PATERNAL
NIT2	1	chr3	1	chr3_MATERNAL	1	chr3_PATERNAL
ARID4B	1	chr1	1	chr1_MATERNAL	1	chr1_PATERNAL
VIRMA	1	chr8	1	chr8_MATERNAL	1	chr8_PATERNAL
CAMK1	1	chr3	1	chr3_MATERNAL	1	chr3_PATERNAL
MLIP	1	chr6	1	chr6_MATERNAL	1	chr6_PATERNAL
MRGPRX1	2	chr11,chr11	2	chr11_MATERNAL,chr11_MATERNAL	2	chr11_PATERNAL,chr11_PATERNAL
DDX60L	1	chr4	1	chr4_MATERNAL	1	chr4_PATERNAL
ARHGDIA	1	chr17	1	chr17_MATERNAL	1	chr17_PATERNAL
SIRPB2	1	chr20	1	chr20_MATERNAL	1	chr20_PATERNAL
AK6	1	chr5	1	chr5_MATERNAL	1	chr5_PATERNAL
RBPJ	1	chr4	1	chr4_MATERNAL	1	chr4_PATERNAL
TTC21A	1	chr3	1	chr3_MATERNAL	1	chr3_PATERNAL
TNS1	1	chr2	1	chr2_MATERNAL	1	chr2_PATERNAL
ACP7	1	chr19	1	chr19_MATERNAL	1	chr19_PATERNAL
GTF2H2C	1	chr5	1	chr5_MATERNAL	1	chr5_PATERNAL
GUCA1ANB	1	chr6	1	chr6_MATERNAL	1	chr6_PATERNAL
GNG10	1	chr9	1	chr9_MATERNAL	1	chr9_PATERNAL
SCAI	1	chr9	1	chr9_MATERNAL	1	chr9_PATERNAL
RRAGC	1	chr1	1	chr1_MATERNAL	1	chr1_PATERNAL
SLC16A6	1	chr17	1	chr17_MATERNAL	1	chr17_PATERNAL
TRIM38	1	chr6	1	chr6_MATERNAL	1	chr6_PATERNAL
NRF1	1	chr7	1	chr7_MATERNAL	1	chr7_PATERNAL
C2orf15	1	chr2	1	chr2_MATERNAL	1	chr2_PATERNAL
PMPCB	1	chr7	1	chr7_MATERNAL	1	chr7_PATERNAL
PRCP	1	chr11	1	chr11_MATERNAL	1	chr11_PATERNAL
LOC124903762	1	chr16	1	chr16_MATERNAL	1	chr16_PATERNAL
TFF3	1	chr21	1	chr21_MATERNAL	1	chr21_PATERNAL
PRR5L	1	chr11	1	chr11_MATERNAL	1	chr11_PATERNAL
ALKBH8	1	chr11	1	chr11_MATERNAL	1	chr11_PATERNAL
LOC124905135	1	chr22	1	chr22_MATERNAL	1	chr22_PATERNAL
GPRIN2	2	chr10,chr10	3	chr10_MATERNAL,chr10_MATERNAL,chr10_MATERNAL	2	chr10_PATERNAL,chr10_PATERNAL
TMPRSS11D	1	chr4	1	chr4_MATERNAL	1	chr4_PATERNAL
LOC124901225	1	chr6	1	chr6_MATERNAL	1	chr6_PATERNAL
TMEM191C	1	chr22	2	chr22_MATERNAL,chr22_MATERNAL	1	chr22_PATERNAL
H2BC6	1	chr6	1	chr6_MATERNAL	1	chr6_PATERNAL
MOXD1	1	chr6	1	chr6_MATERNAL	1	chr6_PATERNAL
BBLN	1	chr9	1	chr9_MATERNAL	1	chr9_PATERNAL
ARG2	1	chr14	1	chr14_MATERNAL	1	chr14_PATERNAL
C6orf118	1	chr6	1	chr6_MATERNAL	1	chr6_PATERNAL
ZUP1	1	chr6	1	chr6_MATERNAL	1	chr6_PATERNAL
HCN1	1	chr5	1	chr5_MATERNAL	1	chr5_PATERNAL
PHC2	1	chr1	1	chr1_MATERNAL	1	chr1_PATERNAL
CBX3	1	chr7	1	chr7_MATERNAL	1	chr7_PATERNAL
ANXA10	1	chr4	1	chr4_MATERNAL	1	chr4_PATERNAL
NOL12	1	chr22	1	chr22_MATERNAL	1	chr22_PATERNAL
DAZL	1	chr3	1	chr3_MATERNAL	1	chr3_PATERNAL
DSTNP4	1	chr3	1	chr3_MATERNAL	1	chr3_PATERNAL
H4C7	1	chr6	1	chr6_MATERNAL	1	chr6_PATERNAL
KCTD15	1	chr19	1	chr19_MATERNAL	1	chr19_PATERNAL
PAFAH1B2	1	chr11	1	chr11_MATERNAL	1	chr11_PATERNAL
NRTN	1	chr19	1	chr19_MATERNAL	1	chr19_PATERNAL
SUMO4	1	chr6	1	chr6_MATERNAL	1	chr6_PATERNAL
CCBE1	1	chr18	1	chr18_MATERNAL	1	chr18_PATERNAL
PRAMEF25	1	chr1	2	chr1_MATERNAL,chr1_MATERNAL	1	chr1_PATERNAL
PRR20B	1	chr13	1	chr13_MATERNAL	1	chr13_PATERNAL
LCP1	1	chr13	1	chr13_MATERNAL	1	chr13_PATERNAL
OR11H1	1	chr22	1	chr22_MATERNAL	1	chr22_PATERNAL
IFFO1	1	chr12	1	chr12_MATERNAL	1	chr12_PATERNAL
LRRIQ4	1	chr3	1	chr3_MATERNAL	1	chr3_PATERNAL
ZNF354B	1	chr5	1	chr5_MATERNAL	1	chr5_PATERNAL
IL18RAP	1	chr2	1	chr2_MATERNAL	1	chr2_PATERNAL
GRM6	1	chr5	1	chr5_MATERNAL	1	chr5_PATERNAL
YWHAQ	1	chr2	1	chr2_MATERNAL	1	chr2_PATERNAL
KCNMB2	1	chr3	1	chr3_MATERNAL	1	chr3_PATERNAL
MLF2	1	chr12	1	chr12_MATERNAL	1	chr12_PATERNAL
KLRC4-KLRK1	1	chr12	1	chr12_MATERNAL	1	chr12_PATERNAL
C22orf31	1	chr22	1	chr22_MATERNAL	1	chr22_PATERNAL
THAP2	1	chr12	1	chr12_MATERNAL	1	chr12_PATERNAL
SERINC5	1	chr5	1	chr5_MATERNAL	1	chr5_PATERNAL
DENND5B	1	chr12	1	chr12_MATERNAL	1	chr12_PATERNAL
DYNLT1	1	chr6	1	chr6_MATERNAL	1	chr6_PATERNAL
CHODL	1	chr21	1	chr21_MATERNAL	1	chr21_PATERNAL
ATG9B	1	chr7	1	chr7_MATERNAL	1	chr7_PATERNAL
CUEDC1	1	chr17	1	chr17_MATERNAL	1	chr17_PATERNAL
ANKFN1	1	chr17	1	chr17_MATERNAL	1	chr17_PATERNAL
POLR1A	1	chr2	1	chr2_MATERNAL	1	chr2_PATERNAL
HLA-F	1	chr6	1	chr6_MATERNAL	1	chr6_PATERNAL
ISCU	1	chr12	1	chr12_MATERNAL	1	chr12_PATERNAL
NPIPB11	1	chr16	1	chr16_MATERNAL	1	chr16_PATERNAL
LOC124901495	1	chr6	1	chr6_MATERNAL	1	chr6_PATERNAL
RRAS2	1	chr11	1	chr11_MATERNAL	1	chr11_PATERNAL
PNPT1	1	chr2	1	chr2_MATERNAL	1	chr2_PATERNAL
EGR1	1	chr5	1	chr5_MATERNAL	1	chr5_PATERNAL
KRTAP5-10	1	chr11	1	chr11_MATERNAL	1	chr11_PATERNAL
RNF139	1	chr8	1	chr8_MATERNAL	1	chr8_PATERNAL
UGT2B4	1	chr4	1	chr4_MATERNAL	1	chr4_PATERNAL
GTF3C4	1	chr9	1	chr9_MATERNAL	1	chr9_PATERNAL
SIX5	1	chr19	1	chr19_MATERNAL	1	chr19_PATERNAL
MBTPS1	1	chr16	1	chr16_MATERNAL	1	chr16_PATERNAL
TMEM54	1	chr1	1	chr1_MATERNAL	1	chr1_PATERNAL
GOLGB1	1	chr3	1	chr3_MATERNAL	1	chr3_PATERNAL
MRPL51	1	chr12	1	chr12_MATERNAL	1	chr12_PATERNAL
SOD3	1	chr4	1	chr4_MATERNAL	1	chr4_PATERNAL
TIMM17B	1	chrX	1	chrX_MATERNAL	0	None
CTNNBL1	1	chr20	1	chr20_MATERNAL	1	chr20_PATERNAL
LOC124901231	1	chr6	1	chr6_MATERNAL	1	chr6_PATERNAL
ZSCAN10	1	chr16	1	chr16_MATERNAL	1	chr16_PATERNAL
MSI2	1	chr17	1	chr17_MATERNAL	1	chr17_PATERNAL
LRRC47	1	chr1	1	chr1_MATERNAL	1	chr1_PATERNAL
SORL1	1	chr11	1	chr11_MATERNAL	1	chr11_PATERNAL
CAMK2A	1	chr5	1	chr5_MATERNAL	1	chr5_PATERNAL
SLC27A5	1	chr19	1	chr19_MATERNAL	1	chr19_PATERNAL
H2AB2	1	chrX	1	chrX_MATERNAL	0	None
GSG1	1	chr12	1	chr12_MATERNAL	1	chr12_PATERNAL
SRY	1	chrY	0	None	1	chrY_PATERNAL
FOXO3B	1	chr17	1	chr17_MATERNAL	1	chr17_PATERNAL
LFNG	1	chr7	1	chr7_MATERNAL	1	chr7_PATERNAL
ACCS	1	chr11	1	chr11_MATERNAL	1	chr11_PATERNAL
TAGLN3	1	chr3	1	chr3_MATERNAL	1	chr3_PATERNAL
MCTS2	1	chr20	1	chr20_MATERNAL	1	chr20_PATERNAL
MCUR1	1	chr6	1	chr6_MATERNAL	1	chr6_PATERNAL
GGTLC2	1	chr22	2	chr22_MATERNAL,chr22_MATERNAL	1	chr22_PATERNAL
TMEM128	1	chr4	1	chr4_MATERNAL	1	chr4_PATERNAL
C2CD5	1	chr12	1	chr12_MATERNAL	1	chr12_PATERNAL
ODAD1	1	chr19	1	chr19_MATERNAL	1	chr19_PATERNAL
CEACAM8	1	chr19	1	chr19_MATERNAL	1	chr19_PATERNAL
DNAJC24	1	chr11	1	chr11_MATERNAL	1	chr11_PATERNAL
ERCC6	1	chr10	1	chr10_MATERNAL	1	chr10_PATERNAL
EID2	1	chr19	1	chr19_MATERNAL	1	chr19_PATERNAL
CCR8	1	chr3	1	chr3_MATERNAL	1	chr3_PATERNAL
DNAJC10	1	chr2	1	chr2_MATERNAL	1	chr2_PATERNAL
MYOZ2	1	chr4	1	chr4_MATERNAL	1	chr4_PATERNAL
VAX2	1	chr2	1	chr2_MATERNAL	1	chr2_PATERNAL
UBXN6	1	chr19	1	chr19_MATERNAL	1	chr19_PATERNAL
PABPC4	1	chr1	1	chr1_MATERNAL	1	chr1_PATERNAL
DMRTC1	1	chrX	1	chrX_MATERNAL	0	None
ZEB1	1	chr10	1	chr10_MATERNAL	1	chr10_PATERNAL
KCNA3	1	chr1	1	chr1_MATERNAL	1	chr1_PATERNAL
TMEM215	1	chr9	1	chr9_MATERNAL	1	chr9_PATERNAL
TAF11L2	1	chr5	1	chr5_MATERNAL	1	chr5_PATERNAL
MYH7B	1	chr20	1	chr20_MATERNAL	1	chr20_PATERNAL
ZRANB2	1	chr1	1	chr1_MATERNAL	1	chr1_PATERNAL
GRK1	1	chr13	1	chr13_MATERNAL	1	chr13_PATERNAL
CCDC186	1	chr10	1	chr10_MATERNAL	1	chr10_PATERNAL
LOC124902669	1	chr11	1	chr11_MATERNAL	1	chr11_PATERNAL
SMIM10	1	chrX	1	chrX_MATERNAL	0	None
RRP1B	1	chr21	1	chr21_MATERNAL	1	chr21_PATERNAL
IFT80	1	chr3	1	chr3_MATERNAL	1	chr3_PATERNAL
SLC17A5	1	chr6	1	chr6_MATERNAL	1	chr6_PATERNAL
MEIOB	1	chr16	1	chr16_MATERNAL	1	chr16_PATERNAL
LOC124901354	1	chr6	1	chr6_MATERNAL	1	chr6_PATERNAL
GALK2	1	chr15	1	chr15_MATERNAL	1	chr15_PATERNAL
MAGEE1	1	chrX	1	chrX_MATERNAL	0	None
ACSM5	1	chr16	1	chr16_MATERNAL	1	chr16_PATERNAL
TNFRSF21	1	chr6	1	chr6_MATERNAL	1	chr6_PATERNAL
PSMA8	1	chr18	1	chr18_MATERNAL	1	chr18_PATERNAL
DNAJC25-GNG10	1	chr9	1	chr9_MATERNAL	1	chr9_PATERNAL
CHIC1	1	chrX	1	chrX_MATERNAL	0	None
CEP63	1	chr3	1	chr3_MATERNAL	1	chr3_PATERNAL
TSPAN4	1	chr11	1	chr11_MATERNAL	1	chr11_PATERNAL
SLC5A4	1	chr22	1	chr22_MATERNAL	1	chr22_PATERNAL
TMTC4	1	chr13	1	chr13_MATERNAL	1	chr13_PATERNAL
FRG2	1	chr4	1	chr4_MATERNAL	1	chr4_PATERNAL
URB2	1	chr1	1	chr1_MATERNAL	1	chr1_PATERNAL
FNDC10	1	chr1	1	chr1_MATERNAL	1	chr1_PATERNAL
HBP1	1	chr7	1	chr7_MATERNAL	1	chr7_PATERNAL
EGLN3	1	chr14	1	chr14_MATERNAL	1	chr14_PATERNAL
AURKA	1	chr20	1	chr20_MATERNAL	1	chr20_PATERNAL
PKIB	1	chr6	1	chr6_MATERNAL	1	chr6_PATERNAL
TMEM138	1	chr11	1	chr11_MATERNAL	1	chr11_PATERNAL
HUNK	1	chr21	1	chr21_MATERNAL	1	chr21_PATERNAL
RAD51D	1	chr17	1	chr17_MATERNAL	1	chr17_PATERNAL
CFHR4	1	chr1	1	chr1_MATERNAL	1	chr1_PATERNAL
NKAP	1	chrX	1	chrX_MATERNAL	0	None
CAMKK2	1	chr12	1	chr12_MATERNAL	1	chr12_PATERNAL
CLCA4	1	chr1	1	chr1_MATERNAL	1	chr1_PATERNAL
LDLRAD2	1	chr1	1	chr1_MATERNAL	1	chr1_PATERNAL
ZBTB17	1	chr1	1	chr1_MATERNAL	1	chr1_PATERNAL
SMAP2	1	chr1	1	chr1_MATERNAL	1	chr1_PATERNAL
ATM	1	chr11	1	chr11_MATERNAL	1	chr11_PATERNAL
HS1BP3	1	chr2	1	chr2_MATERNAL	1	chr2_PATERNAL
CYP26B1	1	chr2	1	chr2_MATERNAL	1	chr2_PATERNAL
NPAS3	1	chr14	1	chr14_MATERNAL	1	chr14_PATERNAL
LOC102725191	1	chr7	1	chr7_MATERNAL	1	chr7_PATERNAL
FAP	1	chr2	1	chr2_MATERNAL	1	chr2_PATERNAL
AGXT2	1	chr5	1	chr5_MATERNAL	1	chr5_PATERNAL
GPR25	1	chr1	1	chr1_MATERNAL	1	chr1_PATERNAL
CTTN	1	chr11	1	chr11_MATERNAL	1	chr11_PATERNAL
PRM3	1	chr16	1	chr16_MATERNAL	1	chr16_PATERNAL
SFRP4	1	chr7	1	chr7_MATERNAL	1	chr7_PATERNAL
PLGRKT	1	chr9	1	chr9_MATERNAL	1	chr9_PATERNAL
LAMC1	1	chr1	1	chr1_MATERNAL	1	chr1_PATERNAL
MICAL1	1	chr6	1	chr6_MATERNAL	1	chr6_PATERNAL
CYP2E1	1	chr10	1	chr10_MATERNAL	1	chr10_PATERNAL
KRT20	1	chr17	1	chr17_MATERNAL	1	chr17_PATERNAL
TSKS	1	chr19	1	chr19_MATERNAL	1	chr19_PATERNAL
FLRT2	1	chr14	1	chr14_MATERNAL	1	chr14_PATERNAL
MS4A4E	1	chr11	1	chr11_MATERNAL	1	chr11_PATERNAL
DNAJC4	1	chr11	1	chr11_MATERNAL	1	chr11_PATERNAL
LCN12	1	chr9	1	chr9_MATERNAL	1	chr9_PATERNAL
SLC2A1	1	chr1	1	chr1_MATERNAL	1	chr1_PATERNAL
SLC35B3	1	chr6	1	chr6_MATERNAL	1	chr6_PATERNAL
FLRT1	1	chr11	1	chr11_MATERNAL	1	chr11_PATERNAL
KCNT1	1	chr9	1	chr9_MATERNAL	1	chr9_PATERNAL
TRAPPC12	1	chr2	1	chr2_MATERNAL	1	chr2_PATERNAL
SMIM29	1	chr6	1	chr6_MATERNAL	1	chr6_PATERNAL
PANX2	1	chr22	1	chr22_MATERNAL	1	chr22_PATERNAL
PYHIN1	1	chr1	1	chr1_MATERNAL	1	chr1_PATERNAL
ATPAF1	1	chr1	1	chr1_MATERNAL	1	chr1_PATERNAL
ACCSL	1	chr11	1	chr11_MATERNAL	1	chr11_PATERNAL
BLOC1S6	1	chr15	1	chr15_MATERNAL	1	chr15_PATERNAL
CNP	1	chr17	1	chr17_MATERNAL	1	chr17_PATERNAL
CPA6	1	chr8	1	chr8_MATERNAL	1	chr8_PATERNAL
DDX20	1	chr1	1	chr1_MATERNAL	1	chr1_PATERNAL
ZNF829	1	chr19	1	chr19_MATERNAL	1	chr19_PATERNAL
COL17A1	1	chr10	1	chr10_MATERNAL	1	chr10_PATERNAL
DDX31	1	chr9	1	chr9_MATERNAL	1	chr9_PATERNAL
MT1E	1	chr16	1	chr16_MATERNAL	1	chr16_PATERNAL
ACOX1	1	chr17	1	chr17_MATERNAL	1	chr17_PATERNAL
C1orf232	1	chr1	1	chr1_MATERNAL	1	chr1_PATERNAL
ARRDC5	1	chr19	1	chr19_MATERNAL	1	chr19_PATERNAL
PGBD3	1	chr10	1	chr10_MATERNAL	1	chr10_PATERNAL
SREBF1	1	chr17	1	chr17_MATERNAL	1	chr17_PATERNAL
SLCO3A1	1	chr15	1	chr15_MATERNAL	1	chr15_PATERNAL
SMIM38	1	chr11	1	chr11_MATERNAL	1	chr11_PATERNAL
RAB13	1	chr1	1	chr1_MATERNAL	1	chr1_PATERNAL
KRTAP13-4	1	chr21	1	chr21_MATERNAL	1	chr21_PATERNAL
PYDC1	1	chr16	1	chr16_MATERNAL	1	chr16_PATERNAL
SRP14	1	chr15	1	chr15_MATERNAL	1	chr15_PATERNAL
PRDM6	1	chr5	1	chr5_MATERNAL	1	chr5_PATERNAL
OR5V1	1	chr6	1	chr6_MATERNAL	1	chr6_PATERNAL
TUSC2	1	chr3	1	chr3_MATERNAL	1	chr3_PATERNAL
PCDHGA3	1	chr5	1	chr5_MATERNAL	1	chr5_PATERNAL
OR7C1	1	chr19	1	chr19_MATERNAL	1	chr19_PATERNAL
VWA5B1	1	chr1	1	chr1_MATERNAL	1	chr1_PATERNAL
CENPF	1	chr1	1	chr1_MATERNAL	1	chr1_PATERNAL
TMEM67	1	chr8	1	chr8_MATERNAL	1	chr8_PATERNAL
CUEDC2	1	chr10	1	chr10_MATERNAL	1	chr10_PATERNAL
CEP135	1	chr4	1	chr4_MATERNAL	1	chr4_PATERNAL
POGK	1	chr1	1	chr1_MATERNAL	1	chr1_PATERNAL
DEFB103A	1	chr8	1	chr8_MATERNAL	1	chr8_PATERNAL
RC3H2	1	chr9	1	chr9_MATERNAL	1	chr9_PATERNAL
MAP1S	1	chr19	1	chr19_MATERNAL	1	chr19_PATERNAL
SLC22A6	1	chr11	1	chr11_MATERNAL	1	chr11_PATERNAL
RPGRIP1	1	chr14	1	chr14_MATERNAL	1	chr14_PATERNAL
CMTR1	1	chr6	1	chr6_MATERNAL	1	chr6_PATERNAL
LMO2	1	chr11	1	chr11_MATERNAL	1	chr11_PATERNAL
PMM1	1	chr22	1	chr22_MATERNAL	1	chr22_PATERNAL
IFNGR2	1	chr21	1	chr21_MATERNAL	1	chr21_PATERNAL
SOST	1	chr17	1	chr17_MATERNAL	1	chr17_PATERNAL
TMEM170B	1	chr6	1	chr6_MATERNAL	1	chr6_PATERNAL
LRRC40	1	chr1	1	chr1_MATERNAL	1	chr1_PATERNAL
PDE12	1	chr3	1	chr3_MATERNAL	1	chr3_PATERNAL
GPRIN3	1	chr4	1	chr4_MATERNAL	1	chr4_PATERNAL
BIVM-ERCC5	1	chr13	1	chr13_MATERNAL	1	chr13_PATERNAL
ZNF799	1	chr19	1	chr19_MATERNAL	1	chr19_PATERNAL
TMEM217B	1	chr6	1	chr6_MATERNAL	1	chr6_PATERNAL
LOC107986372	1	chr5	1	chr5_MATERNAL	1	chr5_PATERNAL
CCDC177	1	chr14	1	chr14_MATERNAL	1	chr14_PATERNAL
ADAM19	1	chr5	1	chr5_MATERNAL	1	chr5_PATERNAL
DUSP6	1	chr12	1	chr12_MATERNAL	1	chr12_PATERNAL
ZBTB44	1	chr11	1	chr11_MATERNAL	1	chr11_PATERNAL
SLC24A4	1	chr14	1	chr14_MATERNAL	1	chr14_PATERNAL
SPRR2D	1	chr1	1	chr1_MATERNAL	1	chr1_PATERNAL
RDH10	1	chr8	1	chr8_MATERNAL	1	chr8_PATERNAL
DEPDC7	1	chr11	1	chr11_MATERNAL	1	chr11_PATERNAL
DIPK1A	1	chr1	1	chr1_MATERNAL	1	chr1_PATERNAL
FCN3	1	chr1	1	chr1_MATERNAL	1	chr1_PATERNAL
WDR49	1	chr3	1	chr3_MATERNAL	1	chr3_PATERNAL
SFMBT1	1	chr3	1	chr3_MATERNAL	1	chr3_PATERNAL
SHISA3	1	chr4	1	chr4_MATERNAL	1	chr4_PATERNAL
MYT1	1	chr20	1	chr20_MATERNAL	1	chr20_PATERNAL
MARCKS	1	chr6	1	chr6_MATERNAL	1	chr6_PATERNAL
AP3S1	1	chr5	1	chr5_MATERNAL	1	chr5_PATERNAL
BAAT	1	chr9	1	chr9_MATERNAL	1	chr9_PATERNAL
CNTNAP5	1	chr2	1	chr2_MATERNAL	1	chr2_PATERNAL
TNFSF12-TNFSF13	1	chr17	1	chr17_MATERNAL	1	chr17_PATERNAL
HNRNPCL1	1	chr1	1	chr1_MATERNAL	1	chr1_PATERNAL
EPHA4	1	chr2	1	chr2_MATERNAL	1	chr2_PATERNAL
MTUS2	1	chr13	1	chr13_MATERNAL	1	chr13_PATERNAL
MIX23	1	chr3	1	chr3_MATERNAL	1	chr3_PATERNAL
L3MBTL4	1	chr18	1	chr18_MATERNAL	1	chr18_PATERNAL
C17orf78	1	chr17	1	chr17_MATERNAL	1	chr17_PATERNAL
CGB1	1	chr19	1	chr19_MATERNAL	1	chr19_PATERNAL
NLK	1	chr17	1	chr17_MATERNAL	1	chr17_PATERNAL
PEG3	1	chr19	1	chr19_MATERNAL	1	chr19_PATERNAL
PALMD	1	chr1	1	chr1_MATERNAL	1	chr1_PATERNAL
ELOA2	1	chr18	1	chr18_MATERNAL	1	chr18_PATERNAL
PRRT2	1	chr16	1	chr16_MATERNAL	1	chr16_PATERNAL
PGK1	1	chrX	1	chrX_MATERNAL	0	None
LY6L	1	chr8	1	chr8_MATERNAL	1	chr8_PATERNAL
CHRM1	1	chr11	1	chr11_MATERNAL	1	chr11_PATERNAL
AADACL3	1	chr1	1	chr1_MATERNAL	1	chr1_PATERNAL
TECTA	1	chr11	1	chr11_MATERNAL	1	chr11_PATERNAL
AGAP5	1	chr10	1	chr10_MATERNAL	1	chr10_PATERNAL
LOC124904791	1	chr19	1	chr19_MATERNAL	1	chr19_PATERNAL
FAM151A	1	chr1	1	chr1_MATERNAL	1	chr1_PATERNAL
MPHOSPH8	1	chr13	1	chr13_MATERNAL	1	chr13_PATERNAL
RHOU	1	chr1	1	chr1_MATERNAL	1	chr1_PATERNAL
METTL7A	1	chr12	1	chr12_MATERNAL	1	chr12_PATERNAL
OTOA	1	chr16	1	chr16_MATERNAL	1	chr16_PATERNAL
ZNF415	1	chr19	1	chr19_MATERNAL	1	chr19_PATERNAL
C20orf204	1	chr20	1	chr20_MATERNAL	1	chr20_PATERNAL
KIFC1	1	chr6	1	chr6_MATERNAL	1	chr6_PATERNAL
KRTAP5-8	1	chr11	1	chr11_MATERNAL	1	chr11_PATERNAL
MAP3K21	1	chr1	1	chr1_MATERNAL	1	chr1_PATERNAL
RBM4	1	chr11	1	chr11_MATERNAL	1	chr11_PATERNAL
PCIF1	1	chr20	1	chr20_MATERNAL	1	chr20_PATERNAL
KRTAP3-2	1	chr17	1	chr17_MATERNAL	1	chr17_PATERNAL
WDR44	1	chrX	1	chrX_MATERNAL	0	None
RAVER2	1	chr1	1	chr1_MATERNAL	1	chr1_PATERNAL
PIGR	1	chr1	1	chr1_MATERNAL	1	chr1_PATERNAL
NXNL1	1	chr19	1	chr19_MATERNAL	1	chr19_PATERNAL
SLC4A1AP	1	chr2	1	chr2_MATERNAL	1	chr2_PATERNAL
KYAT1	1	chr9	1	chr9_MATERNAL	1	chr9_PATERNAL
CAST	1	chr5	1	chr5_MATERNAL	1	chr5_PATERNAL
GTF2E1	1	chr3	1	chr3_MATERNAL	1	chr3_PATERNAL
KCNK6	1	chr19	1	chr19_MATERNAL	1	chr19_PATERNAL
LOC124900512	1	chr2	1	chr2_MATERNAL	1	chr2_PATERNAL
DENND2A	1	chr7	1	chr7_MATERNAL	1	chr7_PATERNAL
VWA3B	1	chr2	1	chr2_MATERNAL	1	chr2_PATERNAL
DOCK2	1	chr5	1	chr5_MATERNAL	1	chr5_PATERNAL
MSTO1	1	chr1	1	chr1_MATERNAL	1	chr1_PATERNAL
CFDP1	1	chr16	1	chr16_MATERNAL	1	chr16_PATERNAL
IL1RN	1	chr2	1	chr2_MATERNAL	1	chr2_PATERNAL
FYB2	1	chr1	1	chr1_MATERNAL	1	chr1_PATERNAL
CENPX	1	chr17	1	chr17_MATERNAL	1	chr17_PATERNAL
TM4SF4	1	chr3	1	chr3_MATERNAL	1	chr3_PATERNAL
TBC1D2	1	chr9	1	chr9_MATERNAL	1	chr9_PATERNAL
LPIN2	1	chr18	1	chr18_MATERNAL	1	chr18_PATERNAL
PNMA6E	1	chrX	1	chrX_MATERNAL	0	None
LHFPL6	1	chr13	1	chr13_MATERNAL	1	chr13_PATERNAL
LOC124900868	1	chr4	1	chr4_MATERNAL	1	chr4_PATERNAL
PHKG2	1	chr16	1	chr16_MATERNAL	1	chr16_PATERNAL
PACSIN2	1	chr22	1	chr22_MATERNAL	1	chr22_PATERNAL
TRIM14	1	chr9	1	chr9_MATERNAL	1	chr9_PATERNAL
GSTM3	1	chr1	1	chr1_MATERNAL	1	chr1_PATERNAL
GCSAML	1	chr1	1	chr1_MATERNAL	1	chr1_PATERNAL
ARID5A	1	chr2	1	chr2_MATERNAL	1	chr2_PATERNAL
PLSCR1	1	chr3	1	chr3_MATERNAL	1	chr3_PATERNAL
SKOR2	1	chr18	1	chr18_MATERNAL	1	chr18_PATERNAL
FAM110D	1	chr1	1	chr1_MATERNAL	1	chr1_PATERNAL
LOC100132202	1	chr15	1	chr15_MATERNAL	1	chr15_PATERNAL
LRP8	1	chr1	1	chr1_MATERNAL	1	chr1_PATERNAL
CEL	1	chr9	1	chr9_MATERNAL	2	chr9_PATERNAL,chr9_PATERNAL
GSTM5	1	chr1	1	chr1_MATERNAL	1	chr1_PATERNAL
LOC124904417	1	chr1	1	chr1_MATERNAL	1	chr1_PATERNAL
BTBD11	1	chr12	1	chr12_MATERNAL	1	chr12_PATERNAL
TMEM104	1	chr17	1	chr17_MATERNAL	1	chr17_PATERNAL
ZBTB7B	1	chr1	1	chr1_MATERNAL	1	chr1_PATERNAL
DGAT1	1	chr8	1	chr8_MATERNAL	1	chr8_PATERNAL
NOTCH2NLC	1	chr1	0	None	1	chr1_PATERNAL
PDGFB	1	chr22	1	chr22_MATERNAL	1	chr22_PATERNAL
MAGEA10	1	chrX	1	chrX_MATERNAL	0	None
CBLL1	1	chr7	1	chr7_MATERNAL	1	chr7_PATERNAL
RAB4A	1	chr1	1	chr1_MATERNAL	1	chr1_PATERNAL
TEX14	1	chr17	1	chr17_MATERNAL	1	chr17_PATERNAL
ZNHIT6	1	chr1	1	chr1_MATERNAL	1	chr1_PATERNAL
UBTD2	1	chr5	1	chr5_MATERNAL	1	chr5_PATERNAL
NALF1	1	chr13	1	chr13_MATERNAL	1	chr13_PATERNAL
CYP4F11	1	chr19	1	chr19_MATERNAL	1	chr19_PATERNAL
GLIPR1	1	chr12	1	chr12_MATERNAL	1	chr12_PATERNAL
SLC35D3	1	chr6	1	chr6_MATERNAL	1	chr6_PATERNAL
MYO1C	1	chr17	1	chr17_MATERNAL	1	chr17_PATERNAL
MFSD1	1	chr3	1	chr3_MATERNAL	1	chr3_PATERNAL
DEFB131B	1	chr11	1	chr11_MATERNAL	1	chr11_PATERNAL
PAN2	1	chr12	1	chr12_MATERNAL	1	chr12_PATERNAL
LOC105371253	1	chr16	1	chr16_MATERNAL	1	chr16_PATERNAL
SHOC1	1	chr9	1	chr9_MATERNAL	1	chr9_PATERNAL
ZNF605	1	chr12	1	chr12_MATERNAL	1	chr12_PATERNAL
PLCG2	1	chr16	1	chr16_MATERNAL	1	chr16_PATERNAL
RYK	1	chr3	1	chr3_MATERNAL	1	chr3_PATERNAL
IMPDH2	1	chr3	1	chr3_MATERNAL	1	chr3_PATERNAL
NEURL4	1	chr17	1	chr17_MATERNAL	1	chr17_PATERNAL
HCST	1	chr19	1	chr19_MATERNAL	1	chr19_PATERNAL
SLC39A12	1	chr10	1	chr10_MATERNAL	1	chr10_PATERNAL
DCTPP1	1	chr16	1	chr16_MATERNAL	1	chr16_PATERNAL
MYORG	1	chr9	1	chr9_MATERNAL	1	chr9_PATERNAL
RAP2A	1	chr13	1	chr13_MATERNAL	1	chr13_PATERNAL
DCSTAMP	1	chr8	1	chr8_MATERNAL	1	chr8_PATERNAL
PUSL1	1	chr1	1	chr1_MATERNAL	1	chr1_PATERNAL
LAPTM5	1	chr1	1	chr1_MATERNAL	1	chr1_PATERNAL
TBX15	1	chr1	1	chr1_MATERNAL	1	chr1_PATERNAL
MARK2	1	chr11	1	chr11_MATERNAL	1	chr11_PATERNAL
COLEC10	1	chr8	1	chr8_MATERNAL	1	chr8_PATERNAL
LIMD1	1	chr3	1	chr3_MATERNAL	1	chr3_PATERNAL
RHD	1	chr1	1	chr1_MATERNAL	1	chr1_PATERNAL
EDEM3	1	chr1	1	chr1_MATERNAL	1	chr1_PATERNAL
FZD1	1	chr7	1	chr7_MATERNAL	1	chr7_PATERNAL
PIM2	1	chrX	1	chrX_MATERNAL	0	None
SMIM9	1	chrX	1	chrX_MATERNAL	0	None
HES5	1	chr1	1	chr1_MATERNAL	1	chr1_PATERNAL
HARS1	1	chr5	1	chr5_MATERNAL	1	chr5_PATERNAL
CLCN1	1	chr7	1	chr7_MATERNAL	1	chr7_PATERNAL
ID3	1	chr1	1	chr1_MATERNAL	1	chr1_PATERNAL
SCN3A	1	chr2	1	chr2_MATERNAL	1	chr2_PATERNAL
MTPAP	1	chr10	1	chr10_MATERNAL	1	chr10_PATERNAL
ITGB8	1	chr7	1	chr7_MATERNAL	1	chr7_PATERNAL
ATP6V0D2	1	chr8	1	chr8_MATERNAL	1	chr8_PATERNAL
FUNDC2	1	chrX	1	chrX_MATERNAL	0	None
CSF3	1	chr17	1	chr17_MATERNAL	1	chr17_PATERNAL
IGLL1	1	chr22	1	chr22_MATERNAL	1	chr22_PATERNAL
NGFR	1	chr17	1	chr17_MATERNAL	1	chr17_PATERNAL
LOC124900998	1	chr5	8	chr5_MATERNAL,chr5_MATERNAL,chr5_MATERNAL,chr5_MATERNAL,chr5_MATERNAL,chr5_MATERNAL,chr5_MATERNAL,chr5_MATERNAL	7	chr5_PATERNAL,chr5_PATERNAL,chr5_PATERNAL,chr5_PATERNAL,chr5_PATERNAL,chr5_PATERNAL,chr5_PATERNAL
SATB2	1	chr2	1	chr2_MATERNAL	1	chr2_PATERNAL
TBC1D22A	1	chr22	1	chr22_MATERNAL	1	chr22_PATERNAL
OR10J5	1	chr1	1	chr1_MATERNAL	1	chr1_PATERNAL
TMEM243	1	chr7	1	chr7_MATERNAL	1	chr7_PATERNAL
RRP36	1	chr6	1	chr6_MATERNAL	1	chr6_PATERNAL
GPM6B	1	chrX	1	chrX_MATERNAL	0	None
SRL	1	chr16	1	chr16_MATERNAL	1	chr16_PATERNAL
COX10	1	chr17	1	chr17_MATERNAL	1	chr17_PATERNAL
SPR	1	chr2	1	chr2_MATERNAL	1	chr2_PATERNAL
RPA3	1	chr7	1	chr7_MATERNAL	1	chr7_PATERNAL
OR51T1	1	chr11	1	chr11_MATERNAL	1	chr11_PATERNAL
GRK4	1	chr4	1	chr4_MATERNAL	1	chr4_PATERNAL
CARD18	1	chr11	1	chr11_MATERNAL	1	chr11_PATERNAL
ZBED2	1	chr3	1	chr3_MATERNAL	1	chr3_PATERNAL
OR1L1	1	chr9	1	chr9_MATERNAL	1	chr9_PATERNAL
SWSAP1	1	chr19	1	chr19_MATERNAL	1	chr19_PATERNAL
ZNF341	1	chr20	1	chr20_MATERNAL	1	chr20_PATERNAL
PGM3	1	chr6	1	chr6_MATERNAL	1	chr6_PATERNAL
LRRTM3	1	chr10	1	chr10_MATERNAL	1	chr10_PATERNAL
RAB2A	1	chr8	1	chr8_MATERNAL	1	chr8_PATERNAL
RRM1	1	chr11	1	chr11_MATERNAL	1	chr11_PATERNAL
SCARF2	1	chr22	1	chr22_MATERNAL	1	chr22_PATERNAL
FUCA2	1	chr6	1	chr6_MATERNAL	1	chr6_PATERNAL
UTRN	1	chr6	1	chr6_MATERNAL	1	chr6_PATERNAL
LOC124903569	1	chr15	1	chr15_MATERNAL	1	chr15_PATERNAL
RTN4IP1	1	chr6	1	chr6_MATERNAL	1	chr6_PATERNAL
BBS5	1	chr2	1	chr2_MATERNAL	1	chr2_PATERNAL
NECAB1	1	chr8	1	chr8_MATERNAL	1	chr8_PATERNAL
GRID1	1	chr10	1	chr10_MATERNAL	1	chr10_PATERNAL
NINJ1	1	chr9	1	chr9_MATERNAL	1	chr9_PATERNAL
B3GNT7	1	chr2	1	chr2_MATERNAL	1	chr2_PATERNAL
ATP6V0A2	1	chr12	1	chr12_MATERNAL	1	chr12_PATERNAL
PEX11G	1	chr19	1	chr19_MATERNAL	1	chr19_PATERNAL
PTCHD4	1	chr6	1	chr6_MATERNAL	1	chr6_PATERNAL
LOC127898562	0	None	1	chr16_MATERNAL	0	None
C5AR2	1	chr19	1	chr19_MATERNAL	1	chr19_PATERNAL
GPN1	1	chr2	1	chr2_MATERNAL	1	chr2_PATERNAL
NKAPL	1	chr6	1	chr6_MATERNAL	1	chr6_PATERNAL
ABAT	1	chr16	1	chr16_MATERNAL	1	chr16_PATERNAL
NLGN2	1	chr17	1	chr17_MATERNAL	1	chr17_PATERNAL
OR51B6	1	chr11	1	chr11_MATERNAL	1	chr11_PATERNAL
FRAS1	1	chr4	1	chr4_MATERNAL	1	chr4_PATERNAL
NEO1	1	chr15	1	chr15_MATERNAL	1	chr15_PATERNAL
H3C2	1	chr6	1	chr6_MATERNAL	1	chr6_PATERNAL
ZG16B	1	chr16	1	chr16_MATERNAL	1	chr16_PATERNAL
SOAT2	1	chr12	1	chr12_MATERNAL	1	chr12_PATERNAL
BAHCC1	1	chr17	1	chr17_MATERNAL	1	chr17_PATERNAL
NR1H4	1	chr12	1	chr12_MATERNAL	1	chr12_PATERNAL
ROBO2	1	chr3	1	chr3_MATERNAL	1	chr3_PATERNAL
GAR1	1	chr4	1	chr4_MATERNAL	1	chr4_PATERNAL
IFIT1	1	chr10	1	chr10_MATERNAL	1	chr10_PATERNAL
SPATA7	1	chr14	1	chr14_MATERNAL	1	chr14_PATERNAL
TMEM229A	1	chr7	1	chr7_MATERNAL	1	chr7_PATERNAL
CXXC1	1	chr18	1	chr18_MATERNAL	1	chr18_PATERNAL
GSR	1	chr8	1	chr8_MATERNAL	1	chr8_PATERNAL
SLC35A3	1	chr1	1	chr1_MATERNAL	1	chr1_PATERNAL
GRAP	1	chr17	1	chr17_MATERNAL	1	chr17_PATERNAL
CSGALNACT2	1	chr10	1	chr10_MATERNAL	1	chr10_PATERNAL
HEATR5A	1	chr14	1	chr14_MATERNAL	1	chr14_PATERNAL
FBXL20	1	chr17	1	chr17_MATERNAL	1	chr17_PATERNAL
ADCY9	1	chr16	1	chr16_MATERNAL	1	chr16_PATERNAL
KCTD13	1	chr16	1	chr16_MATERNAL	1	chr16_PATERNAL
HSPH1	1	chr13	1	chr13_MATERNAL	1	chr13_PATERNAL
NOL7	1	chr6	1	chr6_MATERNAL	1	chr6_PATERNAL
USP17L20	1	chr4	1	chr4_MATERNAL	1	chr4_PATERNAL
CD200R1	1	chr3	1	chr3_MATERNAL	1	chr3_PATERNAL
RHOF	1	chr12	1	chr12_MATERNAL	1	chr12_PATERNAL
FAM20B	1	chr1	1	chr1_MATERNAL	1	chr1_PATERNAL
DUSP12	1	chr1	1	chr1_MATERNAL	1	chr1_PATERNAL
ADRA2C	1	chr4	1	chr4_MATERNAL	1	chr4_PATERNAL
CDKL4	1	chr2	1	chr2_MATERNAL	1	chr2_PATERNAL
MRPS17	1	chr7	1	chr7_MATERNAL	1	chr7_PATERNAL
WDTC1	1	chr1	1	chr1_MATERNAL	1	chr1_PATERNAL
MRPL57	1	chr13	1	chr13_MATERNAL	1	chr13_PATERNAL
NPBWR2	1	chr20	1	chr20_MATERNAL	1	chr20_PATERNAL
ZFP36	1	chr19	1	chr19_MATERNAL	1	chr19_PATERNAL
FANCD2OS	1	chr3	1	chr3_MATERNAL	1	chr3_PATERNAL
SPINK2	1	chr4	1	chr4_MATERNAL	1	chr4_PATERNAL
RPGRIP1L	1	chr16	1	chr16_MATERNAL	1	chr16_PATERNAL
KLRF1	1	chr12	1	chr12_MATERNAL	1	chr12_PATERNAL
FAM43B	1	chr1	1	chr1_MATERNAL	1	chr1_PATERNAL
SYT15	1	chr10	2	chr10_MATERNAL,chr10_MATERNAL	1	chr10_PATERNAL
STPG4	1	chr2	1	chr2_MATERNAL	1	chr2_PATERNAL
VPS4A	1	chr16	1	chr16_MATERNAL	1	chr16_PATERNAL
BTNL3	1	chr5	1	chr5_MATERNAL	1	chr5_PATERNAL
UCN3	1	chr10	1	chr10_MATERNAL	1	chr10_PATERNAL
SLC6A20	1	chr3	1	chr3_MATERNAL	1	chr3_PATERNAL
MLST8	1	chr16	1	chr16_MATERNAL	1	chr16_PATERNAL
PDS5A	1	chr4	1	chr4_MATERNAL	1	chr4_PATERNAL
SLC25A19	1	chr17	1	chr17_MATERNAL	1	chr17_PATERNAL
HSFY2	1	chrY	0	None	1	chrY_PATERNAL
TP53TG5	1	chr20	1	chr20_MATERNAL	1	chr20_PATERNAL
PNKP	1	chr19	1	chr19_MATERNAL	1	chr19_PATERNAL
SPP2	1	chr2	1	chr2_MATERNAL	1	chr2_PATERNAL
GPCPD1	1	chr20	1	chr20_MATERNAL	1	chr20_PATERNAL
AKIRIN1	1	chr1	1	chr1_MATERNAL	1	chr1_PATERNAL
MTMR6	1	chr13	1	chr13_MATERNAL	1	chr13_PATERNAL
GAMT	1	chr19	1	chr19_MATERNAL	1	chr19_PATERNAL
LTC4S	1	chr5	1	chr5_MATERNAL	1	chr5_PATERNAL
CAV2	1	chr7	1	chr7_MATERNAL	1	chr7_PATERNAL
EIF2AK2	1	chr2	1	chr2_MATERNAL	1	chr2_PATERNAL
UBAC2	1	chr13	1	chr13_MATERNAL	1	chr13_PATERNAL
NR5A2	1	chr1	1	chr1_MATERNAL	1	chr1_PATERNAL
BHLHE23	1	chr20	1	chr20_MATERNAL	1	chr20_PATERNAL
PMF1	1	chr1	1	chr1_MATERNAL	1	chr1_PATERNAL
MTERF4	1	chr2	1	chr2_MATERNAL	1	chr2_PATERNAL
CD82	1	chr11	1	chr11_MATERNAL	1	chr11_PATERNAL
CENPJ	1	chr13	1	chr13_MATERNAL	1	chr13_PATERNAL
CDY2B	1	chrY	0	None	1	chrY_PATERNAL
MAIP1	1	chr2	1	chr2_MATERNAL	1	chr2_PATERNAL
PCDH11Y	1	chrY	0	None	1	chrY_PATERNAL
PABPC1L	1	chr20	1	chr20_MATERNAL	1	chr20_PATERNAL
MAN2B2	1	chr4	1	chr4_MATERNAL	1	chr4_PATERNAL
FAM90A1	1	chr12	1	chr12_MATERNAL	1	chr12_PATERNAL
TMEM62	1	chr15	1	chr15_MATERNAL	1	chr15_PATERNAL
RFC2	1	chr7	1	chr7_MATERNAL	1	chr7_PATERNAL
ANKMY2	1	chr7	1	chr7_MATERNAL	1	chr7_PATERNAL
KMT2A	1	chr11	1	chr11_MATERNAL	1	chr11_PATERNAL
RPS4X	1	chrX	1	chrX_MATERNAL	0	None
RNMT	1	chr18	1	chr18_MATERNAL	1	chr18_PATERNAL
TSKU	1	chr11	1	chr11_MATERNAL	1	chr11_PATERNAL
MCU	1	chr10	1	chr10_MATERNAL	1	chr10_PATERNAL
FRMPD3	1	chrX	1	chrX_MATERNAL	0	None
RPL41	1	chr12	1	chr12_MATERNAL	1	chr12_PATERNAL
MRPL46	1	chr15	1	chr15_MATERNAL	1	chr15_PATERNAL
MRPS24	1	chr7	1	chr7_MATERNAL	1	chr7_PATERNAL
KCTD10	1	chr12	1	chr12_MATERNAL	1	chr12_PATERNAL
PRKCSH	1	chr19	1	chr19_MATERNAL	1	chr19_PATERNAL
ZNF99	1	chr19	1	chr19_MATERNAL	1	chr19_PATERNAL
ABCC3	1	chr17	1	chr17_MATERNAL	1	chr17_PATERNAL
NAF1	1	chr4	1	chr4_MATERNAL	1	chr4_PATERNAL
UBE2T	1	chr1	1	chr1_MATERNAL	1	chr1_PATERNAL
SEPTIN2	1	chr2	1	chr2_MATERNAL	1	chr2_PATERNAL
ANKH	1	chr5	1	chr5_MATERNAL	1	chr5_PATERNAL
U2AF1L4	1	chr19	1	chr19_MATERNAL	1	chr19_PATERNAL
PLAGL2	1	chr20	1	chr20_MATERNAL	1	chr20_PATERNAL
TARBP2	1	chr12	1	chr12_MATERNAL	1	chr12_PATERNAL
YPEL3	1	chr16	1	chr16_MATERNAL	1	chr16_PATERNAL
COQ10B	1	chr2	1	chr2_MATERNAL	1	chr2_PATERNAL
NHSL2	1	chrX	1	chrX_MATERNAL	0	None
TESMIN	1	chr11	1	chr11_MATERNAL	1	chr11_PATERNAL
STC2	1	chr5	1	chr5_MATERNAL	1	chr5_PATERNAL
GOLGA8A	1	chr15	1	chr15_MATERNAL	1	chr15_PATERNAL
VXN	1	chr8	1	chr8_MATERNAL	1	chr8_PATERNAL
ABCD3	1	chr1	1	chr1_MATERNAL	1	chr1_PATERNAL
SLC22A15	1	chr1	1	chr1_MATERNAL	1	chr1_PATERNAL
PSMC1	1	chr14	1	chr14_MATERNAL	1	chr14_PATERNAL
CYP3A7-CYP3A51P	1	chr7	1	chr7_MATERNAL	1	chr7_PATERNAL
ANKRD42	1	chr11	1	chr11_MATERNAL	1	chr11_PATERNAL
DPPA2	1	chr3	1	chr3_MATERNAL	1	chr3_PATERNAL
KLHL29	1	chr2	1	chr2_MATERNAL	1	chr2_PATERNAL
TGFBR3	1	chr1	1	chr1_MATERNAL	1	chr1_PATERNAL
NUP43	1	chr6	1	chr6_MATERNAL	1	chr6_PATERNAL
STX6	1	chr1	1	chr1_MATERNAL	1	chr1_PATERNAL
PKP4	1	chr2	1	chr2_MATERNAL	1	chr2_PATERNAL
HDAC11	1	chr3	1	chr3_MATERNAL	1	chr3_PATERNAL
VWA7	1	chr6	1	chr6_MATERNAL	1	chr6_PATERNAL
EDN1	1	chr6	1	chr6_MATERNAL	1	chr6_PATERNAL
CACNG2	1	chr22	1	chr22_MATERNAL	1	chr22_PATERNAL
MEF2D	1	chr1	1	chr1_MATERNAL	1	chr1_PATERNAL
ZSCAN5B	1	chr19	1	chr19_MATERNAL	1	chr19_PATERNAL
ZNF200	1	chr16	1	chr16_MATERNAL	1	chr16_PATERNAL
GOLM2	1	chr15	1	chr15_MATERNAL	1	chr15_PATERNAL
ICE1	1	chr5	1	chr5_MATERNAL	1	chr5_PATERNAL
SMG5	1	chr1	1	chr1_MATERNAL	1	chr1_PATERNAL
PLA2G4F	1	chr15	1	chr15_MATERNAL	1	chr15_PATERNAL
NCF4	1	chr22	1	chr22_MATERNAL	1	chr22_PATERNAL
ADAMTSL3	1	chr15	1	chr15_MATERNAL	1	chr15_PATERNAL
SLC25A38	1	chr3	1	chr3_MATERNAL	1	chr3_PATERNAL
DEGS1	1	chr1	1	chr1_MATERNAL	1	chr1_PATERNAL
TUBD1	1	chr17	1	chr17_MATERNAL	1	chr17_PATERNAL
VAMP1	1	chr12	1	chr12_MATERNAL	1	chr12_PATERNAL
NAA38	1	chr17	1	chr17_MATERNAL	1	chr17_PATERNAL
CEP89	1	chr19	1	chr19_MATERNAL	1	chr19_PATERNAL
EXOSC2	1	chr9	1	chr9_MATERNAL	1	chr9_PATERNAL
HBS1L	1	chr6	1	chr6_MATERNAL	1	chr6_PATERNAL
SLC46A2	1	chr9	1	chr9_MATERNAL	1	chr9_PATERNAL
NNAT	1	chr20	1	chr20_MATERNAL	1	chr20_PATERNAL
SEC61G	1	chr7	1	chr7_MATERNAL	1	chr7_PATERNAL
GALK1	1	chr17	1	chr17_MATERNAL	1	chr17_PATERNAL
ORMDL1	1	chr2	1	chr2_MATERNAL	1	chr2_PATERNAL
MT1M	1	chr16	1	chr16_MATERNAL	1	chr16_PATERNAL
P2RY10	1	chrX	1	chrX_MATERNAL	0	None
FOXO3	1	chr6	1	chr6_MATERNAL	1	chr6_PATERNAL
LOC124900467	1	chr21	1	chr21_MATERNAL	1	chr21_PATERNAL
SLC25A53	1	chrX	1	chrX_MATERNAL	0	None
PGAM2	1	chr7	1	chr7_MATERNAL	1	chr7_PATERNAL
N4BP2L2	1	chr13	1	chr13_MATERNAL	1	chr13_PATERNAL
SFXN1	1	chr5	1	chr5_MATERNAL	1	chr5_PATERNAL
PTCH1	1	chr9	1	chr9_MATERNAL	1	chr9_PATERNAL
OR6C70	1	chr12	1	chr12_MATERNAL	1	chr12_PATERNAL
PSG11	1	chr19	1	chr19_MATERNAL	1	chr19_PATERNAL
ZSWIM3	1	chr20	1	chr20_MATERNAL	1	chr20_PATERNAL
TMEM204	1	chr16	1	chr16_MATERNAL	1	chr16_PATERNAL
KCNB1	1	chr20	1	chr20_MATERNAL	1	chr20_PATERNAL
DUSP7	1	chr3	1	chr3_MATERNAL	1	chr3_PATERNAL
PPME1	1	chr11	1	chr11_MATERNAL	1	chr11_PATERNAL
PTTG2	1	chr4	1	chr4_MATERNAL	1	chr4_PATERNAL
LOC124901449	1	chr6	1	chr6_MATERNAL	1	chr6_PATERNAL
REST	1	chr4	1	chr4_MATERNAL	1	chr4_PATERNAL
C2orf72	1	chr2	1	chr2_MATERNAL	1	chr2_PATERNAL
B4GALNT2	1	chr17	1	chr17_MATERNAL	1	chr17_PATERNAL
CLEC4E	1	chr12	1	chr12_MATERNAL	1	chr12_PATERNAL
ZFAND4	1	chr10	1	chr10_MATERNAL	1	chr10_PATERNAL
DYTN	1	chr2	1	chr2_MATERNAL	1	chr2_PATERNAL
L3HYPDH	1	chr14	1	chr14_MATERNAL	1	chr14_PATERNAL
DCLRE1C	1	chr10	1	chr10_MATERNAL	1	chr10_PATERNAL
MON1B	1	chr16	1	chr16_MATERNAL	1	chr16_PATERNAL
GRM5	1	chr11	1	chr11_MATERNAL	1	chr11_PATERNAL
SLC1A1	1	chr9	1	chr9_MATERNAL	1	chr9_PATERNAL
SNRPE	1	chr1	1	chr1_MATERNAL	1	chr1_PATERNAL
PYDC2	1	chr3	1	chr3_MATERNAL	1	chr3_PATERNAL
HOPX	1	chr4	1	chr4_MATERNAL	1	chr4_PATERNAL
TFAP2C	1	chr20	1	chr20_MATERNAL	1	chr20_PATERNAL
UGT2A3	1	chr4	1	chr4_MATERNAL	1	chr4_PATERNAL
CD151	1	chr11	1	chr11_MATERNAL	1	chr11_PATERNAL
USP5	1	chr12	1	chr12_MATERNAL	1	chr12_PATERNAL
IQCD	1	chr12	1	chr12_MATERNAL	1	chr12_PATERNAL
HOXA10	1	chr7	1	chr7_MATERNAL	1	chr7_PATERNAL
TSPAN11	1	chr12	1	chr12_MATERNAL	1	chr12_PATERNAL
ADK	1	chr10	1	chr10_MATERNAL	1	chr10_PATERNAL
CLDN34	1	chrX	1	chrX_MATERNAL	0	None
ATP13A4	1	chr3	1	chr3_MATERNAL	1	chr3_PATERNAL
KRTAP19-7	1	chr21	1	chr21_MATERNAL	1	chr21_PATERNAL
ARHGEF35	1	chr7	1	chr7_MATERNAL	1	chr7_PATERNAL
BCKDHA	1	chr19	1	chr19_MATERNAL	1	chr19_PATERNAL
DALRD3	1	chr3	1	chr3_MATERNAL	1	chr3_PATERNAL
OR5B12	1	chr11	1	chr11_MATERNAL	1	chr11_PATERNAL
TMEM154	1	chr4	1	chr4_MATERNAL	1	chr4_PATERNAL
CARD6	1	chr5	1	chr5_MATERNAL	1	chr5_PATERNAL
ASPA	1	chr17	1	chr17_MATERNAL	1	chr17_PATERNAL
PSME2	1	chr14	1	chr14_MATERNAL	1	chr14_PATERNAL
LCMT1	1	chr16	1	chr16_MATERNAL	1	chr16_PATERNAL
ARHGEF1	1	chr19	1	chr19_MATERNAL	1	chr19_PATERNAL
DUSP4	1	chr8	1	chr8_MATERNAL	1	chr8_PATERNAL
AKR1C1	1	chr10	1	chr10_MATERNAL	1	chr10_PATERNAL
RICTOR	1	chr5	1	chr5_MATERNAL	1	chr5_PATERNAL
UBC	1	chr12	1	chr12_MATERNAL	1	chr12_PATERNAL
PAFAH2	1	chr1	1	chr1_MATERNAL	1	chr1_PATERNAL
ZNF426	1	chr19	1	chr19_MATERNAL	1	chr19_PATERNAL
RPS26	1	chr12	1	chr12_MATERNAL	1	chr12_PATERNAL
ARGFX	1	chr3	1	chr3_MATERNAL	1	chr3_PATERNAL
NUP42	1	chr7	1	chr7_MATERNAL	1	chr7_PATERNAL
DYM	1	chr18	1	chr18_MATERNAL	1	chr18_PATERNAL
RIPPLY2	1	chr6	1	chr6_MATERNAL	1	chr6_PATERNAL
GNL3L	1	chrX	1	chrX_MATERNAL	0	None
NBPF4	1	chr1	1	chr1_MATERNAL	1	chr1_PATERNAL
ZFYVE19	1	chr15	1	chr15_MATERNAL	1	chr15_PATERNAL
CYLC2	1	chr9	1	chr9_MATERNAL	1	chr9_PATERNAL
SLC52A1	1	chr17	1	chr17_MATERNAL	1	chr17_PATERNAL
BRINP1	1	chr9	1	chr9_MATERNAL	1	chr9_PATERNAL
SAAL1	1	chr11	1	chr11_MATERNAL	1	chr11_PATERNAL
IYD	1	chr6	1	chr6_MATERNAL	1	chr6_PATERNAL
TAF1C	1	chr16	1	chr16_MATERNAL	1	chr16_PATERNAL
PODN	1	chr1	1	chr1_MATERNAL	1	chr1_PATERNAL
SENP8	1	chr15	1	chr15_MATERNAL	1	chr15_PATERNAL
SLC12A6	1	chr15	1	chr15_MATERNAL	1	chr15_PATERNAL
HHIPL1	1	chr14	1	chr14_MATERNAL	1	chr14_PATERNAL
FOXH1	1	chr8	1	chr8_MATERNAL	1	chr8_PATERNAL
RPL10A	1	chr6	1	chr6_MATERNAL	1	chr6_PATERNAL
SAMD15	1	chr14	1	chr14_MATERNAL	1	chr14_PATERNAL
RPL39	1	chrX	1	chrX_MATERNAL	0	None
LOC124902565	1	chr10	1	chr10_MATERNAL	1	chr10_PATERNAL
GATA3	1	chr10	1	chr10_MATERNAL	1	chr10_PATERNAL
SEMG1	1	chr20	1	chr20_MATERNAL	1	chr20_PATERNAL
H1-6	1	chr6	1	chr6_MATERNAL	1	chr6_PATERNAL
NHLRC2	1	chr10	1	chr10_MATERNAL	1	chr10_PATERNAL
RPL38	1	chr17	1	chr17_MATERNAL	1	chr17_PATERNAL
ZNF611	1	chr19	1	chr19_MATERNAL	1	chr19_PATERNAL
GLIS1	1	chr1	1	chr1_MATERNAL	1	chr1_PATERNAL
RP9	1	chr7	1	chr7_MATERNAL	1	chr7_PATERNAL
DNAAF4	1	chr15	1	chr15_MATERNAL	1	chr15_PATERNAL
IHO1	1	chr3	1	chr3_MATERNAL	1	chr3_PATERNAL
SRMS	1	chr20	1	chr20_MATERNAL	1	chr20_PATERNAL
TRPM6	1	chr9	1	chr9_MATERNAL	1	chr9_PATERNAL
C7	1	chr5	1	chr5_MATERNAL	1	chr5_PATERNAL
APPBP2	1	chr17	1	chr17_MATERNAL	1	chr17_PATERNAL
RASAL3	1	chr19	1	chr19_MATERNAL	1	chr19_PATERNAL
PTX3	1	chr3	1	chr3_MATERNAL	1	chr3_PATERNAL
FAM91A1	1	chr8	1	chr8_MATERNAL	1	chr8_PATERNAL
NCOA6	1	chr20	1	chr20_MATERNAL	1	chr20_PATERNAL
ZNF521	1	chr18	1	chr18_MATERNAL	1	chr18_PATERNAL
NDUFA9	1	chr12	1	chr12_MATERNAL	1	chr12_PATERNAL
FOXR2	1	chrX	1	chrX_MATERNAL	0	None
GABRR3	1	chr3	1	chr3_MATERNAL	1	chr3_PATERNAL
FANK1	1	chr10	1	chr10_MATERNAL	1	chr10_PATERNAL
RELL2	1	chr5	1	chr5_MATERNAL	1	chr5_PATERNAL
SYCP1	1	chr1	1	chr1_MATERNAL	1	chr1_PATERNAL
IFNL3	1	chr19	1	chr19_MATERNAL	1	chr19_PATERNAL
CLOCK	1	chr4	1	chr4_MATERNAL	1	chr4_PATERNAL
SCLT1	1	chr4	1	chr4_MATERNAL	1	chr4_PATERNAL
HEG1	1	chr3	1	chr3_MATERNAL	1	chr3_PATERNAL
TCEANC2	1	chr1	1	chr1_MATERNAL	1	chr1_PATERNAL
SPINT2	1	chr19	1	chr19_MATERNAL	1	chr19_PATERNAL
CDKN2AIPNL	1	chr5	1	chr5_MATERNAL	1	chr5_PATERNAL
FSTL3	1	chr19	1	chr19_MATERNAL	1	chr19_PATERNAL
CIITA	1	chr16	1	chr16_MATERNAL	1	chr16_PATERNAL
NMT2	1	chr10	1	chr10_MATERNAL	1	chr10_PATERNAL
SNPH	1	chr20	1	chr20_MATERNAL	1	chr20_PATERNAL
LOC124902766	1	chr11	1	chr11_MATERNAL	1	chr11_PATERNAL
AHDC1	1	chr1	1	chr1_MATERNAL	1	chr1_PATERNAL
SHISAL2A	1	chr1	1	chr1_MATERNAL	1	chr1_PATERNAL
HPGD	1	chr4	1	chr4_MATERNAL	1	chr4_PATERNAL
SNCB	1	chr5	1	chr5_MATERNAL	1	chr5_PATERNAL
CKLF-CMTM1	1	chr16	1	chr16_MATERNAL	1	chr16_PATERNAL
RHBDF2	1	chr17	1	chr17_MATERNAL	1	chr17_PATERNAL
CD84	1	chr1	1	chr1_MATERNAL	1	chr1_PATERNAL
TFPT	1	chr19	1	chr19_MATERNAL	1	chr19_PATERNAL
KLF9	1	chr9	1	chr9_MATERNAL	1	chr9_PATERNAL
CHST14	1	chr15	1	chr15_MATERNAL	1	chr15_PATERNAL
TMEM198	1	chr2	1	chr2_MATERNAL	1	chr2_PATERNAL
CDSN	1	chr6	1	chr6_MATERNAL	1	chr6_PATERNAL
ZNF761	1	chr19	1	chr19_MATERNAL	1	chr19_PATERNAL
EHF	1	chr11	1	chr11_MATERNAL	1	chr11_PATERNAL
B3GALNT1	1	chr3	1	chr3_MATERNAL	1	chr3_PATERNAL
SVBP	1	chr1	1	chr1_MATERNAL	1	chr1_PATERNAL
PHYHIPL	1	chr10	1	chr10_MATERNAL	1	chr10_PATERNAL
SNAPIN	1	chr1	1	chr1_MATERNAL	1	chr1_PATERNAL
C18orf25	1	chr18	1	chr18_MATERNAL	1	chr18_PATERNAL
NAT14	1	chr19	1	chr19_MATERNAL	1	chr19_PATERNAL
TMEM50B	1	chr21	1	chr21_MATERNAL	1	chr21_PATERNAL
SPDYE2	1	chr7	1	chr7_MATERNAL	1	chr7_PATERNAL
CDS1	1	chr4	1	chr4_MATERNAL	1	chr4_PATERNAL
KCNJ13	1	chr2	1	chr2_MATERNAL	1	chr2_PATERNAL
REXO1	1	chr19	1	chr19_MATERNAL	1	chr19_PATERNAL
RTP5	1	chr2	1	chr2_MATERNAL	1	chr2_PATERNAL
RPN2	1	chr20	1	chr20_MATERNAL	1	chr20_PATERNAL
FOSB	1	chr19	1	chr19_MATERNAL	1	chr19_PATERNAL
ITGB7	1	chr12	1	chr12_MATERNAL	1	chr12_PATERNAL
MED22	1	chr9	1	chr9_MATERNAL	1	chr9_PATERNAL
ERC1	1	chr12	1	chr12_MATERNAL	1	chr12_PATERNAL
JMJD8	1	chr16	1	chr16_MATERNAL	1	chr16_PATERNAL
PCBP3	1	chr21	1	chr21_MATERNAL	1	chr21_PATERNAL
TMEM47	1	chrX	1	chrX_MATERNAL	0	None
C2orf68	1	chr2	1	chr2_MATERNAL	1	chr2_PATERNAL
MUCL3	1	chr6	1	chr6_MATERNAL	1	chr6_PATERNAL
PLA2G4E	1	chr15	1	chr15_MATERNAL	1	chr15_PATERNAL
CD300H	1	chr17	1	chr17_MATERNAL	1	chr17_PATERNAL
ALDH2	1	chr12	1	chr12_MATERNAL	1	chr12_PATERNAL
ANKS1B	1	chr12	1	chr12_MATERNAL	1	chr12_PATERNAL
SNRPC	1	chr6	1	chr6_MATERNAL	1	chr6_PATERNAL
CD160	1	chr1	1	chr1_MATERNAL	1	chr1_PATERNAL
TLX3	1	chr5	1	chr5_MATERNAL	1	chr5_PATERNAL
DAP	1	chr5	1	chr5_MATERNAL	1	chr5_PATERNAL
PCBP4	1	chr3	1	chr3_MATERNAL	1	chr3_PATERNAL
GART	1	chr21	1	chr21_MATERNAL	1	chr21_PATERNAL
NFKBIE	1	chr6	1	chr6_MATERNAL	1	chr6_PATERNAL
CORO1A	1	chr16	1	chr16_MATERNAL	1	chr16_PATERNAL
MIB2	1	chr1	1	chr1_MATERNAL	1	chr1_PATERNAL
C2orf81	1	chr2	1	chr2_MATERNAL	1	chr2_PATERNAL
HLTF	1	chr3	1	chr3_MATERNAL	1	chr3_PATERNAL
SLC35A1	1	chr6	1	chr6_MATERNAL	1	chr6_PATERNAL
KIF18A	1	chr11	1	chr11_MATERNAL	1	chr11_PATERNAL
SEMG2	1	chr20	1	chr20_MATERNAL	1	chr20_PATERNAL
SLC25A24	1	chr1	1	chr1_MATERNAL	1	chr1_PATERNAL
PCK2	1	chr14	1	chr14_MATERNAL	1	chr14_PATERNAL
QSER1	1	chr11	1	chr11_MATERNAL	1	chr11_PATERNAL
GABARAP	1	chr17	1	chr17_MATERNAL	1	chr17_PATERNAL
UBE2V2	1	chr8	1	chr8_MATERNAL	1	chr8_PATERNAL
FBXW11	1	chr5	1	chr5_MATERNAL	1	chr5_PATERNAL
SARNP	1	chr12	1	chr12_MATERNAL	1	chr12_PATERNAL
MCEE	1	chr2	1	chr2_MATERNAL	1	chr2_PATERNAL
ZNF324B	1	chr19	1	chr19_MATERNAL	1	chr19_PATERNAL
CCDC33	1	chr15	1	chr15_MATERNAL	1	chr15_PATERNAL
RGS3	1	chr9	1	chr9_MATERNAL	1	chr9_PATERNAL
PMS2	1	chr7	1	chr7_MATERNAL	1	chr7_PATERNAL
SPON2	1	chr4	1	chr4_MATERNAL	1	chr4_PATERNAL
ZFPM1	1	chr16	1	chr16_MATERNAL	1	chr16_PATERNAL
OR5B3	1	chr11	1	chr11_MATERNAL	1	chr11_PATERNAL
RALGPS1	1	chr9	1	chr9_MATERNAL	1	chr9_PATERNAL
HNF1B	1	chr17	1	chr17_MATERNAL	1	chr17_PATERNAL
KEAP1	1	chr19	1	chr19_MATERNAL	1	chr19_PATERNAL
NUDT10	1	chrX	1	chrX_MATERNAL	0	None
LOC124905352	1	chr3	1	chr3_MATERNAL	1	chr3_PATERNAL
NRG4	1	chr15	1	chr15_MATERNAL	1	chr15_PATERNAL
APP	1	chr21	1	chr21_MATERNAL	1	chr21_PATERNAL
CGRRF1	1	chr14	1	chr14_MATERNAL	1	chr14_PATERNAL
PAPLN	1	chr14	1	chr14_MATERNAL	1	chr14_PATERNAL
GPR156	1	chr3	1	chr3_MATERNAL	1	chr3_PATERNAL
OSBP2	1	chr22	1	chr22_MATERNAL	1	chr22_PATERNAL
CHL1	1	chr3	1	chr3_MATERNAL	1	chr3_PATERNAL
TXNDC5	1	chr6	1	chr6_MATERNAL	1	chr6_PATERNAL
NDUFA4L2	1	chr12	1	chr12_MATERNAL	1	chr12_PATERNAL
ZMAT4	1	chr8	1	chr8_MATERNAL	1	chr8_PATERNAL
PRAP1	1	chr10	1	chr10_MATERNAL	1	chr10_PATERNAL
PGA4	3	chr11,chr11,chr11	1	chr11_MATERNAL	1	chr11_PATERNAL
SLC26A11	1	chr17	1	chr17_MATERNAL	1	chr17_PATERNAL
ECSIT	1	chr19	1	chr19_MATERNAL	1	chr19_PATERNAL
MCF2L	1	chr13	1	chr13_MATERNAL	1	chr13_PATERNAL
PPIP5K1	1	chr15	1	chr15_MATERNAL	1	chr15_PATERNAL
ZC2HC1A	1	chr8	1	chr8_MATERNAL	1	chr8_PATERNAL
BCAS3	1	chr17	1	chr17_MATERNAL	1	chr17_PATERNAL
CH25H	1	chr10	1	chr10_MATERNAL	1	chr10_PATERNAL
TAC4	1	chr17	1	chr17_MATERNAL	1	chr17_PATERNAL
SBSPON	1	chr8	1	chr8_MATERNAL	1	chr8_PATERNAL
LOC124901637	1	chr7	1	chr7_MATERNAL	1	chr7_PATERNAL
PROKR1	1	chr2	1	chr2_MATERNAL	1	chr2_PATERNAL
OR6C2	1	chr12	1	chr12_MATERNAL	1	chr12_PATERNAL
PAPSS1	1	chr4	1	chr4_MATERNAL	1	chr4_PATERNAL
RTKN2	1	chr10	1	chr10_MATERNAL	1	chr10_PATERNAL
CAPZA1	1	chr1	1	chr1_MATERNAL	1	chr1_PATERNAL
RPS28	1	chr19	1	chr19_MATERNAL	1	chr19_PATERNAL
PTRH2	1	chr17	1	chr17_MATERNAL	1	chr17_PATERNAL
CLDN18	1	chr3	1	chr3_MATERNAL	1	chr3_PATERNAL
FZD4	1	chr11	1	chr11_MATERNAL	1	chr11_PATERNAL
ANK1	1	chr8	1	chr8_MATERNAL	1	chr8_PATERNAL
FAM183A	1	chr1	1	chr1_MATERNAL	1	chr1_PATERNAL
TLK2	1	chr17	1	chr17_MATERNAL	1	chr17_PATERNAL
MYO15A	1	chr17	1	chr17_MATERNAL	1	chr17_PATERNAL
ACTR5	1	chr20	1	chr20_MATERNAL	1	chr20_PATERNAL
ZNF595	1	chr4	1	chr4_MATERNAL	1	chr4_PATERNAL
AVPI1	1	chr10	1	chr10_MATERNAL	1	chr10_PATERNAL
BMPER	1	chr7	1	chr7_MATERNAL	1	chr7_PATERNAL
UPK2	1	chr11	1	chr11_MATERNAL	1	chr11_PATERNAL
OR1A2	1	chr17	1	chr17_MATERNAL	1	chr17_PATERNAL
LOC124900290	1	chr10	1	chr10_MATERNAL	1	chr10_PATERNAL
GINS2	1	chr16	1	chr16_MATERNAL	1	chr16_PATERNAL
SLIT1	1	chr10	1	chr10_MATERNAL	1	chr10_PATERNAL
DELE1	1	chr5	1	chr5_MATERNAL	1	chr5_PATERNAL
VIPR2	1	chr7	1	chr7_MATERNAL	1	chr7_PATERNAL
DGKD	1	chr2	1	chr2_MATERNAL	1	chr2_PATERNAL
COLEC12	1	chr18	1	chr18_MATERNAL	1	chr18_PATERNAL
HS3ST3B1	1	chr17	1	chr17_MATERNAL	1	chr17_PATERNAL
TBC1D10B	1	chr16	1	chr16_MATERNAL	1	chr16_PATERNAL
ACAT2	1	chr6	1	chr6_MATERNAL	1	chr6_PATERNAL
TUBB4A	1	chr19	1	chr19_MATERNAL	1	chr19_PATERNAL
HMGN3	1	chr6	1	chr6_MATERNAL	1	chr6_PATERNAL
OR4D6	1	chr11	1	chr11_MATERNAL	1	chr11_PATERNAL
LRRC72	1	chr7	1	chr7_MATERNAL	1	chr7_PATERNAL
FBXO22	1	chr15	1	chr15_MATERNAL	1	chr15_PATERNAL
SAGSIN1	1	chr7	1	chr7_MATERNAL	1	chr7_PATERNAL
USP17L7	2	chr8,chr8	1	chr8_MATERNAL	2	chr8_PATERNAL,chr8_PATERNAL
CFAP77	1	chr9	1	chr9_MATERNAL	1	chr9_PATERNAL
SLC50A1	1	chr1	1	chr1_MATERNAL	1	chr1_PATERNAL
FZD8	1	chr10	1	chr10_MATERNAL	1	chr10_PATERNAL
ZNF100	1	chr19	1	chr19_MATERNAL	1	chr19_PATERNAL
FRY	1	chr13	1	chr13_MATERNAL	1	chr13_PATERNAL
RDH8	1	chr19	1	chr19_MATERNAL	1	chr19_PATERNAL
SLC12A2	1	chr5	1	chr5_MATERNAL	1	chr5_PATERNAL
PTEN	1	chr10	1	chr10_MATERNAL	1	chr10_PATERNAL
OR2T6	1	chr1	1	chr1_MATERNAL	1	chr1_PATERNAL
ATXN7	1	chr3	1	chr3_MATERNAL	1	chr3_PATERNAL
PTCD2	1	chr5	1	chr5_MATERNAL	1	chr5_PATERNAL
SLC6A3	1	chr5	1	chr5_MATERNAL	1	chr5_PATERNAL
PKNOX2	1	chr11	1	chr11_MATERNAL	1	chr11_PATERNAL
DEK	1	chr6	1	chr6_MATERNAL	1	chr6_PATERNAL
DPCD	1	chr10	1	chr10_MATERNAL	1	chr10_PATERNAL
RPAIN	1	chr17	1	chr17_MATERNAL	1	chr17_PATERNAL
ADAM15	1	chr1	1	chr1_MATERNAL	1	chr1_PATERNAL
NINJ2	1	chr12	1	chr12_MATERNAL	1	chr12_PATERNAL
TMEM33	1	chr4	1	chr4_MATERNAL	1	chr4_PATERNAL
MTCH2	1	chr11	1	chr11_MATERNAL	1	chr11_PATERNAL
TDG	1	chr12	1	chr12_MATERNAL	2	chr12_PATERNAL,chr12_PATERNAL
ADAMTS5	1	chr21	1	chr21_MATERNAL	1	chr21_PATERNAL
GH1	1	chr17	1	chr17_MATERNAL	1	chr17_PATERNAL
OR8A1	1	chr11	1	chr11_MATERNAL	1	chr11_PATERNAL
PBX4	1	chr19	1	chr19_MATERNAL	1	chr19_PATERNAL
PRPF38A	1	chr1	1	chr1_MATERNAL	1	chr1_PATERNAL
USP11	1	chrX	1	chrX_MATERNAL	0	None
BET1L	1	chr11	1	chr11_MATERNAL	1	chr11_PATERNAL
PAGE1	1	chrX	1	chrX_MATERNAL	0	None
SRD5A2	1	chr2	1	chr2_MATERNAL	1	chr2_PATERNAL
ARMC7	1	chr17	1	chr17_MATERNAL	1	chr17_PATERNAL
SMO	1	chr7	1	chr7_MATERNAL	1	chr7_PATERNAL
SRGAP3	1	chr3	1	chr3_MATERNAL	1	chr3_PATERNAL
DGCR6L	1	chr22	1	chr22_MATERNAL	1	chr22_PATERNAL
RAD21L1	1	chr20	1	chr20_MATERNAL	1	chr20_PATERNAL
SYNE4	1	chr19	1	chr19_MATERNAL	1	chr19_PATERNAL
RIBC2	1	chr22	1	chr22_MATERNAL	1	chr22_PATERNAL
PLCB2	1	chr15	1	chr15_MATERNAL	1	chr15_PATERNAL
SPESP1	1	chr15	1	chr15_MATERNAL	1	chr15_PATERNAL
LOC124900163	1	chr4	1	chr4_MATERNAL	1	chr4_PATERNAL
IL2	1	chr4	1	chr4_MATERNAL	1	chr4_PATERNAL
DBNDD1	1	chr16	1	chr16_MATERNAL	1	chr16_PATERNAL
RFPL3	1	chr22	1	chr22_MATERNAL	1	chr22_PATERNAL
INPP4A	1	chr2	1	chr2_MATERNAL	1	chr2_PATERNAL
CLEC12B	1	chr12	1	chr12_MATERNAL	1	chr12_PATERNAL
AMOTL2	1	chr3	1	chr3_MATERNAL	1	chr3_PATERNAL
TERF2IP	1	chr16	1	chr16_MATERNAL	1	chr16_PATERNAL
ACTL7A	1	chr9	1	chr9_MATERNAL	1	chr9_PATERNAL
NSL1	1	chr1	1	chr1_MATERNAL	1	chr1_PATERNAL
FAM47E-STBD1	1	chr4	1	chr4_MATERNAL	1	chr4_PATERNAL
LHX8	1	chr1	1	chr1_MATERNAL	1	chr1_PATERNAL
PSMC2	1	chr7	1	chr7_MATERNAL	1	chr7_PATERNAL
DHRS12	1	chr13	1	chr13_MATERNAL	1	chr13_PATERNAL
TMED9	1	chr5	1	chr5_MATERNAL	1	chr5_PATERNAL
TERT	1	chr5	1	chr5_MATERNAL	1	chr5_PATERNAL
MRPL19	1	chr2	1	chr2_MATERNAL	1	chr2_PATERNAL
MRPS11	1	chr15	1	chr15_MATERNAL	1	chr15_PATERNAL
TBC1D22B	1	chr6	1	chr6_MATERNAL	1	chr6_PATERNAL
REEP1	1	chr2	1	chr2_MATERNAL	1	chr2_PATERNAL
AGGF1	1	chr5	1	chr5_MATERNAL	1	chr5_PATERNAL
UBE2V1	1	chr20	1	chr20_MATERNAL	1	chr20_PATERNAL
CNPY1	1	chr7	1	chr7_MATERNAL	1	chr7_PATERNAL
ARL16	1	chr17	1	chr17_MATERNAL	1	chr17_PATERNAL
PKD2L1	1	chr10	1	chr10_MATERNAL	1	chr10_PATERNAL
OTC	1	chrX	1	chrX_MATERNAL	0	None
SLC6A9	1	chr1	1	chr1_MATERNAL	1	chr1_PATERNAL
USP14	1	chr18	1	chr18_MATERNAL	1	chr18_PATERNAL
ZNF554	1	chr19	1	chr19_MATERNAL	1	chr19_PATERNAL
GJB4	1	chr1	1	chr1_MATERNAL	1	chr1_PATERNAL
ATG101	1	chr12	1	chr12_MATERNAL	1	chr12_PATERNAL
BHLHE22	1	chr8	1	chr8_MATERNAL	1	chr8_PATERNAL
FAM170B	1	chr10	1	chr10_MATERNAL	1	chr10_PATERNAL
SRC	1	chr20	1	chr20_MATERNAL	1	chr20_PATERNAL
FAM240B	1	chr9	1	chr9_MATERNAL	1	chr9_PATERNAL
ALDOA	1	chr16	1	chr16_MATERNAL	1	chr16_PATERNAL
UBE2U	1	chr1	1	chr1_MATERNAL	1	chr1_PATERNAL
FGFR4	1	chr5	1	chr5_MATERNAL	1	chr5_PATERNAL
XRCC6	1	chr22	1	chr22_MATERNAL	1	chr22_PATERNAL
BCL11A	1	chr2	1	chr2_MATERNAL	1	chr2_PATERNAL
DEFB127	1	chr20	1	chr20_MATERNAL	1	chr20_PATERNAL
NUDT17	1	chr1	1	chr1_MATERNAL	1	chr1_PATERNAL
SNRPN	1	chr15	1	chr15_MATERNAL	1	chr15_PATERNAL
EDA	1	chrX	1	chrX_MATERNAL	0	None
SAP25	1	chr7	1	chr7_MATERNAL	1	chr7_PATERNAL
NTRK1	1	chr1	1	chr1_MATERNAL	1	chr1_PATERNAL
AQP7B	1	chr2	1	chr2_MATERNAL	1	chr2_PATERNAL
EPHX2	1	chr8	1	chr8_MATERNAL	1	chr8_PATERNAL
TMEM26	1	chr10	1	chr10_MATERNAL	1	chr10_PATERNAL
PXMP4	1	chr20	1	chr20_MATERNAL	1	chr20_PATERNAL
ANGPTL5	1	chr11	1	chr11_MATERNAL	1	chr11_PATERNAL
LAIR1	1	chr19	1	chr19_MATERNAL	1	chr19_PATERNAL
CRACD	1	chr4	1	chr4_MATERNAL	1	chr4_PATERNAL
PRB4	1	chr12	1	chr12_MATERNAL	1	chr12_PATERNAL
OR9A2	1	chr7	1	chr7_MATERNAL	1	chr7_PATERNAL
ANKRD1	1	chr10	1	chr10_MATERNAL	1	chr10_PATERNAL
MROH8	1	chr20	1	chr20_MATERNAL	1	chr20_PATERNAL
GSTM2	1	chr1	1	chr1_MATERNAL	1	chr1_PATERNAL
CHIC2	1	chr4	1	chr4_MATERNAL	1	chr4_PATERNAL
ARHGEF3	1	chr3	1	chr3_MATERNAL	1	chr3_PATERNAL
PHGDH	1	chr1	1	chr1_MATERNAL	1	chr1_PATERNAL
RAD54L	1	chr1	1	chr1_MATERNAL	1	chr1_PATERNAL
MAOA	1	chrX	1	chrX_MATERNAL	0	None
ARHGAP9	1	chr12	1	chr12_MATERNAL	1	chr12_PATERNAL
LRP2	1	chr2	1	chr2_MATERNAL	1	chr2_PATERNAL
CHST1	1	chr11	1	chr11_MATERNAL	1	chr11_PATERNAL
EML2	1	chr19	1	chr19_MATERNAL	1	chr19_PATERNAL
ZNF273	1	chr7	1	chr7_MATERNAL	1	chr7_PATERNAL
PUM3	1	chr9	1	chr9_MATERNAL	1	chr9_PATERNAL
MCMDC2	1	chr8	1	chr8_MATERNAL	1	chr8_PATERNAL
OR8K3	1	chr11	1	chr11_MATERNAL	1	chr11_PATERNAL
KCNMB3	1	chr3	1	chr3_MATERNAL	1	chr3_PATERNAL
POLRMT	1	chr19	1	chr19_MATERNAL	1	chr19_PATERNAL
UBE2D3	1	chr4	1	chr4_MATERNAL	1	chr4_PATERNAL
TRIP13	1	chr5	1	chr5_MATERNAL	1	chr5_PATERNAL
FAM43A	1	chr3	1	chr3_MATERNAL	1	chr3_PATERNAL
RHOC	1	chr1	1	chr1_MATERNAL	1	chr1_PATERNAL
LOC124900642	1	chr4	1	chr4_MATERNAL	1	chr4_PATERNAL
FGF19	1	chr11	1	chr11_MATERNAL	1	chr11_PATERNAL
RNF103	1	chr2	1	chr2_MATERNAL	1	chr2_PATERNAL
SHROOM1	1	chr5	1	chr5_MATERNAL	1	chr5_PATERNAL
ECD	1	chr10	1	chr10_MATERNAL	1	chr10_PATERNAL
SEMA4D	1	chr9	1	chr9_MATERNAL	1	chr9_PATERNAL
SIGLEC14	1	chr19	1	chr19_MATERNAL	1	chr19_PATERNAL
DHRSX	2	chrX,chrY	1	chrX_MATERNAL	1	chrY_PATERNAL
UBN2	1	chr7	1	chr7_MATERNAL	1	chr7_PATERNAL
MMP25	1	chr16	1	chr16_MATERNAL	1	chr16_PATERNAL
OTOP3	1	chr17	1	chr17_MATERNAL	1	chr17_PATERNAL
NEK10	1	chr3	1	chr3_MATERNAL	1	chr3_PATERNAL
KRR1	1	chr12	1	chr12_MATERNAL	1	chr12_PATERNAL
SPRY4	1	chr5	1	chr5_MATERNAL	1	chr5_PATERNAL
DSG4	1	chr18	1	chr18_MATERNAL	1	chr18_PATERNAL
IFT74	1	chr9	1	chr9_MATERNAL	1	chr9_PATERNAL
RNF4	1	chr4	1	chr4_MATERNAL	1	chr4_PATERNAL
RNF151	1	chr16	1	chr16_MATERNAL	1	chr16_PATERNAL
MMP24	1	chr20	1	chr20_MATERNAL	1	chr20_PATERNAL
LOC124901892	1	chr8	1	chr8_MATERNAL	1	chr8_PATERNAL
PSMA4	1	chr15	1	chr15_MATERNAL	1	chr15_PATERNAL
GLRB	1	chr4	1	chr4_MATERNAL	1	chr4_PATERNAL
CIROP	1	chr14	1	chr14_MATERNAL	1	chr14_PATERNAL
TG	1	chr8	1	chr8_MATERNAL	1	chr8_PATERNAL
SLC35F1	1	chr6	1	chr6_MATERNAL	1	chr6_PATERNAL
SLC1A5	1	chr19	1	chr19_MATERNAL	1	chr19_PATERNAL
TMPRSS6	1	chr22	1	chr22_MATERNAL	1	chr22_PATERNAL
PDCD11	1	chr10	1	chr10_MATERNAL	1	chr10_PATERNAL
MTNR1A	1	chr4	1	chr4_MATERNAL	1	chr4_PATERNAL
ARHGEF5	1	chr7	1	chr7_MATERNAL	1	chr7_PATERNAL
INSYN2A	1	chr10	1	chr10_MATERNAL	1	chr10_PATERNAL
APBA3	1	chr19	1	chr19_MATERNAL	1	chr19_PATERNAL
POTEH	1	chr22	2	chr14_MATERNAL,chr22_MATERNAL	1	chr22_PATERNAL
HIVEP1	1	chr6	1	chr6_MATERNAL	1	chr6_PATERNAL
LOC107985043	1	chr1	1	chr1_MATERNAL	1	chr1_PATERNAL
RPL13A	1	chr19	1	chr19_MATERNAL	1	chr19_PATERNAL
CD109	1	chr6	1	chr6_MATERNAL	1	chr6_PATERNAL
EPPK1	1	chr8	1	chr8_MATERNAL	1	chr8_PATERNAL
CYP7B1	1	chr8	1	chr8_MATERNAL	1	chr8_PATERNAL
GPX2	1	chr14	1	chr14_MATERNAL	1	chr14_PATERNAL
STAC	1	chr3	1	chr3_MATERNAL	1	chr3_PATERNAL
GIMD1	1	chr4	1	chr4_MATERNAL	1	chr4_PATERNAL
BRD8	1	chr5	1	chr5_MATERNAL	1	chr5_PATERNAL
OR10G6	1	chr11	1	chr11_MATERNAL	1	chr11_PATERNAL
ACSL1	1	chr4	1	chr4_MATERNAL	1	chr4_PATERNAL
STK17B	1	chr2	1	chr2_MATERNAL	1	chr2_PATERNAL
PFKFB1	1	chrX	1	chrX_MATERNAL	0	None
SEL1L3	1	chr4	1	chr4_MATERNAL	1	chr4_PATERNAL
MGME1	1	chr20	1	chr20_MATERNAL	1	chr20_PATERNAL
SPDYE18	1	chr7	1	chr7_MATERNAL	1	chr7_PATERNAL
EPHB4	1	chr7	1	chr7_MATERNAL	1	chr7_PATERNAL
PIP	1	chr7	0	None	1	chr7_PATERNAL
GCNT4	1	chr5	1	chr5_MATERNAL	1	chr5_PATERNAL
TAS2R19	1	chr12	1	chr12_MATERNAL	1	chr12_PATERNAL
KRTAP1-1	1	chr17	1	chr17_MATERNAL	1	chr17_PATERNAL
RYR2	1	chr1	1	chr1_MATERNAL	1	chr1_PATERNAL
VWA5B2	1	chr3	1	chr3_MATERNAL	1	chr3_PATERNAL
PHEX	1	chrX	1	chrX_MATERNAL	0	None
KDM7A	1	chr7	1	chr7_MATERNAL	1	chr7_PATERNAL
KAT2B	1	chr3	1	chr3_MATERNAL	1	chr3_PATERNAL
AMACR	1	chr5	1	chr5_MATERNAL	1	chr5_PATERNAL
FAM102A	1	chr9	1	chr9_MATERNAL	1	chr9_PATERNAL
ZNF597	1	chr16	1	chr16_MATERNAL	1	chr16_PATERNAL
KBTBD2	1	chr7	1	chr7_MATERNAL	1	chr7_PATERNAL
DEFA1	1	chr8	2	chr8_MATERNAL,chr8_MATERNAL	2	chr8_PATERNAL,chr8_PATERNAL
STRN3	1	chr14	1	chr14_MATERNAL	1	chr14_PATERNAL
RAB39A	1	chr11	1	chr11_MATERNAL	1	chr11_PATERNAL
HHLA2	1	chr3	1	chr3_MATERNAL	1	chr3_PATERNAL
GCNT3	1	chr15	1	chr15_MATERNAL	1	chr15_PATERNAL
MMEL1	1	chr1	1	chr1_MATERNAL	1	chr1_PATERNAL
SLCO1B3-SLCO1B7	1	chr12	1	chr12_MATERNAL	1	chr12_PATERNAL
DET1	1	chr15	1	chr15_MATERNAL	1	chr15_PATERNAL
FAM217A	1	chr6	1	chr6_MATERNAL	1	chr6_PATERNAL
FOCAD	1	chr9	1	chr9_MATERNAL	1	chr9_PATERNAL
AMER3	1	chr2	1	chr2_MATERNAL	1	chr2_PATERNAL
PPM1N	1	chr19	1	chr19_MATERNAL	1	chr19_PATERNAL
TDRD12	1	chr19	1	chr19_MATERNAL	1	chr19_PATERNAL
NR3C1	1	chr5	1	chr5_MATERNAL	1	chr5_PATERNAL
CBX6	1	chr22	1	chr22_MATERNAL	1	chr22_PATERNAL
CPA3	1	chr3	1	chr3_MATERNAL	1	chr3_PATERNAL
CYP4F8	1	chr19	1	chr19_MATERNAL	1	chr19_PATERNAL
KHDC4	1	chr1	1	chr1_MATERNAL	1	chr1_PATERNAL
POU4F1	1	chr13	1	chr13_MATERNAL	1	chr13_PATERNAL
IFRD1	1	chr7	1	chr7_MATERNAL	1	chr7_PATERNAL
POPDC2	1	chr3	1	chr3_MATERNAL	1	chr3_PATERNAL
CYSLTR1	1	chrX	1	chrX_MATERNAL	0	None
TP53AIP1	1	chr11	1	chr11_MATERNAL	1	chr11_PATERNAL
KRTAP16-1	1	chr17	1	chr17_MATERNAL	1	chr17_PATERNAL
ALOX12	1	chr17	1	chr17_MATERNAL	1	chr17_PATERNAL
LIMCH1	1	chr4	1	chr4_MATERNAL	1	chr4_PATERNAL
DOK7	1	chr4	1	chr4_MATERNAL	1	chr4_PATERNAL
HIF1A	1	chr14	1	chr14_MATERNAL	1	chr14_PATERNAL
IL10RB	1	chr21	1	chr21_MATERNAL	1	chr21_PATERNAL
ABCG5	1	chr2	1	chr2_MATERNAL	1	chr2_PATERNAL
XRN2	1	chr20	1	chr20_MATERNAL	1	chr20_PATERNAL
SPRR1A	1	chr1	1	chr1_MATERNAL	1	chr1_PATERNAL
KPNB1	1	chr17	1	chr17_MATERNAL	1	chr17_PATERNAL
HOMEZ	1	chr14	1	chr14_MATERNAL	1	chr14_PATERNAL
NUP205	1	chr7	1	chr7_MATERNAL	1	chr7_PATERNAL
GLRX2	1	chr1	1	chr1_MATERNAL	1	chr1_PATERNAL
LILRA4	1	chr19	1	chr19_MATERNAL	1	chr19_PATERNAL
GPT	1	chr8	1	chr8_MATERNAL	1	chr8_PATERNAL
TGM7	1	chr15	1	chr15_MATERNAL	1	chr15_PATERNAL
MOB2	1	chr11	1	chr11_MATERNAL	1	chr11_PATERNAL
ROBO3	1	chr11	1	chr11_MATERNAL	1	chr11_PATERNAL
MKRN2OS	1	chr3	1	chr3_MATERNAL	1	chr3_PATERNAL
UBQLN2	1	chrX	1	chrX_MATERNAL	0	None
C1orf216	1	chr1	1	chr1_MATERNAL	1	chr1_PATERNAL
DDB2	1	chr11	1	chr11_MATERNAL	1	chr11_PATERNAL
MSANTD2	1	chr11	1	chr11_MATERNAL	1	chr11_PATERNAL
PSKH1	1	chr16	1	chr16_MATERNAL	1	chr16_PATERNAL
MRAP2	1	chr6	1	chr6_MATERNAL	1	chr6_PATERNAL
TBXT	1	chr6	1	chr6_MATERNAL	1	chr6_PATERNAL
ATF6	1	chr1	1	chr1_MATERNAL	1	chr1_PATERNAL
CAPN10	1	chr2	1	chr2_MATERNAL	1	chr2_PATERNAL
ZNF106	1	chr15	1	chr15_MATERNAL	1	chr15_PATERNAL
HPSE2	1	chr10	1	chr10_MATERNAL	1	chr10_PATERNAL
GPR78	1	chr4	1	chr4_MATERNAL	1	chr4_PATERNAL
ALDH1L2	1	chr12	1	chr12_MATERNAL	1	chr12_PATERNAL
LMBR1L	1	chr12	1	chr12_MATERNAL	1	chr12_PATERNAL
TMEM167B	1	chr1	1	chr1_MATERNAL	1	chr1_PATERNAL
ANKRD54	1	chr22	1	chr22_MATERNAL	1	chr22_PATERNAL
ERH	1	chr14	1	chr14_MATERNAL	1	chr14_PATERNAL
MYRF	1	chr11	1	chr11_MATERNAL	1	chr11_PATERNAL
OR6A2	1	chr11	1	chr11_MATERNAL	1	chr11_PATERNAL
HTR3E	1	chr3	1	chr3_MATERNAL	1	chr3_PATERNAL
PEDS1	1	chr20	1	chr20_MATERNAL	1	chr20_PATERNAL
CFAP141	1	chr1	1	chr1_MATERNAL	1	chr1_PATERNAL
CRH	1	chr8	1	chr8_MATERNAL	1	chr8_PATERNAL
LPIN3	1	chr20	1	chr20_MATERNAL	1	chr20_PATERNAL
CCDC8	1	chr19	1	chr19_MATERNAL	1	chr19_PATERNAL
EIF4G3	1	chr1	1	chr1_MATERNAL	1	chr1_PATERNAL
LOC124901639	3	chr7,chr7,chr7	2	chr7_MATERNAL,chr7_MATERNAL	2	chr7_PATERNAL,chr7_PATERNAL
CENPVL1	1	chrX	1	chrX_MATERNAL	0	None
RBX1	1	chr22	1	chr22_MATERNAL	1	chr22_PATERNAL
MRPS27	1	chr5	1	chr5_MATERNAL	1	chr5_PATERNAL
PNLIP	1	chr10	1	chr10_MATERNAL	1	chr10_PATERNAL
DCAF1	1	chr3	1	chr3_MATERNAL	1	chr3_PATERNAL
TEKT3	1	chr17	1	chr17_MATERNAL	1	chr17_PATERNAL
SPANXN3	1	chrX	1	chrX_MATERNAL	0	None
KRTAP4-5	1	chr17	1	chr17_MATERNAL	1	chr17_PATERNAL
SLC17A9	1	chr20	1	chr20_MATERNAL	1	chr20_PATERNAL
KIAA0232	1	chr4	1	chr4_MATERNAL	1	chr4_PATERNAL
ADGRB3	1	chr6	1	chr6_MATERNAL	1	chr6_PATERNAL
EXOC8	1	chr1	1	chr1_MATERNAL	1	chr1_PATERNAL
ZBTB3	1	chr11	1	chr11_MATERNAL	1	chr11_PATERNAL
GARIN1B	1	chr7	1	chr7_MATERNAL	1	chr7_PATERNAL
BIRC6	1	chr2	1	chr2_MATERNAL	1	chr2_PATERNAL
SRP54	1	chr14	1	chr14_MATERNAL	1	chr14_PATERNAL
C3	1	chr19	1	chr19_MATERNAL	1	chr19_PATERNAL
NALCN	1	chr13	1	chr13_MATERNAL	1	chr13_PATERNAL
ARHGAP45	1	chr19	1	chr19_MATERNAL	1	chr19_PATERNAL
KHDRBS1	1	chr1	1	chr1_MATERNAL	1	chr1_PATERNAL
NUBP2	1	chr16	1	chr16_MATERNAL	1	chr16_PATERNAL
CXCR4	1	chr2	1	chr2_MATERNAL	1	chr2_PATERNAL
MEIG1	1	chr10	1	chr10_MATERNAL	1	chr10_PATERNAL
P2RX4	1	chr12	1	chr12_MATERNAL	1	chr12_PATERNAL
TMEM43	1	chr3	1	chr3_MATERNAL	1	chr3_PATERNAL
LRRC37A3	1	chr17	1	chr17_MATERNAL	1	chr17_PATERNAL
RANBP6	1	chr9	1	chr9_MATERNAL	1	chr9_PATERNAL
SMOC2	1	chr6	1	chr6_MATERNAL	1	chr6_PATERNAL
DARS1	1	chr2	1	chr2_MATERNAL	1	chr2_PATERNAL
DDX17	1	chr22	1	chr22_MATERNAL	1	chr22_PATERNAL
TLX2	1	chr2	1	chr2_MATERNAL	1	chr2_PATERNAL
SOX7	1	chr8	1	chr8_MATERNAL	1	chr8_PATERNAL
HSD17B13	1	chr4	1	chr4_MATERNAL	1	chr4_PATERNAL
BCL6	1	chr3	1	chr3_MATERNAL	1	chr3_PATERNAL
ETFRF1	1	chr12	1	chr12_MATERNAL	1	chr12_PATERNAL
IL17B	1	chr5	1	chr5_MATERNAL	1	chr5_PATERNAL
LAMTOR2	1	chr1	1	chr1_MATERNAL	1	chr1_PATERNAL
MADCAM1	1	chr19	1	chr19_MATERNAL	1	chr19_PATERNAL
KLRC1	1	chr12	1	chr12_MATERNAL	1	chr12_PATERNAL
SLC25A40	1	chr7	1	chr7_MATERNAL	1	chr7_PATERNAL
CGNL1	1	chr15	1	chr15_MATERNAL	1	chr15_PATERNAL
TTBK1	1	chr6	1	chr6_MATERNAL	1	chr6_PATERNAL
MS4A5	1	chr11	1	chr11_MATERNAL	1	chr11_PATERNAL
FAM90A19	1	chr8	1	chr8_MATERNAL	1	chr8_PATERNAL
SYNGR4	1	chr19	1	chr19_MATERNAL	1	chr19_PATERNAL
RING1	1	chr6	1	chr6_MATERNAL	1	chr6_PATERNAL
RNF187	1	chr1	1	chr1_MATERNAL	1	chr1_PATERNAL
ZBED4	1	chr22	1	chr22_MATERNAL	1	chr22_PATERNAL
FAS	1	chr10	1	chr10_MATERNAL	1	chr10_PATERNAL
TSPAN15	1	chr10	1	chr10_MATERNAL	1	chr10_PATERNAL
SIKE1	1	chr1	1	chr1_MATERNAL	1	chr1_PATERNAL
CD209	1	chr19	1	chr19_MATERNAL	1	chr19_PATERNAL
NPAS1	1	chr19	1	chr19_MATERNAL	1	chr19_PATERNAL
RASSF5	1	chr1	1	chr1_MATERNAL	1	chr1_PATERNAL
PARP10	1	chr8	1	chr8_MATERNAL	1	chr8_PATERNAL
MED12L	1	chr3	1	chr3_MATERNAL	1	chr3_PATERNAL
MMP11	1	chr22	1	chr22_MATERNAL	1	chr22_PATERNAL
CENPQ	1	chr6	1	chr6_MATERNAL	1	chr6_PATERNAL
CFAP58	1	chr10	1	chr10_MATERNAL	1	chr10_PATERNAL
YEATS2	1	chr3	1	chr3_MATERNAL	1	chr3_PATERNAL
DUSP3	1	chr17	1	chr17_MATERNAL	1	chr17_PATERNAL
CCSAP	1	chr1	1	chr1_MATERNAL	1	chr1_PATERNAL
H3C4	1	chr6	1	chr6_MATERNAL	1	chr6_PATERNAL
TNNI2	1	chr11	1	chr11_MATERNAL	1	chr11_PATERNAL
NIN	1	chr14	1	chr14_MATERNAL	1	chr14_PATERNAL
DDIT4	1	chr10	1	chr10_MATERNAL	1	chr10_PATERNAL
RGS19	1	chr20	1	chr20_MATERNAL	1	chr20_PATERNAL
GALNT17	1	chr7	1	chr7_MATERNAL	1	chr7_PATERNAL
MTRF1	1	chr13	1	chr13_MATERNAL	1	chr13_PATERNAL
ATG7	1	chr3	1	chr3_MATERNAL	1	chr3_PATERNAL
SEMA6D	1	chr15	1	chr15_MATERNAL	1	chr15_PATERNAL
IFNG	1	chr12	1	chr12_MATERNAL	1	chr12_PATERNAL
PLA2G2F	1	chr1	1	chr1_MATERNAL	1	chr1_PATERNAL
KCNQ3	1	chr8	1	chr8_MATERNAL	1	chr8_PATERNAL
ABHD17C	1	chr15	1	chr15_MATERNAL	1	chr15_PATERNAL
ZFYVE16	1	chr5	1	chr5_MATERNAL	1	chr5_PATERNAL
SLC39A14	1	chr8	1	chr8_MATERNAL	1	chr8_PATERNAL
TNIP2	1	chr4	1	chr4_MATERNAL	1	chr4_PATERNAL
NSMCE2	1	chr8	1	chr8_MATERNAL	1	chr8_PATERNAL
LSM11	1	chr5	1	chr5_MATERNAL	1	chr5_PATERNAL
SNAPC5	1	chr15	1	chr15_MATERNAL	1	chr15_PATERNAL
USP17L24	1	chr4	5	chr4_MATERNAL,chr4_MATERNAL,chr4_MATERNAL,chr4_MATERNAL,chr4_MATERNAL	5	chr4_PATERNAL,chr4_PATERNAL,chr4_PATERNAL,chr4_PATERNAL,chr4_PATERNAL
COG6	1	chr13	1	chr13_MATERNAL	1	chr13_PATERNAL
RRP15	1	chr1	1	chr1_MATERNAL	1	chr1_PATERNAL
MORN5	1	chr9	1	chr9_MATERNAL	1	chr9_PATERNAL
BLVRA	1	chr7	1	chr7_MATERNAL	1	chr7_PATERNAL
GNAT1	1	chr3	1	chr3_MATERNAL	1	chr3_PATERNAL
SMIM5	1	chr17	1	chr17_MATERNAL	1	chr17_PATERNAL
ABCA6	1	chr17	1	chr17_MATERNAL	1	chr17_PATERNAL
FOSL2	1	chr2	1	chr2_MATERNAL	1	chr2_PATERNAL
MUC6	0	None	1	chr11_MATERNAL	1	chr11_PATERNAL
SIAH2	1	chr3	1	chr3_MATERNAL	1	chr3_PATERNAL
PDK4	1	chr7	1	chr7_MATERNAL	1	chr7_PATERNAL
SCUBE2	1	chr11	1	chr11_MATERNAL	1	chr11_PATERNAL
SPATA2L	1	chr16	1	chr16_MATERNAL	1	chr16_PATERNAL
ANKRD26	1	chr10	1	chr10_MATERNAL	1	chr10_PATERNAL
ARMC5	1	chr16	1	chr16_MATERNAL	1	chr16_PATERNAL
WLS	1	chr1	1	chr1_MATERNAL	1	chr1_PATERNAL
GLI4	1	chr8	1	chr8_MATERNAL	1	chr8_PATERNAL
EMP3	1	chr19	1	chr19_MATERNAL	1	chr19_PATERNAL
EXOC4	1	chr7	1	chr7_MATERNAL	1	chr7_PATERNAL
EVI2A	1	chr17	1	chr17_MATERNAL	1	chr17_PATERNAL
LOC124907867	1	chr2	1	chr2_MATERNAL	1	chr2_PATERNAL
NELFCD	1	chr20	1	chr20_MATERNAL	1	chr20_PATERNAL
RIOX2	1	chr3	1	chr3_MATERNAL	1	chr3_PATERNAL
PAFAH1B3	1	chr19	1	chr19_MATERNAL	1	chr19_PATERNAL
ANXA2R	1	chr5	1	chr5_MATERNAL	1	chr5_PATERNAL
RTL8C	1	chrX	1	chrX_MATERNAL	0	None
FLCN	1	chr17	1	chr17_MATERNAL	1	chr17_PATERNAL
ABCB10	1	chr1	1	chr1_MATERNAL	1	chr1_PATERNAL
FAM107B	1	chr10	1	chr10_MATERNAL	1	chr10_PATERNAL
TMEM218	1	chr11	1	chr11_MATERNAL	1	chr11_PATERNAL
SPDYE9	2	chr7,chr7	1	chr7_MATERNAL	1	chr7_PATERNAL
DENND4B	1	chr1	1	chr1_MATERNAL	1	chr1_PATERNAL
LCE2C	1	chr1	1	chr1_MATERNAL	1	chr1_PATERNAL
LIPN	1	chr10	1	chr10_MATERNAL	1	chr10_PATERNAL
OR4X2	1	chr11	1	chr11_MATERNAL	1	chr11_PATERNAL
PLCB4	1	chr20	1	chr20_MATERNAL	1	chr20_PATERNAL
TLE2	1	chr19	1	chr19_MATERNAL	1	chr19_PATERNAL
MYO3B	1	chr2	1	chr2_MATERNAL	1	chr2_PATERNAL
KCNJ15	1	chr21	1	chr21_MATERNAL	1	chr21_PATERNAL
KIF11	1	chr10	1	chr10_MATERNAL	1	chr10_PATERNAL
OLAH	1	chr10	1	chr10_MATERNAL	1	chr10_PATERNAL
TMEM242	1	chr6	1	chr6_MATERNAL	1	chr6_PATERNAL
SMTNL1	1	chr11	1	chr11_MATERNAL	1	chr11_PATERNAL
CLDN1	1	chr3	1	chr3_MATERNAL	1	chr3_PATERNAL
RAB28	1	chr4	1	chr4_MATERNAL	1	chr4_PATERNAL
KLK6	1	chr19	1	chr19_MATERNAL	1	chr19_PATERNAL
GNG5P2	1	chrX	1	chrX_MATERNAL	0	None
ATP6V1B1	1	chr2	1	chr2_MATERNAL	1	chr2_PATERNAL
ERG	1	chr21	1	chr21_MATERNAL	1	chr21_PATERNAL
SPINK13	1	chr5	1	chr5_MATERNAL	1	chr5_PATERNAL
CELA2B	1	chr1	1	chr1_MATERNAL	1	chr1_PATERNAL
SLC29A2	1	chr11	1	chr11_MATERNAL	1	chr11_PATERNAL
ZNF559	1	chr19	1	chr19_MATERNAL	1	chr19_PATERNAL
PHACTR3	1	chr20	1	chr20_MATERNAL	1	chr20_PATERNAL
PLAG1	1	chr8	1	chr8_MATERNAL	1	chr8_PATERNAL
APPL2	1	chr12	1	chr12_MATERNAL	1	chr12_PATERNAL
VN1R1	1	chr19	1	chr19_MATERNAL	1	chr19_PATERNAL
GCSAM	1	chr3	1	chr3_MATERNAL	1	chr3_PATERNAL
RDM1	1	chr17	1	chr17_MATERNAL	1	chr17_PATERNAL
TRIM49D1	1	chr11	1	chr11_MATERNAL	1	chr11_PATERNAL
RAB17	1	chr2	1	chr2_MATERNAL	1	chr2_PATERNAL
IFNA13	1	chr9	1	chr9_MATERNAL	1	chr9_PATERNAL
NELL2	1	chr12	1	chr12_MATERNAL	1	chr12_PATERNAL
ZNF358	1	chr19	1	chr19_MATERNAL	1	chr19_PATERNAL
FEM1A	1	chr19	1	chr19_MATERNAL	1	chr19_PATERNAL
CCZ1	1	chr7	1	chr7_MATERNAL	1	chr7_PATERNAL
SERP1	1	chr3	1	chr3_MATERNAL	1	chr3_PATERNAL
LINS1	1	chr15	1	chr15_MATERNAL	1	chr15_PATERNAL
CFAP69	1	chr7	1	chr7_MATERNAL	1	chr7_PATERNAL
CHM	1	chrX	1	chrX_MATERNAL	0	None
STRADA	1	chr17	1	chr17_MATERNAL	1	chr17_PATERNAL
LCN10	1	chr9	1	chr9_MATERNAL	1	chr9_PATERNAL
ZNF154	1	chr19	1	chr19_MATERNAL	1	chr19_PATERNAL
C9orf50	1	chr9	1	chr9_MATERNAL	1	chr9_PATERNAL
KCNIP1	1	chr5	1	chr5_MATERNAL	1	chr5_PATERNAL
CTH	1	chr1	1	chr1_MATERNAL	1	chr1_PATERNAL
GRIK2	1	chr6	1	chr6_MATERNAL	1	chr6_PATERNAL
KAZN	1	chr1	1	chr1_MATERNAL	1	chr1_PATERNAL
ATP4B	1	chr13	1	chr13_MATERNAL	1	chr13_PATERNAL
NUF2	1	chr1	1	chr1_MATERNAL	1	chr1_PATERNAL
EPGN	1	chr4	1	chr4_MATERNAL	1	chr4_PATERNAL
ADAL	1	chr15	1	chr15_MATERNAL	1	chr15_PATERNAL
WASF2	1	chr1	1	chr1_MATERNAL	1	chr1_PATERNAL
HINT1	1	chr5	1	chr5_MATERNAL	1	chr5_PATERNAL
OR8D2	1	chr11	1	chr11_MATERNAL	1	chr11_PATERNAL
IL1B	1	chr2	1	chr2_MATERNAL	1	chr2_PATERNAL
CATSPER1	1	chr11	1	chr11_MATERNAL	1	chr11_PATERNAL
ASCL4	1	chr12	1	chr12_MATERNAL	1	chr12_PATERNAL
TMEM129	1	chr4	1	chr4_MATERNAL	1	chr4_PATERNAL
DSCC1	1	chr8	1	chr8_MATERNAL	1	chr8_PATERNAL
ASB14	1	chr3	1	chr3_MATERNAL	1	chr3_PATERNAL
RAP1GDS1	1	chr4	1	chr4_MATERNAL	1	chr4_PATERNAL
ADGRF5	1	chr6	1	chr6_MATERNAL	1	chr6_PATERNAL
MFAP3L	1	chr4	1	chr4_MATERNAL	1	chr4_PATERNAL
TREH	1	chr11	1	chr11_MATERNAL	1	chr11_PATERNAL
PCGF6	1	chr10	1	chr10_MATERNAL	1	chr10_PATERNAL
P4HA3	1	chr11	1	chr11_MATERNAL	1	chr11_PATERNAL
LLGL2	1	chr17	1	chr17_MATERNAL	1	chr17_PATERNAL
LOC124905962	1	chr2	1	chr2_MATERNAL	1	chr2_PATERNAL
LOC105377015	1	chr3	1	chr3_MATERNAL	1	chr3_PATERNAL
ANKRD29	1	chr18	1	chr18_MATERNAL	1	chr18_PATERNAL
CASS4	1	chr20	1	chr20_MATERNAL	1	chr20_PATERNAL
ASB13	1	chr10	1	chr10_MATERNAL	1	chr10_PATERNAL
FHIP1B	1	chr11	1	chr11_MATERNAL	1	chr11_PATERNAL
HOXB7	1	chr17	1	chr17_MATERNAL	1	chr17_PATERNAL
TRAK1	1	chr3	1	chr3_MATERNAL	1	chr3_PATERNAL
CDKN1A	1	chr6	1	chr6_MATERNAL	1	chr6_PATERNAL
FCRLA	1	chr1	1	chr1_MATERNAL	1	chr1_PATERNAL
RNPEP	1	chr1	1	chr1_MATERNAL	1	chr1_PATERNAL
PLP2	1	chrX	1	chrX_MATERNAL	0	None
NBPF14	1	chr1	1	chr1_MATERNAL	1	chr1_PATERNAL
IGSF3	1	chr1	1	chr1_MATERNAL	1	chr1_PATERNAL
PEX2	1	chr8	1	chr8_MATERNAL	1	chr8_PATERNAL
ZNF440	1	chr19	1	chr19_MATERNAL	1	chr19_PATERNAL
OR5AS1	1	chr11	1	chr11_MATERNAL	1	chr11_PATERNAL
H2BC7	1	chr6	1	chr6_MATERNAL	1	chr6_PATERNAL
DHX34	1	chr19	1	chr19_MATERNAL	1	chr19_PATERNAL
DSC3	1	chr18	1	chr18_MATERNAL	1	chr18_PATERNAL
FAM13B	1	chr5	1	chr5_MATERNAL	1	chr5_PATERNAL
COMMD5	1	chr8	1	chr8_MATERNAL	1	chr8_PATERNAL
CFI	1	chr4	1	chr4_MATERNAL	1	chr4_PATERNAL
N4BP1	1	chr16	1	chr16_MATERNAL	1	chr16_PATERNAL
POM121C	1	chr7	1	chr7_MATERNAL	1	chr7_PATERNAL
EEF1AKMT3	1	chr12	1	chr12_MATERNAL	1	chr12_PATERNAL
CIAPIN1	1	chr16	1	chr16_MATERNAL	1	chr16_PATERNAL
OR2Z1	1	chr19	1	chr19_MATERNAL	1	chr19_PATERNAL
ZNF354C	1	chr5	1	chr5_MATERNAL	1	chr5_PATERNAL
IRAG1	1	chr11	1	chr11_MATERNAL	1	chr11_PATERNAL
DDX60	1	chr4	1	chr4_MATERNAL	1	chr4_PATERNAL
SOX13	1	chr1	1	chr1_MATERNAL	1	chr1_PATERNAL
BRDT	1	chr1	1	chr1_MATERNAL	1	chr1_PATERNAL
SYTL5	1	chrX	1	chrX_MATERNAL	0	None
EVI5	1	chr1	1	chr1_MATERNAL	1	chr1_PATERNAL
RNF220	1	chr1	1	chr1_MATERNAL	1	chr1_PATERNAL
CACNG1	1	chr17	1	chr17_MATERNAL	1	chr17_PATERNAL
SEMA4G	1	chr10	1	chr10_MATERNAL	1	chr10_PATERNAL
PLEKHO1	1	chr1	1	chr1_MATERNAL	1	chr1_PATERNAL
CAVIN4	1	chr9	1	chr9_MATERNAL	1	chr9_PATERNAL
JMY	1	chr5	1	chr5_MATERNAL	1	chr5_PATERNAL
PDLIM1	1	chr10	1	chr10_MATERNAL	1	chr10_PATERNAL
OR2H2	1	chr6	1	chr6_MATERNAL	1	chr6_PATERNAL
MMS22L	1	chr6	1	chr6_MATERNAL	1	chr6_PATERNAL
SYTL4	1	chrX	1	chrX_MATERNAL	0	None
TMIGD3	1	chr1	1	chr1_MATERNAL	1	chr1_PATERNAL
MGRN1	1	chr16	1	chr16_MATERNAL	1	chr16_PATERNAL
YBX3	1	chr12	1	chr12_MATERNAL	1	chr12_PATERNAL
STK32A	1	chr5	1	chr5_MATERNAL	1	chr5_PATERNAL
TEC	1	chr4	1	chr4_MATERNAL	1	chr4_PATERNAL
SRGAP2B	1	chr1	1	chr1_MATERNAL	1	chr1_PATERNAL
CD3G	1	chr11	1	chr11_MATERNAL	1	chr11_PATERNAL
PLAAT1	1	chr3	1	chr3_MATERNAL	1	chr3_PATERNAL
MACROH2A2	1	chr10	1	chr10_MATERNAL	1	chr10_PATERNAL
ONECUT2	1	chr18	1	chr18_MATERNAL	1	chr18_PATERNAL
ELOVL6	1	chr4	1	chr4_MATERNAL	1	chr4_PATERNAL
TCF7L1	1	chr2	1	chr2_MATERNAL	1	chr2_PATERNAL
UMOD	1	chr16	1	chr16_MATERNAL	1	chr16_PATERNAL
XKR7	1	chr20	1	chr20_MATERNAL	1	chr20_PATERNAL
PIGP	1	chr21	1	chr21_MATERNAL	1	chr21_PATERNAL
SNX11	1	chr17	1	chr17_MATERNAL	1	chr17_PATERNAL
OLFML1	1	chr11	1	chr11_MATERNAL	1	chr11_PATERNAL
MSR1	1	chr8	1	chr8_MATERNAL	1	chr8_PATERNAL
ZNF687	1	chr1	1	chr1_MATERNAL	1	chr1_PATERNAL
C1orf112	1	chr1	1	chr1_MATERNAL	1	chr1_PATERNAL
BCAP31	1	chrX	1	chrX_MATERNAL	0	None
HMCES	1	chr3	1	chr3_MATERNAL	1	chr3_PATERNAL
ARPP19	1	chr15	1	chr15_MATERNAL	1	chr15_PATERNAL
ABCG2	1	chr4	1	chr4_MATERNAL	1	chr4_PATERNAL
LRP2BP	1	chr4	1	chr4_MATERNAL	1	chr4_PATERNAL
PPP1R12C	1	chr19	1	chr19_MATERNAL	1	chr19_PATERNAL
LRRC4	1	chr7	1	chr7_MATERNAL	1	chr7_PATERNAL
HPRT1	1	chrX	1	chrX_MATERNAL	0	None
RAPGEF5	1	chr7	1	chr7_MATERNAL	1	chr7_PATERNAL
LRP4	1	chr11	1	chr11_MATERNAL	1	chr11_PATERNAL
IQCJ-SCHIP1	1	chr3	1	chr3_MATERNAL	1	chr3_PATERNAL
REV1	1	chr2	1	chr2_MATERNAL	1	chr2_PATERNAL
FAM161A	1	chr2	1	chr2_MATERNAL	1	chr2_PATERNAL
F2	1	chr11	1	chr11_MATERNAL	1	chr11_PATERNAL
RAD51AP1	1	chr12	1	chr12_MATERNAL	1	chr12_PATERNAL
CTNNB1	1	chr3	1	chr3_MATERNAL	1	chr3_PATERNAL
P2RY2	1	chr11	1	chr11_MATERNAL	1	chr11_PATERNAL
CATSPERZ	1	chr11	1	chr11_MATERNAL	1	chr11_PATERNAL
FAM32A	1	chr19	1	chr19_MATERNAL	1	chr19_PATERNAL
PARVG	1	chr22	1	chr22_MATERNAL	1	chr22_PATERNAL
FAM53A	1	chr4	1	chr4_MATERNAL	1	chr4_PATERNAL
TEAD4	1	chr12	1	chr12_MATERNAL	1	chr12_PATERNAL
AQP10	1	chr1	1	chr1_MATERNAL	1	chr1_PATERNAL
TSPY8	3	chrY,chrY,chrY	0	None	3	chrY_PATERNAL,chrY_PATERNAL,chrY_PATERNAL
TST	1	chr22	1	chr22_MATERNAL	1	chr22_PATERNAL
KRBA2	1	chr17	1	chr17_MATERNAL	1	chr17_PATERNAL
GUSB	1	chr7	1	chr7_MATERNAL	1	chr7_PATERNAL
LILRB2	1	chr19	1	chr19_MATERNAL	1	chr19_PATERNAL
MROH9	1	chr1	1	chr1_MATERNAL	1	chr1_PATERNAL
GLIS3	1	chr9	1	chr9_MATERNAL	1	chr9_PATERNAL
DPF1	1	chr19	1	chr19_MATERNAL	1	chr19_PATERNAL
NPHS2	1	chr1	1	chr1_MATERNAL	1	chr1_PATERNAL
C14orf39	1	chr14	1	chr14_MATERNAL	1	chr14_PATERNAL
GHITM	1	chr10	1	chr10_MATERNAL	1	chr10_PATERNAL
SPAG11B	2	chr8,chr8	1	chr8_MATERNAL	2	chr8_PATERNAL,chr8_PATERNAL
DAZAP1	1	chr19	1	chr19_MATERNAL	1	chr19_PATERNAL
LOC124900338	1	chr13	1	chr13_MATERNAL	1	chr13_PATERNAL
ETDA	1	chrX	1	chrX_MATERNAL	0	None
DBF4	1	chr7	1	chr7_MATERNAL	1	chr7_PATERNAL
SLC22A14	1	chr3	1	chr3_MATERNAL	1	chr3_PATERNAL
GPR33	1	chr14	1	chr14_MATERNAL	1	chr14_PATERNAL
CSH2	1	chr17	1	chr17_MATERNAL	1	chr17_PATERNAL
PNMA5	1	chrX	1	chrX_MATERNAL	0	None
ADH5	1	chr4	1	chr4_MATERNAL	1	chr4_PATERNAL
OCRL	1	chrX	1	chrX_MATERNAL	0	None
CRTAP	1	chr3	1	chr3_MATERNAL	1	chr3_PATERNAL
ABCA1	1	chr9	1	chr9_MATERNAL	1	chr9_PATERNAL
CBX4	1	chr17	1	chr17_MATERNAL	1	chr17_PATERNAL
EEF1AKMT4	1	chr3	1	chr3_MATERNAL	1	chr3_PATERNAL
TMEM167A	1	chr5	1	chr5_MATERNAL	1	chr5_PATERNAL
FPR1	1	chr19	1	chr19_MATERNAL	1	chr19_PATERNAL
HELB	1	chr12	1	chr12_MATERNAL	1	chr12_PATERNAL
ALDOC	1	chr17	1	chr17_MATERNAL	1	chr17_PATERNAL
USP45	1	chr6	1	chr6_MATERNAL	1	chr6_PATERNAL
KCNJ10	1	chr1	1	chr1_MATERNAL	1	chr1_PATERNAL
NKTR	1	chr3	1	chr3_MATERNAL	1	chr3_PATERNAL
PEF1	1	chr1	1	chr1_MATERNAL	1	chr1_PATERNAL
FGF21	1	chr19	1	chr19_MATERNAL	1	chr19_PATERNAL
SENP3	1	chr17	1	chr17_MATERNAL	1	chr17_PATERNAL
LOC124903840	1	chr1	1	chr1_MATERNAL	1	chr1_PATERNAL
SGK3	1	chr8	1	chr8_MATERNAL	1	chr8_PATERNAL
CIB4	1	chr2	1	chr2_MATERNAL	1	chr2_PATERNAL
ATAT1	1	chr6	1	chr6_MATERNAL	1	chr6_PATERNAL
LILRB3	1	chr19	1	chr19_MATERNAL	1	chr19_PATERNAL
GABRP	1	chr5	1	chr5_MATERNAL	1	chr5_PATERNAL
COCH	1	chr14	1	chr14_MATERNAL	1	chr14_PATERNAL
PLPPR3	1	chr19	1	chr19_MATERNAL	1	chr19_PATERNAL
TMEM123	1	chr11	1	chr11_MATERNAL	1	chr11_PATERNAL
LRIG2	1	chr1	1	chr1_MATERNAL	1	chr1_PATERNAL
SLC23A3	1	chr2	1	chr2_MATERNAL	1	chr2_PATERNAL
DSCAML1	1	chr11	1	chr11_MATERNAL	1	chr11_PATERNAL
PDE3A	1	chr12	1	chr12_MATERNAL	1	chr12_PATERNAL
ZNF619	1	chr3	1	chr3_MATERNAL	1	chr3_PATERNAL
TMEM121	1	chr14	1	chr14_MATERNAL	1	chr14_PATERNAL
DNAJC16	1	chr1	1	chr1_MATERNAL	1	chr1_PATERNAL
CCDC180	1	chr9	1	chr9_MATERNAL	1	chr9_PATERNAL
WASF3	1	chr13	1	chr13_MATERNAL	1	chr13_PATERNAL
ITGB1BP1	1	chr2	1	chr2_MATERNAL	1	chr2_PATERNAL
DTWD2	1	chr5	1	chr5_MATERNAL	1	chr5_PATERNAL
DPP6	1	chr7	1	chr7_MATERNAL	1	chr7_PATERNAL
RPGR	1	chrX	1	chrX_MATERNAL	0	None
MDK	1	chr11	1	chr11_MATERNAL	1	chr11_PATERNAL
NOMO1	1	chr16	1	chr16_MATERNAL	1	chr16_PATERNAL
FCRL3	1	chr1	1	chr1_MATERNAL	1	chr1_PATERNAL
TMBIM6	1	chr12	1	chr12_MATERNAL	1	chr12_PATERNAL
ZEB2	1	chr2	1	chr2_MATERNAL	1	chr2_PATERNAL
GSX2	1	chr4	1	chr4_MATERNAL	1	chr4_PATERNAL
LCN6	1	chr9	1	chr9_MATERNAL	1	chr9_PATERNAL
OR2A4	1	chr6	3	chr7_MATERNAL,chr7_MATERNAL,chr6_MATERNAL	4	chr7_PATERNAL,chr7_PATERNAL,chr7_PATERNAL,chr6_PATERNAL
FAM228B	1	chr2	1	chr2_MATERNAL	1	chr2_PATERNAL
IL1R1	1	chr2	1	chr2_MATERNAL	1	chr2_PATERNAL
PARP1	1	chr1	1	chr1_MATERNAL	1	chr1_PATERNAL
CLDN15	1	chr7	1	chr7_MATERNAL	1	chr7_PATERNAL
IFI27L2	1	chr14	1	chr14_MATERNAL	1	chr14_PATERNAL
JMJD1C	1	chr10	1	chr10_MATERNAL	1	chr10_PATERNAL
GPR42	1	chr19	0	None	1	chr19_PATERNAL
PRR29	1	chr17	1	chr17_MATERNAL	1	chr17_PATERNAL
ABCA2	1	chr9	1	chr9_MATERNAL	1	chr9_PATERNAL
ARMH3	1	chr10	1	chr10_MATERNAL	1	chr10_PATERNAL
AARD	1	chr8	1	chr8_MATERNAL	1	chr8_PATERNAL
OPRD1	1	chr1	1	chr1_MATERNAL	1	chr1_PATERNAL
KRTAP22-2	1	chr21	1	chr21_MATERNAL	1	chr21_PATERNAL
SBDS	1	chr7	1	chr7_MATERNAL	1	chr7_PATERNAL
SLC25A48	1	chr5	1	chr5_MATERNAL	1	chr5_PATERNAL
OR2A14	1	chr7	1	chr7_MATERNAL	1	chr7_PATERNAL
ZCCHC7	1	chr9	1	chr9_MATERNAL	1	chr9_PATERNAL
ADAMTS4	1	chr1	1	chr1_MATERNAL	1	chr1_PATERNAL
ZNF75A	1	chr16	1	chr16_MATERNAL	1	chr16_PATERNAL
LAMB1	1	chr7	1	chr7_MATERNAL	1	chr7_PATERNAL
SLC20A1	1	chr2	1	chr2_MATERNAL	1	chr2_PATERNAL
FBXO34	1	chr14	1	chr14_MATERNAL	1	chr14_PATERNAL
PEPD	1	chr19	1	chr19_MATERNAL	1	chr19_PATERNAL
ABHD8	1	chr19	1	chr19_MATERNAL	1	chr19_PATERNAL
TNFRSF10C	1	chr8	1	chr8_MATERNAL	1	chr8_PATERNAL
KIF6	1	chr6	1	chr6_MATERNAL	1	chr6_PATERNAL
KCNH8	1	chr3	1	chr3_MATERNAL	1	chr3_PATERNAL
SNRPF	1	chr12	1	chr12_MATERNAL	1	chr12_PATERNAL
FBXO45	1	chr3	1	chr3_MATERNAL	1	chr3_PATERNAL
XRCC1	1	chr19	1	chr19_MATERNAL	1	chr19_PATERNAL
CETP	1	chr16	1	chr16_MATERNAL	1	chr16_PATERNAL
ARSA	1	chr22	1	chr22_MATERNAL	1	chr22_PATERNAL
CEP131	1	chr17	1	chr17_MATERNAL	1	chr17_PATERNAL
MTMR10	1	chr15	1	chr15_MATERNAL	1	chr15_PATERNAL
HIVEP2	1	chr6	1	chr6_MATERNAL	1	chr6_PATERNAL
CD274	1	chr9	1	chr9_MATERNAL	1	chr9_PATERNAL
AP2B1	1	chr17	1	chr17_MATERNAL	1	chr17_PATERNAL
TMEM19	1	chr12	1	chr12_MATERNAL	1	chr12_PATERNAL
PAPSS2	1	chr10	1	chr10_MATERNAL	1	chr10_PATERNAL
TAS2R40	1	chr7	1	chr7_MATERNAL	1	chr7_PATERNAL
SNTB2	1	chr16	1	chr16_MATERNAL	1	chr16_PATERNAL
SLC30A3	1	chr2	1	chr2_MATERNAL	1	chr2_PATERNAL
FNDC8	1	chr17	1	chr17_MATERNAL	1	chr17_PATERNAL
PRR20E	1	chr13	1	chr13_MATERNAL	1	chr13_PATERNAL
RPA2	1	chr1	1	chr1_MATERNAL	1	chr1_PATERNAL
FAXDC2	1	chr5	1	chr5_MATERNAL	1	chr5_PATERNAL
DDX56	1	chr7	1	chr7_MATERNAL	1	chr7_PATERNAL
MKX	1	chr10	1	chr10_MATERNAL	1	chr10_PATERNAL
SELENOM	1	chr22	1	chr22_MATERNAL	1	chr22_PATERNAL
SPINT1	1	chr15	1	chr15_MATERNAL	1	chr15_PATERNAL
IRF8	1	chr16	1	chr16_MATERNAL	1	chr16_PATERNAL
PCDHB7	1	chr5	1	chr5_MATERNAL	1	chr5_PATERNAL
FBXL6	1	chr8	1	chr8_MATERNAL	1	chr8_PATERNAL
COG4	1	chr16	1	chr16_MATERNAL	1	chr16_PATERNAL
STARD8	1	chrX	1	chrX_MATERNAL	0	None
CTXN1	1	chr19	1	chr19_MATERNAL	1	chr19_PATERNAL
EFR3A	1	chr8	1	chr8_MATERNAL	1	chr8_PATERNAL
PIKFYVE	1	chr2	1	chr2_MATERNAL	1	chr2_PATERNAL
RASSF7	1	chr11	1	chr11_MATERNAL	1	chr11_PATERNAL
RANBP2	1	chr2	1	chr2_MATERNAL	1	chr2_PATERNAL
F11R	1	chr1	1	chr1_MATERNAL	1	chr1_PATERNAL
PSME4	1	chr2	1	chr2_MATERNAL	1	chr2_PATERNAL
PIERCE1	1	chr9	1	chr9_MATERNAL	1	chr9_PATERNAL
RPL21	1	chr13	1	chr13_MATERNAL	1	chr13_PATERNAL
SLC22A25	1	chr11	1	chr11_MATERNAL	1	chr11_PATERNAL
CMA1	1	chr14	1	chr14_MATERNAL	1	chr14_PATERNAL
CFAP299	1	chr4	1	chr4_MATERNAL	1	chr4_PATERNAL
EXTL1	1	chr1	1	chr1_MATERNAL	1	chr1_PATERNAL
SLC39A1	1	chr1	1	chr1_MATERNAL	1	chr1_PATERNAL
CSTF3	1	chr11	1	chr11_MATERNAL	1	chr11_PATERNAL
STRIP2	1	chr7	1	chr7_MATERNAL	1	chr7_PATERNAL
C1QB	1	chr1	1	chr1_MATERNAL	1	chr1_PATERNAL
TMEM114	1	chr16	1	chr16_MATERNAL	1	chr16_PATERNAL
FNDC9	1	chr5	1	chr5_MATERNAL	1	chr5_PATERNAL
LRRC30	1	chr18	1	chr18_MATERNAL	1	chr18_PATERNAL
INAFM2	1	chr15	1	chr15_MATERNAL	1	chr15_PATERNAL
PTPN20	1	chr10	1	chr10_MATERNAL	1	chr10_PATERNAL
CHCHD2	1	chr7	1	chr7_MATERNAL	1	chr7_PATERNAL
LOC124902392	1	chr10	1	chr10_MATERNAL	1	chr10_PATERNAL
CLEC1B	1	chr12	1	chr12_MATERNAL	1	chr12_PATERNAL
NUBPL	1	chr14	1	chr14_MATERNAL	1	chr14_PATERNAL
FGF20	1	chr8	1	chr8_MATERNAL	1	chr8_PATERNAL
KRTAP10-8	1	chr21	1	chr21_MATERNAL	1	chr21_PATERNAL
PRSS57	1	chr19	1	chr19_MATERNAL	1	chr19_PATERNAL
CASP10	1	chr2	1	chr2_MATERNAL	1	chr2_PATERNAL
GFRA1	1	chr10	1	chr10_MATERNAL	1	chr10_PATERNAL
TMEM238L	1	chr17	1	chr17_MATERNAL	1	chr17_PATERNAL
